# d_probe_mm,0.3600
# Pin_uW,8.767765
# Peak_Pout_uW,8.591860
# Peak_at_OmegaRF_MHz,0.1250
# Peak_at_DeltaC_MHz,0.0000

Delta_c_MHz,0.0000,0.1250,0.2500,0.3750,0.5000,0.6250,0.7500,0.8750,1.0000,1.1250,1.2500,1.3750,1.5000,1.6250,1.7500,1.8750,2.0000,2.1250,2.2500,2.3750,2.5000,2.6250,2.7500,2.8750,3.0000,3.1250,3.2500,3.3750,3.5000,3.6250,3.7500,3.8750,4.0000,4.1250,4.2500,4.3750,4.5000,4.6250,4.7500,4.8750,5.0000,5.1250,5.2500,5.3750,5.5000,5.6250,5.7500,5.8750,6.0000,6.1250,6.2500,6.3750,6.5000,6.6250,6.7500,6.8750,7.0000,7.1250,7.2500,7.3750,7.5000,7.6250,7.7500,7.8750,8.0000,8.1250,8.2500,8.3750,8.5000,8.6250,8.7500,8.8750,9.0000,9.1250,9.2500,9.3750,9.5000,9.6250,9.7500,9.8750,10.0000,10.1250,10.2500,10.3750,10.5000,10.6250,10.7500,10.8750,11.0000,11.1250,11.2500,11.3750,11.5000,11.6250,11.7500,11.8750,12.0000,12.1250,12.2500,12.3750,12.5000,12.6250,12.7500,12.8750,13.0000,13.1250,13.2500,13.3750,13.5000,13.6250,13.7500,13.8750,14.0000,14.1250,14.2500,14.3750,14.5000,14.6250,14.7500,14.8750,15.0000,15.1250,15.2500,15.3750,15.5000,15.6250,15.7500,15.8750,16.0000,16.1250,16.2500,16.3750,16.5000,16.6250,16.7500,16.8750,17.0000,17.1250,17.2500,17.3750,17.5000,17.6250,17.7500,17.8750,18.0000,18.1250,18.2500,18.3750,18.5000,18.6250,18.7500,18.8750,19.0000,19.1250,19.2500,19.3750,19.5000,19.6250,19.7500,19.8750,20.0000
-20.0000,6.106061,6.122823,6.122939,6.122971,6.122993,6.123016,6.123042,6.123072,6.123105,6.123143,6.123185,6.123231,6.123282,6.123337,6.123397,6.123461,6.123529,6.123602,6.123680,6.123762,6.123848,6.123939,6.124035,6.124135,6.124240,6.124350,6.124464,6.124583,6.124707,6.124836,6.124969,6.125107,6.125250,6.125398,6.125551,6.125709,6.125872,6.126040,6.126213,6.126391,6.126574,6.126763,6.126957,6.127156,6.127361,6.127571,6.127786,6.128007,6.128233,6.128465,6.128703,6.128947,6.129196,6.129451,6.129712,6.129979,6.130253,6.130532,6.130817,6.131109,6.131407,6.131712,6.132023,6.132340,6.132664,6.132995,6.133333,6.133678,6.134029,6.134388,6.134754,6.135127,6.135508,6.135896,6.136291,6.136694,6.137105,6.137524,6.137951,6.138386,6.138829,6.139281,6.139741,6.140210,6.140687,6.141173,6.141669,6.142173,6.142687,6.143210,6.143742,6.144285,6.144837,6.145399,6.145971,6.146554,6.147147,6.147751,6.148365,6.148991,6.149628,6.150276,6.150936,6.151608,6.152291,6.152987,6.153695,6.154416,6.155150,6.155896,6.156656,6.157430,6.158217,6.159018,6.159834,6.160663,6.161508,6.162368,6.163243,6.164133,6.165040,6.165962,6.166901,6.167857,6.168830,6.169820,6.170828,6.171854,6.172899,6.173962,6.175045,6.176147,6.177268,6.178411,6.179573,6.180757,6.181962,6.183190,6.184439,6.185712,6.187008,6.188327,6.189671,6.191039,6.192433,6.193853,6.195299,6.196771,6.198271,6.199799,6.201356,6.202942,6.204558,6.206204,6.207881,6.209590,6.211332,6.213106,6.214915,6.216758,6.218637
-19.8000,6.106627,6.123911,6.124033,6.124066,6.124089,6.124113,6.124140,6.124171,6.124206,6.124246,6.124290,6.124338,6.124391,6.124449,6.124511,6.124578,6.124650,6.124726,6.124807,6.124893,6.124983,6.125079,6.125179,6.125284,6.125394,6.125508,6.125628,6.125753,6.125882,6.126017,6.126156,6.126301,6.126450,6.126605,6.126765,6.126931,6.127101,6.127277,6.127458,6.127645,6.127837,6.128034,6.128237,6.128445,6.128660,6.128879,6.129105,6.129336,6.129573,6.129816,6.130066,6.130321,6.130582,6.130849,6.131123,6.131402,6.131689,6.131981,6.132280,6.132586,6.132898,6.133217,6.133543,6.133876,6.134216,6.134563,6.134917,6.135278,6.135647,6.136023,6.136407,6.136798,6.137197,6.137604,6.138019,6.138442,6.138873,6.139313,6.139761,6.140217,6.140682,6.141156,6.141639,6.142131,6.142633,6.143143,6.143663,6.144193,6.144732,6.145282,6.145841,6.146411,6.146991,6.147582,6.148183,6.148795,6.149419,6.150054,6.150700,6.151358,6.152027,6.152709,6.153403,6.154110,6.154829,6.155561,6.156306,6.157065,6.157837,6.158623,6.159423,6.160238,6.161067,6.161910,6.162769,6.163644,6.164534,6.165440,6.166362,6.167300,6.168256,6.169229,6.170219,6.171227,6.172253,6.173298,6.174362,6.175445,6.176547,6.177669,6.178812,6.179976,6.181161,6.182367,6.183595,6.184846,6.186120,6.187417,6.188738,6.190084,6.191454,6.192850,6.194271,6.195719,6.197194,6.198697,6.200228,6.201787,6.203376,6.204994,6.206644,6.208324,6.210036,6.211782,6.213560,6.215372,6.217220,6.219102,6.221022,6.222978,6.224972
-19.6000,6.107216,6.125041,6.125168,6.125202,6.125227,6.125252,6.125280,6.125313,6.125349,6.125391,6.125437,6.125488,6.125543,6.125603,6.125669,6.125739,6.125814,6.125893,6.125978,6.126068,6.126163,6.126262,6.126367,6.126477,6.126592,6.126712,6.126837,6.126968,6.127103,6.127244,6.127390,6.127541,6.127698,6.127860,6.128028,6.128201,6.128379,6.128563,6.128753,6.128948,6.129149,6.129356,6.129569,6.129787,6.130011,6.130241,6.130478,6.130720,6.130968,6.131223,6.131484,6.131751,6.132025,6.132305,6.132592,6.132885,6.133185,6.133491,6.133805,6.134125,6.134453,6.134787,6.135129,6.135478,6.135834,6.136198,6.136569,6.136948,6.137335,6.137729,6.138132,6.138542,6.138961,6.139388,6.139824,6.140268,6.140720,6.141181,6.141652,6.142131,6.142619,6.143117,6.143624,6.144141,6.144667,6.145203,6.145750,6.146306,6.146873,6.147450,6.148038,6.148637,6.149247,6.149868,6.150500,6.151144,6.151799,6.152467,6.153147,6.153839,6.154543,6.155261,6.155991,6.156735,6.157492,6.158262,6.159047,6.159846,6.160659,6.161487,6.162329,6.163187,6.164061,6.164950,6.165855,6.166776,6.167715,6.168670,6.169642,6.170632,6.171640,6.172666,6.173711,6.174775,6.175858,6.176961,6.178083,6.179227,6.180391,6.181577,6.182784,6.184013,6.185265,6.186540,6.187839,6.189161,6.190508,6.191880,6.193278,6.194701,6.196151,6.197628,6.199133,6.200666,6.202228,6.203819,6.205441,6.207093,6.208776,6.210492,6.212241,6.214022,6.215839,6.217690,6.219577,6.221500,6.223461,6.225460,6.227498,6.229576,6.231695
-19.4000,6.107827,6.126214,6.126347,6.126383,6.126408,6.126435,6.126464,6.126498,6.126537,6.126580,6.126628,6.126681,6.126739,6.126802,6.126870,6.126944,6.127022,6.127106,6.127195,6.127289,6.127388,6.127492,6.127602,6.127717,6.127837,6.127963,6.128094,6.128230,6.128372,6.128520,6.128673,6.128831,6.128995,6.129165,6.129340,6.129522,6.129709,6.129901,6.130100,6.130305,6.130515,6.130732,6.130954,6.131183,6.131418,6.131659,6.131907,6.132161,6.132421,6.132688,6.132961,6.133241,6.133528,6.133822,6.134122,6.134430,6.134744,6.135065,6.135394,6.135730,6.136074,6.136424,6.136783,6.137149,6.137522,6.137904,6.138294,6.138691,6.139097,6.139511,6.139933,6.140364,6.140804,6.141252,6.141709,6.142175,6.142650,6.143135,6.143628,6.144132,6.144645,6.145167,6.145700,6.146243,6.146796,6.147360,6.147934,6.148518,6.149114,6.149721,6.150339,6.150969,6.151610,6.152263,6.152928,6.153605,6.154295,6.154997,6.155713,6.156441,6.157182,6.157938,6.158706,6.159489,6.160286,6.161098,6.161924,6.162766,6.163623,6.164495,6.165383,6.166287,6.167208,6.168145,6.169100,6.170071,6.171061,6.172068,6.173094,6.174139,6.175202,6.176286,6.177388,6.178511,6.179655,6.180820,6.182006,6.183214,6.184444,6.185697,6.186973,6.188272,6.189596,6.190944,6.192318,6.193717,6.195142,6.196594,6.198073,6.199580,6.201115,6.202679,6.204273,6.205897,6.207552,6.209239,6.210958,6.212709,6.214495,6.216314,6.218169,6.220060,6.221988,6.223953,6.225956,6.227999,6.230081,6.232205,6.234371,6.236580,6.238832
-19.2000,6.108461,6.127432,6.127571,6.127608,6.127635,6.127663,6.127694,6.127729,6.127769,6.127815,6.127865,6.127921,6.127982,6.128048,6.128119,6.128196,6.128278,6.128365,6.128458,6.128557,6.128661,6.128770,6.128885,6.129005,6.129131,6.129263,6.129400,6.129543,6.129692,6.129846,6.130006,6.130172,6.130344,6.130522,6.130706,6.130896,6.131092,6.131293,6.131502,6.131716,6.131937,6.132163,6.132397,6.132637,6.132883,6.133136,6.133395,6.133661,6.133934,6.134214,6.134500,6.134794,6.135095,6.135403,6.135718,6.136040,6.136370,6.136707,6.137052,6.137404,6.137764,6.138132,6.138508,6.138892,6.139285,6.139685,6.140094,6.140511,6.140937,6.141371,6.141815,6.142267,6.142729,6.143199,6.143679,6.144169,6.144668,6.145177,6.145695,6.146224,6.146763,6.147313,6.147872,6.148443,6.149024,6.149617,6.150220,6.150835,6.151462,6.152100,6.152750,6.153412,6.154087,6.154774,6.155474,6.156186,6.156912,6.157652,6.158404,6.159171,6.159952,6.160747,6.161557,6.162382,6.163222,6.164077,6.164948,6.165834,6.166737,6.167657,6.168593,6.169547,6.170518,6.171506,6.172513,6.173539,6.174583,6.175646,6.176729,6.177832,6.178955,6.180098,6.181263,6.182450,6.183658,6.184889,6.186142,6.187419,6.188719,6.190044,6.191394,6.192768,6.194169,6.195595,6.197049,6.198530,6.200038,6.201576,6.203142,6.204738,6.206365,6.208023,6.209712,6.211434,6.213188,6.214977,6.216800,6.218659,6.220553,6.222485,6.224454,6.226461,6.228508,6.230596,6.232724,6.234895,6.237109,6.239367,6.241670,6.244020,6.246416
-19.0000,6.109121,6.128698,6.128842,6.128882,6.128910,6.128939,6.128971,6.129008,6.129050,6.129098,6.129151,6.129209,6.129272,6.129342,6.129417,6.129497,6.129583,6.129675,6.129772,6.129875,6.129984,6.130098,6.130219,6.130345,6.130477,6.130615,6.130758,6.130908,6.131064,6.131226,6.131393,6.131567,6.131748,6.131934,6.132126,6.132325,6.132531,6.132742,6.132960,6.133185,6.133416,6.133654,6.133899,6.134150,6.134408,6.134673,6.134945,6.135224,6.135511,6.135804,6.136104,6.136412,6.136728,6.137051,6.137381,6.137719,6.138065,6.138419,6.138781,6.139151,6.139529,6.139915,6.140309,6.140712,6.141124,6.141544,6.141974,6.142412,6.142859,6.143315,6.143781,6.144256,6.144741,6.145235,6.145739,6.146254,6.146778,6.147313,6.147858,6.148414,6.148980,6.149558,6.150146,6.150746,6.151358,6.151981,6.152615,6.153262,6.153921,6.154593,6.155277,6.155974,6.156684,6.157407,6.158144,6.158894,6.159658,6.160437,6.161230,6.162038,6.162860,6.163698,6.164551,6.165420,6.166306,6.167207,6.168125,6.169060,6.170012,6.170982,6.171970,6.172976,6.174000,6.175044,6.176106,6.177189,6.178291,6.179414,6.180558,6.181722,6.182909,6.184117,6.185348,6.186602,6.187880,6.189181,6.190506,6.191857,6.193232,6.194634,6.196062,6.197517,6.198999,6.200510,6.202049,6.203618,6.205216,6.206845,6.208505,6.210197,6.211921,6.213679,6.215471,6.217297,6.219159,6.221057,6.222992,6.224965,6.226977,6.229028,6.231120,6.233253,6.235429,6.237648,6.239911,6.242220,6.244575,6.246978,6.249429,6.251930,6.254482
-18.8000,6.109807,6.130012,6.130164,6.130205,6.130234,6.130265,6.130299,6.130337,6.130382,6.130431,6.130486,6.130547,6.130614,6.130687,6.130765,6.130849,6.130939,6.131035,6.131137,6.131245,6.131359,6.131479,6.131605,6.131738,6.131876,6.132020,6.132171,6.132328,6.132491,6.132661,6.132837,6.133019,6.133208,6.133403,6.133605,6.133814,6.134029,6.134251,6.134479,6.134715,6.134957,6.135207,6.135463,6.135727,6.135997,6.136275,6.136561,6.136853,6.137154,6.137461,6.137777,6.138100,6.138431,6.138769,6.139116,6.139471,6.139834,6.140205,6.140585,6.140973,6.141370,6.141776,6.142190,6.142613,6.143045,6.143487,6.143938,6.144398,6.144868,6.145347,6.145836,6.146335,6.146845,6.147364,6.147894,6.148435,6.148986,6.149548,6.150121,6.150706,6.151301,6.151909,6.152528,6.153159,6.153802,6.154457,6.155125,6.155806,6.156500,6.157206,6.157927,6.158660,6.159408,6.160169,6.160945,6.161736,6.162541,6.163361,6.164197,6.165048,6.165915,6.166798,6.167698,6.168614,6.169547,6.170498,6.171467,6.172453,6.173458,6.174481,6.175524,6.176585,6.177667,6.178769,6.179891,6.181034,6.182199,6.183385,6.184593,6.185824,6.187079,6.188356,6.189658,6.190984,6.192335,6.193711,6.195114,6.196543,6.197999,6.199483,6.200995,6.202536,6.204106,6.205706,6.207337,6.209000,6.210694,6.212421,6.214181,6.215976,6.217805,6.219670,6.221572,6.223510,6.225487,6.227503,6.229559,6.231655,6.233793,6.235973,6.238197,6.240465,6.242779,6.245140,6.247549,6.250006,6.252513,6.255071,6.257682,6.260347,6.263066
-18.6000,6.110519,6.131379,6.131537,6.131580,6.131611,6.131643,6.131678,6.131719,6.131765,6.131817,6.131875,6.131939,6.132009,6.132085,6.132167,6.132255,6.132350,6.132450,6.132557,6.132671,6.132790,6.132916,6.133048,6.133186,6.133331,6.133483,6.133641,6.133805,6.133976,6.134154,6.134339,6.134530,6.134728,6.134933,6.135144,6.135363,6.135589,6.135821,6.136061,6.136308,6.136562,6.136824,6.137093,6.137370,6.137654,6.137945,6.138245,6.138552,6.138867,6.139190,6.139521,6.139860,6.140207,6.140563,6.140927,6.141299,6.141680,6.142070,6.142469,6.142876,6.143293,6.143719,6.144154,6.144599,6.145053,6.145517,6.145990,6.146474,6.146967,6.147471,6.147985,6.148510,6.149046,6.149592,6.150149,6.150717,6.151297,6.151888,6.152491,6.153106,6.153733,6.154372,6.155023,6.155687,6.156364,6.157054,6.157757,6.158474,6.159204,6.159948,6.160707,6.161479,6.162267,6.163069,6.163887,6.164720,6.165568,6.166433,6.167314,6.168211,6.169125,6.170057,6.171006,6.171972,6.172957,6.173960,6.174982,6.176023,6.177084,6.178165,6.179265,6.180387,6.181529,6.182693,6.183879,6.185087,6.186318,6.187572,6.188850,6.190151,6.191478,6.192829,6.194206,6.195610,6.197040,6.198497,6.199982,6.201495,6.203037,6.204609,6.206211,6.207844,6.209508,6.211204,6.212934,6.214697,6.216494,6.218326,6.220194,6.222099,6.224041,6.226021,6.228041,6.230100,6.232201,6.234343,6.236528,6.238756,6.241030,6.243349,6.245715,6.248129,6.250592,6.253106,6.255670,6.258288,6.260959,6.263686,6.266469,6.269310,6.272210
-18.4000,6.111261,6.132799,6.132965,6.133010,6.133042,6.133075,6.133113,6.133155,6.133204,6.133258,6.133319,6.133386,6.133459,6.133539,6.133625,6.133718,6.133817,6.133922,6.134034,6.134153,6.134278,6.134410,6.134549,6.134694,6.134846,6.135005,6.135170,6.135343,6.135522,6.135709,6.135902,6.136103,6.136310,6.136525,6.136747,6.136976,6.137213,6.137457,6.137709,6.137968,6.138235,6.138509,6.138792,6.139082,6.139380,6.139686,6.140000,6.140323,6.140653,6.140992,6.141340,6.141696,6.142060,6.142434,6.142816,6.143207,6.143608,6.144017,6.144436,6.144864,6.145302,6.145749,6.146207,6.146674,6.147151,6.147638,6.148136,6.148644,6.149163,6.149693,6.150234,6.150785,6.151349,6.151923,6.152509,6.153107,6.153717,6.154339,6.154973,6.155620,6.156280,6.156952,6.157638,6.158337,6.159050,6.159776,6.160517,6.161272,6.162041,6.162825,6.163624,6.164439,6.165269,6.166114,6.166976,6.167854,6.168749,6.169661,6.170590,6.171537,6.172501,6.173484,6.174485,6.175506,6.176545,6.177604,6.178683,6.179783,6.180903,6.182045,6.183208,6.184393,6.185600,6.186831,6.188084,6.189362,6.190663,6.191990,6.193341,6.194719,6.196122,6.197553,6.199011,6.200496,6.202011,6.203554,6.205127,6.206730,6.208365,6.210031,6.211729,6.213461,6.215226,6.217026,6.218860,6.220731,6.222639,6.224584,6.226568,6.228591,6.230654,6.232758,6.234905,6.237094,6.239327,6.241605,6.243930,6.246301,6.248720,6.251189,6.253709,6.256280,6.258903,6.261581,6.264315,6.267105,6.269954,6.272862,6.275831,6.278863,6.281958
-18.2000,6.112032,6.134276,6.134449,6.134496,6.134530,6.134565,6.134604,6.134649,6.134700,6.134757,6.134821,6.134891,6.134968,6.135051,6.135142,6.135239,6.135343,6.135453,6.135571,6.135695,6.135827,6.135965,6.136110,6.136263,6.136422,6.136589,6.136762,6.136943,6.137132,6.137327,6.137530,6.137740,6.137958,6.138184,6.138417,6.138657,6.138906,6.139162,6.139426,6.139698,6.139978,6.140266,6.140563,6.140867,6.141180,6.141502,6.141831,6.142170,6.142517,6.142873,6.143238,6.143612,6.143995,6.144387,6.144789,6.145200,6.145620,6.146051,6.146491,6.146941,6.147401,6.147871,6.148352,6.148843,6.149345,6.149857,6.150381,6.150915,6.151461,6.152018,6.152587,6.153167,6.153760,6.154364,6.154981,6.155610,6.156252,6.156907,6.157574,6.158255,6.158950,6.159658,6.160380,6.161117,6.161868,6.162633,6.163413,6.164209,6.165020,6.165846,6.166688,6.167547,6.168422,6.169314,6.170223,6.171149,6.172093,6.173055,6.174036,6.175035,6.176053,6.177090,6.178148,6.179225,6.180323,6.181442,6.182582,6.183744,6.184928,6.186134,6.187364,6.188616,6.189893,6.191194,6.192521,6.193872,6.195249,6.196653,6.198084,6.199542,6.201028,6.202543,6.204088,6.205662,6.207266,6.208902,6.210570,6.212270,6.214003,6.215770,6.217572,6.219409,6.221283,6.223193,6.225141,6.227128,6.229154,6.231221,6.233329,6.235479,6.237673,6.239910,6.242193,6.244522,6.246898,6.249323,6.251797,6.254323,6.256899,6.259530,6.262214,6.264954,6.267752,6.270608,6.273523,6.276500,6.279540,6.282645,6.285815,6.289053,6.292360
-18.0000,6.112834,6.135813,6.135994,6.136043,6.136078,6.136115,6.136156,6.136203,6.136256,6.136316,6.136383,6.136457,6.136537,6.136625,6.136720,6.136821,6.136930,6.137047,6.137170,6.137300,6.137438,6.137583,6.137736,6.137896,6.138063,6.138238,6.138420,6.138610,6.138808,6.139013,6.139226,6.139447,6.139675,6.139912,6.140156,6.140409,6.140670,6.140939,6.141216,6.141502,6.141796,6.142098,6.142410,6.142729,6.143058,6.143396,6.143742,6.144098,6.144462,6.144836,6.145220,6.145613,6.146015,6.146427,6.146849,6.147281,6.147723,6.148176,6.148638,6.149111,6.149595,6.150090,6.150595,6.151112,6.151639,6.152178,6.152729,6.153291,6.153865,6.154452,6.155050,6.155661,6.156285,6.156921,6.157570,6.158233,6.158908,6.159598,6.160301,6.161019,6.161750,6.162497,6.163258,6.164033,6.164825,6.165631,6.166454,6.167293,6.168147,6.169019,6.169907,6.170813,6.171736,6.172677,6.173636,6.174614,6.175610,6.176626,6.177661,6.178716,6.179791,6.180887,6.182004,6.183143,6.184303,6.185485,6.186690,6.187919,6.189171,6.190446,6.191747,6.193072,6.194423,6.195800,6.197204,6.198635,6.200093,6.201580,6.203095,6.204640,6.206215,6.207820,6.209457,6.211126,6.212827,6.214562,6.216331,6.218135,6.219974,6.221850,6.223763,6.225713,6.227703,6.229732,6.231802,6.233914,6.236068,6.238265,6.240507,6.242794,6.245127,6.247508,6.249938,6.252418,6.254948,6.257531,6.260167,6.262858,6.265605,6.268409,6.271272,6.274196,6.277180,6.280228,6.283341,6.286520,6.289767,6.293084,6.296472,6.299933,6.303470
-17.8000,6.113670,6.137411,6.137600,6.137652,6.137689,6.137727,6.137770,6.137820,6.137876,6.137939,6.138009,6.138086,6.138171,6.138263,6.138362,6.138469,6.138583,6.138705,6.138834,6.138971,6.139116,6.139268,6.139428,6.139596,6.139772,6.139955,6.140147,6.140346,6.140553,6.140769,6.140993,6.141224,6.141464,6.141713,6.141970,6.142235,6.142509,6.142791,6.143083,6.143383,6.143692,6.144009,6.144336,6.144672,6.145018,6.145372,6.145736,6.146110,6.146493,6.146886,6.147289,6.147702,6.148125,6.148559,6.149002,6.149457,6.149921,6.150397,6.150883,6.151381,6.151890,6.152410,6.152942,6.153485,6.154040,6.154608,6.155187,6.155779,6.156383,6.157000,6.157631,6.158274,6.158930,6.159600,6.160284,6.160982,6.161694,6.162420,6.163161,6.163917,6.164689,6.165475,6.166277,6.167095,6.167930,6.168780,6.169648,6.170532,6.171434,6.172354,6.173291,6.174247,6.175221,6.176215,6.177227,6.178260,6.179312,6.180385,6.181478,6.182593,6.183729,6.184887,6.186068,6.187271,6.188498,6.189748,6.191023,6.192322,6.193647,6.194997,6.196373,6.197776,6.199206,6.200664,6.202151,6.203666,6.205212,6.206787,6.208393,6.210030,6.211700,6.213403,6.215139,6.216909,6.218715,6.220556,6.222433,6.224348,6.226302,6.228294,6.230326,6.232399,6.234514,6.236671,6.238872,6.241117,6.243409,6.245746,6.248132,6.250567,6.253051,6.255587,6.258176,6.260818,6.263515,6.266268,6.269079,6.271949,6.274879,6.277871,6.280927,6.284048,6.287236,6.290492,6.293818,6.297215,6.300687,6.304234,6.307858,6.311561,6.315346
-17.6000,6.114539,6.139074,6.139272,6.139326,6.139365,6.139406,6.139451,6.139502,6.139561,6.139627,6.139701,6.139782,6.139871,6.139967,6.140072,6.140184,6.140304,6.140432,6.140568,6.140711,6.140863,6.141023,6.141191,6.141368,6.141552,6.141745,6.141946,6.142155,6.142373,6.142599,6.142834,6.143077,6.143330,6.143591,6.143860,6.144139,6.144427,6.144724,6.145030,6.145345,6.145669,6.146003,6.146347,6.146700,6.147063,6.147436,6.147818,6.148211,6.148614,6.149027,6.149451,6.149885,6.150330,6.150786,6.151253,6.151730,6.152219,6.152720,6.153232,6.153755,6.154291,6.154838,6.155398,6.155970,6.156554,6.157151,6.157761,6.158384,6.159021,6.159671,6.160334,6.161012,6.161704,6.162410,6.163130,6.163865,6.164616,6.165382,6.166163,6.166960,6.167773,6.168602,6.169448,6.170311,6.171191,6.172089,6.173004,6.173938,6.174889,6.175860,6.176850,6.177859,6.178888,6.179937,6.181007,6.182097,6.183209,6.184343,6.185499,6.186677,6.187878,6.189103,6.190351,6.191624,6.192922,6.194245,6.195594,6.196969,6.198371,6.199801,6.201258,6.202745,6.204260,6.205805,6.207380,6.208986,6.210624,6.212295,6.213998,6.215735,6.217506,6.219313,6.221156,6.223035,6.224952,6.226907,6.228902,6.230936,6.233012,6.235130,6.237290,6.239494,6.241743,6.244038,6.246380,6.248770,6.251210,6.253699,6.256240,6.258834,6.261481,6.264184,6.266943,6.269761,6.272637,6.275575,6.278575,6.281638,6.284767,6.287963,6.291228,6.294562,6.297970,6.301451,6.305008,6.308642,6.312357,6.316153,6.320034,6.324000,6.328055
-17.4000,6.115445,6.140806,6.141013,6.141070,6.141111,6.141153,6.141200,6.141254,6.141316,6.141385,6.141463,6.141548,6.141641,6.141743,6.141852,6.141970,6.142096,6.142230,6.142373,6.142524,6.142684,6.142852,6.143028,6.143213,6.143407,6.143609,6.143820,6.144040,6.144269,6.144507,6.144754,6.145009,6.145274,6.145549,6.145832,6.146125,6.146427,6.146739,6.147061,6.147392,6.147734,6.148085,6.148446,6.148817,6.149199,6.149591,6.149993,6.150406,6.150830,6.151265,6.151710,6.152167,6.152635,6.153115,6.153606,6.154108,6.154623,6.155150,6.155688,6.156239,6.156803,6.157379,6.157969,6.158571,6.159186,6.159815,6.160458,6.161114,6.161785,6.162470,6.163169,6.163883,6.164612,6.165356,6.166116,6.166891,6.167682,6.168490,6.169314,6.170154,6.171012,6.171887,6.172780,6.173690,6.174619,6.175567,6.176533,6.177519,6.178524,6.179549,6.180594,6.181661,6.182748,6.183856,6.184987,6.186140,6.187315,6.188514,6.189736,6.190982,6.192253,6.193549,6.194870,6.196217,6.197591,6.198992,6.200420,6.201877,6.203362,6.204877,6.206421,6.207996,6.209602,6.211240,6.212911,6.214614,6.216352,6.218124,6.219932,6.221776,6.223656,6.225575,6.227532,6.229528,6.231565,6.233643,6.235763,6.237927,6.240134,6.242386,6.244685,6.247030,6.249424,6.251868,6.254362,6.256908,6.259506,6.262159,6.264868,6.267633,6.270456,6.273339,6.276284,6.279291,6.282362,6.285498,6.288702,6.291975,6.295319,6.298735,6.302226,6.305793,6.309438,6.313163,6.316971,6.320863,6.324841,6.328908,6.333067,6.337319,6.341667
-17.2000,6.116389,6.142608,6.142825,6.142885,6.142928,6.142972,6.143022,6.143079,6.143144,6.143216,6.143298,6.143387,6.143485,6.143592,6.143707,6.143830,6.143963,6.144104,6.144254,6.144413,6.144580,6.144757,6.144942,6.145137,6.145340,6.145553,6.145775,6.146006,6.146246,6.146496,6.146756,6.147025,6.147303,6.147591,6.147889,6.148197,6.148515,6.148843,6.149181,6.149530,6.149889,6.150258,6.150638,6.151028,6.151430,6.151842,6.152265,6.152700,6.153146,6.153603,6.154072,6.154553,6.155046,6.155550,6.156067,6.156596,6.157138,6.157693,6.158260,6.158840,6.159434,6.160041,6.160662,6.161296,6.161944,6.162607,6.163284,6.163976,6.164683,6.165405,6.166142,6.166895,6.167663,6.168448,6.169249,6.170067,6.170902,6.171754,6.172623,6.173510,6.174415,6.175339,6.176282,6.177243,6.178224,6.179225,6.180245,6.181287,6.182349,6.183432,6.184537,6.185664,6.186813,6.187985,6.189181,6.190400,6.191644,6.192912,6.194205,6.195524,6.196869,6.198241,6.199640,6.201066,6.202521,6.204005,6.205519,6.207062,6.208637,6.210242,6.211880,6.213550,6.215254,6.216992,6.218764,6.220572,6.222417,6.224299,6.226218,6.228177,6.230175,6.232214,6.234294,6.236416,6.238582,6.240792,6.243047,6.245349,6.247698,6.250096,6.252543,6.255041,6.257591,6.260195,6.262853,6.265566,6.268337,6.271167,6.274056,6.277007,6.280021,6.283099,6.286243,6.289455,6.292736,6.296088,6.299513,6.303013,6.306590,6.310245,6.313981,6.317799,6.321703,6.325693,6.329772,6.333944,6.338209,6.342571,6.347031,6.351594,6.356261
-17.0000,6.117372,6.144486,6.144713,6.144775,6.144821,6.144867,6.144919,6.144979,6.145047,6.145124,6.145209,6.145303,6.145406,6.145518,6.145639,6.145769,6.145908,6.146057,6.146214,6.146381,6.146557,6.146743,6.146938,6.147142,6.147356,6.147580,6.147813,6.148056,6.148309,6.148571,6.148844,6.149127,6.149420,6.149723,6.150036,6.150360,6.150695,6.151040,6.151395,6.151762,6.152139,6.152528,6.152928,6.153339,6.153761,6.154195,6.154640,6.155098,6.155567,6.156049,6.156542,6.157048,6.157567,6.158099,6.158643,6.159200,6.159771,6.160355,6.160952,6.161564,6.162189,6.162829,6.163483,6.164152,6.164835,6.165534,6.166248,6.166977,6.167723,6.168484,6.169261,6.170055,6.170866,6.171694,6.172540,6.173403,6.174284,6.175183,6.176101,6.177037,6.177993,6.178969,6.179964,6.180980,6.182016,6.183074,6.184153,6.185253,6.186376,6.187521,6.188690,6.189881,6.191097,6.192337,6.193602,6.194893,6.196209,6.197551,6.198920,6.200317,6.201742,6.203195,6.204677,6.206189,6.207731,6.209304,6.210909,6.212545,6.214215,6.215918,6.217656,6.219429,6.221237,6.223082,6.224964,6.226885,6.228844,6.230843,6.232883,6.234965,6.237089,6.239257,6.241470,6.243728,6.246032,6.248384,6.250785,6.253236,6.255738,6.258293,6.260901,6.263563,6.266282,6.269058,6.271893,6.274788,6.277745,6.280766,6.283851,6.287002,6.290221,6.293510,6.296871,6.300305,6.303814,6.307400,6.311065,6.314811,6.318640,6.322555,6.326556,6.330648,6.334832,6.339110,6.343485,6.347960,6.352537,6.357219,6.362009,6.366910,6.371925
-16.8000,6.118397,6.146442,6.146680,6.146745,6.146793,6.146842,6.146897,6.146959,6.147031,6.147111,6.147201,6.147300,6.147408,6.147526,6.147653,6.147790,6.147936,6.148092,6.148258,6.148433,6.148618,6.148813,6.149018,6.149233,6.149458,6.149694,6.149939,6.150195,6.150460,6.150737,6.151024,6.151321,6.151629,6.151948,6.152278,6.152619,6.152971,6.153334,6.153708,6.154094,6.154491,6.154900,6.155320,6.155753,6.156198,6.156655,6.157124,6.157605,6.158100,6.158607,6.159127,6.159660,6.160206,6.160766,6.161339,6.161927,6.162528,6.163143,6.163773,6.164418,6.165077,6.165751,6.166441,6.167146,6.167867,6.168604,6.169357,6.170126,6.170912,6.171716,6.172536,6.173374,6.174230,6.175104,6.175996,6.176908,6.177838,6.178788,6.179757,6.180747,6.181757,6.182788,6.183840,6.184913,6.186009,6.187127,6.188267,6.189431,6.190619,6.191831,6.193067,6.194328,6.195615,6.196927,6.198267,6.199633,6.201027,6.202449,6.203899,6.205379,6.206889,6.208429,6.210001,6.211604,6.213239,6.214908,6.216610,6.218347,6.220119,6.221927,6.223772,6.225654,6.227575,6.229535,6.231535,6.233576,6.235659,6.237785,6.239955,6.242169,6.244429,6.246736,6.249091,6.251495,6.253949,6.256455,6.259013,6.261625,6.264292,6.267015,6.269797,6.272637,6.275538,6.278501,6.281527,6.284619,6.287777,6.291003,6.294300,6.297669,6.301111,6.304629,6.308224,6.311899,6.315655,6.319494,6.323419,6.327433,6.331536,6.335732,6.340023,6.344412,6.348900,6.353492,6.358189,6.362994,6.367911,6.372942,6.378091,6.383360,6.388753
-16.6000,6.119466,6.148480,6.148730,6.148798,6.148848,6.148899,6.148957,6.149023,6.149099,6.149183,6.149278,6.149382,6.149495,6.149619,6.149753,6.149897,6.150051,6.150215,6.150389,6.150573,6.150768,6.150973,6.151189,6.151415,6.151652,6.151899,6.152157,6.152426,6.152706,6.152997,6.153299,6.153612,6.153936,6.154272,6.154619,6.154978,6.155348,6.155730,6.156124,6.156530,6.156949,6.157379,6.157822,6.158278,6.158746,6.159227,6.159721,6.160229,6.160749,6.161284,6.161831,6.162393,6.162969,6.163559,6.164163,6.164782,6.165416,6.166065,6.166729,6.167409,6.168104,6.168816,6.169543,6.170287,6.171047,6.171825,6.172619,6.173432,6.174261,6.175109,6.175976,6.176860,6.177764,6.178687,6.179630,6.180593,6.181576,6.182579,6.183604,6.184650,6.185717,6.186807,6.187920,6.189055,6.190214,6.191396,6.192603,6.193835,6.195092,6.196374,6.197683,6.199018,6.200381,6.201771,6.203190,6.204638,6.206115,6.207622,6.209160,6.210729,6.212330,6.213964,6.215630,6.217331,6.219067,6.220838,6.222645,6.224490,6.226372,6.228292,6.230253,6.232253,6.234295,6.236378,6.238505,6.240676,6.242892,6.245154,6.247463,6.249820,6.252227,6.254684,6.257193,6.259754,6.262370,6.265041,6.267768,6.270554,6.273399,6.276305,6.279274,6.282306,6.285404,6.288569,6.291802,6.295106,6.298483,6.301933,6.305459,6.309063,6.312747,6.316513,6.320362,6.324298,6.328322,6.332437,6.336645,6.340949,6.345350,6.349853,6.354458,6.359170,6.363991,6.368923,6.373971,6.379136,6.384423,6.389835,6.395375,6.401046,6.406852
-16.4000,6.120582,6.150605,6.150867,6.150939,6.150991,6.151045,6.151106,6.151175,6.151254,6.151343,6.151443,6.151552,6.151672,6.151802,6.151943,6.152094,6.152256,6.152429,6.152612,6.152806,6.153011,6.153227,6.153454,6.153692,6.153941,6.154201,6.154473,6.154756,6.155051,6.155357,6.155675,6.156004,6.156346,6.156699,6.157065,6.157442,6.157832,6.158235,6.158650,6.159078,6.159518,6.159972,6.160438,6.160918,6.161412,6.161919,6.162440,6.162974,6.163523,6.164086,6.164664,6.165256,6.165863,6.166485,6.167122,6.167775,6.168444,6.169128,6.169829,6.170546,6.171280,6.172030,6.172798,6.173583,6.174386,6.175206,6.176045,6.176903,6.177779,6.178675,6.179590,6.180525,6.181480,6.182455,6.183451,6.184469,6.185508,6.186569,6.187652,6.188758,6.189888,6.191040,6.192217,6.193419,6.194645,6.195897,6.197175,6.198479,6.199810,6.201168,6.202554,6.203969,6.205413,6.206887,6.208390,6.209925,6.211491,6.213090,6.214721,6.216386,6.218085,6.219819,6.221588,6.223394,6.225237,6.227119,6.229039,6.230998,6.232999,6.235040,6.237124,6.239252,6.241423,6.243640,6.245904,6.248214,6.250573,6.252982,6.255442,6.257953,6.260517,6.263136,6.265811,6.268542,6.271332,6.274182,6.277093,6.280067,6.283104,6.286208,6.289379,6.292619,6.295930,6.299314,6.302772,6.306306,6.309919,6.313611,6.317386,6.321246,6.325192,6.329227,6.333353,6.337573,6.341889,6.346303,6.350818,6.355438,6.360164,6.364999,6.369948,6.375011,6.380194,6.385498,6.390928,6.396486,6.402177,6.408004,6.413971,6.420081,6.426339
-16.2000,6.121745,6.152821,6.153095,6.153171,6.153226,6.153282,6.153346,6.153420,6.153503,6.153596,6.153701,6.153816,6.153942,6.154079,6.154227,6.154386,6.154557,6.154739,6.154932,6.155136,6.155352,6.155579,6.155818,6.156069,6.156331,6.156605,6.156891,6.157189,6.157499,6.157822,6.158157,6.158504,6.158863,6.159236,6.159621,6.160018,6.160429,6.160853,6.161291,6.161741,6.162206,6.162684,6.163176,6.163682,6.164202,6.164736,6.165285,6.165849,6.166428,6.167021,6.167630,6.168255,6.168895,6.169552,6.170224,6.170913,6.171618,6.172341,6.173080,6.173837,6.174611,6.175404,6.176214,6.177043,6.177891,6.178758,6.179644,6.180550,6.181476,6.182423,6.183390,6.184378,6.185387,6.186419,6.187472,6.188548,6.189647,6.190769,6.191916,6.193086,6.194281,6.195501,6.196747,6.198019,6.199318,6.200644,6.201997,6.203379,6.204789,6.206228,6.207698,6.209198,6.210729,6.212292,6.213887,6.215515,6.217177,6.218873,6.220605,6.222372,6.224176,6.226018,6.227897,6.229816,6.231775,6.233774,6.235816,6.237900,6.240027,6.242199,6.244417,6.246681,6.248992,6.251353,6.253763,6.256225,6.258738,6.261305,6.263927,6.266605,6.269340,6.272133,6.274987,6.277902,6.280881,6.283923,6.287032,6.290209,6.293456,6.296773,6.300164,6.303629,6.307171,6.310792,6.314493,6.318277,6.322146,6.326102,6.330148,6.334285,6.338516,6.342843,6.347270,6.351798,6.356431,6.361171,6.366022,6.370985,6.376065,6.381264,6.386585,6.392033,6.397610,6.403320,6.409167,6.415155,6.421287,6.427567,6.434001,6.440591,6.447343
-16.0000,6.122960,6.155132,6.155420,6.155499,6.155557,6.155616,6.155684,6.155761,6.155848,6.155947,6.156057,6.156178,6.156311,6.156455,6.156611,6.156779,6.156958,6.157150,6.157353,6.157568,6.157795,6.158035,6.158287,6.158550,6.158827,6.159116,6.159417,6.159731,6.160058,6.160397,6.160750,6.161116,6.161495,6.161887,6.162293,6.162712,6.163145,6.163592,6.164053,6.164528,6.165018,6.165522,6.166040,6.166574,6.167122,6.167686,6.168265,6.168860,6.169470,6.170097,6.170740,6.171399,6.172074,6.172767,6.173477,6.174204,6.174949,6.175711,6.176492,6.177291,6.178109,6.178946,6.179803,6.180679,6.181574,6.182491,6.183427,6.184385,6.185364,6.186364,6.187387,6.188432,6.189500,6.190591,6.191705,6.192844,6.194007,6.195195,6.196408,6.197647,6.198913,6.200205,6.201525,6.202872,6.204248,6.205653,6.207088,6.208552,6.210048,6.211574,6.213133,6.214724,6.216348,6.218007,6.219700,6.221428,6.223193,6.224994,6.226833,6.228711,6.230628,6.232585,6.234583,6.236624,6.238707,6.240834,6.243005,6.245223,6.247487,6.249800,6.252161,6.254572,6.257035,6.259550,6.262119,6.264743,6.267424,6.270162,6.272958,6.275816,6.278735,6.281718,6.284765,6.287879,6.291061,6.294313,6.297637,6.301034,6.304506,6.308056,6.311684,6.315394,6.319186,6.323064,6.327030,6.331085,6.335233,6.339475,6.343814,6.348253,6.352794,6.357440,6.362194,6.367059,6.372037,6.377132,6.382348,6.387686,6.393151,6.398747,6.404476,6.410342,6.416351,6.422504,6.428807,6.435263,6.441877,6.448654,6.455597,6.462713,6.470005
-15.8000,6.124229,6.157543,6.157845,6.157928,6.157989,6.158052,6.158123,6.158204,6.158296,6.158400,6.158516,6.158644,6.158783,6.158935,6.159100,6.159276,6.159466,6.159667,6.159881,6.160108,6.160347,6.160600,6.160865,6.161143,6.161434,6.161739,6.162056,6.162387,6.162732,6.163090,6.163461,6.163847,6.164246,6.164660,6.165088,6.165530,6.165986,6.166458,6.166944,6.167445,6.167961,6.168493,6.169040,6.169603,6.170182,6.170777,6.171388,6.172015,6.172660,6.173321,6.173999,6.174695,6.175409,6.176140,6.176889,6.177657,6.178444,6.179250,6.180075,6.180919,6.181784,6.182668,6.183573,6.184499,6.185446,6.186415,6.187405,6.188418,6.189453,6.190512,6.191594,6.192700,6.193830,6.194984,6.196164,6.197370,6.198601,6.199859,6.201145,6.202457,6.203798,6.205168,6.206566,6.207995,6.209454,6.210944,6.212465,6.214018,6.215605,6.217225,6.218879,6.220568,6.222293,6.224054,6.225852,6.227688,6.229563,6.231477,6.233432,6.235429,6.237467,6.239549,6.241674,6.243845,6.246062,6.248326,6.250638,6.253000,6.255412,6.257876,6.260392,6.262962,6.265588,6.268271,6.271011,6.273810,6.276671,6.279594,6.282580,6.285632,6.288750,6.291937,6.295195,6.298524,6.301927,6.305406,6.308962,6.312598,6.316315,6.320116,6.324002,6.327977,6.332042,6.336200,6.340453,6.344803,6.349253,6.353807,6.358466,6.363233,6.368111,6.373104,6.378215,6.383446,6.388801,6.394284,6.399897,6.405645,6.411531,6.417559,6.423734,6.430058,6.436537,6.443175,6.449976,6.456945,6.464087,6.471407,6.478909,6.486599,6.494483
-15.6000,6.125554,6.160060,6.160377,6.160464,6.160528,6.160594,6.160669,6.160754,6.160852,6.160961,6.161083,6.161218,6.161365,6.161525,6.161698,6.161885,6.162084,6.162296,6.162522,6.162761,6.163013,6.163279,6.163559,6.163852,6.164159,6.164480,6.164815,6.165164,6.165527,6.165904,6.166296,6.166703,6.167124,6.167561,6.168012,6.168478,6.168960,6.169457,6.169970,6.170499,6.171044,6.171605,6.172182,6.172776,6.173387,6.174015,6.174660,6.175323,6.176003,6.176702,6.177418,6.178153,6.178907,6.179680,6.180472,6.181283,6.182114,6.182966,6.183838,6.184731,6.185645,6.186580,6.187537,6.188516,6.189518,6.190543,6.191591,6.192662,6.193758,6.194879,6.196024,6.197195,6.198391,6.199614,6.200864,6.202141,6.203446,6.204779,6.206141,6.207533,6.208954,6.210407,6.211890,6.213405,6.214953,6.216534,6.218148,6.219797,6.221482,6.223202,6.224958,6.226753,6.228585,6.230456,6.232368,6.234319,6.236313,6.238349,6.240428,6.242552,6.244722,6.246937,6.249200,6.251512,6.253873,6.256285,6.258749,6.261266,6.263837,6.266464,6.269148,6.271890,6.274692,6.277555,6.280480,6.283470,6.286525,6.289647,6.292839,6.296101,6.299435,6.302844,6.306329,6.309891,6.313534,6.317258,6.321067,6.324962,6.328945,6.333019,6.337187,6.341450,6.345811,6.350272,6.354838,6.359509,6.364289,6.369181,6.374189,6.379314,6.384561,6.389932,6.395431,6.401062,6.406829,6.412734,6.418782,6.424977,6.431323,6.437825,6.444486,6.451311,6.458305,6.465473,6.472820,6.480350,6.488070,6.495984,6.504098,6.512418,6.520950
-15.4000,6.126938,6.162688,6.163020,6.163112,6.163179,6.163249,6.163327,6.163418,6.163520,6.163636,6.163764,6.163906,6.164061,6.164230,6.164413,6.164609,6.164819,6.165043,6.165281,6.165533,6.165799,6.166080,6.166375,6.166684,6.167008,6.167346,6.167699,6.168067,6.168451,6.168849,6.169262,6.169691,6.170136,6.170596,6.171073,6.171565,6.172073,6.172598,6.173140,6.173698,6.174273,6.174865,6.175475,6.176103,6.176748,6.177411,6.178092,6.178792,6.179511,6.180249,6.181006,6.181783,6.182580,6.183396,6.184233,6.185091,6.185970,6.186871,6.187793,6.188737,6.189704,6.190694,6.191706,6.192743,6.193803,6.194888,6.195997,6.197132,6.198292,6.199479,6.200692,6.201932,6.203200,6.204496,6.205820,6.207174,6.208558,6.209971,6.211416,6.212892,6.214400,6.215941,6.217515,6.219123,6.220766,6.222445,6.224160,6.225911,6.227700,6.229528,6.231395,6.233302,6.235250,6.237240,6.239273,6.241350,6.243471,6.245638,6.247851,6.250113,6.252423,6.254783,6.257194,6.259657,6.262174,6.264746,6.267373,6.270058,6.272801,6.275604,6.278469,6.281397,6.284389,6.287447,6.290573,6.293769,6.297035,6.300374,6.303787,6.307277,6.310846,6.314495,6.318226,6.322042,6.325945,6.329936,6.334019,6.338195,6.342468,6.346839,6.351312,6.355888,6.360572,6.365365,6.370270,6.375291,6.380431,6.385693,6.391080,6.396596,6.402244,6.408028,6.413952,6.420020,6.426235,6.432603,6.439126,6.445810,6.452659,6.459679,6.466872,6.474246,6.481804,6.489553,6.497497,6.505642,6.513994,6.522560,6.531345,6.540355,6.549598
-15.2000,6.128386,6.165432,6.165781,6.165877,6.165948,6.166021,6.166104,6.166200,6.166308,6.166429,6.166565,6.166715,6.166879,6.167057,6.167249,6.167456,6.167678,6.167914,6.168165,6.168431,6.168712,6.169008,6.169319,6.169645,6.169987,6.170344,6.170717,6.171105,6.171510,6.171930,6.172367,6.172819,6.173289,6.173775,6.174277,6.174797,6.175334,6.175888,6.176460,6.177050,6.177657,6.178283,6.178927,6.179590,6.180272,6.180973,6.181693,6.182433,6.183193,6.183973,6.184773,6.185594,6.186437,6.187300,6.188186,6.189093,6.190023,6.190976,6.191952,6.192951,6.193974,6.195022,6.196094,6.197191,6.198314,6.199463,6.200638,6.201840,6.203070,6.204327,6.205613,6.206928,6.208272,6.209646,6.211051,6.212487,6.213954,6.215454,6.216987,6.218554,6.220155,6.221791,6.223463,6.225171,6.226916,6.228700,6.230522,6.232384,6.234286,6.236229,6.238215,6.240244,6.242316,6.244434,6.246598,6.248809,6.251067,6.253375,6.255733,6.258143,6.260605,6.263121,6.265692,6.268319,6.271004,6.273748,6.276552,6.279418,6.282347,6.285341,6.288402,6.291531,6.294729,6.297999,6.301342,6.304760,6.308255,6.311828,6.315483,6.319220,6.323043,6.326953,6.330952,6.335043,6.339228,6.343510,6.347891,6.352374,6.356961,6.361656,6.366461,6.371379,6.376413,6.381567,6.386843,6.392246,6.397778,6.403443,6.409245,6.415187,6.421274,6.427509,6.433898,6.440443,6.447150,6.454022,6.461066,6.468285,6.475685,6.483271,6.491048,6.499022,6.507198,6.515582,6.524181,6.533001,6.542047,6.551326,6.560846,6.570613,6.580635
-15.0000,6.129899,6.168299,6.168665,6.168766,6.168841,6.168919,6.169006,6.169106,6.169221,6.169349,6.169492,6.169650,6.169823,6.170011,6.170214,6.170433,6.170667,6.170916,6.171181,6.171462,6.171758,6.172070,6.172399,6.172743,6.173104,6.173481,6.173874,6.174284,6.174711,6.175155,6.175616,6.176095,6.176590,6.177104,6.177635,6.178184,6.178751,6.179337,6.179941,6.180564,6.181206,6.181867,6.182548,6.183249,6.183970,6.184711,6.185472,6.186254,6.187058,6.187883,6.188730,6.189599,6.190490,6.191404,6.192341,6.193301,6.194286,6.195294,6.196328,6.197386,6.198469,6.199579,6.200715,6.201877,6.203067,6.204284,6.205530,6.206804,6.208108,6.209441,6.210805,6.212199,6.213625,6.215083,6.216574,6.218098,6.219656,6.221248,6.222876,6.224540,6.226241,6.227979,6.229756,6.231571,6.233427,6.235323,6.237261,6.239241,6.241265,6.243333,6.245446,6.247606,6.249813,6.252068,6.254373,6.256728,6.259135,6.261595,6.264110,6.266679,6.269305,6.271989,6.274733,6.277537,6.280404,6.283334,6.286329,6.289392,6.292522,6.295723,6.298996,6.302342,6.305764,6.309263,6.312841,6.316501,6.320244,6.324072,6.327988,6.331995,6.336093,6.340286,6.344577,6.348967,6.353460,6.358057,6.362763,6.367580,6.372510,6.377557,6.382724,6.388015,6.393432,6.398980,6.404661,6.410480,6.416441,6.422546,6.428801,6.435210,6.441776,6.448505,6.455401,6.462469,6.469713,6.477139,6.484752,6.492557,6.500561,6.508767,6.517183,6.525815,6.534669,6.543750,6.553067,6.562625,6.572432,6.582494,6.592820,6.603416,6.614292
-14.8000,6.131483,6.171295,6.171680,6.171786,6.171865,6.171947,6.172039,6.172145,6.172265,6.172401,6.172552,6.172719,6.172901,6.173100,6.173314,6.173545,6.173792,6.174055,6.174335,6.174631,6.174944,6.175274,6.175621,6.175985,6.176366,6.176764,6.177180,6.177613,6.178064,6.178533,6.179020,6.179525,6.180049,6.180592,6.181153,6.181733,6.182333,6.182952,6.183591,6.184249,6.184928,6.185628,6.186348,6.187089,6.187851,6.188635,6.189441,6.190268,6.191119,6.191992,6.192888,6.193808,6.194751,6.195719,6.196711,6.197728,6.198771,6.199839,6.200933,6.202055,6.203203,6.204379,6.205583,6.206815,6.208076,6.209367,6.210688,6.212040,6.213423,6.214838,6.216285,6.217765,6.219278,6.220826,6.222409,6.224028,6.225683,6.227375,6.229105,6.230873,6.232681,6.234529,6.236418,6.238349,6.240323,6.242341,6.244403,6.246511,6.248666,6.250868,6.253119,6.255420,6.257772,6.260175,6.262632,6.265144,6.267711,6.270336,6.273018,6.275761,6.278564,6.281430,6.284360,6.287356,6.290419,6.293551,6.296754,6.300028,6.303377,6.306802,6.310304,6.313887,6.317551,6.321299,6.325133,6.329055,6.333067,6.337173,6.341373,6.345672,6.350071,6.354572,6.359180,6.363896,6.368723,6.373665,6.378725,6.383905,6.389209,6.394641,6.400203,6.405901,6.411736,6.417714,6.423838,6.430112,6.436540,6.443128,6.449878,6.456797,6.463888,6.471157,6.478609,6.486249,6.494082,6.502114,6.510351,6.518798,6.527463,6.536350,6.545467,6.554820,6.564416,6.574262,6.584365,6.594733,6.605373,6.616294,6.627503,6.639009,6.650819
-14.6000,6.133140,6.174428,6.174831,6.174944,6.175027,6.175113,6.175210,6.175322,6.175449,6.175593,6.175752,6.175928,6.176121,6.176331,6.176557,6.176801,6.177062,6.177340,6.177636,6.177949,6.178279,6.178628,6.178994,6.179379,6.179781,6.180202,6.180641,6.181099,6.181576,6.182072,6.182587,6.183121,6.183675,6.184248,6.184842,6.185455,6.186089,6.186744,6.187420,6.188117,6.188835,6.189575,6.190337,6.191121,6.191928,6.192757,6.193610,6.194486,6.195386,6.196311,6.197260,6.198234,6.199233,6.200258,6.201310,6.202387,6.203492,6.204624,6.205785,6.206973,6.208191,6.209438,6.210715,6.212022,6.213360,6.214730,6.216132,6.217566,6.219034,6.220536,6.222073,6.223645,6.225253,6.226897,6.228580,6.230300,6.232059,6.233858,6.235697,6.237578,6.239501,6.241468,6.243478,6.245534,6.247635,6.249783,6.251980,6.254225,6.256521,6.258868,6.261268,6.263721,6.266229,6.268793,6.271414,6.274094,6.276835,6.279636,6.282501,6.285431,6.288426,6.291489,6.294621,6.297825,6.301101,6.304451,6.307878,6.311383,6.314969,6.318636,6.322388,6.326227,6.330154,6.334172,6.338284,6.342491,6.346797,6.351204,6.355714,6.360330,6.365056,6.369894,6.374847,6.379918,6.385110,6.390428,6.395873,6.401450,6.407163,6.413014,6.419009,6.425150,6.431443,6.437891,6.444499,6.451270,6.458211,6.465326,6.472619,6.480096,6.487762,6.495623,6.503683,6.511950,6.520428,6.529125,6.538046,6.547197,6.556586,6.566220,6.576105,6.586249,6.596659,6.607343,6.618308,6.629564,6.641118,6.652979,6.665156,6.677657,6.690491
-14.4000,6.134875,6.177703,6.178128,6.178246,6.178333,6.178424,6.178528,6.178646,6.178780,6.178931,6.179100,6.179286,6.179490,6.179711,6.179951,6.180208,6.180484,6.180778,6.181090,6.181421,6.181771,6.182139,6.182526,6.182933,6.183358,6.183803,6.184268,6.184752,6.185256,6.185781,6.186325,6.186890,6.187476,6.188083,6.188711,6.189360,6.190031,6.190724,6.191439,6.192176,6.192936,6.193720,6.194526,6.195356,6.196211,6.197089,6.197992,6.198921,6.199874,6.200854,6.201859,6.202891,6.203951,6.205037,6.206152,6.207294,6.208466,6.209667,6.210897,6.212158,6.213450,6.214773,6.216128,6.217515,6.218936,6.220391,6.221879,6.223403,6.224962,6.226558,6.228191,6.229862,6.231571,6.233319,6.235108,6.236937,6.238809,6.240723,6.242680,6.244682,6.246729,6.248823,6.250964,6.253154,6.255392,6.257682,6.260023,6.262417,6.264865,6.267368,6.269928,6.272546,6.275222,6.277959,6.280759,6.283621,6.286549,6.289543,6.292605,6.295737,6.298940,6.302216,6.305567,6.308996,6.312503,6.316090,6.319761,6.323516,6.327358,6.331290,6.335313,6.339430,6.343643,6.347956,6.352369,6.356887,6.361512,6.366247,6.371094,6.376057,6.381139,6.386344,6.391673,6.397132,6.402723,6.408450,6.414317,6.420328,6.426486,6.432797,6.439264,6.445891,6.452684,6.459646,6.466783,6.474100,6.481602,6.489294,6.497181,6.505270,6.513566,6.522075,6.530803,6.539757,6.548943,6.558368,6.568038,6.577962,6.588146,6.598597,6.609324,6.620335,6.631637,6.643240,6.655150,6.667379,6.679933,6.692823,6.706058,6.719647,6.733601
-14.2000,6.136692,6.181131,6.181576,6.181701,6.181793,6.181889,6.181998,6.182123,6.182265,6.182425,6.182603,6.182800,6.183015,6.183250,6.183503,6.183775,6.184067,6.184378,6.184708,6.185058,6.185428,6.185817,6.186227,6.186657,6.187107,6.187578,6.188069,6.188581,6.189115,6.189669,6.190246,6.190844,6.191464,6.192106,6.192770,6.193458,6.194168,6.194902,6.195659,6.196440,6.197245,6.198074,6.198929,6.199808,6.200713,6.201644,6.202602,6.203585,6.204596,6.205634,6.206700,6.207795,6.208918,6.210070,6.211253,6.212465,6.213708,6.214982,6.216288,6.217627,6.218998,6.220403,6.221842,6.223316,6.224825,6.226370,6.227952,6.229571,6.231229,6.232925,6.234662,6.236438,6.238256,6.240117,6.242020,6.243967,6.245959,6.247997,6.250082,6.252214,6.254395,6.256626,6.258908,6.261242,6.263629,6.266071,6.268568,6.271123,6.273735,6.276407,6.279140,6.281935,6.284795,6.287719,6.290711,6.293771,6.296901,6.300103,6.303379,6.306730,6.310159,6.313666,6.317255,6.320928,6.324685,6.328530,6.332465,6.336492,6.340614,6.344832,6.349150,6.353571,6.358095,6.362728,6.367471,6.372327,6.377300,6.382392,6.387607,6.392948,6.398419,6.404023,6.409764,6.415646,6.421673,6.427848,6.434175,6.440660,6.447307,6.454120,6.461103,6.468262,6.475602,6.483128,6.490845,6.498759,6.506876,6.515200,6.523739,6.532499,6.541485,6.550705,6.560165,6.569872,6.579834,6.590058,6.600550,6.611320,6.622375,6.633724,6.645374,6.657334,6.669614,6.682222,6.695167,6.708459,6.722107,6.736122,6.750513,6.765290,6.780464
-14.0000,6.138597,6.184717,6.185186,6.185317,6.185415,6.185516,6.185631,6.185763,6.185914,6.186083,6.186271,6.186479,6.186707,6.186955,6.187223,6.187511,6.187819,6.188148,6.188498,6.188868,6.189259,6.189671,6.190105,6.190560,6.191036,6.191534,6.192055,6.192597,6.193162,6.193749,6.194359,6.194992,6.195649,6.196329,6.197033,6.197761,6.198513,6.199290,6.200092,6.200920,6.201773,6.202652,6.203558,6.204490,6.205449,6.206436,6.207451,6.208495,6.209567,6.210668,6.211799,6.212960,6.214152,6.215375,6.216630,6.217917,6.219236,6.220589,6.221976,6.223398,6.224855,6.226348,6.227877,6.229443,6.231047,6.232690,6.234372,6.236095,6.237858,6.239663,6.241510,6.243401,6.245337,6.247317,6.249344,6.251418,6.253540,6.255712,6.257933,6.260206,6.262532,6.264911,6.267345,6.269835,6.272382,6.274989,6.277655,6.280382,6.283173,6.286027,6.288948,6.291936,6.294992,6.298120,6.301320,6.304594,6.307944,6.311371,6.314879,6.318468,6.322141,6.325900,6.329747,6.333685,6.337715,6.341840,6.346063,6.350385,6.354811,6.359342,6.363981,6.368731,6.373595,6.378577,6.383678,6.388904,6.394256,6.399738,6.405355,6.411109,6.417005,6.423046,6.429237,6.435581,6.442084,6.448749,6.455581,6.462585,6.469765,6.477128,6.484677,6.492419,6.500359,6.508502,6.516855,6.525423,6.534213,6.543232,6.552485,6.561980,6.571723,6.581723,6.591985,6.602519,6.613331,6.624430,6.635824,6.647522,6.659531,6.671862,6.684523,6.697523,6.710872,6.724579,6.738654,6.753108,6.767950,6.783192,6.798842,6.814912,6.831412
-13.8000,6.140593,6.188472,6.188965,6.189104,6.189206,6.189314,6.189436,6.189575,6.189734,6.189913,6.190113,6.190333,6.190574,6.190836,6.191120,6.191425,6.191751,6.192099,6.192469,6.192861,6.193275,6.193712,6.194171,6.194652,6.195157,6.195685,6.196235,6.196810,6.197408,6.198030,6.198676,6.199347,6.200043,6.200763,6.201509,6.202281,6.203078,6.203902,6.204752,6.205630,6.206534,6.207466,6.208427,6.209416,6.210433,6.211480,6.212557,6.213664,6.214802,6.215971,6.217172,6.218404,6.219670,6.220969,6.222301,6.223668,6.225070,6.226508,6.227982,6.229493,6.231042,6.232629,6.234255,6.235921,6.237627,6.239375,6.241165,6.242998,6.244875,6.246797,6.248764,6.250778,6.252840,6.254950,6.257110,6.259321,6.261583,6.263899,6.266268,6.268693,6.271175,6.273714,6.276312,6.278971,6.281692,6.284476,6.287325,6.290240,6.293223,6.296275,6.299398,6.302595,6.305866,6.309213,6.312639,6.316145,6.319734,6.323407,6.327166,6.331014,6.334952,6.338984,6.343112,6.347338,6.351664,6.356094,6.360630,6.365275,6.370032,6.374903,6.379892,6.385002,6.390237,6.395599,6.401092,6.406720,6.412487,6.418396,6.424451,6.430656,6.437017,6.443536,6.450218,6.457069,6.464093,6.471294,6.478678,6.486250,6.494016,6.501981,6.510151,6.518531,6.527128,6.535948,6.544998,6.554284,6.563813,6.573593,6.583629,6.593930,6.604504,6.615358,6.626501,6.637940,6.649685,6.661743,6.674124,6.686838,6.699892,6.713297,6.727063,6.741199,6.755715,6.770622,6.785930,6.801650,6.817791,6.834365,6.851383,6.868854,6.886790
-13.6000,6.142687,6.192405,6.192924,6.193069,6.193178,6.193292,6.193421,6.193569,6.193737,6.193926,6.194137,6.194371,6.194626,6.194904,6.195204,6.195527,6.195872,6.196241,6.196633,6.197048,6.197487,6.197949,6.198436,6.198946,6.199480,6.200039,6.200623,6.201232,6.201866,6.202525,6.203210,6.203921,6.204659,6.205422,6.206213,6.207032,6.207877,6.208751,6.209653,6.210584,6.211543,6.212532,6.213552,6.214601,6.215681,6.216793,6.217936,6.219111,6.220319,6.221561,6.222836,6.224146,6.225490,6.226871,6.228287,6.229740,6.231230,6.232759,6.234327,6.235934,6.237581,6.239270,6.241000,6.242773,6.244590,6.246451,6.248357,6.250309,6.252309,6.254356,6.256453,6.258600,6.260798,6.263048,6.265352,6.267710,6.270124,6.272595,6.275125,6.277714,6.280364,6.283076,6.285852,6.288693,6.291602,6.294578,6.297625,6.300743,6.303934,6.307201,6.310545,6.313967,6.317471,6.321057,6.324728,6.328487,6.332334,6.336273,6.340306,6.344435,6.348663,6.352992,6.357425,6.361965,6.366614,6.371376,6.376253,6.381249,6.386367,6.391610,6.396981,6.402484,6.408122,6.413900,6.419822,6.425890,6.432110,6.438485,6.445020,6.451719,6.458588,6.465630,6.472851,6.480257,6.487851,6.495640,6.503629,6.511824,6.520232,6.528857,6.537706,6.546787,6.556105,6.565668,6.575482,6.585555,6.595894,6.606508,6.617403,6.628589,6.640073,6.651864,6.663971,6.676402,6.689167,6.702276,6.715737,6.729560,6.743756,6.758335,6.773306,6.788681,6.804469,6.820681,6.837329,6.854422,6.871971,6.889988,6.908482,6.927465,6.946947
-13.4000,6.144884,6.196526,6.197071,6.197225,6.197340,6.197460,6.197597,6.197753,6.197932,6.198132,6.198356,6.198603,6.198873,6.199168,6.199486,6.199828,6.200194,6.200585,6.201000,6.201440,6.201905,6.202395,6.202911,6.203452,6.204018,6.204611,6.205230,6.205875,6.206547,6.207247,6.207973,6.208727,6.209510,6.210320,6.211159,6.212027,6.212925,6.213852,6.214809,6.215797,6.216816,6.217866,6.218948,6.220063,6.221210,6.222390,6.223605,6.224854,6.226138,6.227457,6.228812,6.230205,6.231634,6.233102,6.234608,6.236154,6.237739,6.239366,6.241034,6.242745,6.244499,6.246296,6.248139,6.250028,6.251963,6.253946,6.255977,6.258058,6.260190,6.262373,6.264609,6.266899,6.269244,6.271646,6.274105,6.276623,6.279200,6.281840,6.284542,6.287309,6.290141,6.293041,6.296009,6.299048,6.302160,6.305345,6.308606,6.311944,6.315362,6.318862,6.322444,6.326113,6.329869,6.333714,6.337652,6.341684,6.345814,6.350042,6.354373,6.358808,6.363351,6.368003,6.372769,6.377652,6.382653,6.387777,6.393027,6.398406,6.403917,6.409566,6.415354,6.421286,6.427367,6.433600,6.439989,6.446539,6.453254,6.460140,6.467200,6.474440,6.481865,6.489481,6.497292,6.505305,6.513525,6.521958,6.530611,6.539489,6.548600,6.557949,6.567545,6.577393,6.587502,6.597879,6.608532,6.619468,6.630696,6.642224,6.654061,6.666215,6.678696,6.691513,6.704675,6.718191,6.732072,6.746328,6.760968,6.776004,6.791444,6.807301,6.823584,6.840304,6.857472,6.875099,6.893196,6.911773,6.930840,6.950409,6.970488,6.991090,7.012222
-13.2000,6.147190,6.200845,6.201419,6.201581,6.201703,6.201830,6.201975,6.202141,6.202329,6.202542,6.202779,6.203041,6.203328,6.203640,6.203977,6.204340,6.204728,6.205142,6.205583,6.206049,6.206543,6.207062,6.207609,6.208183,6.208784,6.209412,6.210069,6.210754,6.211467,6.212209,6.212980,6.213780,6.214610,6.215471,6.216361,6.217283,6.218236,6.219221,6.220237,6.221286,6.222369,6.223485,6.224634,6.225819,6.227038,6.228293,6.229584,6.230912,6.232277,6.233680,6.235121,6.236602,6.238123,6.239685,6.241288,6.242933,6.244622,6.246354,6.248130,6.249952,6.251821,6.253736,6.255700,6.257713,6.259776,6.261890,6.264057,6.266277,6.268551,6.270881,6.273268,6.275713,6.278217,6.280782,6.283409,6.286099,6.288854,6.291676,6.294565,6.297524,6.300554,6.303657,6.306834,6.310087,6.313419,6.316831,6.320324,6.323902,6.327566,6.331318,6.335160,6.339095,6.343126,6.347254,6.351482,6.355812,6.360248,6.364792,6.369447,6.374216,6.379102,6.384108,6.389237,6.394493,6.399878,6.405398,6.411054,6.416852,6.422794,6.428886,6.435130,6.441532,6.448096,6.454827,6.461728,6.468805,6.476064,6.483508,6.491144,6.498977,6.507012,6.515256,6.523714,6.532393,6.541299,6.550439,6.559819,6.569447,6.579329,6.589473,6.599887,6.610577,6.621553,6.632823,6.644395,6.656277,6.668478,6.681008,6.693876,6.707090,6.720662,6.734600,6.748915,6.763616,6.778715,6.794221,6.810146,6.826499,6.843292,6.860535,6.878239,6.896415,6.915074,6.934225,6.953881,6.974049,6.994742,7.015967,7.037734,7.060052,7.082928
-13.0000,6.149613,6.205374,6.205978,6.206149,6.206278,6.206413,6.206566,6.206742,6.206942,6.207168,6.207419,6.207697,6.208001,6.208332,6.208690,6.209075,6.209487,6.209926,6.210393,6.210888,6.211412,6.211963,6.212543,6.213152,6.213790,6.214457,6.215154,6.215881,6.216638,6.217426,6.218245,6.219095,6.219977,6.220890,6.221837,6.222816,6.223828,6.224874,6.225955,6.227070,6.228220,6.229406,6.230629,6.231888,6.233185,6.234520,6.235893,6.237306,6.238758,6.240251,6.241786,6.243362,6.244982,6.246645,6.248352,6.250105,6.251903,6.253749,6.255642,6.257584,6.259576,6.261619,6.263713,6.265861,6.268062,6.270318,6.272631,6.275001,6.277429,6.279918,6.282467,6.285080,6.287756,6.290498,6.293306,6.296184,6.299131,6.302150,6.305242,6.308409,6.311654,6.314977,6.318380,6.321866,6.325437,6.329095,6.332841,6.336679,6.340610,6.344637,6.348762,6.352988,6.357317,6.361752,6.366296,6.370952,6.375722,6.380610,6.385619,6.390752,6.396012,6.401403,6.406929,6.412592,6.418398,6.424349,6.430451,6.436706,6.443120,6.449697,6.456441,6.463357,6.470450,6.477725,6.485188,6.492843,6.500696,6.508753,6.517020,6.525502,6.534207,6.543140,6.552308,6.561718,6.571376,6.581291,6.591470,6.601919,6.612647,6.623662,6.634973,6.646587,6.658514,6.670762,6.683340,6.696258,6.709525,6.723150,6.737145,6.751518,6.766281,6.781442,6.797014,6.813005,6.829428,6.846293,6.863611,6.881391,6.899647,6.918387,6.937622,6.957363,6.977621,6.998404,7.019722,7.041584,7.063999,7.086974,7.110516,7.134631,7.159325
-12.8000,6.152158,6.210125,6.210761,6.210941,6.211078,6.211221,6.211383,6.211570,6.211782,6.212022,6.212289,6.212583,6.212906,6.213257,6.213637,6.214045,6.214483,6.214949,6.215445,6.215971,6.216527,6.217112,6.217728,6.218375,6.219052,6.219761,6.220501,6.221273,6.222078,6.222915,6.223785,6.224688,6.225625,6.226596,6.227602,6.228643,6.229719,6.230832,6.231981,6.233167,6.234390,6.235652,6.236953,6.238293,6.239673,6.241093,6.242555,6.244059,6.245606,6.247196,6.248831,6.250510,6.252236,6.254008,6.255827,6.257696,6.259613,6.261581,6.263601,6.265673,6.267798,6.269978,6.272214,6.274506,6.276856,6.279266,6.281736,6.284269,6.286864,6.289524,6.292250,6.295044,6.297906,6.300840,6.303845,6.306925,6.310081,6.313313,6.316626,6.320019,6.323496,6.327059,6.330708,6.334447,6.338278,6.342203,6.346225,6.350345,6.354567,6.358893,6.363326,6.367868,6.372523,6.377293,6.382182,6.387192,6.392327,6.397591,6.402986,6.408516,6.414186,6.419998,6.425957,6.432067,6.438332,6.444756,6.451344,6.458100,6.465030,6.472138,6.479429,6.486908,6.494581,6.502454,6.510531,6.518820,6.527326,6.536055,6.545014,6.554209,6.563647,6.573336,6.583283,6.593494,6.603979,6.614744,6.625797,6.637148,6.648804,6.660774,6.673067,6.685693,6.698660,6.711979,6.725658,6.739709,6.754140,6.768962,6.784186,6.799822,6.815880,6.832372,6.849309,6.866700,6.884557,6.902891,6.921712,6.941031,6.960858,6.981203,7.002076,7.023487,7.045444,7.067955,7.091029,7.114671,7.138889,7.163687,7.189068,7.215034,7.241588
-12.6000,6.154834,6.215110,6.215780,6.215971,6.216115,6.216267,6.216439,6.216638,6.216863,6.217117,6.217401,6.217714,6.218057,6.218430,6.218833,6.219267,6.219731,6.220227,6.220754,6.221312,6.221902,6.222524,6.223179,6.223866,6.224586,6.225339,6.226126,6.226947,6.227802,6.228692,6.229617,6.230577,6.231574,6.232606,6.233676,6.234783,6.235929,6.237112,6.238335,6.239597,6.240899,6.242243,6.243627,6.245054,6.246524,6.248037,6.249594,6.251197,6.252845,6.254540,6.256282,6.258073,6.259913,6.261802,6.263743,6.265737,6.267783,6.269883,6.272039,6.274251,6.276520,6.278848,6.281237,6.283686,6.286198,6.288774,6.291415,6.294123,6.296899,6.299745,6.302662,6.305652,6.308717,6.311858,6.315077,6.318377,6.321758,6.325224,6.328775,6.332415,6.336144,6.339967,6.343884,6.347898,6.352012,6.356228,6.360549,6.364978,6.369517,6.374169,6.378937,6.383825,6.388835,6.393970,6.399235,6.404633,6.410166,6.415840,6.421657,6.427622,6.433739,6.440012,6.446445,6.453043,6.459811,6.466752,6.473874,6.481179,6.488674,6.496364,6.504255,6.512351,6.520661,6.529188,6.537940,6.546924,6.556145,6.565612,6.575330,6.585307,6.595551,6.606069,6.616869,6.627960,6.639350,6.651047,6.663060,6.675398,6.688070,6.701086,6.714455,6.728188,6.742293,6.756781,6.771662,6.786948,6.802647,6.818772,6.835333,6.852340,6.869804,6.887737,6.906149,6.925050,6.944452,6.964364,6.984797,7.005760,7.027263,7.049314,7.071921,7.095093,7.118836,7.143155,7.168056,7.193541,7.219613,7.246273,7.273519,7.301348,7.329755
-12.4000,6.157648,6.220345,6.221050,6.221252,6.221405,6.221566,6.221749,6.221959,6.222199,6.222469,6.222770,6.223103,6.223467,6.223863,6.224292,6.224753,6.225247,6.225774,6.226334,6.226927,6.227555,6.228216,6.228912,6.229642,6.230408,6.231209,6.232046,6.232919,6.233829,6.234775,6.235759,6.236781,6.237842,6.238941,6.240080,6.241258,6.242477,6.243738,6.245040,6.246384,6.247771,6.249202,6.250677,6.252198,6.253764,6.255377,6.257037,6.258746,6.260504,6.262311,6.264170,6.266080,6.268043,6.270061,6.272133,6.274261,6.276446,6.278689,6.280992,6.283355,6.285781,6.288270,6.290823,6.293442,6.296129,6.298885,6.301711,6.304609,6.307581,6.310628,6.313753,6.316956,6.320240,6.323607,6.327059,6.330597,6.334224,6.337942,6.341754,6.345661,6.349666,6.353771,6.357979,6.362293,6.366715,6.371249,6.375896,6.380661,6.385546,6.390553,6.395688,6.400952,6.406350,6.411886,6.417562,6.423382,6.429352,6.435474,6.441753,6.448193,6.454800,6.461577,6.468530,6.475663,6.482981,6.490490,6.498195,6.506103,6.514217,6.522546,6.531094,6.539868,6.548875,6.558121,6.567614,6.577360,6.587367,6.597641,6.608192,6.619027,6.630155,6.641582,6.653319,6.665374,6.677756,6.690474,6.703537,6.716956,6.730740,6.744899,6.759444,6.774384,6.789730,6.805492,6.821682,6.838311,6.855388,6.872925,6.890933,6.909422,6.928403,6.947887,6.967884,6.988404,7.009456,7.031050,7.053195,7.075898,7.099168,7.123010,7.147430,7.172433,7.198022,7.224199,7.250964,7.278316,7.306251,7.334764,7.363846,7.393488,7.423675
-12.2000,6.160610,6.225843,6.226586,6.226799,6.226961,6.227132,6.227327,6.227551,6.227805,6.228093,6.228413,6.228766,6.229153,6.229575,6.230031,6.230521,6.231046,6.231606,6.232202,6.232833,6.233501,6.234204,6.234945,6.235722,6.236537,6.237389,6.238280,6.239209,6.240177,6.241185,6.242233,6.243321,6.244450,6.245621,6.246834,6.248089,6.249388,6.250731,6.252118,6.253551,6.255030,6.256555,6.258129,6.259750,6.261420,6.263141,6.264912,6.266735,6.268611,6.270541,6.272525,6.274565,6.276661,6.278816,6.281030,6.283304,6.285639,6.288037,6.290499,6.293027,6.295621,6.298284,6.301016,6.303820,6.306696,6.309647,6.312674,6.315778,6.318963,6.322229,6.325579,6.329014,6.332536,6.336148,6.339852,6.343650,6.347545,6.351538,6.355632,6.359830,6.364135,6.368549,6.373074,6.377715,6.382474,6.387353,6.392357,6.397488,6.402750,6.408147,6.413682,6.419358,6.425180,6.431152,6.437278,6.443561,6.450008,6.456621,6.463406,6.470367,6.477510,6.484840,6.492362,6.500081,6.508003,6.516134,6.524481,6.533048,6.541843,6.550872,6.560141,6.569659,6.579431,6.589466,6.599771,6.610353,6.621221,6.632384,6.643848,6.655624,6.667719,6.680143,6.692906,6.706016,6.719484,6.733319,6.747531,6.762130,6.777128,6.792534,6.808358,6.824613,6.841308,6.858455,6.876064,6.894145,6.912711,6.931772,6.951337,6.971418,6.992024,7.013164,7.034849,7.057087,7.079886,7.103252,7.127193,7.151714,7.176819,7.202511,7.228792,7.255662,7.283119,7.311159,7.339776,7.368963,7.398707,7.428995,7.459809,7.491130,7.522934
-12.0000,6.163729,6.231620,6.232403,6.232629,6.232801,6.232982,6.233189,6.233427,6.233698,6.234004,6.234344,6.234720,6.235132,6.235581,6.236066,6.236588,6.237146,6.237743,6.238377,6.239049,6.239759,6.240508,6.241296,6.242124,6.242992,6.243899,6.244848,6.245838,6.246869,6.247943,6.249059,6.250218,6.251422,6.252669,6.253962,6.255301,6.256685,6.258117,6.259597,6.261125,6.262703,6.264330,6.266009,6.267739,6.269522,6.271359,6.273250,6.275197,6.277201,6.279262,6.281382,6.283562,6.285803,6.288106,6.290473,6.292905,6.295403,6.297969,6.300604,6.303309,6.306087,6.308938,6.311864,6.314867,6.317949,6.321112,6.324357,6.327686,6.331102,6.334605,6.338200,6.341887,6.345668,6.349547,6.353526,6.357607,6.361792,6.366085,6.370488,6.375003,6.379635,6.384385,6.389257,6.394254,6.399380,6.404638,6.410031,6.415563,6.421238,6.427059,6.433031,6.439159,6.445445,6.451895,6.458513,6.465304,6.472272,6.479424,6.486763,6.494295,6.502026,6.509962,6.518108,6.526470,6.535055,6.543869,6.552918,6.562210,6.571751,6.581548,6.591610,6.601943,6.612555,6.623455,6.634651,6.646151,6.657964,6.670099,6.682564,6.695370,6.708526,6.722041,6.735926,6.750190,6.764843,6.779897,6.795362,6.811248,6.827566,6.844327,6.861542,6.879222,6.897377,6.916018,6.935157,6.954803,6.974967,6.995658,7.016887,7.038662,7.060992,7.083885,7.107348,7.131387,7.156008,7.181214,7.207008,7.233393,7.260367,7.287928,7.316073,7.344794,7.374083,7.403929,7.434316,7.465228,7.496642,7.528535,7.560877,7.593636,7.626773
-11.8000,6.167015,6.237694,6.238519,6.238758,6.238940,6.239133,6.239353,6.239607,6.239895,6.240220,6.240583,6.240983,6.241422,6.241900,6.242416,6.242971,6.243567,6.244202,6.244877,6.245593,6.246350,6.247148,6.247987,6.248869,6.249794,6.250761,6.251772,6.252827,6.253926,6.255071,6.256261,6.257497,6.258781,6.260111,6.261490,6.262918,6.264396,6.265924,6.267503,6.269134,6.270818,6.272556,6.274349,6.276197,6.278102,6.280064,6.282085,6.284166,6.286307,6.288511,6.290778,6.293110,6.295507,6.297972,6.300505,6.303108,6.305782,6.308530,6.311352,6.314250,6.317226,6.320282,6.323419,6.326639,6.329945,6.333337,6.336819,6.340393,6.344059,6.347822,6.351683,6.355644,6.359708,6.363878,6.368156,6.372545,6.377047,6.381667,6.386406,6.391268,6.396257,6.401374,6.406625,6.412012,6.417539,6.423209,6.429028,6.434998,6.441125,6.447411,6.453863,6.460484,6.467278,6.474252,6.481409,6.488756,6.496297,6.504039,6.511986,6.520145,6.528521,6.537121,6.545952,6.555020,6.564332,6.573895,6.583716,6.593802,6.604162,6.614803,6.625734,6.636962,6.648496,6.660344,6.672517,6.685022,6.697870,6.711070,6.724631,6.738564,6.752879,6.767586,6.782695,6.798217,6.814163,6.830543,6.847369,6.864652,6.882401,6.900629,6.919345,6.938561,6.958287,6.978533,6.999309,7.020625,7.042489,7.064911,7.087897,7.111455,7.135592,7.160311,7.185618,7.211515,7.238002,7.265079,7.292744,7.320992,7.349816,7.379207,7.409153,7.439639,7.470646,7.502153,7.534135,7.566560,7.599396,7.632605,7.666142,7.699961,7.734007
-11.6000,6.170479,6.244082,6.244952,6.245204,6.245398,6.245604,6.245838,6.246108,6.246415,6.246761,6.247148,6.247574,6.248042,6.248550,6.249101,6.249693,6.250327,6.251004,6.251724,6.252487,6.253293,6.254144,6.255039,6.255980,6.256965,6.257997,6.259075,6.260200,6.261373,6.262594,6.263864,6.265184,6.266553,6.267974,6.269446,6.270970,6.272548,6.274180,6.275867,6.277609,6.279409,6.281266,6.283181,6.285157,6.287193,6.289292,6.291453,6.293679,6.295970,6.298328,6.300755,6.303251,6.305817,6.308457,6.311170,6.313959,6.316825,6.319769,6.322795,6.325902,6.329094,6.332372,6.335738,6.339195,6.342743,6.346386,6.350126,6.353965,6.357906,6.361950,6.366101,6.370361,6.374733,6.379220,6.383824,6.388550,6.393399,6.398375,6.403482,6.408722,6.414101,6.419620,6.425284,6.431097,6.437063,6.443186,6.449471,6.455921,6.462542,6.469338,6.476315,6.483476,6.490828,6.498376,6.506125,6.514082,6.522251,6.530640,6.539254,6.548100,6.557185,6.566515,6.576097,6.585940,6.596050,6.606434,6.617102,6.628061,6.639319,6.650886,6.662769,6.674978,6.687522,6.700410,6.713652,6.727258,6.741238,6.755602,6.770360,6.785524,6.801102,6.817107,6.833548,6.850438,6.867786,6.885605,6.903903,6.922693,6.941985,6.961790,6.982117,7.002977,7.024379,7.046332,7.068844,7.091923,7.115576,7.139809,7.164627,7.190033,7.216030,7.242619,7.269798,7.297566,7.325917,7.354843,7.384335,7.414381,7.444964,7.476066,7.507664,7.539732,7.572240,7.605152,7.638430,7.672030,7.705901,7.739991,7.774238,7.808578,7.842940
-11.4000,6.174133,6.250804,6.251721,6.251988,6.252194,6.252413,6.252663,6.252950,6.253278,6.253647,6.254059,6.254514,6.255012,6.255555,6.256141,6.256773,6.257449,6.258171,6.258939,6.259753,6.260613,6.261521,6.262476,6.263479,6.264531,6.265632,6.266783,6.267984,6.269236,6.270540,6.271896,6.273305,6.274768,6.276285,6.277858,6.279487,6.281173,6.282917,6.284721,6.286584,6.288508,6.290494,6.292543,6.294656,6.296835,6.299081,6.301395,6.303777,6.306231,6.308757,6.311356,6.314030,6.316781,6.319610,6.322518,6.325509,6.328583,6.331742,6.334988,6.338324,6.341750,6.345270,6.348886,6.352599,6.356412,6.360328,6.364349,6.368477,6.372716,6.377067,6.381535,6.386121,6.390829,6.395662,6.400623,6.405716,6.410944,6.416310,6.421819,6.427473,6.433278,6.439237,6.445354,6.451633,6.458080,6.464699,6.471494,6.478470,6.485633,6.492988,6.500540,6.508295,6.516258,6.524436,6.532834,6.541460,6.550319,6.559418,6.568764,6.578365,6.588227,6.598358,6.608766,6.619458,6.630444,6.641731,6.653327,6.665243,6.677486,6.690067,6.702994,6.716277,6.729926,6.743952,6.758363,6.773172,6.788387,6.804020,6.820082,6.836584,6.853536,6.870949,6.888834,6.907203,6.926066,6.945433,6.965315,6.985722,7.006665,7.028151,7.050191,7.072793,7.095964,7.119710,7.144039,7.168954,7.194459,7.220556,7.247245,7.274526,7.302396,7.330848,7.359875,7.389467,7.419611,7.450290,7.481486,7.513174,7.545328,7.577916,7.610903,7.644249,7.677908,7.711831,7.745961,7.780239,7.814597,7.848964,7.883261,7.917406,7.951309
-11.2000,6.177989,6.257880,6.258848,6.259131,6.259350,6.259583,6.259849,6.260156,6.260505,6.260899,6.261338,6.261824,6.262356,6.262934,6.263560,6.264234,6.264956,6.265727,6.266546,6.267415,6.268334,6.269303,6.270323,6.271394,6.272518,6.273694,6.274923,6.276206,6.277544,6.278937,6.280386,6.281892,6.283456,6.285078,6.286760,6.288502,6.290305,6.292171,6.294100,6.296093,6.298153,6.300278,6.302472,6.304735,6.307069,6.309474,6.311953,6.314506,6.317136,6.319843,6.322630,6.325498,6.328448,6.331483,6.334605,6.337815,6.341115,6.344507,6.347994,6.351577,6.355259,6.359043,6.362930,6.366923,6.371025,6.375238,6.379565,6.384009,6.388574,6.393261,6.398074,6.403016,6.408091,6.413303,6.418654,6.424148,6.429790,6.435583,6.441531,6.447639,6.453911,6.460351,6.466964,6.473755,6.480729,6.487891,6.495245,6.502799,6.510556,6.518524,6.526708,6.535114,6.543748,6.552617,6.561729,6.571089,6.580705,6.590584,6.600734,6.611162,6.621878,6.632888,6.644201,6.655826,6.667772,6.680048,6.692664,6.705627,6.718950,6.732640,6.746709,6.761167,6.776023,6.791289,6.806976,6.823094,6.839653,6.856666,6.874142,6.892094,6.910531,6.929465,6.948905,6.968864,6.989350,7.010374,7.031944,7.054070,7.076760,7.100021,7.123861,7.148283,7.173295,7.198897,7.225093,7.251882,7.279263,7.307233,7.335786,7.364913,7.394604,7.424845,7.455619,7.486907,7.518683,7.550921,7.583588,7.616648,7.650060,7.683778,7.717749,7.751919,7.786224,7.820598,7.854967,7.889251,7.923368,7.957226,7.990730,8.023781,8.056273
-11.0000,6.182062,6.265334,6.266355,6.266655,6.266888,6.267136,6.267420,6.267747,6.268120,6.268541,6.269010,6.269528,6.270096,6.270714,6.271383,6.272102,6.272873,6.273696,6.274572,6.275500,6.276482,6.277517,6.278607,6.279752,6.280953,6.282210,6.283524,6.284896,6.286326,6.287816,6.289366,6.290977,6.292650,6.294386,6.296186,6.298050,6.299980,6.301978,6.304043,6.306178,6.308384,6.310662,6.313012,6.315438,6.317939,6.320518,6.323176,6.325914,6.328735,6.331640,6.334631,6.337709,6.340877,6.344136,6.347489,6.350938,6.354484,6.358130,6.361879,6.365732,6.369693,6.373764,6.377947,6.382246,6.386662,6.391200,6.395862,6.400651,6.405571,6.410625,6.415816,6.421148,6.426625,6.432250,6.438028,6.443962,6.450057,6.456317,6.462747,6.469352,6.476136,6.483103,6.490260,6.497612,6.505164,6.512921,6.520891,6.529077,6.537487,6.546128,6.555005,6.564126,6.573497,6.583125,6.593019,6.603186,6.613633,6.624368,6.635400,6.646738,6.658389,6.670363,6.682670,6.695317,6.708316,6.721675,6.735405,6.749515,6.764017,6.778920,6.794235,6.809973,6.826144,6.842761,6.859832,6.877370,6.895386,6.913890,6.932893,6.952406,6.972440,6.993003,7.014106,7.035759,7.057970,7.080747,7.104098,7.128028,7.152544,7.177650,7.203349,7.229642,7.256530,7.284010,7.312079,7.340731,7.369957,7.399745,7.430082,7.460950,7.492328,7.524192,7.556512,7.589257,7.622388,7.655864,7.689637,7.723656,7.757863,7.792194,7.826580,7.860948,7.895218,7.929302,7.963112,7.996549,8.029514,8.061899,8.093596,8.124491,8.154469
-10.8000,6.186366,6.273189,6.274266,6.274584,6.274832,6.275097,6.275400,6.275749,6.276148,6.276597,6.277098,6.277652,6.278259,6.278920,6.279634,6.280403,6.281228,6.282107,6.283043,6.284036,6.285085,6.286193,6.287358,6.288583,6.289868,6.291212,6.292618,6.294086,6.295617,6.297212,6.298871,6.300596,6.302387,6.304246,6.306173,6.308171,6.310239,6.312379,6.314593,6.316882,6.319246,6.321688,6.324209,6.326811,6.329495,6.332262,6.335115,6.338055,6.341084,6.344203,6.347416,6.350724,6.354128,6.357632,6.361237,6.364945,6.368760,6.372683,6.376718,6.380866,6.385131,6.389515,6.394022,6.398654,6.403415,6.408307,6.413335,6.418501,6.423810,6.429265,6.434869,6.440628,6.446544,6.452622,6.458868,6.465284,6.471876,6.478649,6.485607,6.492756,6.500101,6.507648,6.515402,6.523369,6.531555,6.539967,6.548610,6.557492,6.566619,6.575998,6.585637,6.595543,6.605723,6.616185,6.626938,6.637990,6.649349,6.661024,6.673024,6.685358,6.698036,6.711066,6.724460,6.738227,6.752377,6.766920,6.781867,6.797229,6.813016,6.829240,6.845910,6.863039,6.880637,6.898715,6.917284,6.936355,6.955939,6.976045,6.996684,7.017866,7.039600,7.061894,7.084756,7.108194,7.132215,7.156823,7.182022,7.207816,7.234205,7.261190,7.288768,7.316935,7.345685,7.375008,7.404892,7.435323,7.466283,7.497751,7.529700,7.562101,7.594921,7.628122,7.661660,7.695488,7.729551,7.763792,7.798146,7.832543,7.866908,7.901159,7.935209,7.968967,8.002334,8.035208,8.067483,8.099048,8.129790,8.159590,8.188333,8.215897,8.242165
-10.6000,6.190918,6.281470,6.282607,6.282944,6.283209,6.283491,6.283816,6.284189,6.284615,6.285095,6.285631,6.286223,6.286873,6.287579,6.288343,6.289166,6.290048,6.290989,6.291991,6.293053,6.294176,6.295361,6.296609,6.297920,6.299295,6.300735,6.302241,6.303813,6.305452,6.307161,6.308938,6.310786,6.312706,6.314698,6.316765,6.318906,6.321124,6.323419,6.325794,6.328250,6.330787,6.333408,6.336115,6.338908,6.341790,6.344762,6.347827,6.350986,6.354242,6.357596,6.361050,6.364607,6.368270,6.372040,6.375920,6.379912,6.384020,6.388245,6.392592,6.397062,6.401659,6.406386,6.411246,6.416243,6.421380,6.426660,6.432088,6.437667,6.443402,6.449296,6.455354,6.461579,6.467977,6.474553,6.481310,6.488255,6.495392,6.502727,6.510265,6.518012,6.525973,6.534156,6.542565,6.551208,6.560091,6.569221,6.578605,6.588250,6.598164,6.608355,6.618830,6.629597,6.640665,6.652043,6.663739,6.675761,6.688121,6.700826,6.713886,6.727312,6.741113,6.755300,6.769883,6.784872,6.800278,6.816112,6.832385,6.849108,6.866292,6.883947,6.902086,6.920718,6.939855,6.959507,6.979684,7.000397,7.021656,7.043468,7.065844,7.088790,7.112315,7.136423,7.161121,7.186412,7.212299,7.238783,7.265864,7.293538,7.321802,7.350648,7.380066,7.410046,7.440570,7.471620,7.503175,7.535207,7.567688,7.600582,7.633850,7.667448,7.701328,7.735434,7.769707,7.804081,7.838486,7.872845,7.907074,7.941087,7.974789,8.008082,8.040863,8.073024,8.104453,8.135037,8.164656,8.193194,8.220530,8.246547,8.271125,8.294152,8.315515
-10.4000,6.195735,6.290206,6.291407,6.291764,6.292046,6.292348,6.292695,6.293094,6.293550,6.294064,6.294638,6.295272,6.295966,6.296723,6.297541,6.298422,6.299366,6.300374,6.301446,6.302584,6.303787,6.305056,6.306393,6.307798,6.309271,6.310814,6.312428,6.314113,6.315871,6.317702,6.319609,6.321591,6.323650,6.325787,6.328004,6.330302,6.332683,6.335147,6.337697,6.340334,6.343059,6.345875,6.348783,6.351785,6.354883,6.358079,6.361375,6.364773,6.368276,6.371885,6.375603,6.379433,6.383377,6.387437,6.391617,6.395920,6.400347,6.404903,6.409591,6.414413,6.419373,6.424475,6.429722,6.435118,6.440667,6.446372,6.452239,6.458270,6.464471,6.470847,6.477401,6.484139,6.491066,6.498186,6.505506,6.513031,6.520766,6.528718,6.536893,6.545296,6.553934,6.562815,6.571944,6.581329,6.590977,6.600896,6.611094,6.621578,6.632356,6.643438,6.654830,6.666544,6.678586,6.690968,6.703697,6.716784,6.730239,6.744072,6.758292,6.772912,6.787940,6.803388,6.819266,6.835587,6.852359,6.869596,6.887306,6.905503,6.924196,6.943397,6.963115,6.983362,7.004146,7.025479,7.047369,7.069824,7.092852,7.116461,7.140656,7.165442,7.190823,7.216802,7.243379,7.270554,7.298323,7.326681,7.355622,7.385134,7.415206,7.445822,7.476961,7.508601,7.540716,7.573274,7.606239,7.639573,7.673229,7.707158,7.741304,7.775607,7.809999,7.844409,7.878758,7.912963,7.946935,7.980578,8.013794,8.046478,8.078521,8.109810,8.140231,8.169666,8.197995,8.225099,8.250859,8.275158,8.297882,8.318920,8.338167,8.355526,8.370906
-10.2000,6.200836,6.299427,6.300695,6.301074,6.301375,6.301698,6.302069,6.302496,6.302984,6.303535,6.304149,6.304828,6.305573,6.306383,6.307260,6.308204,6.309216,6.310296,6.311445,6.312664,6.313954,6.315315,6.316748,6.318254,6.319835,6.321490,6.323221,6.325029,6.326915,6.328881,6.330926,6.333054,6.335265,6.337560,6.339941,6.342410,6.344967,6.347615,6.350356,6.353190,6.356120,6.359149,6.362276,6.365506,6.368839,6.372279,6.375827,6.379486,6.383258,6.387146,6.391152,6.395279,6.399530,6.403909,6.408417,6.413058,6.417836,6.422753,6.427814,6.433021,6.438379,6.443891,6.449562,6.455395,6.461395,6.467567,6.473914,6.480442,6.487155,6.494058,6.501158,6.508458,6.515965,6.523684,6.531621,6.539783,6.548176,6.556805,6.565679,6.574803,6.584185,6.593832,6.603752,6.613953,6.624442,6.635228,6.646318,6.657723,6.669450,6.681509,6.693909,6.706659,6.719770,6.733250,6.747111,6.761363,6.776016,6.791080,6.806567,6.822487,6.838851,6.855671,6.872957,6.890721,6.908973,6.927724,6.946986,6.966768,6.987081,7.007936,7.029340,7.051305,7.073837,7.096946,7.120637,7.144916,7.169789,7.195258,7.221327,7.247995,7.275261,7.303123,7.331575,7.360608,7.390213,7.420376,7.451080,7.482306,7.514030,7.546225,7.578858,7.611893,7.645290,7.679002,7.712979,7.747162,7.781492,7.815899,7.850311,7.884648,7.918825,7.952753,7.986334,8.019469,8.052052,8.083972,8.115118,8.145373,8.174618,8.202734,8.229601,8.255100,8.279116,8.301532,8.322241,8.341138,8.358126,8.373116,8.386028,8.396792,8.405349
-10.0000,6.206242,6.309165,6.310503,6.310906,6.311227,6.311573,6.311970,6.312428,6.312951,6.313542,6.314200,6.314928,6.315726,6.316595,6.317535,6.318548,6.319633,6.320792,6.322025,6.323333,6.324716,6.326177,6.327715,6.329332,6.331028,6.332805,6.334664,6.336605,6.338631,6.340742,6.342940,6.345226,6.347602,6.350069,6.352629,6.355283,6.358034,6.360882,6.363830,6.366880,6.370033,6.373293,6.376660,6.380138,6.383729,6.387434,6.391258,6.395201,6.399268,6.403460,6.407781,6.412234,6.416821,6.421547,6.426414,6.431427,6.436587,6.441901,6.447370,6.452999,6.458793,6.464755,6.470891,6.477204,6.483699,6.490382,6.497256,6.504328,6.511604,6.519087,6.526785,6.534703,6.542847,6.551223,6.559839,6.568701,6.577815,6.587190,6.596831,6.606748,6.616947,6.627437,6.638226,6.649322,6.660734,6.672471,6.684542,6.696956,6.709724,6.722854,6.736357,6.750242,6.764521,6.779204,6.794301,6.809823,6.825782,6.842187,6.859051,6.876384,6.894197,6.912501,6.931308,6.950628,6.970472,6.990849,7.011770,7.033245,7.055282,7.077889,7.101075,7.124846,7.149207,7.174164,7.199720,7.225876,7.252633,7.279990,7.307942,7.336484,7.365609,7.395304,7.425556,7.456347,7.487658,7.519464,7.551736,7.584442,7.617545,7.651003,7.684768,7.718789,7.753008,7.787362,7.821782,7.856192,7.890514,7.924660,7.958540,7.992056,8.025106,8.057583,8.089378,8.120376,8.150460,8.179511,8.207410,8.234036,8.259271,8.282997,8.305103,8.325478,8.344020,8.360633,8.375230,8.387732,8.398072,8.406192,8.412049,8.415609,8.416855
-9.8000,6.211975,6.319453,6.320867,6.321295,6.321638,6.322008,6.322434,6.322925,6.323487,6.324120,6.324827,6.325608,6.326464,6.327397,6.328406,6.329493,6.330658,6.331902,6.333226,6.334631,6.336117,6.337685,6.339338,6.341074,6.342897,6.344806,6.346804,6.348891,6.351069,6.353339,6.355703,6.358161,6.360717,6.363371,6.366126,6.368983,6.371943,6.375010,6.378185,6.381470,6.384867,6.388379,6.392009,6.395758,6.399629,6.403626,6.407750,6.412005,6.416393,6.420919,6.425584,6.430393,6.435349,6.440455,6.445716,6.451135,6.456715,6.462462,6.468380,6.474472,6.480744,6.487200,6.493846,6.500685,6.507724,6.514967,6.522422,6.530092,6.537984,6.546105,6.554460,6.563057,6.571901,6.581000,6.590362,6.599993,6.609901,6.620093,6.630579,6.641366,6.652462,6.663877,6.675620,6.687698,6.700123,6.712903,6.726049,6.739570,6.753476,6.767779,6.782488,6.797614,6.813168,6.829161,6.845604,6.862508,6.879884,6.897743,6.916097,6.934956,6.954331,6.974233,6.994671,7.015657,7.037198,7.059304,7.081984,7.105245,7.129093,7.153534,7.178572,7.204211,7.230453,7.257297,7.284741,7.312782,7.341413,7.370626,7.400409,7.430747,7.461624,7.493017,7.524903,7.557250,7.590027,7.623195,7.656711,7.690527,7.724590,7.758842,7.793217,7.827646,7.862053,7.896356,7.930468,7.964296,7.997742,8.030704,8.063073,8.094737,8.125583,8.155492,8.184345,8.212022,8.238402,8.263368,8.286802,8.308592,8.328629,8.346813,8.363048,8.377248,8.389338,8.399250,8.406931,8.412338,8.415443,8.416228,8.414691,8.410843,8.404706
-9.6000,6.218061,6.330330,6.331824,6.332279,6.332645,6.333042,6.333499,6.334027,6.334629,6.335309,6.336069,6.336908,6.337828,6.338829,6.339914,6.341082,6.342333,6.343670,6.345093,6.346603,6.348200,6.349887,6.351663,6.353531,6.355491,6.357545,6.359694,6.361940,6.364283,6.366726,6.369271,6.371918,6.374670,6.377529,6.380496,6.383573,6.386764,6.390069,6.393491,6.397033,6.400697,6.404485,6.408401,6.412447,6.416625,6.420940,6.425394,6.429989,6.434731,6.439621,6.444664,6.449864,6.455223,6.460747,6.466439,6.472303,6.478345,6.484568,6.490977,6.497577,6.504374,6.511372,6.518578,6.525995,6.533631,6.541492,6.549582,6.557910,6.566481,6.575302,6.584380,6.593722,6.603337,6.613230,6.623411,6.633887,6.644667,6.655758,6.667171,6.678914,6.690995,6.703425,6.716214,6.729370,6.742904,6.756827,6.771148,6.785879,6.801029,6.816611,6.832635,6.849111,6.866051,6.883467,6.901369,6.919769,6.938676,6.958103,6.978059,6.998556,7.019602,7.041206,7.063379,7.086128,7.109461,7.133383,7.157901,7.183018,7.208738,7.235062,7.261990,7.289519,7.317646,7.346363,7.375662,7.405530,7.435953,7.466913,7.498386,7.530348,7.562769,7.595614,7.628844,7.662416,7.696280,7.730383,7.764664,7.799057,7.833492,7.867892,7.902173,7.936247,7.970021,8.003394,8.036263,8.068519,8.100049,8.130738,8.160468,8.189119,8.216569,8.242700,8.267392,8.290529,8.311999,8.331694,8.349515,8.365368,8.379169,8.390842,8.400325,8.407564,8.412521,8.415167,8.415491,8.413491,8.409181,8.402587,8.393749,8.382718,8.369559
-9.4000,6.224525,6.341836,6.343414,6.343898,6.344290,6.344716,6.345207,6.345774,6.346421,6.347152,6.347968,6.348870,6.349860,6.350937,6.352103,6.353359,6.354705,6.356143,6.357674,6.359298,6.361017,6.362832,6.364744,6.366755,6.368865,6.371077,6.373391,6.375809,6.378334,6.380966,6.383707,6.386560,6.389527,6.392608,6.395808,6.399127,6.402568,6.406134,6.409828,6.413650,6.417606,6.421697,6.425926,6.430296,6.434812,6.439475,6.444289,6.449259,6.454387,6.459677,6.465134,6.470762,6.476564,6.482545,6.488711,6.495065,6.501612,6.508358,6.515308,6.522466,6.529840,6.537434,6.545255,6.553308,6.561600,6.570139,6.578929,6.587979,6.597296,6.606887,6.616760,6.626922,6.637383,6.648149,6.659230,6.670635,6.682372,6.694450,6.706880,6.719671,6.732833,6.746375,6.760309,6.774644,6.789392,6.804562,6.820167,6.836216,6.852721,6.869694,6.887145,6.905085,6.923526,6.942478,6.961953,6.981960,7.002510,7.023613,7.045278,7.067513,7.090328,7.113729,7.137722,7.162313,7.187507,7.213304,7.239708,7.266717,7.294328,7.322538,7.351338,7.380721,7.410672,7.441176,7.472216,7.503766,7.535803,7.568294,7.601204,7.634494,7.668119,7.702029,7.736167,7.770475,7.804884,7.839322,7.873710,7.907966,7.941999,7.975714,8.009010,8.041782,8.073921,8.105313,8.135842,8.165388,8.193831,8.221051,8.246928,8.271341,8.294177,8.315322,8.334672,8.352127,8.367594,8.380991,8.392245,8.401295,8.408091,8.412594,8.414782,8.414643,8.412179,8.407407,8.400357,8.391069,8.379599,8.366011,8.350383,8.332800,8.313356
-9.2000,6.231397,6.354014,6.355681,6.356197,6.356616,6.357074,6.357601,6.358211,6.358908,6.359694,6.360572,6.361543,6.362608,6.363767,6.365022,6.366374,6.367824,6.369373,6.371021,6.372770,6.374622,6.376577,6.378637,6.380803,6.383077,6.385461,6.387955,6.390563,6.393285,6.396124,6.399081,6.402159,6.405359,6.408685,6.412139,6.415722,6.419438,6.423290,6.427280,6.431410,6.435685,6.440107,6.444680,6.449407,6.454291,6.459336,6.464546,6.469926,6.475478,6.481208,6.487119,6.493217,6.499505,6.505990,6.512675,6.519567,6.526670,6.533990,6.541534,6.549306,6.557314,6.565563,6.574061,6.582813,6.591827,6.601111,6.610671,6.620516,6.630653,6.641090,6.651837,6.662900,6.674290,6.686015,6.698084,6.710508,6.723295,6.736456,6.750001,6.763940,6.778283,6.793042,6.808227,6.823849,6.839919,6.856448,6.873448,6.890929,6.908903,6.927381,6.946373,6.965891,6.985944,7.006544,7.027700,7.049420,7.071715,7.094591,7.118057,7.142118,7.166779,7.192044,7.217916,7.244396,7.271482,7.299173,7.327462,7.356343,7.385806,7.415836,7.446420,7.477536,7.509161,7.541268,7.573827,7.606800,7.640146,7.673821,7.707773,7.741945,7.776275,7.810696,7.845134,7.879508,7.913735,7.947723,7.981375,8.014590,8.047262,8.079280,8.110529,8.140892,8.170250,8.198483,8.225467,8.251084,8.275215,8.297745,8.318562,8.337562,8.354646,8.369724,8.382714,8.393546,8.402161,8.408510,8.412559,8.414287,8.413684,8.410756,8.405523,8.398016,8.388280,8.376371,8.362358,8.346319,8.328342,8.308523,8.286965,8.263776,8.239069
-9.0000,6.238710,6.366911,6.368673,6.369221,6.369672,6.370163,6.370731,6.371387,6.372137,6.372984,6.373930,6.374976,6.376123,6.377372,6.378725,6.380182,6.381744,6.383413,6.385190,6.387076,6.389072,6.391180,6.393402,6.395739,6.398192,6.400764,6.403456,6.406270,6.409208,6.412273,6.415466,6.418790,6.422247,6.425840,6.429572,6.433445,6.437463,6.441627,6.445942,6.450410,6.455035,6.459820,6.464770,6.469887,6.475176,6.480641,6.486286,6.492115,6.498134,6.504346,6.510756,6.517371,6.524194,6.531231,6.538488,6.545971,6.553686,6.561638,6.569835,6.578282,6.586987,6.595957,6.605199,6.614720,6.624528,6.634632,6.645038,6.655757,6.666795,6.678162,6.689868,6.701921,6.714331,6.727108,6.740262,6.753802,6.767740,6.782085,6.796849,6.812042,6.827676,6.843761,6.860308,6.877329,6.894835,6.912837,6.931346,6.950373,6.969929,6.990024,7.010669,7.031872,7.053644,7.075993,7.098927,7.122453,7.146577,7.171304,7.196637,7.222580,7.249132,7.276292,7.304058,7.332424,7.361382,7.390921,7.421028,7.451687,7.482876,7.514573,7.546748,7.579370,7.612403,7.645803,7.679524,7.713515,7.747716,7.782067,7.816496,7.850929,7.885286,7.919480,7.953419,7.987005,8.020135,8.052702,8.084594,8.115696,8.145890,8.175055,8.203071,8.229816,8.255170,8.279013,8.301233,8.321717,8.340363,8.357073,8.371757,8.384337,8.394744,8.402921,8.408822,8.412414,8.413680,8.412613,8.409221,8.403527,8.395564,8.385380,8.373035,8.358599,8.342152,8.323785,8.303594,8.281684,8.258166,8.233153,8.206762,8.179112,8.150324
-8.8000,6.246498,6.380577,6.382439,6.383024,6.383507,6.384035,6.384647,6.385354,6.386163,6.387076,6.388096,6.389223,6.390460,6.391808,6.393267,6.394838,6.396524,6.398325,6.400242,6.402278,6.404432,6.406708,6.409107,6.411630,6.414279,6.417057,6.419965,6.423005,6.426180,6.429492,6.432944,6.436538,6.440276,6.444163,6.448200,6.452390,6.456738,6.461246,6.465917,6.470755,6.475765,6.480949,6.486313,6.491859,6.497593,6.503519,6.509641,6.515965,6.522496,6.529238,6.536198,6.543381,6.550791,6.558437,6.566323,6.574457,6.582844,6.591491,6.600407,6.609597,6.619069,6.628832,6.638892,6.649259,6.659940,6.670945,6.682282,6.693959,6.705988,6.718377,6.731135,6.744274,6.757802,6.771731,6.786071,6.800833,6.816028,6.831666,6.847759,6.864318,6.881354,6.898878,6.916902,6.935437,6.954493,6.974081,6.994212,7.014896,7.036143,7.057961,7.080360,7.103346,7.126927,7.151110,7.175898,7.201295,7.227303,7.253924,7.281154,7.308991,7.337429,7.366460,7.396072,7.426252,7.456982,7.488241,7.520005,7.552245,7.584928,7.618016,7.651466,7.685230,7.719256,7.753484,7.787850,7.822284,7.856710,7.891045,7.925202,7.959088,7.992603,8.025644,8.058101,8.089864,8.120814,8.150834,8.179802,8.207597,8.234097,8.259183,8.282735,8.304639,8.324787,8.343074,8.359405,8.373693,8.385860,8.395839,8.403575,8.409025,8.412160,8.412962,8.411430,8.407574,8.401419,8.393001,8.382371,8.369592,8.354734,8.337882,8.319127,8.298568,8.276311,8.252468,8.227153,8.200484,8.172581,8.143563,8.113550,8.082660,8.051008
-8.6000,6.254800,6.395067,6.397036,6.397659,6.398177,6.398746,6.399406,6.400169,6.401041,6.402027,6.403128,6.404345,6.405680,6.407135,6.408711,6.410408,6.412228,6.414173,6.416245,6.418444,6.420772,6.423231,6.425823,6.428551,6.431415,6.434418,6.437563,6.440851,6.444286,6.447870,6.451605,6.455495,6.459542,6.463750,6.468122,6.472661,6.477371,6.482256,6.487319,6.492564,6.497996,6.503619,6.509438,6.515456,6.521679,6.528112,6.534759,6.541628,6.548722,6.556048,6.563612,6.571419,6.579477,6.587792,6.596370,6.605220,6.614347,6.623760,6.633466,6.643473,6.653789,6.664424,6.675385,6.686681,6.698322,6.710316,6.722674,6.735406,6.748520,6.762028,6.775940,6.790267,6.805019,6.820207,6.835842,6.851936,6.868499,6.885543,6.903078,6.921118,6.939671,6.958749,6.978364,6.998525,7.019242,7.040525,7.062384,7.084826,7.107859,7.131491,7.155726,7.180570,7.206026,7.232096,7.258779,7.286075,7.313978,7.342484,7.371583,7.401264,7.431512,7.462310,7.493635,7.525463,7.557763,7.590503,7.623642,7.657138,7.690942,7.724999,7.759250,7.793628,7.828063,7.862476,7.896786,7.930902,7.964730,7.998170,8.031117,8.063461,8.095089,8.125883,8.155724,8.184490,8.212060,8.238311,8.263123,8.286379,8.307964,8.327770,8.345695,8.361644,8.375531,8.387281,8.396829,8.404122,8.409119,8.411794,8.412133,8.410135,8.405814,8.399198,8.390327,8.379253,8.366040,8.350764,8.333509,8.314370,8.293446,8.270847,8.246682,8.221070,8.194128,8.165976,8.136734,8.106522,8.075456,8.043653,8.011224,7.978275,7.944912
-8.4000,6.263657,6.410441,6.412521,6.413186,6.413743,6.414357,6.415068,6.415892,6.416835,6.417899,6.419089,6.420404,6.421848,6.423420,6.425123,6.426958,6.428926,6.431029,6.433269,6.435647,6.438166,6.440826,6.443631,6.446582,6.449682,6.452933,6.456338,6.459898,6.463618,6.467500,6.471547,6.475762,6.480148,6.484709,6.489449,6.494372,6.499480,6.504779,6.510273,6.515966,6.521863,6.527968,6.534287,6.540824,6.547585,6.554576,6.561802,6.569269,6.576984,6.584952,6.593181,6.601677,6.610447,6.619499,6.628839,6.638476,6.648418,6.658673,6.669249,6.680155,6.691399,6.702992,6.714942,6.727259,6.739953,6.753034,6.766512,6.780397,6.794701,6.809434,6.824606,6.840230,6.856315,6.872874,6.889918,6.907457,6.925504,6.944068,6.963162,6.982795,7.002978,7.023722,7.045035,7.066927,7.089407,7.112481,7.136156,7.160439,7.185333,7.210842,7.236967,7.263708,7.291063,7.319029,7.347597,7.376760,7.406505,7.436817,7.467677,7.499064,7.530951,7.563307,7.596099,7.629286,7.662824,7.696663,7.730747,7.765015,7.799402,7.833833,7.868230,7.902510,7.936581,7.970347,8.003707,8.036556,8.068782,8.100270,8.130903,8.160560,8.189119,8.216459,8.242456,8.266990,8.289945,8.311206,8.330666,8.348225,8.363787,8.377271,8.388601,8.397714,8.404562,8.409104,8.411318,8.411191,8.408727,8.403942,8.396866,8.387541,8.376024,8.362381,8.346688,8.329034,8.309514,8.288229,8.265290,8.240810,8.214905,8.187694,8.159298,8.129837,8.099430,8.068195,8.036246,8.003694,7.970646,7.937204,7.903466,7.869523,7.835462
-8.2000,6.273118,6.426761,6.428960,6.429670,6.430269,6.430931,6.431700,6.432590,6.433609,6.434761,6.436048,6.437471,6.439032,6.440734,6.442577,6.444562,6.446693,6.448970,6.451394,6.453970,6.456697,6.459578,6.462616,6.465814,6.469172,6.472695,6.476385,6.480245,6.484278,6.488487,6.492876,6.497449,6.502208,6.507158,6.512303,6.517647,6.523194,6.528949,6.534917,6.541102,6.547511,6.554147,6.561016,6.568125,6.575479,6.583084,6.590947,6.599074,6.607472,6.616148,6.625109,6.634363,6.643917,6.653780,6.663959,6.674463,6.685301,6.696482,6.708014,6.719907,6.732172,6.744817,6.757852,6.771289,6.785137,6.799407,6.814110,6.829257,6.844859,6.860927,6.877473,6.894506,6.912040,6.930085,6.948652,6.967752,6.987396,7.007593,7.028355,7.049691,7.071609,7.094118,7.117226,7.140938,7.165261,7.190199,7.215754,7.241929,7.268722,7.296131,7.324152,7.352778,7.381998,7.411802,7.442172,7.473090,7.504533,7.536474,7.568882,7.601721,7.634951,7.668526,7.702395,7.736502,7.770784,7.805174,7.839597,7.873974,7.908219,7.942239,7.975939,8.009215,8.041961,8.074063,8.105407,8.135874,8.165343,8.193690,8.220794,8.246532,8.270784,8.293433,8.314365,8.333476,8.350663,8.365835,8.378911,8.389817,8.398494,8.404893,8.408979,8.410730,8.410137,8.407206,8.401956,8.394421,8.384645,8.372686,8.358614,8.342508,8.324457,8.304559,8.282918,8.259644,8.234851,8.208658,8.181183,8.152548,8.122873,8.092277,8.060877,8.028788,7.996118,7.962975,7.929460,7.895669,7.861693,7.827618,7.793523,7.759481,7.725562
-8.0000,6.283232,6.444096,6.446422,6.447179,6.447824,6.448539,6.449371,6.450335,6.451438,6.452685,6.454078,6.455620,6.457311,6.459154,6.461151,6.463302,6.465611,6.468078,6.470706,6.473497,6.476454,6.479578,6.482873,6.486341,6.489984,6.493806,6.497810,6.501999,6.506377,6.510946,6.515712,6.520678,6.525847,6.531225,6.536816,6.542624,6.548654,6.554911,6.561401,6.568129,6.575101,6.582322,6.589799,6.597537,6.605544,6.613826,6.622390,6.631244,6.640394,6.649850,6.659617,6.669705,6.680123,6.690878,6.701980,6.713437,6.725260,6.737458,6.750041,6.763019,6.776401,6.790200,6.804424,6.819086,6.834196,6.849764,6.865804,6.882325,6.899338,6.916856,6.934889,6.953449,6.972545,6.992190,7.012393,7.033164,7.054513,7.076449,7.098980,7.122113,7.145854,7.170210,7.195184,7.220778,7.246995,7.273833,7.301289,7.329359,7.358036,7.387308,7.417164,7.447587,7.478557,7.510051,7.542041,7.574495,7.607376,7.640644,7.674251,7.708145,7.742269,7.776560,7.810948,7.845358,7.879709,7.913914,7.947880,7.981508,8.014695,8.047333,8.079307,8.110502,8.140797,8.170072,8.198202,8.225066,8.250540,8.274504,8.296842,8.317442,8.336197,8.353009,8.367788,8.380452,8.390932,8.399169,8.405117,8.408744,8.410030,8.408970,8.405572,8.399858,8.391864,8.381637,8.369239,8.354740,8.338223,8.319779,8.299507,8.277513,8.253908,8.228808,8.202331,8.174597,8.145729,8.115845,8.085065,8.053505,8.021280,7.988498,7.955265,7.921682,7.887843,7.853839,7.819754,7.785666,7.751647,7.717766,7.684081,7.650651,7.617524
-7.8000,6.294055,6.462522,6.464980,6.465789,6.466484,6.467258,6.468158,6.469202,6.470398,6.471750,6.473261,6.474932,6.476766,6.478765,6.480930,6.483264,6.485768,6.488445,6.491297,6.494326,6.497535,6.500927,6.504504,6.508269,6.512226,6.516377,6.520726,6.525278,6.530035,6.535002,6.540182,6.545581,6.551203,6.557052,6.563134,6.569453,6.576016,6.582827,6.589892,6.597218,6.604810,6.612676,6.620822,6.629254,6.637981,6.647009,6.656346,6.666000,6.675979,6.686292,6.696948,6.707954,6.719321,6.731058,6.743174,6.755679,6.768583,6.781897,6.795632,6.809797,6.824403,6.839462,6.854985,6.870983,6.887467,6.904448,6.921938,6.939948,6.958489,6.977571,6.997206,7.017404,7.038175,7.059527,7.081471,7.104013,7.127162,7.150924,7.175304,7.200305,7.225930,7.252181,7.279056,7.306552,7.334664,7.363384,7.392701,7.422603,7.453072,7.484087,7.515625,7.547658,7.580151,7.613069,7.646369,7.680002,7.713916,7.748053,7.782347,7.816728,7.851120,7.885440,7.919600,7.953505,7.987057,8.020149,8.052673,8.084514,8.115554,8.145673,8.174748,8.202656,8.229274,8.254479,8.278151,8.300173,8.320435,8.338831,8.355264,8.369644,8.381893,8.391943,8.399737,8.405233,8.408399,8.409220,8.407691,8.403826,8.397648,8.389195,8.378519,8.365683,8.350760,8.333835,8.315000,8.294358,8.272015,8.248083,8.222680,8.195925,8.167938,8.138840,8.108753,8.077794,8.046080,8.013725,7.980836,7.947518,7.913872,7.879990,7.845963,7.811872,7.777795,7.743804,7.709964,7.676335,7.642972,7.609923,7.577233,7.544941,7.513081
-7.6000,6.305651,6.482117,6.484716,6.485581,6.486331,6.487168,6.488144,6.489277,6.490575,6.492042,6.493681,6.495496,6.497487,6.499657,6.502008,6.504543,6.507263,6.510171,6.513269,6.516560,6.520047,6.523733,6.527621,6.531714,6.536015,6.540530,6.545260,6.550211,6.555386,6.560791,6.566429,6.572305,6.578425,6.584794,6.591417,6.598301,6.605450,6.612871,6.620571,6.628556,6.636834,6.645410,6.654293,6.663491,6.673010,6.682860,6.693048,6.703584,6.714475,6.725733,6.737364,6.749380,6.761790,6.774605,6.787833,6.801487,6.815577,6.830113,6.845106,6.860568,6.876510,6.892942,6.909878,6.927326,6.945299,6.963808,6.982864,7.002477,7.022658,7.043416,7.064760,7.086701,7.109245,7.132399,7.156171,7.180564,7.205583,7.231230,7.257506,7.284409,7.311936,7.340081,7.368836,7.398190,7.428130,7.458637,7.489691,7.521266,7.553334,7.585862,7.618809,7.652134,7.685788,7.719716,7.753858,7.788149,7.822518,7.856886,7.891169,7.925278,7.959118,7.992587,8.025579,8.057983,8.089685,8.120565,8.150502,8.179373,8.207053,8.233420,8.258350,8.281724,8.303426,8.323345,8.341377,8.357426,8.371404,8.383234,8.392851,8.400200,8.405240,8.407944,8.408297,8.406300,8.401967,8.395325,8.386415,8.375291,8.362019,8.346674,8.329344,8.310123,8.289114,8.266426,8.242172,8.216471,8.189442,8.161206,8.131885,8.101600,8.070468,8.038605,8.006124,7.973134,7.939737,7.906032,7.872113,7.838067,7.803975,7.769915,7.735955,7.702161,7.668591,7.635299,7.602332,7.569734,7.537542,7.505790,7.474507,7.443718,7.413445
-7.4000,6.318088,6.502970,6.505717,6.506643,6.507452,6.508360,6.509419,6.510649,6.512059,6.513653,6.515434,6.517406,6.519570,6.521930,6.524486,6.527241,6.530199,6.533361,6.536731,6.540311,6.544105,6.548115,6.552346,6.556800,6.561483,6.566397,6.571548,6.576939,6.582576,6.588463,6.594605,6.601009,6.607679,6.614621,6.621842,6.629347,6.637144,6.645239,6.653638,6.662351,6.671383,6.680743,6.690439,6.700479,6.710872,6.721626,6.732752,6.744257,6.756152,6.768447,6.781151,6.794275,6.807830,6.821825,6.836272,6.851182,6.866566,6.882435,6.898800,6.915673,6.933065,6.950986,6.969449,6.988463,7.008040,7.028190,7.048922,7.070246,7.092170,7.114703,7.137851,7.161620,7.186016,7.211042,7.236700,7.262990,7.289911,7.317459,7.345628,7.374409,7.403791,7.433760,7.464297,7.495381,7.526986,7.559082,7.591635,7.624605,7.657948,7.691615,7.725549,7.759691,7.793973,7.828323,7.862660,7.896900,7.930953,7.964721,7.998101,8.030987,8.063267,8.094823,8.125537,8.155286,8.183946,8.211393,8.237503,8.262153,8.285224,8.306600,8.326172,8.343835,8.359496,8.373068,8.384476,8.393656,8.400557,8.405139,8.407379,8.407263,8.404797,8.399995,8.392890,8.383524,8.371954,8.358247,8.342484,8.324751,8.305147,8.283775,8.260747,8.236176,8.210181,8.182884,8.154405,8.124866,8.094387,8.063088,8.031082,7.998482,7.965395,7.931924,7.898167,7.864215,7.830155,7.796067,7.762027,7.728104,7.694360,7.660853,7.627635,7.594754,7.562250,7.530161,7.498520,7.467354,7.436689,7.406543,7.376934,7.347877,7.319382
-7.2000,6.331442,6.525174,6.528077,6.529068,6.529943,6.530927,6.532078,6.533416,6.534949,6.536683,6.538621,6.540767,6.543122,6.545689,6.548472,6.551471,6.554691,6.558134,6.561804,6.565702,6.569834,6.574203,6.578812,6.583665,6.588768,6.594124,6.599738,6.605616,6.611762,6.618182,6.624882,6.631867,6.639144,6.646719,6.654599,6.662791,6.671302,6.680139,6.689311,6.698825,6.708689,6.718913,6.729504,6.740472,6.751827,6.763577,6.775732,6.788303,6.801300,6.814733,6.828613,6.842951,6.857757,6.873043,6.888820,6.905098,6.921890,6.939207,6.957059,6.975458,6.994415,7.013939,7.034042,7.054733,7.076021,7.097915,7.120422,7.143550,7.167304,7.191690,7.216710,7.242366,7.268658,7.295585,7.323143,7.351325,7.380122,7.409522,7.439510,7.470067,7.501172,7.532797,7.564912,7.597482,7.630466,7.663820,7.697492,7.731426,7.765560,7.799826,7.834149,7.868449,7.902640,7.936629,7.970318,8.003603,8.036377,8.068525,8.099930,8.130471,8.160027,8.188471,8.215678,8.241526,8.265890,8.288653,8.309698,8.328916,8.346207,8.361475,8.374637,8.385619,8.394359,8.400808,8.404931,8.406704,8.406119,8.403182,8.397913,8.390344,8.380523,8.368508,8.354370,8.338190,8.320059,8.300075,8.278345,8.254980,8.230096,8.203813,8.176253,8.147536,8.117785,8.087119,8.055657,8.023514,7.990800,7.957623,7.924083,7.890278,7.856299,7.822230,7.788151,7.754137,7.720253,7.686564,7.653124,7.619985,7.587192,7.554787,7.522805,7.491277,7.460231,7.429691,7.399675,7.370201,7.341280,7.312925,7.285141,7.257935,7.231309
-7.0000,6.345797,6.548829,6.551896,6.552958,6.553905,6.554974,6.556226,6.557682,6.559352,6.561240,6.563351,6.565689,6.568255,6.571052,6.574084,6.577354,6.580863,6.584616,6.588616,6.592867,6.597373,6.602137,6.607164,6.612458,6.618025,6.623869,6.629996,6.636411,6.643119,6.650128,6.657442,6.665070,6.673017,6.681291,6.689898,6.698848,6.708147,6.717803,6.727826,6.738223,6.749004,6.760178,6.771755,6.783744,6.796155,6.808999,6.822285,6.836024,6.850228,6.864907,6.880072,6.895734,6.911904,6.928594,6.945815,6.963578,6.981894,7.000773,7.020226,7.040264,7.060896,7.082131,7.103977,7.126443,7.149534,7.173258,7.197618,7.222617,7.248258,7.274539,7.301460,7.329014,7.357196,7.385997,7.415403,7.445399,7.475965,7.507080,7.538715,7.570840,7.603417,7.636407,7.669762,7.703431,7.737355,7.771473,7.805714,7.840003,7.874259,7.908392,7.942311,7.975914,8.009098,8.041752,8.073762,8.105009,8.135371,8.164726,8.192947,8.219910,8.245489,8.269562,8.292010,8.312719,8.331579,8.348491,8.363362,8.376110,8.386662,8.394959,8.400955,8.404615,8.405920,8.404865,8.401457,8.395719,8.387688,8.377413,8.364956,8.350388,8.333795,8.315268,8.294908,8.272824,8.249127,8.223936,8.197370,8.169552,8.140603,8.110645,8.079798,8.048180,8.015905,7.983083,7.949821,7.916218,7.882371,7.848369,7.814297,7.780232,7.746247,7.712409,7.678778,7.645409,7.612353,7.579653,7.547349,7.515477,7.484066,7.453143,7.422731,7.392848,7.363509,7.334728,7.306513,7.278872,7.251810,7.225329,7.199429,7.174111,7.149370
-6.8000,6.361245,6.574045,6.577284,6.578423,6.579448,6.580611,6.581975,6.583562,6.585382,6.587441,6.589744,6.592293,6.595092,6.598144,6.601452,6.605019,6.608848,6.612944,6.617310,6.621950,6.626869,6.632070,6.637559,6.643341,6.649421,6.655804,6.662497,6.669505,6.676835,6.684494,6.692488,6.700825,6.709512,6.718556,6.727967,6.737752,6.747919,6.758479,6.769439,6.780809,6.792599,6.804818,6.817478,6.830587,6.844157,6.858199,6.872722,6.887739,6.903260,6.919297,6.935860,6.952961,6.970611,6.988820,7.007600,7.026961,7.046913,7.067465,7.088626,7.110406,7.132811,7.155849,7.179524,7.203841,7.228803,7.254412,7.280666,7.307564,7.335101,7.363269,7.392059,7.421458,7.451449,7.482013,7.513125,7.544759,7.576882,7.609456,7.642440,7.675786,7.709442,7.743348,7.777441,7.811648,7.845895,7.880097,7.914165,7.948005,7.981515,8.014589,8.047116,8.078981,8.110063,8.140240,8.169387,8.197379,8.224090,8.249394,8.273170,8.295298,8.315664,8.334162,8.350691,8.365160,8.377489,8.387608,8.395459,8.400997,8.404193,8.405029,8.403501,8.399622,8.393417,8.384924,8.374197,8.361298,8.346303,8.329299,8.310380,8.289649,8.267215,8.243192,8.217698,8.190854,8.162784,8.133608,8.103449,8.072427,8.040659,8.008259,7.975335,7.941993,7.908334,7.874450,7.840432,7.806361,7.772315,7.738365,7.704576,7.671008,7.637715,7.604745,7.572141,7.539943,7.508183,7.476892,7.446095,7.415814,7.386066,7.356865,7.328225,7.300154,7.272658,7.245741,7.219406,7.193653,7.168480,7.143884,7.119862,7.096408,7.073516
-6.6000,6.377892,6.600937,6.604359,6.605579,6.606691,6.607958,6.609445,6.611176,6.613163,6.615411,6.617925,6.620709,6.623766,6.627099,6.630712,6.634609,6.638793,6.643268,6.648038,6.653109,6.658484,6.664169,6.670169,6.676490,6.683137,6.690116,6.697435,6.705099,6.713116,6.721493,6.730237,6.739357,6.748860,6.758755,6.769051,6.779756,6.790881,6.802434,6.814425,6.826864,6.839762,6.853128,6.866974,6.881311,6.896148,6.911498,6.927371,6.943778,6.960731,6.978241,6.996317,7.014972,7.034214,7.054055,7.074504,7.095569,7.117260,7.139583,7.162544,7.186150,7.210405,7.235311,7.260869,7.287078,7.313936,7.341438,7.369577,7.398340,7.427716,7.457688,7.488234,7.519331,7.550950,7.583058,7.615616,7.648583,7.681909,7.715540,7.749417,7.783474,7.817639,7.851833,7.885972,7.919966,7.953719,7.987127,8.020084,8.052476,8.084187,8.115096,8.145080,8.174013,8.201769,8.228221,8.253244,8.276715,8.298517,8.318536,8.336665,8.352806,8.366869,8.378775,8.388456,8.395858,8.400937,8.403666,8.404030,8.402030,8.397679,8.391006,8.382053,8.370874,8.357537,8.342118,8.324707,8.305400,8.284301,8.261521,8.237176,8.211385,8.184270,8.155953,8.126557,8.096203,8.065012,8.033100,8.000580,7.967561,7.934146,7.900435,7.866521,7.832491,7.798428,7.764406,7.730496,7.696761,7.663261,7.630047,7.597168,7.564664,7.532575,7.500932,7.469764,7.439095,7.408947,7.379337,7.350277,7.321780,7.293854,7.266504,7.239735,7.213548,7.187942,7.162916,7.138466,7.114589,7.091279,7.068528,7.046330,7.024676,7.003558
-6.4000,6.395851,6.629632,6.633244,6.634554,6.635761,6.637142,6.638765,6.640656,6.642827,6.645285,6.648033,6.651076,6.654419,6.658064,6.662015,6.666276,6.670852,6.675747,6.680965,6.686512,6.692393,6.698613,6.705178,6.712095,6.719369,6.727008,6.735018,6.743407,6.752182,6.761352,6.770924,6.780908,6.791311,6.802143,6.813414,6.825133,6.837309,6.849954,6.863077,6.876688,6.890799,6.905421,6.920563,6.936237,6.952455,6.969227,6.986564,7.004476,7.022975,7.042070,7.061772,7.082089,7.103031,7.124606,7.146821,7.169683,7.193196,7.217365,7.242191,7.267677,7.293821,7.320619,7.348067,7.376155,7.404875,7.434210,7.464145,7.494657,7.525723,7.557312,7.589390,7.621919,7.654855,7.688148,7.721743,7.755578,7.789588,7.823698,7.857829,7.891896,7.925806,7.959461,7.992758,8.025588,8.057837,8.089386,8.120115,8.149897,8.178608,8.206120,8.232306,8.257041,8.280202,8.301671,8.321336,8.339091,8.354839,8.368490,8.379969,8.389209,8.396158,8.400775,8.403035,8.402927,8.400453,8.395630,8.388490,8.379077,8.367449,8.353675,8.337835,8.320020,8.300328,8.278867,8.255746,8.231085,8.205002,8.177621,8.149063,8.119453,8.088911,8.057558,8.025508,7.992875,7.959766,7.926284,7.892528,7.858590,7.824555,7.790504,7.756512,7.722647,7.688971,7.655543,7.622414,7.589629,7.557230,7.525253,7.493729,7.462688,7.432151,7.402139,7.372669,7.343753,7.315401,7.287622,7.260421,7.233801,7.207762,7.182305,7.157427,7.133125,7.109394,7.086228,7.063619,7.041562,7.020046,6.999064,6.978606,6.958662,6.939221
-6.2000,6.415250,6.660264,6.664075,6.665482,6.666794,6.668300,6.670074,6.672143,6.674518,6.677207,6.680215,6.683546,6.687204,6.691194,6.695520,6.700185,6.705195,6.710555,6.716269,6.722343,6.728784,6.735596,6.742786,6.750362,6.758329,6.766697,6.775471,6.784660,6.794273,6.804317,6.814802,6.825737,6.837132,6.848995,6.861338,6.874169,6.887500,6.901340,6.915702,6.930594,6.946029,6.962017,6.978568,6.995695,7.013406,7.031714,7.050627,7.070156,7.090310,7.111097,7.132526,7.154604,7.177336,7.200729,7.224785,7.249506,7.274894,7.300948,7.327662,7.355033,7.383050,7.411704,7.440979,7.470857,7.501317,7.532333,7.563874,7.595907,7.628390,7.661279,7.694524,7.728068,7.761849,7.795798,7.829841,7.863897,7.897879,7.931694,7.965241,7.998417,8.031110,8.063206,8.094584,8.125123,8.154696,8.183177,8.210437,8.236349,8.260789,8.283632,8.304763,8.324068,8.341443,8.356791,8.370027,8.381074,8.389869,8.396362,8.400514,8.402303,8.401721,8.398772,8.393478,8.385871,8.375999,8.363924,8.349715,8.333457,8.315242,8.295170,8.273350,8.249895,8.224922,8.198554,8.170912,8.142121,8.112303,8.081579,8.050070,8.017889,7.985149,7.951958,7.918416,7.884621,7.850664,7.816629,7.782597,7.748640,7.714825,7.681215,7.647864,7.614823,7.582137,7.549846,7.517985,7.486586,7.455674,7.425272,7.395400,7.366072,7.337301,7.309097,7.281468,7.254417,7.227947,7.202059,7.176753,7.152024,7.127870,7.104286,7.081265,7.058800,7.036883,7.015507,6.994661,6.974336,6.954523,6.935211,6.916390,6.898049,6.880177
-6.0000,6.436232,6.692975,6.696994,6.698506,6.699933,6.701579,6.703520,6.705785,6.708387,6.711332,6.714628,6.718278,6.722287,6.726659,6.731399,6.736512,6.742003,6.747878,6.754141,6.760799,6.767858,6.775325,6.783207,6.791511,6.800245,6.809417,6.819034,6.829106,6.839642,6.850650,6.862140,6.874121,6.886605,6.899599,6.913116,6.927166,6.941758,6.956904,6.972615,6.988901,7.005772,7.023240,7.041314,7.060004,7.079321,7.099273,7.119868,7.141115,7.163021,7.185590,7.208829,7.232741,7.257327,7.282588,7.308523,7.335126,7.362393,7.390314,7.418877,7.448068,7.477867,7.508252,7.539198,7.570671,7.602638,7.635057,7.667882,7.701062,7.734539,7.768249,7.802123,7.836085,7.870053,7.903937,7.937644,7.971072,8.004114,8.036660,8.068592,8.099790,8.130129,8.159483,8.187725,8.214725,8.240355,8.264491,8.287010,8.307795,8.326733,8.343722,8.358666,8.371481,8.382092,8.390438,8.396471,8.400156,8.401472,8.400414,8.396990,8.391224,8.383151,8.372823,8.360301,8.345662,8.328989,8.310377,8.289930,8.267756,8.243971,8.218693,8.192045,8.164150,8.135131,8.105112,8.074214,8.042555,8.010251,7.977411,7.944144,7.910548,7.876721,7.842752,7.808725,7.774717,7.740801,7.707042,7.673501,7.640232,7.607285,7.574702,7.542524,7.510784,7.479512,7.448733,7.418469,7.388739,7.359556,7.330934,7.302880,7.275402,7.248503,7.222186,7.196450,7.171295,7.146718,7.122713,7.099276,7.076401,7.054080,7.032305,7.011068,6.990359,6.970168,6.950486,6.931303,6.912608,6.894389,6.876637,6.859341,6.842489,6.826071
-5.8000,6.458953,6.727918,6.732153,6.733779,6.735333,6.737132,6.739259,6.741742,6.744594,6.747825,6.751439,6.755443,6.759840,6.764636,6.769836,6.775445,6.781469,6.787913,6.794784,6.802088,6.809832,6.818024,6.826670,6.835778,6.845358,6.855417,6.865964,6.877008,6.888559,6.900626,6.913219,6.926348,6.940023,6.954256,6.969055,6.984432,7.000397,7.016960,7.034133,7.051924,7.070343,7.089401,7.109105,7.129465,7.150488,7.172180,7.194547,7.217594,7.241325,7.265739,7.290839,7.316621,7.343082,7.370214,7.398008,7.426453,7.455531,7.485225,7.515510,7.546360,7.577743,7.609622,7.641955,7.674696,7.707791,7.741182,7.774804,7.808586,7.842451,7.876314,7.910086,7.943671,7.976966,8.009863,8.042249,8.074005,8.105011,8.135140,8.164266,8.192258,8.218989,8.244329,8.268154,8.290340,8.310771,8.329337,8.345933,8.360467,8.372855,8.383026,8.390919,8.396489,8.399704,8.400545,8.399010,8.395111,8.388872,8.380335,8.369551,8.356586,8.341518,8.324434,8.305431,8.284612,8.262091,8.237981,8.212404,8.185483,8.157341,8.128102,8.097889,8.066823,8.035022,8.002601,7.969670,7.936333,7.902692,7.868839,7.834865,7.800851,7.766874,7.733004,7.699307,7.665841,7.632660,7.599811,7.567337,7.535276,7.503660,7.472519,7.441876,7.411754,7.382169,7.353135,7.324663,7.296762,7.269437,7.242693,7.216530,7.190948,7.165946,7.141520,7.117666,7.094378,7.071650,7.049473,7.027840,7.006743,6.986171,6.966115,6.946564,6.927509,6.908939,6.890844,6.873211,6.856031,6.839293,6.822986,6.807098,6.791621,6.776542
-5.6000,6.483590,6.765253,6.769712,6.771462,6.773155,6.775125,6.777457,6.780181,6.783312,6.786858,6.790826,6.795222,6.800050,6.805316,6.811025,6.817184,6.823797,6.830872,6.838415,6.846434,6.854934,6.863925,6.873414,6.883410,6.893922,6.904957,6.916526,6.928638,6.941303,6.954530,6.968330,6.982713,6.997689,7.013267,7.029460,7.046275,7.063724,7.081815,7.100558,7.119961,7.140033,7.160781,7.182211,7.204329,7.227139,7.250644,7.274846,7.299743,7.325333,7.351613,7.378574,7.406207,7.434499,7.463433,7.492990,7.523146,7.553873,7.585137,7.616902,7.649125,7.681758,7.714746,7.748029,7.781542,7.815213,7.848962,7.882703,7.916347,7.949794,7.982940,8.015677,8.047890,8.079458,8.110260,8.140167,8.169053,8.196786,8.223237,8.248278,8.271782,8.293628,8.313698,8.331883,8.348080,8.362198,8.374155,8.383880,8.391316,8.396420,8.399161,8.399526,8.397513,8.393138,8.386428,8.377426,8.366189,8.352783,8.337290,8.319799,8.300408,8.279224,8.256360,8.231932,8.206063,8.178875,8.150493,8.121041,8.090642,8.059416,8.027481,7.994951,7.961935,7.928537,7.894856,7.860986,7.827013,7.793019,7.759080,7.725263,7.691634,7.658249,7.625161,7.592415,7.560054,7.528114,7.496627,7.465621,7.435119,7.405142,7.375705,7.346822,7.318504,7.290758,7.263589,7.237000,7.210993,7.185567,7.160719,7.136446,7.112744,7.089606,7.067025,7.044993,7.023503,7.002546,6.982111,6.962189,6.942770,6.923844,6.905400,6.887426,6.869913,6.852849,6.836224,6.820027,6.804247,6.788873,6.773895,6.759302,6.745085,6.731232
-5.4000,6.510337,6.805148,6.809838,6.811722,6.813569,6.815728,6.818288,6.821280,6.824719,6.828616,6.832976,6.837806,6.843111,6.848897,6.855171,6.861937,6.869203,6.876975,6.885261,6.894068,6.903403,6.913276,6.923694,6.934666,6.946201,6.958308,6.970998,6.984279,6.998161,7.012654,7.027768,7.043513,7.059898,7.076932,7.094626,7.112988,7.132026,7.151748,7.172162,7.193272,7.215085,7.237603,7.260831,7.284769,7.309415,7.334768,7.360822,7.387569,7.414999,7.443098,7.471850,7.501234,7.531226,7.561796,7.592910,7.624531,7.656615,7.689111,7.721966,7.755117,7.788498,7.822034,7.855646,7.889246,7.922741,7.956032,7.989014,8.021574,8.053598,8.084964,8.115548,8.145221,8.173854,8.201317,8.227478,8.252209,8.275383,8.296879,8.316580,8.334377,8.350169,8.363864,8.375383,8.384658,8.391633,8.396267,8.398533,8.398419,8.395928,8.391076,8.383895,8.374431,8.362742,8.348899,8.332984,8.315090,8.295317,8.273773,8.250572,8.225833,8.199678,8.172231,8.143617,8.113960,8.083382,8.052004,8.019943,7.987312,7.954220,7.920768,7.887056,7.853175,7.819211,7.785245,7.751349,7.717593,7.684037,7.650739,7.617749,7.585113,7.552870,7.521056,7.489702,7.458835,7.428478,7.398649,7.369364,7.340635,7.312473,7.284884,7.257873,7.231442,7.205593,7.180324,7.155632,7.131514,7.107964,7.084976,7.062543,7.040658,7.019311,6.998494,6.978196,6.958409,6.939122,6.920324,6.902004,6.884153,6.866759,6.849811,6.833298,6.817210,6.801536,6.786266,6.771388,6.756892,6.742769,6.729008,6.715599,6.702534,6.689801
-5.2000,6.539411,6.847779,6.852707,6.854736,6.856752,6.859120,6.861932,6.865220,6.869002,6.873287,6.878081,6.883393,6.889226,6.895588,6.902485,6.909924,6.917910,6.926452,6.935557,6.945233,6.955487,6.966329,6.977767,6.989809,7.002465,7.015745,7.029657,7.044211,7.059416,7.075282,7.091817,7.109031,7.126932,7.145527,7.164824,7.184831,7.205552,7.226992,7.249155,7.272044,7.295658,7.319996,7.345055,7.370830,7.397312,7.424490,7.452350,7.480875,7.510043,7.539829,7.570203,7.601130,7.632571,7.664481,7.696810,7.729500,7.762490,7.795711,7.829087,7.862537,7.895972,7.929298,7.962412,7.995209,8.027575,8.059393,8.090540,8.120891,8.150315,8.178683,8.205862,8.231721,8.256131,8.278965,8.300102,8.319425,8.336826,8.352204,8.365471,8.376547,8.385366,8.391876,8.396037,8.397825,8.397231,8.394260,8.388931,8.381280,8.371355,8.359217,8.344940,8.328608,8.310315,8.290165,8.268267,8.244736,8.219692,8.193259,8.165561,8.136723,8.106868,8.076121,8.044600,8.012421,7.979698,7.946537,7.913041,7.879305,7.845422,7.811475,7.777543,7.743699,7.710009,7.676534,7.643330,7.610444,7.577922,7.545802,7.514120,7.482904,7.452180,7.421971,7.392294,7.363164,7.334593,7.306589,7.279160,7.252309,7.226039,7.200349,7.175239,7.150704,7.126741,7.103345,7.080508,7.058224,7.036485,7.015282,6.994605,6.974445,6.954792,6.935636,6.916966,6.898772,6.881042,6.863766,6.846933,6.830532,6.814553,6.798985,6.783816,6.769038,6.754638,6.740608,6.726938,6.713616,6.700635,6.687985,6.675655,6.663638,6.651925
-5.0000,6.571052,6.893326,6.898497,6.900682,6.902885,6.905484,6.908574,6.912192,6.916353,6.921067,6.926343,6.932186,6.938604,6.945602,6.953188,6.961368,6.970149,6.979538,6.989544,7.000174,7.011437,7.023340,7.035893,7.049104,7.062983,7.077537,7.092775,7.108707,7.125340,7.142682,7.160741,7.179524,7.199036,7.219284,7.240271,7.262001,7.284475,7.307694,7.331655,7.356354,7.381786,7.407942,7.434810,7.462375,7.490619,7.519520,7.549051,7.579183,7.609878,7.641097,7.672794,7.704916,7.737407,7.770202,7.803231,7.836416,7.869676,7.902919,7.936049,7.968963,8.001553,8.033704,8.065296,8.096206,8.126306,8.155465,8.183552,8.210434,8.235979,8.260056,8.282539,8.303306,8.322241,8.339237,8.354195,8.367026,8.377653,8.386011,8.392051,8.395736,8.397044,8.395967,8.392515,8.386711,8.378591,8.368207,8.355623,8.340915,8.324170,8.305484,8.284963,8.262716,8.238863,8.213522,8.186819,8.158878,8.129824,8.099782,8.068874,8.037218,8.004932,7.972125,7.938905,7.905372,7.871622,7.837745,7.803823,7.769933,7.736148,7.702533,7.669145,7.636040,7.603265,7.570864,7.538873,7.507327,7.476253,7.445678,7.415621,7.386099,7.357128,7.328717,7.300875,7.273609,7.246921,7.220812,7.195284,7.170333,7.145957,7.122151,7.098909,7.076225,7.054090,7.032497,7.011438,6.990901,6.970879,6.951361,6.932335,6.913793,6.895723,6.878114,6.860956,6.844237,6.827947,6.812076,6.796612,6.781544,6.766864,6.752560,6.738622,6.725040,6.711805,6.698907,6.686337,6.674085,6.662143,6.650503,6.639155,6.628091,6.617304
-4.8000,6.605524,6.941972,6.947388,6.949743,6.952151,6.955005,6.958404,6.962385,6.966965,6.972155,6.977961,6.984393,6.991455,6.999155,7.007499,7.016495,7.026149,7.036468,7.047461,7.059136,7.071499,7.084560,7.098326,7.112806,7.128006,7.143936,7.160602,7.178011,7.196169,7.215082,7.234755,7.255192,7.276394,7.298364,7.321100,7.344600,7.368860,7.393873,7.419629,7.446116,7.473319,7.501218,7.529791,7.559009,7.588842,7.619253,7.650200,7.681636,7.713508,7.745756,7.778315,7.811114,7.844074,7.877109,7.910129,7.943034,7.975721,8.008078,8.039989,8.071334,8.101985,8.131815,8.160692,8.188481,8.215050,8.240265,8.263996,8.286115,8.306502,8.325039,8.341621,8.356150,8.368537,8.378709,8.386602,8.392167,8.395372,8.396197,8.394637,8.390704,8.384423,8.375836,8.364995,8.351968,8.336834,8.319681,8.300608,8.279721,8.257135,8.232966,8.207337,8.180372,8.152197,8.122937,8.092717,8.061657,8.029877,7.997492,7.964612,7.931342,7.897782,7.864027,7.830165,7.796276,7.762438,7.728720,7.695186,7.661894,7.628895,7.596238,7.563962,7.532107,7.500702,7.469776,7.439353,7.409453,7.380091,7.351282,7.323035,7.295358,7.268256,7.241733,7.215789,7.190423,7.165634,7.141418,7.117769,7.094683,7.072151,7.050166,7.028720,7.007804,6.987409,6.967523,6.948139,6.929244,6.910829,6.892882,6.875393,6.858352,6.841746,6.825566,6.809801,6.794440,6.779473,6.764889,6.750678,6.736830,6.723336,6.710186,6.697369,6.684878,6.672702,6.660834,6.649264,6.637985,6.626987,6.616263,6.605806,6.595607,6.585659
-4.6000,6.643120,6.993898,6.999562,7.002100,7.004733,7.007868,7.011608,7.015990,7.021032,7.026746,7.033138,7.040217,7.047988,7.056459,7.065635,7.075525,7.086134,7.097469,7.109539,7.122349,7.135908,7.150222,7.165298,7.181143,7.197762,7.215162,7.233347,7.252321,7.272088,7.292648,7.314003,7.336151,7.359090,7.382813,7.407313,7.432581,7.458603,7.485362,7.512839,7.541009,7.569845,7.599314,7.629377,7.659992,7.691110,7.722677,7.754632,7.786908,7.819432,7.852124,7.884896,7.917656,7.950302,7.982728,8.014822,8.046466,8.077537,8.107906,8.137444,8.166017,8.193489,8.219728,8.244597,8.267967,8.289709,8.309702,8.327831,8.343989,8.358080,8.370016,8.379725,8.387146,8.392234,8.394955,8.395294,8.393249,8.388835,8.382079,8.373026,8.361732,8.348266,8.332709,8.315154,8.295700,8.274456,8.251536,8.227061,8.201152,8.173936,8.145537,8.116081,8.085692,8.054491,8.022597,7.990124,7.957181,7.923872,7.890296,7.856545,7.822707,7.788861,7.755083,7.721441,7.687997,7.654807,7.621922,7.589389,7.557247,7.525532,7.494275,7.463502,7.433236,7.403497,7.374299,7.345655,7.317575,7.290066,7.263132,7.236776,7.210998,7.185797,7.161172,7.137116,7.113626,7.090695,7.068316,7.046482,7.025183,7.004410,6.984155,6.964406,6.945155,6.926390,6.908101,6.890277,6.872907,6.855980,6.839487,6.823415,6.807755,6.792496,6.777627,6.763138,6.749019,6.735260,6.721851,6.708783,6.696047,6.683632,6.671531,6.659734,6.648233,6.637020,6.626086,6.615423,6.605025,6.594883,6.584990,6.575339,6.565924,6.556737
-4.4000,6.684159,7.049282,7.055192,7.057925,7.060805,7.064250,7.068365,7.073188,7.078739,7.085029,7.092064,7.099853,7.108401,7.117715,7.127801,7.138665,7.150313,7.162752,7.175987,7.190024,7.204870,7.220528,7.237005,7.254303,7.272426,7.291376,7.311153,7.331759,7.353190,7.375443,7.398511,7.422386,7.447057,7.472510,7.498727,7.525688,7.553367,7.581735,7.610758,7.640397,7.670607,7.701340,7.732538,7.764139,7.796076,7.828272,7.860645,7.893107,7.925562,7.957908,7.990037,8.021833,8.053177,8.083943,8.114003,8.143222,8.171468,8.198602,8.224490,8.248996,8.271987,8.293338,8.312924,8.330632,8.346355,8.359997,8.371474,8.380714,8.387658,8.392262,8.394496,8.394347,8.391816,8.386921,8.379691,8.370174,8.358429,8.344529,8.328555,8.310604,8.290776,8.269183,8.245939,8.221166,8.194988,8.167530,8.138917,8.109276,8.078730,8.047400,8.015404,7.982854,7.949859,7.916521,7.882939,7.849204,7.815401,7.781608,7.747900,7.714342,7.680996,7.647917,7.615155,7.582753,7.550751,7.519183,7.488079,7.457465,7.427361,7.397787,7.368758,7.340283,7.312374,7.285035,7.258272,7.232085,7.206475,7.181441,7.156980,7.133086,7.109755,7.086981,7.064756,7.043071,7.021919,7.001289,6.981174,6.961561,6.942442,6.923806,6.905641,6.887938,6.870686,6.853874,6.837490,6.821526,6.805969,6.790809,6.776036,6.761640,6.747611,6.733939,6.720613,6.707626,6.694967,6.682627,6.670597,6.658869,6.647435,6.636285,6.625412,6.614809,6.604467,6.594380,6.584539,6.574938,6.565571,6.556430,6.547510,6.538803,6.530304
-4.2000,6.728990,7.108287,7.114438,7.117382,7.120531,7.124314,7.128840,7.134149,7.140257,7.147177,7.154915,7.163479,7.172874,7.183105,7.194178,7.206097,7.218867,7.232493,7.246979,7.262328,7.278543,7.295626,7.313579,7.332401,7.352092,7.372646,7.394061,7.416328,7.439439,7.463380,7.488137,7.513692,7.540021,7.567100,7.594897,7.623376,7.652498,7.682217,7.712481,7.743232,7.774407,7.805934,7.837737,7.869733,7.901828,7.933927,7.965925,7.997711,8.029167,8.060173,8.090599,8.120316,8.149188,8.177079,8.203850,8.229364,8.253485,8.276081,8.297021,8.316186,8.333459,8.348735,8.361919,8.372928,8.381690,8.388150,8.392266,8.394009,8.393370,8.390353,8.384976,8.377274,8.367296,8.355105,8.340774,8.324390,8.306050,8.285856,8.263922,8.240364,8.215304,8.188867,8.161178,8.132364,8.102550,8.071860,8.040412,8.008326,7.975711,7.942677,7.909323,7.875747,7.842038,7.808281,7.774552,7.740923,7.707460,7.674222,7.641263,7.608631,7.576368,7.544514,7.513100,7.482155,7.451705,7.421769,7.392366,7.363508,7.335208,7.307472,7.280307,7.253716,7.227701,7.202262,7.177395,7.153099,7.129369,7.106198,7.083580,7.061508,7.039973,7.018967,6.998481,6.978504,6.959026,6.940038,6.921529,6.903488,6.885905,6.868768,6.852068,6.835792,6.819932,6.804476,6.789414,6.774735,6.760430,6.746487,6.732899,6.719655,6.706745,6.694160,6.681892,6.669931,6.658270,6.646899,6.635810,6.624996,6.614449,6.604161,6.594125,6.584334,6.574780,6.565458,6.556361,6.547482,6.538815,6.530354,6.522094,6.514028,6.506152
-4.0000,6.777988,7.171058,7.177440,7.180609,7.184050,7.188204,7.193179,7.199015,7.205731,7.213337,7.221839,7.231243,7.241554,7.252774,7.264908,7.277959,7.291928,7.306818,7.322629,7.339361,7.357012,7.375581,7.395063,7.415451,7.436737,7.458911,7.481958,7.505864,7.530607,7.556164,7.582508,7.609606,7.637421,7.665913,7.695032,7.724726,7.754935,7.785594,7.816629,7.847962,7.879506,7.911168,7.942848,7.974439,8.005828,8.036895,8.067517,8.097562,8.126897,8.155387,8.182890,8.209269,8.234384,8.258096,8.280273,8.300786,8.319511,8.336334,8.351150,8.363864,8.374394,8.382671,8.388641,8.392262,8.393512,8.392381,8.388875,8.383018,8.374845,8.364410,8.351777,8.337022,8.320235,8.301513,8.280963,8.258698,8.234836,8.209501,8.182817,8.154910,8.125908,8.095934,8.065112,8.033562,8.001398,7.968733,7.935672,7.902316,7.868758,7.835088,7.801389,7.767735,7.734197,7.700839,7.667719,7.634889,7.602396,7.570281,7.538582,7.507329,7.476550,7.446270,7.416508,7.387280,7.358599,7.330475,7.302917,7.275929,7.249513,7.223672,7.198404,7.173707,7.149578,7.126011,7.103000,7.080539,7.058620,7.037235,7.016374,6.996029,6.976189,6.956845,6.937987,6.919603,6.901683,6.884217,6.867194,6.850603,6.834434,6.818675,6.803318,6.788350,6.773762,6.759544,6.745686,6.732179,6.719012,6.706177,6.693664,6.681464,6.669569,6.657971,6.646660,6.635629,6.624870,6.614376,6.604138,6.594151,6.584405,6.574896,6.565616,6.556558,6.547717,6.539087,6.530660,6.522433,6.514399,6.506552,6.498888,6.491402,6.484088
-3.8000,6.831552,7.237710,7.244309,7.247715,7.251472,7.256026,7.261488,7.267897,7.275269,7.283616,7.292941,7.303248,7.314539,7.326816,7.340079,7.354328,7.369560,7.385775,7.402966,7.421129,7.440256,7.460337,7.481360,7.503310,7.526169,7.549916,7.574525,7.599968,7.626210,7.653213,7.680933,7.709320,7.738320,7.767871,7.797904,7.828345,7.859111,7.890115,7.921261,7.952446,7.983559,8.014487,8.045105,8.075287,8.104901,8.133810,8.161874,8.188954,8.214906,8.239590,8.262866,8.284600,8.304662,8.322928,8.339284,8.353624,8.365855,8.375896,8.383679,8.389151,8.392273,8.393025,8.391399,8.387405,8.381068,8.372429,8.361540,8.348470,8.333298,8.316116,8.297022,8.276125,8.253541,8.229387,8.203789,8.176872,8.148762,8.119585,8.089466,8.058528,8.026889,7.994664,7.961962,7.928889,7.895544,7.862019,7.828402,7.794773,7.761207,7.727773,7.694531,7.661540,7.628849,7.596504,7.564546,7.533009,7.501925,7.471320,7.441216,7.411633,7.382585,7.354086,7.326143,7.298766,7.271957,7.245720,7.220054,7.194959,7.170433,7.146470,7.123067,7.100217,7.077912,7.056145,7.034908,7.014192,6.993987,6.974283,6.955070,6.936339,6.918078,6.900278,6.882926,6.866014,6.849529,6.833463,6.817803,6.802540,6.787663,6.773163,6.759029,6.745252,6.731821,6.718728,6.705964,6.693519,6.681384,6.669551,6.658011,6.646757,6.635780,6.625073,6.614627,6.604436,6.594493,6.584790,6.575320,6.566078,6.557057,6.548250,6.539652,6.531257,6.523058,6.515052,6.507231,6.499592,6.492129,6.484837,6.477712,6.470748,6.463943
-3.6000,6.890099,7.308311,7.315107,7.318763,7.322858,7.327843,7.333828,7.340850,7.348927,7.358064,7.368265,7.379531,7.391859,7.405247,7.419692,7.435187,7.451726,7.469299,7.487896,7.507501,7.528098,7.549669,7.572189,7.595631,7.619965,7.645154,7.671159,7.697932,7.725423,7.753574,7.782321,7.811593,7.841312,7.871395,7.901750,7.932278,7.962874,7.993424,8.023810,8.053907,8.083584,8.112705,8.141132,8.168722,8.195332,8.220817,8.245033,8.267841,8.289103,8.308689,8.326473,8.342342,8.356189,8.367923,8.377462,8.384740,8.389706,8.392324,8.392574,8.390452,8.385969,8.379155,8.370050,8.358713,8.345213,8.329632,8.312063,8.292608,8.271377,8.248485,8.224054,8.198208,8.171072,8.142774,8.113439,8.083192,8.052154,8.020442,7.988172,7.955451,7.922382,7.889064,7.855587,7.822037,7.788494,7.755029,7.721710,7.688597,7.655746,7.623206,7.591020,7.559227,7.527863,7.496955,7.466530,7.436610,7.407211,7.378349,7.350035,7.322278,7.295085,7.268458,7.242401,7.216913,7.191993,7.167637,7.143842,7.120603,7.097912,7.075763,7.054147,7.033057,7.012483,6.992416,6.972845,6.953762,6.935155,6.917014,6.899329,6.882089,6.865283,6.848902,6.832934,6.817369,6.802197,6.787407,6.772990,6.758936,6.745235,6.731877,6.718854,6.706155,6.693773,6.681699,6.669923,6.658438,6.647235,6.636308,6.625647,6.615246,6.605097,6.595193,6.585527,6.576094,6.566885,6.557895,6.549118,6.540548,6.532179,6.524006,6.516022,6.508224,6.500605,6.493161,6.485887,6.478778,6.471830,6.465038,6.458399,6.451907,6.445560
-3.4000,6.954054,7.382873,7.389839,7.393754,7.398208,7.403650,7.410190,7.417864,7.426684,7.436655,7.447775,7.460040,7.473444,7.487979,7.503634,7.520396,7.538249,7.557175,7.577152,7.598156,7.620157,7.643121,7.667012,7.691785,7.717393,7.743781,7.770889,7.798650,7.826991,7.855832,7.885084,7.914654,7.944438,7.974328,8.004208,8.033955,8.063441,8.092531,8.121086,8.148964,8.176019,8.202105,8.227074,8.250780,8.273080,8.293835,8.312914,8.330190,8.345549,8.358884,8.370103,8.379127,8.385889,8.390341,8.392447,8.392191,8.389570,8.384600,8.377309,8.367744,8.355964,8.342042,8.326061,8.308117,8.288313,8.266760,8.243576,8.218883,8.192804,8.165468,8.136999,8.107524,8.077166,8.046047,8.014282,7.981985,7.949262,7.916216,7.882942,7.849530,7.816063,7.782621,7.749272,7.716083,7.683112,7.650414,7.618035,7.586019,7.554403,7.523219,7.492497,7.462260,7.432529,7.403321,7.374650,7.346527,7.318959,7.291953,7.265511,7.239636,7.214327,7.189582,7.165398,7.141770,7.118694,7.096161,7.074166,7.052700,7.031754,7.011320,6.991388,6.971948,6.952989,6.934503,6.916479,6.898905,6.881772,6.865069,6.848786,6.832912,6.817437,6.802351,6.787643,6.773304,6.759324,6.745694,6.732404,6.719445,6.706807,6.694483,6.682463,6.670739,6.659303,6.648147,6.637263,6.626643,6.616281,6.606169,6.596299,6.586666,6.577263,6.568082,6.559119,6.550367,6.541819,6.533472,6.525318,6.517353,6.509571,6.501967,6.494537,6.487276,6.480178,6.473241,6.466459,6.459828,6.453344,6.447003,6.440801,6.434735,6.428801
-3.2000,7.023832,7.461329,7.468429,7.472609,7.477436,7.483358,7.490478,7.498830,7.508422,7.519254,7.531317,7.544602,7.559096,7.574780,7.591636,7.609640,7.628764,7.648978,7.670245,7.692526,7.715774,7.739939,7.764964,7.790785,7.817332,7.844529,7.872292,7.900529,7.929142,7.958024,7.987064,8.016140,8.045127,8.073890,8.102292,8.130189,8.157435,8.183881,8.209376,8.233768,8.256911,8.278656,8.298864,8.317400,8.334137,8.348957,8.361757,8.372442,8.380934,8.387167,8.391095,8.392683,8.391916,8.388795,8.383337,8.375573,8.365553,8.353338,8.339002,8.322632,8.304324,8.284185,8.262327,8.238867,8.213929,8.187638,8.160119,8.131500,8.101906,8.071458,8.040278,8.008481,7.976177,7.943473,7.910468,7.877258,7.843929,7.810564,7.777239,7.744023,7.710980,7.678166,7.645634,7.613430,7.581595,7.550165,7.519172,7.488644,7.458603,7.429069,7.400058,7.371583,7.343654,7.316279,7.289463,7.263209,7.237517,7.212388,7.187819,7.163806,7.140345,7.117430,7.095054,7.073210,7.051891,7.031087,7.010789,6.990988,6.971674,6.952837,6.934467,6.916553,6.899086,6.882055,6.865449,6.849258,6.833473,6.818082,6.803075,6.788443,6.774177,6.760265,6.746699,6.733470,6.720569,6.707986,6.695713,6.683741,6.672062,6.660669,6.649553,6.638706,6.628121,6.617791,6.607709,6.597868,6.588260,6.578881,6.569723,6.560779,6.552046,6.543515,6.535183,6.527043,6.519090,6.511319,6.503725,6.496303,6.489049,6.481957,6.475025,6.468247,6.461618,6.455136,6.448797,6.442596,6.436529,6.430594,6.424787,6.419104,6.413543
-3.0000,7.099814,7.543511,7.550701,7.555143,7.560354,7.566765,7.574479,7.583521,7.593895,7.605591,7.618595,7.632886,7.648442,7.665233,7.683226,7.702383,7.722663,7.744016,7.766388,7.789719,7.813943,7.838987,7.864768,7.891200,7.918188,7.945627,7.973408,8.001414,8.029518,8.057589,8.085490,8.113076,8.140201,8.166712,8.192456,8.217277,8.241020,8.263534,8.284667,8.304277,8.322225,8.338384,8.352635,8.364871,8.374999,8.382940,8.388630,8.392021,8.393083,8.391801,8.388177,8.382232,8.374000,8.363530,8.350887,8.336149,8.319402,8.300747,8.280289,8.258142,8.234426,8.209264,8.182781,8.155103,8.126356,8.096665,8.066152,8.034935,8.003128,7.970841,7.938178,7.905237,7.872111,7.838887,7.805643,7.772455,7.739389,7.706507,7.673866,7.641515,7.609499,7.577858,7.546626,7.515835,7.485509,7.455672,7.426342,7.397534,7.369261,7.341531,7.314353,7.287729,7.261664,7.236157,7.211207,7.186813,7.162970,7.139674,7.116918,7.094696,7.073001,7.051824,7.031157,7.010991,6.991316,6.972123,6.953401,6.935141,6.917333,6.899966,6.883030,6.866514,6.850409,6.834705,6.819390,6.804456,6.789893,6.775691,6.761840,6.748331,6.735155,6.722303,6.709767,6.697538,6.685606,6.673965,6.662607,6.651523,6.640706,6.630148,6.619843,6.609783,6.599962,6.590374,6.581011,6.571867,6.562937,6.554214,6.545693,6.537369,6.529236,6.521288,6.513521,6.505930,6.498510,6.491256,6.484165,6.477230,6.470450,6.463818,6.457332,6.450988,6.444781,6.438708,6.432766,6.426951,6.421260,6.415690,6.410237,6.404899,6.399672
-2.8000,7.182313,7.629126,7.636349,7.641046,7.646636,7.653535,7.661836,7.671557,7.682692,7.695222,7.709122,7.724357,7.740891,7.758678,7.777669,7.797806,7.819026,7.841260,7.864430,7.888451,7.913230,7.938669,7.964658,7.991082,8.017818,8.044735,8.071695,8.098555,8.125165,8.151371,8.177017,8.201941,8.225985,8.248986,8.270789,8.291239,8.310187,8.327494,8.343029,8.356669,8.368308,8.377851,8.385218,8.390346,8.393188,8.393714,8.391910,8.387783,8.381352,8.372654,8.361743,8.348683,8.333554,8.316447,8.297460,8.276702,8.254289,8.230339,8.204976,8.178326,8.150514,8.121666,8.091905,8.061352,8.030124,7.998334,7.966089,7.933493,7.900641,7.867624,7.834526,7.801426,7.768395,7.735499,7.702798,7.670346,7.638192,7.606379,7.574945,7.543923,7.513343,7.483231,7.453606,7.424487,7.395888,7.367821,7.340294,7.313314,7.286885,7.261010,7.235687,7.210917,7.186696,7.163021,7.139886,7.117286,7.095214,7.073662,7.052623,7.032087,7.012047,6.992491,6.973412,6.954799,6.936642,6.918930,6.901655,6.884806,6.868372,6.852344,6.836712,6.821465,6.806595,6.792091,6.777944,6.764144,6.750683,6.737551,6.724740,6.712241,6.700046,6.688146,6.676533,6.665200,6.654139,6.643343,6.632803,6.622514,6.612468,6.602658,6.593079,6.583724,6.574586,6.565661,6.556941,6.548421,6.540097,6.531962,6.524011,6.516241,6.508644,6.501218,6.493957,6.486857,6.479914,6.473124,6.466482,6.459984,6.453628,6.447408,6.441322,6.435366,6.429537,6.423831,6.418245,6.412777,6.407422,6.402179,6.397045,6.392016,6.387090
-2.6000,7.271524,7.717727,7.724916,7.729847,7.735797,7.743159,7.752014,7.762368,7.774204,7.787489,7.802181,7.818230,7.835579,7.854163,7.873909,7.894737,7.916557,7.939273,7.962780,7.986963,8.011702,8.036867,8.062320,8.087916,8.113506,8.138932,8.164033,8.188645,8.212601,8.235733,8.257875,8.278864,8.298539,8.316748,8.333345,8.348196,8.361177,8.372176,8.381099,8.387865,8.392409,8.394684,8.394662,8.392331,8.387697,8.380782,8.371625,8.360280,8.346816,8.331312,8.313860,8.294563,8.273528,8.250872,8.226714,8.201178,8.174390,8.146473,8.117553,8.087753,8.057191,8.025982,7.994239,7.962066,7.929565,7.896829,7.863948,7.831002,7.798070,7.765219,7.732515,7.700014,7.667771,7.635830,7.604235,7.573022,7.542223,7.511866,7.481975,7.452571,7.423670,7.395285,7.367429,7.340108,7.313329,7.287095,7.261409,7.236270,7.211676,7.187626,7.164114,7.141137,7.118687,7.096759,7.075344,7.054435,7.034024,7.014100,6.994656,6.975682,6.957167,6.939103,6.921480,6.904286,6.887513,6.871151,6.855189,6.839619,6.824429,6.809611,6.795155,6.781052,6.767293,6.753868,6.740769,6.727987,6.715514,6.703342,6.691462,6.679866,6.668548,6.657499,6.646711,6.636179,6.625895,6.615852,6.606043,6.596463,6.587105,6.577964,6.569032,6.560305,6.551777,6.543442,6.535296,6.527333,6.519549,6.511938,6.504497,6.497220,6.490103,6.483142,6.476333,6.469672,6.463154,6.456777,6.450537,6.444429,6.438452,6.432600,6.426872,6.421263,6.415771,6.410394,6.405127,6.399968,6.394916,6.389966,6.385116,6.380364,6.375708
-2.4000,7.367459,7.808690,7.815765,7.820891,7.827158,7.834928,7.844265,7.855160,7.867578,7.881470,7.896773,7.913414,7.931313,7.950378,7.970508,7.991594,8.013516,8.036148,8.059351,8.082982,8.106888,8.130910,8.154883,8.178637,8.201998,8.224791,8.246840,8.267971,8.288011,8.306795,8.324163,8.339963,8.354056,8.366313,8.376621,8.384880,8.391008,8.394940,8.396629,8.396045,8.393177,8.388033,8.380635,8.371025,8.359258,8.345402,8.329541,8.311767,8.292183,8.270897,8.248027,8.223692,8.198015,8.171121,8.143134,8.114178,8.084372,8.053836,8.022682,7.991019,7.958952,7.926578,7.893990,7.861273,7.828509,7.795770,7.763125,7.730636,7.698358,7.666342,7.634634,7.603273,7.572295,7.541732,7.511609,7.481949,7.452773,7.424096,7.395931,7.368288,7.341175,7.314597,7.288558,7.263059,7.238100,7.213680,7.189795,7.166441,7.143614,7.121307,7.099514,7.078228,7.057439,7.037141,7.017325,6.997981,6.979100,6.960673,6.942689,6.925140,6.908016,6.891307,6.875003,6.859094,6.843571,6.828425,6.813646,6.799224,6.785152,6.771419,6.758017,6.744937,6.732171,6.719710,6.707547,6.695674,6.684082,6.672765,6.661714,6.650923,6.640385,6.630093,6.620040,6.610220,6.600626,6.591254,6.582095,6.573146,6.564399,6.555851,6.547495,6.539326,6.531339,6.523531,6.515895,6.508427,6.501123,6.493978,6.486989,6.480151,6.473461,6.466914,6.460507,6.454236,6.448098,6.442089,6.436206,6.430446,6.424806,6.419282,6.413873,6.408574,6.403383,6.398298,6.393316,6.388434,6.383650,6.378962,6.374366,6.369862,6.365447
-2.2000,7.469863,7.901185,7.908051,7.913312,7.919821,7.927902,7.937595,7.948873,7.961681,7.975943,7.991572,8.008468,8.026520,8.045605,8.065591,8.086333,8.107681,8.129473,8.151540,8.173709,8.195798,8.217624,8.239000,8.259741,8.279661,8.298580,8.316320,8.332714,8.347604,8.360842,8.372293,8.381840,8.389379,8.394824,8.398108,8.399183,8.398018,8.394603,8.388943,8.381065,8.371008,8.358830,8.344601,8.328404,8.310332,8.290489,8.268984,8.245933,8.221456,8.195676,8.168716,8.140698,8.111745,8.081975,8.051504,8.020444,7.988901,7.956977,7.924767,7.892361,7.859843,7.827291,7.794776,7.762364,7.730114,7.698082,7.666315,7.634858,7.603749,7.573021,7.542706,7.512827,7.483408,7.454467,7.426019,7.398076,7.370648,7.343743,7.317365,7.291517,7.266201,7.241417,7.217163,7.193435,7.170231,7.147544,7.125370,7.103701,7.082530,7.061850,7.041653,7.021929,7.002671,6.983868,6.965513,6.947595,6.930105,6.913034,6.896372,6.880110,6.864237,6.848746,6.833626,6.818869,6.804465,6.790406,6.776683,6.763286,6.750209,6.737442,6.724977,6.712807,6.700924,6.689319,6.677987,6.666919,6.656109,6.645549,6.635234,6.625156,6.615309,6.605687,6.596284,6.587095,6.578113,6.569333,6.560750,6.552359,6.544154,6.536130,6.528284,6.520609,6.513102,6.505759,6.498574,6.491545,6.484666,6.477935,6.471346,6.464898,6.458585,6.452405,6.446354,6.440430,6.434628,6.428945,6.423380,6.417928,6.412587,6.407355,6.402228,6.397204,6.392281,6.387456,6.382727,6.378091,6.373546,6.369090,6.364721,6.360437,6.356236
-2.0000,7.578119,7.994155,8.000702,8.006008,8.012642,8.020880,8.030736,8.042157,8.055061,8.069344,8.084888,8.101560,8.119214,8.137692,8.156827,8.176441,8.196349,8.216360,8.236278,8.255904,8.275040,8.293487,8.311052,8.327547,8.342793,8.356622,8.368876,8.379413,8.388109,8.394852,8.399554,8.402144,8.402569,8.400798,8.396818,8.390637,8.382278,8.371782,8.359208,8.344624,8.328116,8.309776,8.289707,8.268019,8.244828,8.220252,8.194412,8.167430,8.139428,8.110524,8.080836,8.050477,8.019556,7.988177,7.956438,7.924433,7.892249,7.859966,7.827660,7.795401,7.763252,7.731270,7.699508,7.668013,7.636826,7.605985,7.575522,7.545466,7.515842,7.486670,7.457969,7.429753,7.402033,7.374819,7.348119,7.321936,7.296274,7.271134,7.246515,7.222417,7.198835,7.175767,7.153208,7.131151,7.109590,7.088519,7.067930,7.047816,7.028167,7.008975,6.990233,6.971929,6.954057,6.936606,6.919568,6.902932,6.886691,6.870835,6.855354,6.840240,6.825484,6.811077,6.797010,6.783276,6.769865,6.756769,6.743980,6.731491,6.719294,6.707381,6.695744,6.684377,6.673273,6.662424,6.651824,6.641466,6.631344,6.621452,6.611784,6.602334,6.593096,6.584065,6.575235,6.566600,6.558157,6.549899,6.541823,6.533923,6.526195,6.518634,6.511236,6.503996,6.496912,6.489979,6.483192,6.476549,6.470045,6.463677,6.457443,6.451337,6.445358,6.439501,6.433765,6.428145,6.422640,6.417246,6.411961,6.406781,6.401705,6.396730,6.391853,6.387072,6.382386,6.377790,6.373285,6.368866,6.364533,6.360283,6.356114,6.352025,6.348014
-1.8000,7.691127,8.086306,8.092409,8.097631,8.104219,8.112391,8.122128,8.133347,8.145935,8.159756,8.174654,8.190461,8.206995,8.224063,8.241464,8.258990,8.276430,8.293569,8.310195,8.326101,8.341083,8.354948,8.367515,8.378613,8.388092,8.395814,8.401662,8.405540,8.407370,8.407097,8.404684,8.400118,8.393403,8.384562,8.373635,8.360679,8.345764,8.328973,8.310399,8.290144,8.268317,8.245031,8.220405,8.194557,8.167607,8.139673,8.110873,8.081321,8.051127,8.020396,7.989230,7.957725,7.925970,7.894050,7.862044,7.830022,7.798054,7.766199,7.734513,7.703046,7.671844,7.640947,7.610390,7.580205,7.550419,7.521056,7.492137,7.463677,7.435692,7.408193,7.381189,7.354686,7.328690,7.303202,7.278225,7.253758,7.229800,7.206348,7.183399,7.160947,7.138987,7.117514,7.096521,7.076001,7.055945,7.036348,7.017199,6.998491,6.980215,6.962363,6.944925,6.927894,6.911259,6.895013,6.879146,6.863650,6.848516,6.833735,6.819299,6.805199,6.791428,6.777976,6.764837,6.752002,6.739464,6.727215,6.715247,6.703554,6.692129,6.680964,6.670053,6.659390,6.648967,6.638780,6.628821,6.619085,6.609566,6.600258,6.591156,6.582255,6.573550,6.565035,6.556705,6.548557,6.540585,6.532784,6.525151,6.517680,6.510369,6.503213,6.496207,6.489349,6.482635,6.476060,6.469622,6.463317,6.457141,6.451092,6.445167,6.439362,6.433675,6.428102,6.422641,6.417290,6.412045,6.406903,6.401864,6.396923,6.392079,6.387330,6.382673,6.378106,6.373626,6.369233,6.364924,6.360697,6.356549,6.352480,6.348488,6.344570,6.340726
-1.6000,7.807197,8.176111,8.181626,8.186590,8.192893,8.200688,8.209920,8.220473,8.232197,8.244920,8.258454,8.272593,8.287123,8.301821,8.316461,8.330816,8.344660,8.357774,8.369948,8.380984,8.390697,8.398920,8.405504,8.410321,8.413263,8.414246,8.413207,8.410104,8.404918,8.397650,8.388321,8.376969,8.363647,8.348426,8.331386,8.312618,8.292223,8.270307,8.246982,8.222363,8.196567,8.169710,8.141907,8.113272,8.083917,8.053947,8.023465,7.992568,7.961350,7.929895,7.898287,7.866600,7.834903,7.803261,7.771733,7.740371,7.709225,7.678337,7.647746,7.617487,7.587590,7.558081,7.528983,7.500315,7.472096,7.444337,7.417050,7.390244,7.363926,7.338100,7.312770,7.287937,7.263601,7.239761,7.216414,7.193558,7.171187,7.149298,7.127884,7.106939,7.086457,7.066431,7.046853,7.027715,7.009010,6.990729,6.972864,6.955407,6.938350,6.921683,6.905399,6.889489,6.873944,6.858757,6.843919,6.829421,6.815256,6.801416,6.787893,6.774679,6.761766,6.749148,6.736817,6.724765,6.712986,6.701473,6.690219,6.679218,6.668464,6.657949,6.647668,6.637616,6.627785,6.618171,6.608769,6.599572,6.590576,6.581775,6.573164,6.564740,6.556496,6.548429,6.540534,6.532807,6.525243,6.517838,6.510590,6.503492,6.496543,6.489738,6.483073,6.476546,6.470152,6.463889,6.457753,6.451742,6.445852,6.440080,6.434424,6.428880,6.423447,6.418121,6.412899,6.407780,6.402762,6.397840,6.393015,6.388282,6.383640,6.379087,6.374621,6.370240,6.365942,6.361725,6.357587,6.353526,6.349541,6.345630,6.341791,6.338023,6.334324
-1.4000,7.923946,8.261828,8.266597,8.271076,8.276778,8.283789,8.292015,8.301306,8.311480,8.322331,8.333640,8.345176,8.356701,8.367977,8.378770,8.388851,8.398003,8.406025,8.412731,8.417956,8.421557,8.423413,8.423428,8.421528,8.417664,8.411810,8.403960,8.394130,8.382355,8.368684,8.353183,8.335931,8.317015,8.296532,8.274587,8.251286,8.226741,8.201066,8.174371,8.146770,8.118371,8.089281,8.059602,8.029433,7.998868,7.967994,7.936894,7.905647,7.874324,7.842993,7.811714,7.780544,7.749534,7.718730,7.688174,7.657903,7.627951,7.598346,7.569114,7.540278,7.511856,7.483865,7.456319,7.429228,7.402601,7.376446,7.350767,7.325568,7.300850,7.276614,7.252860,7.229584,7.206786,7.184460,7.162603,7.141210,7.120274,7.099791,7.079753,7.060153,7.040985,7.022241,7.003913,6.985994,6.968476,6.951350,6.934609,6.918245,6.902250,6.886615,6.871334,6.856397,6.841797,6.827527,6.813578,6.799944,6.786616,6.773588,6.760852,6.748401,6.736228,6.724327,6.712690,6.701312,6.690186,6.679306,6.668665,6.658258,6.648079,6.638123,6.628383,6.618854,6.609532,6.600410,6.591485,6.582750,6.574202,6.565836,6.557647,6.549631,6.541784,6.534101,6.526579,6.519213,6.511999,6.504935,6.498016,6.491239,6.484600,6.478096,6.471724,6.465481,6.459363,6.453367,6.447492,6.441732,6.436087,6.430554,6.425129,6.419810,6.414594,6.409480,6.404465,6.399547,6.394723,6.389991,6.385349,6.380795,6.376328,6.371944,6.367643,6.363422,6.359279,6.355214,6.351223,6.347306,6.343461,6.339686,6.335980,6.332340,6.328767
-1.2000,8.038253,8.341554,8.345405,8.349116,8.353824,8.359549,8.366163,8.373487,8.381315,8.389421,8.397567,8.405514,8.413022,8.419860,8.425809,8.430665,8.434245,8.436388,8.436958,8.435841,8.432952,8.428230,8.421637,8.413160,8.402807,8.390605,8.376598,8.360846,8.343422,8.324409,8.303899,8.281990,8.258786,8.234391,8.208914,8.182462,8.155142,8.127057,8.098309,8.068995,8.039208,8.009039,7.978570,7.947881,7.917046,7.886133,7.855206,7.824323,7.793539,7.762903,7.732458,7.702245,7.672300,7.642654,7.613337,7.584374,7.555786,7.527592,7.499809,7.472450,7.445526,7.419047,7.393020,7.367450,7.342342,7.317697,7.293517,7.269803,7.246551,7.223762,7.201431,7.179556,7.158131,7.137152,7.116614,7.096510,7.076836,7.057583,7.038745,7.020316,7.002288,6.984653,6.967405,6.950537,6.934039,6.917906,6.902129,6.886700,6.871614,6.856861,6.842434,6.828327,6.814532,6.801042,6.787850,6.774948,6.762331,6.749991,6.737923,6.726119,6.714573,6.703279,6.692231,6.681423,6.670849,6.660504,6.650382,6.640477,6.630785,6.621300,6.612017,6.602932,6.594038,6.585333,6.576811,6.568467,6.560298,6.552299,6.544467,6.536796,6.529283,6.521925,6.514718,6.507657,6.500740,6.493964,6.487324,6.480817,6.474441,6.468192,6.462067,6.456064,6.450180,6.444411,6.438755,6.433209,6.427772,6.422439,6.417210,6.412082,6.407051,6.402117,6.397276,6.392528,6.387869,6.383297,6.378811,6.374409,6.370089,6.365849,6.361688,6.357603,6.353593,6.349656,6.345790,6.341995,6.338269,6.334609,6.331016,6.327486,6.324020
-1.0000,8.146293,8.413294,8.416056,8.418677,8.421942,8.425817,8.430153,8.434760,8.439422,8.443915,8.448011,8.451487,8.454128,8.455738,8.456141,8.455184,8.452736,8.448698,8.442993,8.435572,8.426407,8.415497,8.402858,8.388526,8.372552,8.355000,8.335947,8.315476,8.293679,8.270652,8.246493,8.221302,8.195180,8.168228,8.140541,8.112216,8.083344,8.054013,8.024307,7.994304,7.964080,7.933703,7.903241,7.872751,7.842292,7.811913,7.781662,7.751582,7.721711,7.692085,7.662733,7.633686,7.604967,7.576598,7.548598,7.520984,7.493770,7.466967,7.440586,7.414634,7.389118,7.364042,7.339410,7.315224,7.291485,7.268192,7.245345,7.222941,7.200977,7.179451,7.158359,7.137695,7.117454,7.097633,7.078223,7.059221,7.040619,7.022411,7.004591,6.987151,6.970085,6.953385,6.937046,6.921059,6.905417,6.890115,6.875144,6.860497,6.846169,6.832151,6.818437,6.805021,6.791895,6.779054,6.766490,6.754198,6.742171,6.730403,6.718888,6.707620,6.696594,6.685803,6.675242,6.664907,6.654791,6.644889,6.635196,6.625707,6.616418,6.607324,6.598419,6.589700,6.581162,6.572801,6.564613,6.556593,6.548738,6.541043,6.533505,6.526120,6.518885,6.511795,6.504849,6.498041,6.491370,6.484831,6.478422,6.472140,6.465981,6.459944,6.454024,6.448220,6.442529,6.436948,6.431474,6.426106,6.420840,6.415675,6.410608,6.405637,6.400760,6.395975,6.391280,6.386672,6.382150,6.377712,6.373355,6.369080,6.364882,6.360761,6.356716,6.352744,6.348844,6.345014,6.341253,6.337559,6.333931,6.330368,6.326868,6.323429,6.320052
-0.8000,8.243695,8.475080,8.476605,8.477817,8.479199,8.480686,8.482130,8.483355,8.484168,8.484375,8.483789,8.482232,8.479546,8.475592,8.470258,8.463454,8.455118,8.445209,8.433713,8.420633,8.405994,8.389836,8.372211,8.353185,8.332833,8.311234,8.288476,8.264647,8.239839,8.214144,8.187653,8.160455,8.132638,8.104287,8.075483,8.046305,8.016824,7.987113,7.957235,7.927253,7.897224,7.867200,7.837232,7.807363,7.777636,7.748088,7.718753,7.689663,7.660844,7.632323,7.604121,7.576258,7.548751,7.521615,7.494863,7.468505,7.442551,7.417008,7.391881,7.367177,7.342897,7.319043,7.295618,7.272621,7.250050,7.227905,7.206184,7.184883,7.163998,7.143527,7.123464,7.103805,7.084545,7.065678,7.047198,7.029100,7.011378,6.994025,6.977035,6.960402,6.944119,6.928179,6.912577,6.897306,6.882358,6.867729,6.853410,6.839395,6.825679,6.812255,6.799116,6.786257,6.773671,6.761352,6.749294,6.737492,6.725940,6.714632,6.703562,6.692726,6.682117,6.671731,6.661562,6.651606,6.641857,6.632312,6.622964,6.613809,6.604844,6.596063,6.587462,6.579038,6.570785,6.562701,6.554780,6.547020,6.539417,6.531966,6.524665,6.517510,6.510497,6.503624,6.496887,6.490282,6.483808,6.477461,6.471237,6.465135,6.459152,6.453284,6.447529,6.441885,6.436350,6.430919,6.425592,6.420367,6.415239,6.410209,6.405273,6.400429,6.395675,6.391010,6.386431,6.381937,6.377525,6.373194,6.368943,6.364768,6.360670,6.356645,6.352693,6.348812,6.345000,6.341257,6.337579,6.333968,6.330419,6.326934,6.323509,6.320144,6.316838
-0.6000,8.325850,8.525103,8.525322,8.524901,8.524097,8.522844,8.521027,8.518514,8.515169,8.510858,8.505460,8.498869,8.490998,8.481779,8.471166,8.459133,8.445676,8.430807,8.414551,8.396952,8.378060,8.357939,8.336657,8.314287,8.290907,8.266599,8.241442,8.215519,8.188909,8.161692,8.133944,8.105739,8.077149,8.048241,8.019081,7.989730,7.960245,7.930681,7.901089,7.871514,7.842002,7.812592,7.783322,7.754226,7.725334,7.696676,7.668277,7.640159,7.612344,7.584850,7.557693,7.530887,7.504445,7.478377,7.452693,7.427399,7.402502,7.378007,7.353918,7.330236,7.306964,7.284102,7.261651,7.239608,7.217973,7.196743,7.175916,7.155488,7.135456,7.115815,7.096562,7.077690,7.059196,7.041075,7.023320,7.005925,6.988887,6.972197,6.955851,6.939843,6.924166,6.908814,6.893782,6.879062,6.864650,6.850538,6.836722,6.823194,6.809949,6.796981,6.784284,6.771853,6.759681,6.747763,6.736094,6.724668,6.713480,6.702525,6.691797,6.681291,6.671002,6.660926,6.651058,6.641392,6.631925,6.622652,6.613569,6.604670,6.595953,6.587412,6.579044,6.570845,6.562811,6.554939,6.547224,6.539662,6.532252,6.524988,6.517869,6.510889,6.504048,6.497340,6.490763,6.484315,6.477992,6.471791,6.465710,6.459746,6.453897,6.448159,6.442531,6.437010,6.431593,6.426279,6.421064,6.415948,6.410927,6.405999,6.401163,6.396417,6.391758,6.387185,6.382696,6.378289,6.373962,6.369713,6.365542,6.361445,6.357423,6.353472,6.349592,6.345781,6.342037,6.338360,6.334747,6.331198,6.327711,6.324285,6.320918,6.317610,6.314359
-0.4000,8.388347,8.561868,8.560872,8.558830,8.555862,8.551932,8.546980,8.540943,8.533759,8.525373,8.515741,8.504830,8.492623,8.479113,8.464312,8.448239,8.430927,8.412420,8.392766,8.372023,8.350253,8.327522,8.303898,8.279450,8.254250,8.228368,8.201873,8.174834,8.147318,8.119390,8.091112,8.062544,8.033744,8.004765,7.975659,7.946476,7.917261,7.888057,7.858904,7.829840,7.800899,7.772113,7.743513,7.715124,7.686971,7.659078,7.631464,7.604147,7.577144,7.550470,7.524136,7.498154,7.472535,7.447285,7.422412,7.397922,7.373819,7.350106,7.326787,7.303862,7.281332,7.259198,7.237458,7.216112,7.195157,7.174591,7.154411,7.134614,7.115196,7.096153,7.077481,7.059175,7.041230,7.023641,7.006404,6.989512,6.972961,6.956744,6.940857,6.925293,6.910046,6.895112,6.880484,6.866156,6.852123,6.838379,6.824918,6.811735,6.798823,6.786178,6.773794,6.761666,6.749787,6.738153,6.726759,6.715599,6.704668,6.693962,6.683475,6.673203,6.663140,6.653283,6.643627,6.634167,6.624899,6.615818,6.606921,6.598203,6.589661,6.581290,6.573086,6.565047,6.557167,6.549444,6.541874,6.534454,6.527179,6.520048,6.513056,6.506201,6.499480,6.492889,6.486426,6.480088,6.473871,6.467774,6.461794,6.455928,6.450173,6.444527,6.438989,6.433554,6.428222,6.422989,6.417854,6.412815,6.407869,6.403015,6.398250,6.393573,6.388981,6.384473,6.380047,6.375701,6.371434,6.367244,6.363129,6.359088,6.355119,6.351221,6.347391,6.343630,6.339934,6.336304,6.332737,6.329232,6.325789,6.322405,6.319079,6.315811,6.312599
-0.2000,8.427496,8.584317,8.582430,8.579155,8.574546,8.568606,8.561334,8.552730,8.542800,8.531553,8.519006,8.505182,8.490111,8.473828,8.456375,8.437798,8.418149,8.397482,8.375854,8.353325,8.329956,8.305810,8.280947,8.255432,8.229324,8.202687,8.175578,8.148056,8.120179,8.091999,8.063572,8.034946,8.006170,7.977290,7.948351,7.919392,7.890453,7.861572,7.832780,7.804112,7.775596,7.747260,7.719130,7.691227,7.663574,7.636191,7.609094,7.582299,7.555820,7.529670,7.503860,7.478400,7.453297,7.428559,7.404192,7.380200,7.356588,7.333357,7.310510,7.288049,7.265973,7.244282,7.222976,7.202053,7.181510,7.161346,7.141558,7.122141,7.103094,7.084411,7.066089,7.048122,7.030507,7.013239,6.996312,6.979721,6.963462,6.947528,6.931915,6.916617,6.901628,6.886943,6.872557,6.858463,6.844656,6.831132,6.817883,6.804905,6.792193,6.779740,6.767542,6.755594,6.743890,6.732425,6.721195,6.710193,6.699416,6.688858,6.678515,6.668381,6.658454,6.648727,6.639197,6.629859,6.620710,6.611744,6.602958,6.594348,6.585909,6.577639,6.569534,6.561589,6.553801,6.546167,6.538684,6.531347,6.524154,6.517101,6.510186,6.503405,6.496755,6.490234,6.483838,6.477566,6.471413,6.465377,6.459457,6.453649,6.447951,6.442360,6.436874,6.431492,6.426210,6.421026,6.415938,6.410945,6.406044,6.401233,6.396510,6.391874,6.387322,6.382853,6.378465,6.374156,6.369925,6.365770,6.361688,6.357680,6.353743,6.349876,6.346077,6.342345,6.338678,6.335076,6.331536,6.328058,6.324640,6.321281,6.317981,6.314736,6.311548
0.0000,8.440834,8.591860,8.589643,8.585901,8.580673,8.573980,8.565846,8.556296,8.545365,8.533086,8.519499,8.504649,8.488580,8.471343,8.452989,8.433572,8.413147,8.391773,8.369507,8.346408,8.322536,8.297950,8.272710,8.246875,8.220502,8.193648,8.166371,8.138723,8.110758,8.082527,8.054080,8.025463,7.996722,7.967900,7.939039,7.910176,7.881350,7.852593,7.823939,7.795418,7.767058,7.738884,7.710921,7.683191,7.655715,7.628509,7.601592,7.574978,7.548680,7.522710,7.497080,7.471797,7.446871,7.422307,7.398111,7.374288,7.350841,7.327773,7.305086,7.282781,7.260857,7.239316,7.218155,7.197373,7.176969,7.156939,7.137282,7.117993,7.099069,7.080506,7.062301,7.044448,7.026943,7.009781,6.992958,6.976467,6.960305,6.944466,6.928944,6.913734,6.898831,6.884229,6.869923,6.855907,6.842176,6.828724,6.815546,6.802636,6.789990,6.777601,6.765466,6.753577,6.741931,6.730522,6.719346,6.708397,6.697671,6.687162,6.676867,6.666780,6.656897,6.647213,6.637725,6.628428,6.619318,6.610390,6.601641,6.593066,6.584663,6.576426,6.568353,6.560440,6.552683,6.545078,6.537623,6.530314,6.523148,6.516122,6.509232,6.502475,6.495850,6.489351,6.482978,6.476727,6.470596,6.464581,6.458680,6.452891,6.447212,6.441640,6.436172,6.430806,6.425541,6.420373,6.415301,6.410323,6.405437,6.400641,6.395932,6.391309,6.386771,6.382315,6.377939,6.373642,6.369423,6.365279,6.361209,6.357212,6.353286,6.349429,6.345640,6.341917,6.338260,6.334667,6.331137,6.327667,6.324258,6.320908,6.317615,6.314379,6.311198
0.2000,8.427496,8.584317,8.582430,8.579155,8.574546,8.568606,8.561334,8.552730,8.542800,8.531553,8.519006,8.505182,8.490111,8.473828,8.456375,8.437798,8.418149,8.397482,8.375854,8.353325,8.329956,8.305810,8.280947,8.255432,8.229324,8.202687,8.175578,8.148056,8.120179,8.091999,8.063572,8.034946,8.006170,7.977290,7.948351,7.919392,7.890453,7.861572,7.832780,7.804112,7.775596,7.747260,7.719130,7.691227,7.663574,7.636191,7.609094,7.582299,7.555820,7.529670,7.503860,7.478400,7.453297,7.428559,7.404192,7.380200,7.356588,7.333357,7.310510,7.288049,7.265973,7.244282,7.222976,7.202053,7.181510,7.161346,7.141558,7.122141,7.103094,7.084411,7.066089,7.048122,7.030507,7.013239,6.996312,6.979721,6.963462,6.947528,6.931915,6.916617,6.901628,6.886943,6.872557,6.858463,6.844656,6.831132,6.817883,6.804905,6.792193,6.779740,6.767542,6.755594,6.743890,6.732425,6.721195,6.710193,6.699416,6.688858,6.678515,6.668381,6.658454,6.648727,6.639197,6.629859,6.620710,6.611744,6.602958,6.594348,6.585909,6.577639,6.569534,6.561589,6.553801,6.546167,6.538684,6.531347,6.524154,6.517101,6.510186,6.503405,6.496755,6.490234,6.483838,6.477566,6.471413,6.465377,6.459457,6.453649,6.447951,6.442360,6.436874,6.431492,6.426210,6.421026,6.415938,6.410945,6.406044,6.401233,6.396510,6.391874,6.387322,6.382853,6.378465,6.374156,6.369925,6.365770,6.361688,6.357680,6.353743,6.349876,6.346077,6.342345,6.338678,6.335076,6.331536,6.328058,6.324640,6.321281,6.317981,6.314736,6.311548
0.4000,8.388347,8.561868,8.560872,8.558830,8.555862,8.551932,8.546980,8.540943,8.533759,8.525373,8.515741,8.504830,8.492623,8.479113,8.464312,8.448239,8.430927,8.412420,8.392766,8.372023,8.350253,8.327522,8.303898,8.279450,8.254250,8.228368,8.201873,8.174834,8.147318,8.119390,8.091112,8.062544,8.033744,8.004765,7.975659,7.946476,7.917261,7.888057,7.858904,7.829840,7.800899,7.772113,7.743513,7.715124,7.686971,7.659078,7.631464,7.604147,7.577144,7.550470,7.524136,7.498154,7.472535,7.447285,7.422412,7.397922,7.373819,7.350106,7.326787,7.303862,7.281332,7.259198,7.237458,7.216112,7.195157,7.174591,7.154411,7.134614,7.115196,7.096153,7.077481,7.059175,7.041230,7.023641,7.006404,6.989512,6.972961,6.956744,6.940857,6.925293,6.910046,6.895112,6.880484,6.866156,6.852123,6.838379,6.824918,6.811735,6.798823,6.786178,6.773794,6.761666,6.749787,6.738153,6.726759,6.715599,6.704668,6.693962,6.683475,6.673203,6.663140,6.653283,6.643627,6.634167,6.624899,6.615818,6.606921,6.598203,6.589661,6.581290,6.573086,6.565047,6.557167,6.549444,6.541874,6.534454,6.527179,6.520048,6.513056,6.506201,6.499480,6.492889,6.486426,6.480088,6.473871,6.467774,6.461794,6.455928,6.450173,6.444527,6.438989,6.433554,6.428222,6.422989,6.417854,6.412815,6.407869,6.403015,6.398250,6.393573,6.388981,6.384473,6.380047,6.375701,6.371434,6.367244,6.363129,6.359088,6.355119,6.351221,6.347391,6.343630,6.339934,6.336304,6.332737,6.329232,6.325789,6.322405,6.319079,6.315811,6.312599
0.6000,8.325850,8.525103,8.525322,8.524901,8.524097,8.522844,8.521027,8.518514,8.515169,8.510858,8.505460,8.498869,8.490998,8.481779,8.471166,8.459133,8.445676,8.430807,8.414551,8.396952,8.378060,8.357939,8.336657,8.314287,8.290907,8.266599,8.241442,8.215519,8.188909,8.161692,8.133944,8.105739,8.077149,8.048241,8.019081,7.989730,7.960245,7.930681,7.901089,7.871514,7.842002,7.812592,7.783322,7.754226,7.725334,7.696676,7.668277,7.640159,7.612344,7.584850,7.557693,7.530887,7.504445,7.478377,7.452693,7.427399,7.402502,7.378007,7.353918,7.330236,7.306964,7.284102,7.261651,7.239608,7.217973,7.196743,7.175916,7.155488,7.135456,7.115815,7.096562,7.077690,7.059196,7.041075,7.023320,7.005925,6.988887,6.972197,6.955851,6.939843,6.924166,6.908814,6.893782,6.879062,6.864650,6.850538,6.836722,6.823194,6.809949,6.796981,6.784284,6.771853,6.759681,6.747763,6.736094,6.724668,6.713480,6.702525,6.691797,6.681291,6.671002,6.660926,6.651058,6.641392,6.631925,6.622652,6.613569,6.604670,6.595953,6.587412,6.579044,6.570845,6.562811,6.554939,6.547224,6.539662,6.532252,6.524988,6.517869,6.510889,6.504048,6.497340,6.490763,6.484315,6.477992,6.471791,6.465710,6.459746,6.453897,6.448159,6.442531,6.437010,6.431593,6.426279,6.421064,6.415948,6.410927,6.405999,6.401163,6.396417,6.391758,6.387185,6.382696,6.378289,6.373962,6.369713,6.365542,6.361445,6.357423,6.353472,6.349592,6.345781,6.342037,6.338360,6.334747,6.331198,6.327711,6.324285,6.320918,6.317610,6.314359
0.8000,8.243695,8.475080,8.476605,8.477817,8.479199,8.480686,8.482130,8.483355,8.484168,8.484375,8.483789,8.482232,8.479546,8.475592,8.470258,8.463454,8.455118,8.445209,8.433713,8.420633,8.405994,8.389836,8.372211,8.353185,8.332833,8.311234,8.288476,8.264647,8.239839,8.214144,8.187653,8.160455,8.132638,8.104287,8.075483,8.046305,8.016824,7.987113,7.957235,7.927253,7.897224,7.867200,7.837232,7.807363,7.777636,7.748088,7.718753,7.689663,7.660844,7.632323,7.604121,7.576258,7.548751,7.521615,7.494863,7.468505,7.442551,7.417008,7.391881,7.367177,7.342897,7.319043,7.295618,7.272621,7.250050,7.227905,7.206184,7.184883,7.163998,7.143527,7.123464,7.103805,7.084545,7.065678,7.047198,7.029100,7.011378,6.994025,6.977035,6.960402,6.944119,6.928179,6.912577,6.897306,6.882358,6.867729,6.853410,6.839395,6.825679,6.812255,6.799116,6.786257,6.773671,6.761352,6.749294,6.737492,6.725940,6.714632,6.703562,6.692726,6.682117,6.671731,6.661562,6.651606,6.641857,6.632312,6.622964,6.613809,6.604844,6.596063,6.587462,6.579038,6.570785,6.562701,6.554780,6.547020,6.539417,6.531966,6.524665,6.517510,6.510497,6.503624,6.496887,6.490282,6.483808,6.477461,6.471237,6.465135,6.459152,6.453284,6.447529,6.441885,6.436350,6.430919,6.425592,6.420367,6.415239,6.410209,6.405273,6.400429,6.395675,6.391010,6.386431,6.381937,6.377525,6.373194,6.368943,6.364768,6.360670,6.356645,6.352693,6.348812,6.345000,6.341257,6.337579,6.333968,6.330419,6.326934,6.323509,6.320144,6.316838
1.0000,8.146293,8.413294,8.416056,8.418677,8.421942,8.425817,8.430153,8.434760,8.439422,8.443915,8.448011,8.451487,8.454128,8.455738,8.456141,8.455184,8.452736,8.448698,8.442993,8.435572,8.426407,8.415497,8.402858,8.388526,8.372552,8.355000,8.335947,8.315476,8.293679,8.270652,8.246493,8.221302,8.195180,8.168228,8.140541,8.112216,8.083344,8.054013,8.024307,7.994304,7.964080,7.933703,7.903241,7.872751,7.842292,7.811913,7.781662,7.751582,7.721711,7.692085,7.662733,7.633686,7.604967,7.576598,7.548598,7.520984,7.493770,7.466967,7.440586,7.414634,7.389118,7.364042,7.339410,7.315224,7.291485,7.268192,7.245345,7.222941,7.200977,7.179451,7.158359,7.137695,7.117454,7.097633,7.078223,7.059221,7.040619,7.022411,7.004591,6.987151,6.970085,6.953385,6.937046,6.921059,6.905417,6.890115,6.875144,6.860497,6.846169,6.832151,6.818437,6.805021,6.791895,6.779054,6.766490,6.754198,6.742171,6.730403,6.718888,6.707620,6.696594,6.685803,6.675242,6.664907,6.654791,6.644889,6.635196,6.625707,6.616418,6.607324,6.598419,6.589700,6.581162,6.572801,6.564613,6.556593,6.548738,6.541043,6.533505,6.526120,6.518885,6.511795,6.504849,6.498041,6.491370,6.484831,6.478422,6.472140,6.465981,6.459944,6.454024,6.448220,6.442529,6.436948,6.431474,6.426106,6.420840,6.415675,6.410608,6.405637,6.400760,6.395975,6.391280,6.386672,6.382150,6.377712,6.373355,6.369080,6.364882,6.360761,6.356716,6.352744,6.348844,6.345014,6.341253,6.337559,6.333931,6.330368,6.326868,6.323429,6.320052
1.2000,8.038253,8.341554,8.345405,8.349116,8.353824,8.359549,8.366163,8.373487,8.381315,8.389421,8.397567,8.405514,8.413022,8.419860,8.425809,8.430665,8.434245,8.436388,8.436958,8.435841,8.432952,8.428230,8.421637,8.413160,8.402807,8.390605,8.376598,8.360846,8.343422,8.324409,8.303899,8.281990,8.258786,8.234391,8.208914,8.182462,8.155142,8.127057,8.098309,8.068995,8.039208,8.009039,7.978570,7.947881,7.917046,7.886133,7.855206,7.824323,7.793539,7.762903,7.732458,7.702245,7.672300,7.642654,7.613337,7.584374,7.555786,7.527592,7.499809,7.472450,7.445526,7.419047,7.393020,7.367450,7.342342,7.317697,7.293517,7.269803,7.246551,7.223762,7.201431,7.179556,7.158131,7.137152,7.116614,7.096510,7.076836,7.057583,7.038745,7.020316,7.002288,6.984653,6.967405,6.950537,6.934039,6.917906,6.902129,6.886700,6.871614,6.856861,6.842434,6.828327,6.814532,6.801042,6.787850,6.774948,6.762331,6.749991,6.737923,6.726119,6.714573,6.703279,6.692231,6.681423,6.670849,6.660504,6.650382,6.640477,6.630785,6.621300,6.612017,6.602932,6.594038,6.585333,6.576811,6.568467,6.560298,6.552299,6.544467,6.536796,6.529283,6.521925,6.514718,6.507657,6.500740,6.493964,6.487324,6.480817,6.474441,6.468192,6.462067,6.456064,6.450180,6.444411,6.438755,6.433209,6.427772,6.422439,6.417210,6.412082,6.407051,6.402117,6.397276,6.392528,6.387869,6.383297,6.378811,6.374409,6.370089,6.365849,6.361688,6.357603,6.353593,6.349656,6.345790,6.341995,6.338269,6.334609,6.331016,6.327486,6.324020
1.4000,7.923946,8.261828,8.266597,8.271076,8.276778,8.283789,8.292015,8.301306,8.311480,8.322331,8.333640,8.345176,8.356701,8.367977,8.378770,8.388851,8.398003,8.406025,8.412731,8.417956,8.421557,8.423413,8.423428,8.421528,8.417664,8.411810,8.403960,8.394130,8.382355,8.368684,8.353183,8.335931,8.317015,8.296532,8.274587,8.251286,8.226741,8.201066,8.174371,8.146770,8.118371,8.089281,8.059602,8.029433,7.998868,7.967994,7.936894,7.905647,7.874324,7.842993,7.811714,7.780544,7.749534,7.718730,7.688174,7.657903,7.627951,7.598346,7.569114,7.540278,7.511856,7.483865,7.456319,7.429228,7.402601,7.376446,7.350767,7.325568,7.300850,7.276614,7.252860,7.229584,7.206786,7.184460,7.162603,7.141210,7.120274,7.099791,7.079753,7.060153,7.040985,7.022241,7.003913,6.985994,6.968476,6.951350,6.934609,6.918245,6.902250,6.886615,6.871334,6.856397,6.841797,6.827527,6.813578,6.799944,6.786616,6.773588,6.760852,6.748401,6.736228,6.724327,6.712690,6.701312,6.690186,6.679306,6.668665,6.658258,6.648079,6.638123,6.628383,6.618854,6.609532,6.600410,6.591485,6.582750,6.574202,6.565836,6.557647,6.549631,6.541784,6.534101,6.526579,6.519213,6.511999,6.504935,6.498016,6.491239,6.484600,6.478096,6.471724,6.465481,6.459363,6.453367,6.447492,6.441732,6.436087,6.430554,6.425129,6.419810,6.414594,6.409480,6.404465,6.399547,6.394723,6.389991,6.385349,6.380795,6.376328,6.371944,6.367643,6.363422,6.359279,6.355214,6.351223,6.347306,6.343461,6.339686,6.335980,6.332340,6.328767
1.6000,7.807197,8.176111,8.181626,8.186590,8.192893,8.200688,8.209920,8.220473,8.232197,8.244920,8.258454,8.272593,8.287123,8.301821,8.316461,8.330816,8.344660,8.357774,8.369948,8.380984,8.390697,8.398920,8.405504,8.410321,8.413263,8.414246,8.413207,8.410104,8.404918,8.397650,8.388321,8.376969,8.363647,8.348426,8.331386,8.312618,8.292223,8.270307,8.246982,8.222363,8.196567,8.169710,8.141907,8.113272,8.083917,8.053947,8.023465,7.992568,7.961350,7.929895,7.898287,7.866600,7.834903,7.803261,7.771733,7.740371,7.709225,7.678337,7.647746,7.617487,7.587590,7.558081,7.528983,7.500315,7.472096,7.444337,7.417050,7.390244,7.363926,7.338100,7.312770,7.287937,7.263601,7.239761,7.216414,7.193558,7.171187,7.149298,7.127884,7.106939,7.086457,7.066431,7.046853,7.027715,7.009010,6.990729,6.972864,6.955407,6.938350,6.921683,6.905399,6.889489,6.873944,6.858757,6.843919,6.829421,6.815256,6.801416,6.787893,6.774679,6.761766,6.749148,6.736817,6.724765,6.712986,6.701473,6.690219,6.679218,6.668464,6.657949,6.647668,6.637616,6.627785,6.618171,6.608769,6.599572,6.590576,6.581775,6.573164,6.564740,6.556496,6.548429,6.540534,6.532807,6.525243,6.517838,6.510590,6.503492,6.496543,6.489738,6.483073,6.476546,6.470152,6.463889,6.457753,6.451742,6.445852,6.440080,6.434424,6.428880,6.423447,6.418121,6.412899,6.407780,6.402762,6.397840,6.393015,6.388282,6.383640,6.379087,6.374621,6.370240,6.365942,6.361725,6.357587,6.353526,6.349541,6.345630,6.341791,6.338023,6.334324
1.8000,7.691127,8.086306,8.092409,8.097631,8.104219,8.112391,8.122128,8.133347,8.145935,8.159756,8.174654,8.190461,8.206995,8.224063,8.241464,8.258990,8.276430,8.293569,8.310195,8.326101,8.341083,8.354948,8.367515,8.378613,8.388092,8.395814,8.401662,8.405540,8.407370,8.407097,8.404684,8.400118,8.393403,8.384562,8.373635,8.360679,8.345764,8.328973,8.310399,8.290144,8.268317,8.245031,8.220405,8.194557,8.167607,8.139673,8.110873,8.081321,8.051127,8.020396,7.989230,7.957725,7.925970,7.894050,7.862044,7.830022,7.798054,7.766199,7.734513,7.703046,7.671844,7.640947,7.610390,7.580205,7.550419,7.521056,7.492137,7.463677,7.435692,7.408193,7.381189,7.354686,7.328690,7.303202,7.278225,7.253758,7.229800,7.206348,7.183399,7.160947,7.138987,7.117514,7.096521,7.076001,7.055945,7.036348,7.017199,6.998491,6.980215,6.962363,6.944925,6.927894,6.911259,6.895013,6.879146,6.863650,6.848516,6.833735,6.819299,6.805199,6.791428,6.777976,6.764837,6.752002,6.739464,6.727215,6.715247,6.703554,6.692129,6.680964,6.670053,6.659390,6.648967,6.638780,6.628821,6.619085,6.609566,6.600258,6.591156,6.582255,6.573550,6.565035,6.556705,6.548557,6.540585,6.532784,6.525151,6.517680,6.510369,6.503213,6.496207,6.489349,6.482635,6.476060,6.469622,6.463317,6.457141,6.451092,6.445167,6.439362,6.433675,6.428102,6.422641,6.417290,6.412045,6.406903,6.401864,6.396923,6.392079,6.387330,6.382673,6.378106,6.373626,6.369233,6.364924,6.360697,6.356549,6.352480,6.348488,6.344570,6.340726
2.0000,7.578119,7.994155,8.000702,8.006008,8.012642,8.020880,8.030736,8.042157,8.055061,8.069344,8.084888,8.101560,8.119214,8.137692,8.156827,8.176441,8.196349,8.216360,8.236278,8.255904,8.275040,8.293487,8.311052,8.327547,8.342793,8.356622,8.368876,8.379413,8.388109,8.394852,8.399554,8.402144,8.402569,8.400798,8.396818,8.390637,8.382278,8.371782,8.359208,8.344624,8.328116,8.309776,8.289707,8.268019,8.244828,8.220252,8.194412,8.167430,8.139428,8.110524,8.080836,8.050477,8.019556,7.988177,7.956438,7.924433,7.892249,7.859966,7.827660,7.795401,7.763252,7.731270,7.699508,7.668013,7.636826,7.605985,7.575522,7.545466,7.515842,7.486670,7.457969,7.429753,7.402033,7.374819,7.348119,7.321936,7.296274,7.271134,7.246515,7.222417,7.198835,7.175767,7.153208,7.131151,7.109590,7.088519,7.067930,7.047816,7.028167,7.008975,6.990233,6.971929,6.954057,6.936606,6.919568,6.902932,6.886691,6.870835,6.855354,6.840240,6.825484,6.811077,6.797010,6.783276,6.769865,6.756769,6.743980,6.731491,6.719294,6.707381,6.695744,6.684377,6.673273,6.662424,6.651824,6.641466,6.631344,6.621452,6.611784,6.602334,6.593096,6.584065,6.575235,6.566600,6.558157,6.549899,6.541823,6.533923,6.526195,6.518634,6.511236,6.503996,6.496912,6.489979,6.483192,6.476549,6.470045,6.463677,6.457443,6.451337,6.445358,6.439501,6.433765,6.428145,6.422640,6.417246,6.411961,6.406781,6.401705,6.396730,6.391853,6.387072,6.382386,6.377790,6.373285,6.368866,6.364533,6.360283,6.356114,6.352025,6.348014
2.2000,7.469863,7.901185,7.908051,7.913312,7.919821,7.927902,7.937595,7.948873,7.961681,7.975943,7.991572,8.008468,8.026520,8.045605,8.065591,8.086333,8.107681,8.129473,8.151540,8.173709,8.195798,8.217624,8.239000,8.259741,8.279661,8.298580,8.316320,8.332714,8.347604,8.360842,8.372293,8.381840,8.389379,8.394824,8.398108,8.399183,8.398018,8.394603,8.388943,8.381065,8.371008,8.358830,8.344601,8.328404,8.310332,8.290489,8.268984,8.245933,8.221456,8.195676,8.168716,8.140698,8.111745,8.081975,8.051504,8.020444,7.988901,7.956977,7.924767,7.892361,7.859843,7.827291,7.794776,7.762364,7.730114,7.698082,7.666315,7.634858,7.603749,7.573021,7.542706,7.512827,7.483408,7.454467,7.426019,7.398076,7.370648,7.343743,7.317365,7.291517,7.266201,7.241417,7.217163,7.193435,7.170231,7.147544,7.125370,7.103701,7.082530,7.061850,7.041653,7.021929,7.002671,6.983868,6.965513,6.947595,6.930105,6.913034,6.896372,6.880110,6.864237,6.848746,6.833626,6.818869,6.804465,6.790406,6.776683,6.763286,6.750209,6.737442,6.724977,6.712807,6.700924,6.689319,6.677987,6.666919,6.656109,6.645549,6.635234,6.625156,6.615309,6.605687,6.596284,6.587095,6.578113,6.569333,6.560750,6.552359,6.544154,6.536130,6.528284,6.520609,6.513102,6.505759,6.498574,6.491545,6.484666,6.477935,6.471346,6.464898,6.458585,6.452405,6.446354,6.440430,6.434628,6.428945,6.423380,6.417928,6.412587,6.407355,6.402228,6.397204,6.392281,6.387456,6.382727,6.378091,6.373546,6.369090,6.364721,6.360437,6.356236
2.4000,7.367459,7.808690,7.815765,7.820891,7.827158,7.834928,7.844265,7.855160,7.867578,7.881470,7.896773,7.913414,7.931313,7.950378,7.970508,7.991594,8.013516,8.036148,8.059351,8.082982,8.106888,8.130910,8.154883,8.178637,8.201998,8.224791,8.246840,8.267971,8.288011,8.306795,8.324163,8.339963,8.354056,8.366313,8.376621,8.384880,8.391008,8.394940,8.396629,8.396045,8.393177,8.388033,8.380635,8.371025,8.359258,8.345402,8.329541,8.311767,8.292183,8.270897,8.248027,8.223692,8.198015,8.171121,8.143134,8.114178,8.084372,8.053836,8.022682,7.991019,7.958952,7.926578,7.893990,7.861273,7.828509,7.795770,7.763125,7.730636,7.698358,7.666342,7.634634,7.603273,7.572295,7.541732,7.511609,7.481949,7.452773,7.424096,7.395931,7.368288,7.341175,7.314597,7.288558,7.263059,7.238100,7.213680,7.189795,7.166441,7.143614,7.121307,7.099514,7.078228,7.057439,7.037141,7.017325,6.997981,6.979100,6.960673,6.942689,6.925140,6.908016,6.891307,6.875003,6.859094,6.843571,6.828425,6.813646,6.799224,6.785152,6.771419,6.758017,6.744937,6.732171,6.719710,6.707547,6.695674,6.684082,6.672765,6.661714,6.650923,6.640385,6.630093,6.620040,6.610220,6.600626,6.591254,6.582095,6.573146,6.564399,6.555851,6.547495,6.539326,6.531339,6.523531,6.515895,6.508427,6.501123,6.493978,6.486989,6.480151,6.473461,6.466914,6.460507,6.454236,6.448098,6.442089,6.436206,6.430446,6.424806,6.419282,6.413873,6.408574,6.403383,6.398298,6.393316,6.388434,6.383650,6.378962,6.374366,6.369862,6.365447
2.6000,7.271524,7.717727,7.724916,7.729847,7.735797,7.743159,7.752014,7.762368,7.774204,7.787489,7.802181,7.818230,7.835579,7.854163,7.873909,7.894737,7.916557,7.939273,7.962780,7.986963,8.011702,8.036867,8.062320,8.087916,8.113506,8.138932,8.164033,8.188645,8.212601,8.235733,8.257875,8.278864,8.298539,8.316748,8.333345,8.348196,8.361177,8.372176,8.381099,8.387865,8.392409,8.394684,8.394662,8.392331,8.387697,8.380782,8.371625,8.360280,8.346816,8.331312,8.313860,8.294563,8.273528,8.250872,8.226714,8.201178,8.174390,8.146473,8.117553,8.087753,8.057191,8.025982,7.994239,7.962066,7.929565,7.896829,7.863948,7.831002,7.798070,7.765219,7.732515,7.700014,7.667771,7.635830,7.604235,7.573022,7.542223,7.511866,7.481975,7.452571,7.423670,7.395285,7.367429,7.340108,7.313329,7.287095,7.261409,7.236270,7.211676,7.187626,7.164114,7.141137,7.118687,7.096759,7.075344,7.054435,7.034024,7.014100,6.994656,6.975682,6.957167,6.939103,6.921480,6.904286,6.887513,6.871151,6.855189,6.839619,6.824429,6.809611,6.795155,6.781052,6.767293,6.753868,6.740769,6.727987,6.715514,6.703342,6.691462,6.679866,6.668548,6.657499,6.646711,6.636179,6.625895,6.615852,6.606043,6.596463,6.587105,6.577964,6.569032,6.560305,6.551777,6.543442,6.535296,6.527333,6.519549,6.511938,6.504497,6.497220,6.490103,6.483142,6.476333,6.469672,6.463154,6.456777,6.450537,6.444429,6.438452,6.432600,6.426872,6.421263,6.415771,6.410394,6.405127,6.399968,6.394916,6.389966,6.385116,6.380364,6.375708
2.8000,7.182313,7.629126,7.636349,7.641046,7.646636,7.653535,7.661836,7.671557,7.682692,7.695222,7.709122,7.724357,7.740891,7.758678,7.777669,7.797806,7.819026,7.841260,7.864430,7.888451,7.913230,7.938669,7.964658,7.991082,8.017818,8.044735,8.071695,8.098555,8.125165,8.151371,8.177017,8.201941,8.225985,8.248986,8.270789,8.291239,8.310187,8.327494,8.343029,8.356669,8.368308,8.377851,8.385218,8.390346,8.393188,8.393714,8.391910,8.387783,8.381352,8.372654,8.361743,8.348683,8.333554,8.316447,8.297460,8.276702,8.254289,8.230339,8.204976,8.178326,8.150514,8.121666,8.091905,8.061352,8.030124,7.998334,7.966089,7.933493,7.900641,7.867624,7.834526,7.801426,7.768395,7.735499,7.702798,7.670346,7.638192,7.606379,7.574945,7.543923,7.513343,7.483231,7.453606,7.424487,7.395888,7.367821,7.340294,7.313314,7.286885,7.261010,7.235687,7.210917,7.186696,7.163021,7.139886,7.117286,7.095214,7.073662,7.052623,7.032087,7.012047,6.992491,6.973412,6.954799,6.936642,6.918930,6.901655,6.884806,6.868372,6.852344,6.836712,6.821465,6.806595,6.792091,6.777944,6.764144,6.750683,6.737551,6.724740,6.712241,6.700046,6.688146,6.676533,6.665200,6.654139,6.643343,6.632803,6.622514,6.612468,6.602658,6.593079,6.583724,6.574586,6.565661,6.556941,6.548421,6.540097,6.531962,6.524011,6.516241,6.508644,6.501218,6.493957,6.486857,6.479914,6.473124,6.466482,6.459984,6.453628,6.447408,6.441322,6.435366,6.429537,6.423831,6.418245,6.412777,6.407422,6.402179,6.397045,6.392016,6.387090
3.0000,7.099814,7.543511,7.550701,7.555143,7.560354,7.566765,7.574479,7.583521,7.593895,7.605591,7.618595,7.632886,7.648442,7.665233,7.683226,7.702383,7.722663,7.744016,7.766388,7.789719,7.813943,7.838987,7.864768,7.891200,7.918188,7.945627,7.973408,8.001414,8.029518,8.057589,8.085490,8.113076,8.140201,8.166712,8.192456,8.217277,8.241020,8.263534,8.284667,8.304277,8.322225,8.338384,8.352635,8.364871,8.374999,8.382940,8.388630,8.392021,8.393083,8.391801,8.388177,8.382232,8.374000,8.363530,8.350887,8.336149,8.319402,8.300747,8.280289,8.258142,8.234426,8.209264,8.182781,8.155103,8.126356,8.096665,8.066152,8.034935,8.003128,7.970841,7.938178,7.905237,7.872111,7.838887,7.805643,7.772455,7.739389,7.706507,7.673866,7.641515,7.609499,7.577858,7.546626,7.515835,7.485509,7.455672,7.426342,7.397534,7.369261,7.341531,7.314353,7.287729,7.261664,7.236157,7.211207,7.186813,7.162970,7.139674,7.116918,7.094696,7.073001,7.051824,7.031157,7.010991,6.991316,6.972123,6.953401,6.935141,6.917333,6.899966,6.883030,6.866514,6.850409,6.834705,6.819390,6.804456,6.789893,6.775691,6.761840,6.748331,6.735155,6.722303,6.709767,6.697538,6.685606,6.673965,6.662607,6.651523,6.640706,6.630148,6.619843,6.609783,6.599962,6.590374,6.581011,6.571867,6.562937,6.554214,6.545693,6.537369,6.529236,6.521288,6.513521,6.505930,6.498510,6.491256,6.484165,6.477230,6.470450,6.463818,6.457332,6.450988,6.444781,6.438708,6.432766,6.426951,6.421260,6.415690,6.410237,6.404899,6.399672
3.2000,7.023832,7.461329,7.468429,7.472609,7.477436,7.483358,7.490478,7.498830,7.508422,7.519254,7.531317,7.544602,7.559096,7.574780,7.591636,7.609640,7.628764,7.648978,7.670245,7.692526,7.715774,7.739939,7.764964,7.790785,7.817332,7.844529,7.872292,7.900529,7.929142,7.958024,7.987064,8.016140,8.045127,8.073890,8.102292,8.130189,8.157435,8.183881,8.209376,8.233768,8.256911,8.278656,8.298864,8.317400,8.334137,8.348957,8.361757,8.372442,8.380934,8.387167,8.391095,8.392683,8.391916,8.388795,8.383337,8.375573,8.365553,8.353338,8.339002,8.322632,8.304324,8.284185,8.262327,8.238867,8.213929,8.187638,8.160119,8.131500,8.101906,8.071458,8.040278,8.008481,7.976177,7.943473,7.910468,7.877258,7.843929,7.810564,7.777239,7.744023,7.710980,7.678166,7.645634,7.613430,7.581595,7.550165,7.519172,7.488644,7.458603,7.429069,7.400058,7.371583,7.343654,7.316279,7.289463,7.263209,7.237517,7.212388,7.187819,7.163806,7.140345,7.117430,7.095054,7.073210,7.051891,7.031087,7.010789,6.990988,6.971674,6.952837,6.934467,6.916553,6.899086,6.882055,6.865449,6.849258,6.833473,6.818082,6.803075,6.788443,6.774177,6.760265,6.746699,6.733470,6.720569,6.707986,6.695713,6.683741,6.672062,6.660669,6.649553,6.638706,6.628121,6.617791,6.607709,6.597868,6.588260,6.578881,6.569723,6.560779,6.552046,6.543515,6.535183,6.527043,6.519090,6.511319,6.503725,6.496303,6.489049,6.481957,6.475025,6.468247,6.461618,6.455136,6.448797,6.442596,6.436529,6.430594,6.424787,6.419104,6.413543
3.4000,6.954054,7.382873,7.389839,7.393754,7.398208,7.403650,7.410190,7.417864,7.426684,7.436655,7.447775,7.460040,7.473444,7.487979,7.503634,7.520396,7.538249,7.557175,7.577152,7.598156,7.620157,7.643121,7.667012,7.691785,7.717393,7.743781,7.770889,7.798650,7.826991,7.855832,7.885084,7.914654,7.944438,7.974328,8.004208,8.033955,8.063441,8.092531,8.121086,8.148964,8.176019,8.202105,8.227074,8.250780,8.273080,8.293835,8.312914,8.330190,8.345549,8.358884,8.370103,8.379127,8.385889,8.390341,8.392447,8.392191,8.389570,8.384600,8.377309,8.367744,8.355964,8.342042,8.326061,8.308117,8.288313,8.266760,8.243576,8.218883,8.192804,8.165468,8.136999,8.107524,8.077166,8.046047,8.014282,7.981985,7.949262,7.916216,7.882942,7.849530,7.816063,7.782621,7.749272,7.716083,7.683112,7.650414,7.618035,7.586019,7.554403,7.523219,7.492497,7.462260,7.432529,7.403321,7.374650,7.346527,7.318959,7.291953,7.265511,7.239636,7.214327,7.189582,7.165398,7.141770,7.118694,7.096161,7.074166,7.052700,7.031754,7.011320,6.991388,6.971948,6.952989,6.934503,6.916479,6.898905,6.881772,6.865069,6.848786,6.832912,6.817437,6.802351,6.787643,6.773304,6.759324,6.745694,6.732404,6.719445,6.706807,6.694483,6.682463,6.670739,6.659303,6.648147,6.637263,6.626643,6.616281,6.606169,6.596299,6.586666,6.577263,6.568082,6.559119,6.550367,6.541819,6.533472,6.525318,6.517353,6.509571,6.501967,6.494537,6.487276,6.480178,6.473241,6.466459,6.459828,6.453344,6.447003,6.440801,6.434735,6.428801
3.6000,6.890099,7.308311,7.315107,7.318763,7.322858,7.327843,7.333828,7.340850,7.348927,7.358064,7.368265,7.379531,7.391859,7.405247,7.419692,7.435187,7.451726,7.469299,7.487896,7.507501,7.528098,7.549669,7.572189,7.595631,7.619965,7.645154,7.671159,7.697932,7.725423,7.753574,7.782321,7.811593,7.841312,7.871395,7.901750,7.932278,7.962874,7.993424,8.023810,8.053907,8.083584,8.112705,8.141132,8.168722,8.195332,8.220817,8.245033,8.267841,8.289103,8.308689,8.326473,8.342342,8.356189,8.367923,8.377462,8.384740,8.389706,8.392324,8.392574,8.390452,8.385969,8.379155,8.370050,8.358713,8.345213,8.329632,8.312063,8.292608,8.271377,8.248485,8.224054,8.198208,8.171072,8.142774,8.113439,8.083192,8.052154,8.020442,7.988172,7.955451,7.922382,7.889064,7.855587,7.822037,7.788494,7.755029,7.721710,7.688597,7.655746,7.623206,7.591020,7.559227,7.527863,7.496955,7.466530,7.436610,7.407211,7.378349,7.350035,7.322278,7.295085,7.268458,7.242401,7.216913,7.191993,7.167637,7.143842,7.120603,7.097912,7.075763,7.054147,7.033057,7.012483,6.992416,6.972845,6.953762,6.935155,6.917014,6.899329,6.882089,6.865283,6.848902,6.832934,6.817369,6.802197,6.787407,6.772990,6.758936,6.745235,6.731877,6.718854,6.706155,6.693773,6.681699,6.669923,6.658438,6.647235,6.636308,6.625647,6.615246,6.605097,6.595193,6.585527,6.576094,6.566885,6.557895,6.549118,6.540548,6.532179,6.524006,6.516022,6.508224,6.500605,6.493161,6.485887,6.478778,6.471830,6.465038,6.458399,6.451907,6.445560
3.8000,6.831552,7.237710,7.244309,7.247715,7.251472,7.256026,7.261488,7.267897,7.275269,7.283616,7.292941,7.303248,7.314539,7.326816,7.340079,7.354328,7.369560,7.385775,7.402966,7.421129,7.440256,7.460337,7.481360,7.503310,7.526169,7.549916,7.574525,7.599968,7.626210,7.653213,7.680933,7.709320,7.738320,7.767871,7.797904,7.828345,7.859111,7.890115,7.921261,7.952446,7.983559,8.014487,8.045105,8.075287,8.104901,8.133810,8.161874,8.188954,8.214906,8.239590,8.262866,8.284600,8.304662,8.322928,8.339284,8.353624,8.365855,8.375896,8.383679,8.389151,8.392273,8.393025,8.391399,8.387405,8.381068,8.372429,8.361540,8.348470,8.333298,8.316116,8.297022,8.276125,8.253541,8.229387,8.203789,8.176872,8.148762,8.119585,8.089466,8.058528,8.026889,7.994664,7.961962,7.928889,7.895544,7.862019,7.828402,7.794773,7.761207,7.727773,7.694531,7.661540,7.628849,7.596504,7.564546,7.533009,7.501925,7.471320,7.441216,7.411633,7.382585,7.354086,7.326143,7.298766,7.271957,7.245720,7.220054,7.194959,7.170433,7.146470,7.123067,7.100217,7.077912,7.056145,7.034908,7.014192,6.993987,6.974283,6.955070,6.936339,6.918078,6.900278,6.882926,6.866014,6.849529,6.833463,6.817803,6.802540,6.787663,6.773163,6.759029,6.745252,6.731821,6.718728,6.705964,6.693519,6.681384,6.669551,6.658011,6.646757,6.635780,6.625073,6.614627,6.604436,6.594493,6.584790,6.575320,6.566078,6.557057,6.548250,6.539652,6.531257,6.523058,6.515052,6.507231,6.499592,6.492129,6.484837,6.477712,6.470748,6.463943
4.0000,6.777988,7.171058,7.177440,7.180609,7.184050,7.188204,7.193179,7.199015,7.205731,7.213337,7.221839,7.231243,7.241554,7.252774,7.264908,7.277959,7.291928,7.306818,7.322629,7.339361,7.357012,7.375581,7.395063,7.415451,7.436737,7.458911,7.481958,7.505864,7.530607,7.556164,7.582508,7.609606,7.637421,7.665913,7.695032,7.724726,7.754935,7.785594,7.816629,7.847962,7.879506,7.911168,7.942848,7.974439,8.005828,8.036895,8.067517,8.097562,8.126897,8.155387,8.182890,8.209269,8.234384,8.258096,8.280273,8.300786,8.319511,8.336334,8.351150,8.363864,8.374394,8.382671,8.388641,8.392262,8.393512,8.392381,8.388875,8.383018,8.374845,8.364410,8.351777,8.337022,8.320235,8.301513,8.280963,8.258698,8.234836,8.209501,8.182817,8.154910,8.125908,8.095934,8.065112,8.033562,8.001398,7.968733,7.935672,7.902316,7.868758,7.835088,7.801389,7.767735,7.734197,7.700839,7.667719,7.634889,7.602396,7.570281,7.538582,7.507329,7.476550,7.446270,7.416508,7.387280,7.358599,7.330475,7.302917,7.275929,7.249513,7.223672,7.198404,7.173707,7.149578,7.126011,7.103000,7.080539,7.058620,7.037235,7.016374,6.996029,6.976189,6.956845,6.937987,6.919603,6.901683,6.884217,6.867194,6.850603,6.834434,6.818675,6.803318,6.788350,6.773762,6.759544,6.745686,6.732179,6.719012,6.706177,6.693664,6.681464,6.669569,6.657971,6.646660,6.635629,6.624870,6.614376,6.604138,6.594151,6.584405,6.574896,6.565616,6.556558,6.547717,6.539087,6.530660,6.522433,6.514399,6.506552,6.498888,6.491402,6.484088
4.2000,6.728990,7.108287,7.114438,7.117382,7.120531,7.124314,7.128840,7.134149,7.140257,7.147177,7.154915,7.163479,7.172874,7.183105,7.194178,7.206097,7.218867,7.232493,7.246979,7.262328,7.278543,7.295626,7.313579,7.332401,7.352092,7.372646,7.394061,7.416328,7.439439,7.463380,7.488137,7.513692,7.540021,7.567100,7.594897,7.623376,7.652498,7.682217,7.712481,7.743232,7.774407,7.805934,7.837737,7.869733,7.901828,7.933927,7.965925,7.997711,8.029167,8.060173,8.090599,8.120316,8.149188,8.177079,8.203850,8.229364,8.253485,8.276081,8.297021,8.316186,8.333459,8.348735,8.361919,8.372928,8.381690,8.388150,8.392266,8.394009,8.393370,8.390353,8.384976,8.377274,8.367296,8.355105,8.340774,8.324390,8.306050,8.285856,8.263922,8.240364,8.215304,8.188867,8.161178,8.132364,8.102550,8.071860,8.040412,8.008326,7.975711,7.942677,7.909323,7.875747,7.842038,7.808281,7.774552,7.740923,7.707460,7.674222,7.641263,7.608631,7.576368,7.544514,7.513100,7.482155,7.451705,7.421769,7.392366,7.363508,7.335208,7.307472,7.280307,7.253716,7.227701,7.202262,7.177395,7.153099,7.129369,7.106198,7.083580,7.061508,7.039973,7.018967,6.998481,6.978504,6.959026,6.940038,6.921529,6.903488,6.885905,6.868768,6.852068,6.835792,6.819932,6.804476,6.789414,6.774735,6.760430,6.746487,6.732899,6.719655,6.706745,6.694160,6.681892,6.669931,6.658270,6.646899,6.635810,6.624996,6.614449,6.604161,6.594125,6.584334,6.574780,6.565458,6.556361,6.547482,6.538815,6.530354,6.522094,6.514028,6.506152
4.4000,6.684159,7.049282,7.055192,7.057925,7.060805,7.064250,7.068365,7.073188,7.078739,7.085029,7.092064,7.099853,7.108401,7.117715,7.127801,7.138665,7.150313,7.162752,7.175987,7.190024,7.204870,7.220528,7.237005,7.254303,7.272426,7.291376,7.311153,7.331759,7.353190,7.375443,7.398511,7.422386,7.447057,7.472510,7.498727,7.525688,7.553367,7.581735,7.610758,7.640397,7.670607,7.701340,7.732538,7.764139,7.796076,7.828272,7.860645,7.893107,7.925562,7.957908,7.990037,8.021833,8.053177,8.083943,8.114003,8.143222,8.171468,8.198602,8.224490,8.248996,8.271987,8.293338,8.312924,8.330632,8.346355,8.359997,8.371474,8.380714,8.387658,8.392262,8.394496,8.394347,8.391816,8.386921,8.379691,8.370174,8.358429,8.344529,8.328555,8.310604,8.290776,8.269183,8.245939,8.221166,8.194988,8.167530,8.138917,8.109276,8.078730,8.047400,8.015404,7.982854,7.949859,7.916521,7.882939,7.849204,7.815401,7.781608,7.747900,7.714342,7.680996,7.647917,7.615155,7.582753,7.550751,7.519183,7.488079,7.457465,7.427361,7.397787,7.368758,7.340283,7.312374,7.285035,7.258272,7.232085,7.206475,7.181441,7.156980,7.133086,7.109755,7.086981,7.064756,7.043071,7.021919,7.001289,6.981174,6.961561,6.942442,6.923806,6.905641,6.887938,6.870686,6.853874,6.837490,6.821526,6.805969,6.790809,6.776036,6.761640,6.747611,6.733939,6.720613,6.707626,6.694967,6.682627,6.670597,6.658869,6.647435,6.636285,6.625412,6.614809,6.604467,6.594380,6.584539,6.574938,6.565571,6.556430,6.547510,6.538803,6.530304
4.6000,6.643120,6.993898,6.999562,7.002100,7.004733,7.007868,7.011608,7.015990,7.021032,7.026746,7.033138,7.040217,7.047988,7.056459,7.065635,7.075525,7.086134,7.097469,7.109539,7.122349,7.135908,7.150222,7.165298,7.181143,7.197762,7.215162,7.233347,7.252321,7.272088,7.292648,7.314003,7.336151,7.359090,7.382813,7.407313,7.432581,7.458603,7.485362,7.512839,7.541009,7.569845,7.599314,7.629377,7.659992,7.691110,7.722677,7.754632,7.786908,7.819432,7.852124,7.884896,7.917656,7.950302,7.982728,8.014822,8.046466,8.077537,8.107906,8.137444,8.166017,8.193489,8.219728,8.244597,8.267967,8.289709,8.309702,8.327831,8.343989,8.358080,8.370016,8.379725,8.387146,8.392234,8.394955,8.395294,8.393249,8.388835,8.382079,8.373026,8.361732,8.348266,8.332709,8.315154,8.295700,8.274456,8.251536,8.227061,8.201152,8.173936,8.145537,8.116081,8.085692,8.054491,8.022597,7.990124,7.957181,7.923872,7.890296,7.856545,7.822707,7.788861,7.755083,7.721441,7.687997,7.654807,7.621922,7.589389,7.557247,7.525532,7.494275,7.463502,7.433236,7.403497,7.374299,7.345655,7.317575,7.290066,7.263132,7.236776,7.210998,7.185797,7.161172,7.137116,7.113626,7.090695,7.068316,7.046482,7.025183,7.004410,6.984155,6.964406,6.945155,6.926390,6.908101,6.890277,6.872907,6.855980,6.839487,6.823415,6.807755,6.792496,6.777627,6.763138,6.749019,6.735260,6.721851,6.708783,6.696047,6.683632,6.671531,6.659734,6.648233,6.637020,6.626086,6.615423,6.605025,6.594883,6.584990,6.575339,6.565924,6.556737
4.8000,6.605524,6.941972,6.947388,6.949743,6.952151,6.955005,6.958404,6.962385,6.966965,6.972155,6.977961,6.984393,6.991455,6.999155,7.007499,7.016495,7.026149,7.036468,7.047461,7.059136,7.071499,7.084560,7.098326,7.112806,7.128006,7.143936,7.160602,7.178011,7.196169,7.215082,7.234755,7.255192,7.276394,7.298364,7.321100,7.344600,7.368860,7.393873,7.419629,7.446116,7.473319,7.501218,7.529791,7.559009,7.588842,7.619253,7.650200,7.681636,7.713508,7.745756,7.778315,7.811114,7.844074,7.877109,7.910129,7.943034,7.975721,8.008078,8.039989,8.071334,8.101985,8.131815,8.160692,8.188481,8.215050,8.240265,8.263996,8.286115,8.306502,8.325039,8.341621,8.356150,8.368537,8.378709,8.386602,8.392167,8.395372,8.396197,8.394637,8.390704,8.384423,8.375836,8.364995,8.351968,8.336834,8.319681,8.300608,8.279721,8.257135,8.232966,8.207337,8.180372,8.152197,8.122937,8.092717,8.061657,8.029877,7.997492,7.964612,7.931342,7.897782,7.864027,7.830165,7.796276,7.762438,7.728720,7.695186,7.661894,7.628895,7.596238,7.563962,7.532107,7.500702,7.469776,7.439353,7.409453,7.380091,7.351282,7.323035,7.295358,7.268256,7.241733,7.215789,7.190423,7.165634,7.141418,7.117769,7.094683,7.072151,7.050166,7.028720,7.007804,6.987409,6.967523,6.948139,6.929244,6.910829,6.892882,6.875393,6.858352,6.841746,6.825566,6.809801,6.794440,6.779473,6.764889,6.750678,6.736830,6.723336,6.710186,6.697369,6.684878,6.672702,6.660834,6.649264,6.637985,6.626987,6.616263,6.605806,6.595607,6.585659
5.0000,6.571052,6.893326,6.898497,6.900682,6.902885,6.905484,6.908574,6.912192,6.916353,6.921067,6.926343,6.932186,6.938604,6.945602,6.953188,6.961368,6.970149,6.979538,6.989544,7.000174,7.011437,7.023340,7.035893,7.049104,7.062983,7.077537,7.092775,7.108707,7.125340,7.142682,7.160741,7.179524,7.199036,7.219284,7.240271,7.262001,7.284475,7.307694,7.331655,7.356354,7.381786,7.407942,7.434810,7.462375,7.490619,7.519520,7.549051,7.579183,7.609878,7.641097,7.672794,7.704916,7.737407,7.770202,7.803231,7.836416,7.869676,7.902919,7.936049,7.968963,8.001553,8.033704,8.065296,8.096206,8.126306,8.155465,8.183552,8.210434,8.235979,8.260056,8.282539,8.303306,8.322241,8.339237,8.354195,8.367026,8.377653,8.386011,8.392051,8.395736,8.397044,8.395967,8.392515,8.386711,8.378591,8.368207,8.355623,8.340915,8.324170,8.305484,8.284963,8.262716,8.238863,8.213522,8.186819,8.158878,8.129824,8.099782,8.068874,8.037218,8.004932,7.972125,7.938905,7.905372,7.871622,7.837745,7.803823,7.769933,7.736148,7.702533,7.669145,7.636040,7.603265,7.570864,7.538873,7.507327,7.476253,7.445678,7.415621,7.386099,7.357128,7.328717,7.300875,7.273609,7.246921,7.220812,7.195284,7.170333,7.145957,7.122151,7.098909,7.076225,7.054090,7.032497,7.011438,6.990901,6.970879,6.951361,6.932335,6.913793,6.895723,6.878114,6.860956,6.844237,6.827947,6.812076,6.796612,6.781544,6.766864,6.752560,6.738622,6.725040,6.711805,6.698907,6.686337,6.674085,6.662143,6.650503,6.639155,6.628091,6.617304
5.2000,6.539411,6.847779,6.852707,6.854736,6.856752,6.859120,6.861932,6.865220,6.869002,6.873287,6.878081,6.883393,6.889226,6.895588,6.902485,6.909924,6.917910,6.926452,6.935557,6.945233,6.955487,6.966329,6.977767,6.989809,7.002465,7.015745,7.029657,7.044211,7.059416,7.075282,7.091817,7.109031,7.126932,7.145527,7.164824,7.184831,7.205552,7.226992,7.249155,7.272044,7.295658,7.319996,7.345055,7.370830,7.397312,7.424490,7.452350,7.480875,7.510043,7.539829,7.570203,7.601130,7.632571,7.664481,7.696810,7.729500,7.762490,7.795711,7.829087,7.862537,7.895972,7.929298,7.962412,7.995209,8.027575,8.059393,8.090540,8.120891,8.150315,8.178683,8.205862,8.231721,8.256131,8.278965,8.300102,8.319425,8.336826,8.352204,8.365471,8.376547,8.385366,8.391876,8.396037,8.397825,8.397231,8.394260,8.388931,8.381280,8.371355,8.359217,8.344940,8.328608,8.310315,8.290165,8.268267,8.244736,8.219692,8.193259,8.165561,8.136723,8.106868,8.076121,8.044600,8.012421,7.979698,7.946537,7.913041,7.879305,7.845422,7.811475,7.777543,7.743699,7.710009,7.676534,7.643330,7.610444,7.577922,7.545802,7.514120,7.482904,7.452180,7.421971,7.392294,7.363164,7.334593,7.306589,7.279160,7.252309,7.226039,7.200349,7.175239,7.150704,7.126741,7.103345,7.080508,7.058224,7.036485,7.015282,6.994605,6.974445,6.954792,6.935636,6.916966,6.898772,6.881042,6.863766,6.846933,6.830532,6.814553,6.798985,6.783816,6.769038,6.754638,6.740608,6.726938,6.713616,6.700635,6.687985,6.675655,6.663638,6.651925
5.4000,6.510337,6.805148,6.809838,6.811722,6.813569,6.815728,6.818288,6.821280,6.824719,6.828616,6.832976,6.837806,6.843111,6.848897,6.855171,6.861937,6.869203,6.876975,6.885261,6.894068,6.903403,6.913276,6.923694,6.934666,6.946201,6.958308,6.970998,6.984279,6.998161,7.012654,7.027768,7.043513,7.059898,7.076932,7.094626,7.112988,7.132026,7.151748,7.172162,7.193272,7.215085,7.237603,7.260831,7.284769,7.309415,7.334768,7.360822,7.387569,7.414999,7.443098,7.471850,7.501234,7.531226,7.561796,7.592910,7.624531,7.656615,7.689111,7.721966,7.755117,7.788498,7.822034,7.855646,7.889246,7.922741,7.956032,7.989014,8.021574,8.053598,8.084964,8.115548,8.145221,8.173854,8.201317,8.227478,8.252209,8.275383,8.296879,8.316580,8.334377,8.350169,8.363864,8.375383,8.384658,8.391633,8.396267,8.398533,8.398419,8.395928,8.391076,8.383895,8.374431,8.362742,8.348899,8.332984,8.315090,8.295317,8.273773,8.250572,8.225833,8.199678,8.172231,8.143617,8.113960,8.083382,8.052004,8.019943,7.987312,7.954220,7.920768,7.887056,7.853175,7.819211,7.785245,7.751349,7.717593,7.684037,7.650739,7.617749,7.585113,7.552870,7.521056,7.489702,7.458835,7.428478,7.398649,7.369364,7.340635,7.312473,7.284884,7.257873,7.231442,7.205593,7.180324,7.155632,7.131514,7.107964,7.084976,7.062543,7.040658,7.019311,6.998494,6.978196,6.958409,6.939122,6.920324,6.902004,6.884153,6.866759,6.849811,6.833298,6.817210,6.801536,6.786266,6.771388,6.756892,6.742769,6.729008,6.715599,6.702534,6.689801
5.6000,6.483590,6.765253,6.769712,6.771462,6.773155,6.775125,6.777457,6.780181,6.783312,6.786858,6.790826,6.795222,6.800050,6.805316,6.811025,6.817184,6.823797,6.830872,6.838415,6.846434,6.854934,6.863925,6.873414,6.883410,6.893922,6.904957,6.916526,6.928638,6.941303,6.954530,6.968330,6.982713,6.997689,7.013267,7.029460,7.046275,7.063724,7.081815,7.100558,7.119961,7.140033,7.160781,7.182211,7.204329,7.227139,7.250644,7.274846,7.299743,7.325333,7.351613,7.378574,7.406207,7.434499,7.463433,7.492990,7.523146,7.553873,7.585137,7.616902,7.649125,7.681758,7.714746,7.748029,7.781542,7.815213,7.848962,7.882703,7.916347,7.949794,7.982940,8.015677,8.047890,8.079458,8.110260,8.140167,8.169053,8.196786,8.223237,8.248278,8.271782,8.293628,8.313698,8.331883,8.348080,8.362198,8.374155,8.383880,8.391316,8.396420,8.399161,8.399526,8.397513,8.393138,8.386428,8.377426,8.366189,8.352783,8.337290,8.319799,8.300408,8.279224,8.256360,8.231932,8.206063,8.178875,8.150493,8.121041,8.090642,8.059416,8.027481,7.994951,7.961935,7.928537,7.894856,7.860986,7.827013,7.793019,7.759080,7.725263,7.691634,7.658249,7.625161,7.592415,7.560054,7.528114,7.496627,7.465621,7.435119,7.405142,7.375705,7.346822,7.318504,7.290758,7.263589,7.237000,7.210993,7.185567,7.160719,7.136446,7.112744,7.089606,7.067025,7.044993,7.023503,7.002546,6.982111,6.962189,6.942770,6.923844,6.905400,6.887426,6.869913,6.852849,6.836224,6.820027,6.804247,6.788873,6.773895,6.759302,6.745085,6.731232
5.8000,6.458953,6.727918,6.732153,6.733779,6.735333,6.737132,6.739259,6.741742,6.744594,6.747825,6.751439,6.755443,6.759840,6.764636,6.769836,6.775445,6.781469,6.787913,6.794784,6.802088,6.809832,6.818024,6.826670,6.835778,6.845358,6.855417,6.865964,6.877008,6.888559,6.900626,6.913219,6.926348,6.940023,6.954256,6.969055,6.984432,7.000397,7.016960,7.034133,7.051924,7.070343,7.089401,7.109105,7.129465,7.150488,7.172180,7.194547,7.217594,7.241325,7.265739,7.290839,7.316621,7.343082,7.370214,7.398008,7.426453,7.455531,7.485225,7.515510,7.546360,7.577743,7.609622,7.641955,7.674696,7.707791,7.741182,7.774804,7.808586,7.842451,7.876314,7.910086,7.943671,7.976966,8.009863,8.042249,8.074005,8.105011,8.135140,8.164266,8.192258,8.218989,8.244329,8.268154,8.290340,8.310771,8.329337,8.345933,8.360467,8.372855,8.383026,8.390919,8.396489,8.399704,8.400545,8.399010,8.395111,8.388872,8.380335,8.369551,8.356586,8.341518,8.324434,8.305431,8.284612,8.262091,8.237981,8.212404,8.185483,8.157341,8.128102,8.097889,8.066823,8.035022,8.002601,7.969670,7.936333,7.902692,7.868839,7.834865,7.800851,7.766874,7.733004,7.699307,7.665841,7.632660,7.599811,7.567337,7.535276,7.503660,7.472519,7.441876,7.411754,7.382169,7.353135,7.324663,7.296762,7.269437,7.242693,7.216530,7.190948,7.165946,7.141520,7.117666,7.094378,7.071650,7.049473,7.027840,7.006743,6.986171,6.966115,6.946564,6.927509,6.908939,6.890844,6.873211,6.856031,6.839293,6.822986,6.807098,6.791621,6.776542
6.0000,6.436232,6.692975,6.696994,6.698506,6.699933,6.701579,6.703520,6.705785,6.708387,6.711332,6.714628,6.718278,6.722287,6.726659,6.731399,6.736512,6.742003,6.747878,6.754141,6.760799,6.767858,6.775325,6.783207,6.791511,6.800245,6.809417,6.819034,6.829106,6.839642,6.850650,6.862140,6.874121,6.886605,6.899599,6.913116,6.927166,6.941758,6.956904,6.972615,6.988901,7.005772,7.023240,7.041314,7.060004,7.079321,7.099273,7.119868,7.141115,7.163021,7.185590,7.208829,7.232741,7.257327,7.282588,7.308523,7.335126,7.362393,7.390314,7.418877,7.448068,7.477867,7.508252,7.539198,7.570671,7.602638,7.635057,7.667882,7.701062,7.734539,7.768249,7.802123,7.836085,7.870053,7.903937,7.937644,7.971072,8.004114,8.036660,8.068592,8.099790,8.130129,8.159483,8.187725,8.214725,8.240355,8.264491,8.287010,8.307795,8.326733,8.343722,8.358666,8.371481,8.382092,8.390438,8.396471,8.400156,8.401472,8.400414,8.396990,8.391224,8.383151,8.372823,8.360301,8.345662,8.328989,8.310377,8.289930,8.267756,8.243971,8.218693,8.192045,8.164150,8.135131,8.105112,8.074214,8.042555,8.010251,7.977411,7.944144,7.910548,7.876721,7.842752,7.808725,7.774717,7.740801,7.707042,7.673501,7.640232,7.607285,7.574702,7.542524,7.510784,7.479512,7.448733,7.418469,7.388739,7.359556,7.330934,7.302880,7.275402,7.248503,7.222186,7.196450,7.171295,7.146718,7.122713,7.099276,7.076401,7.054080,7.032305,7.011068,6.990359,6.970168,6.950486,6.931303,6.912608,6.894389,6.876637,6.859341,6.842489,6.826071
6.2000,6.415250,6.660264,6.664075,6.665482,6.666794,6.668300,6.670074,6.672143,6.674518,6.677207,6.680215,6.683546,6.687204,6.691194,6.695520,6.700185,6.705195,6.710555,6.716269,6.722343,6.728784,6.735596,6.742786,6.750362,6.758329,6.766697,6.775471,6.784660,6.794273,6.804317,6.814802,6.825737,6.837132,6.848995,6.861338,6.874169,6.887500,6.901340,6.915702,6.930594,6.946029,6.962017,6.978568,6.995695,7.013406,7.031714,7.050627,7.070156,7.090310,7.111097,7.132526,7.154604,7.177336,7.200729,7.224785,7.249506,7.274894,7.300948,7.327662,7.355033,7.383050,7.411704,7.440979,7.470857,7.501317,7.532333,7.563874,7.595907,7.628390,7.661279,7.694524,7.728068,7.761849,7.795798,7.829841,7.863897,7.897879,7.931694,7.965241,7.998417,8.031110,8.063206,8.094584,8.125123,8.154696,8.183177,8.210437,8.236349,8.260789,8.283632,8.304763,8.324068,8.341443,8.356791,8.370027,8.381074,8.389869,8.396362,8.400514,8.402303,8.401721,8.398772,8.393478,8.385871,8.375999,8.363924,8.349715,8.333457,8.315242,8.295170,8.273350,8.249895,8.224922,8.198554,8.170912,8.142121,8.112303,8.081579,8.050070,8.017889,7.985149,7.951958,7.918416,7.884621,7.850664,7.816629,7.782597,7.748640,7.714825,7.681215,7.647864,7.614823,7.582137,7.549846,7.517985,7.486586,7.455674,7.425272,7.395400,7.366072,7.337301,7.309097,7.281468,7.254417,7.227947,7.202059,7.176753,7.152024,7.127870,7.104286,7.081265,7.058800,7.036883,7.015507,6.994661,6.974336,6.954523,6.935211,6.916390,6.898049,6.880177
6.4000,6.395851,6.629632,6.633244,6.634554,6.635761,6.637142,6.638765,6.640656,6.642827,6.645285,6.648033,6.651076,6.654419,6.658064,6.662015,6.666276,6.670852,6.675747,6.680965,6.686512,6.692393,6.698613,6.705178,6.712095,6.719369,6.727008,6.735018,6.743407,6.752182,6.761352,6.770924,6.780908,6.791311,6.802143,6.813414,6.825133,6.837309,6.849954,6.863077,6.876688,6.890799,6.905421,6.920563,6.936237,6.952455,6.969227,6.986564,7.004476,7.022975,7.042070,7.061772,7.082089,7.103031,7.124606,7.146821,7.169683,7.193196,7.217365,7.242191,7.267677,7.293821,7.320619,7.348067,7.376155,7.404875,7.434210,7.464145,7.494657,7.525723,7.557312,7.589390,7.621919,7.654855,7.688148,7.721743,7.755578,7.789588,7.823698,7.857829,7.891896,7.925806,7.959461,7.992758,8.025588,8.057837,8.089386,8.120115,8.149897,8.178608,8.206120,8.232306,8.257041,8.280202,8.301671,8.321336,8.339091,8.354839,8.368490,8.379969,8.389209,8.396158,8.400775,8.403035,8.402927,8.400453,8.395630,8.388490,8.379077,8.367449,8.353675,8.337835,8.320020,8.300328,8.278867,8.255746,8.231085,8.205002,8.177621,8.149063,8.119453,8.088911,8.057558,8.025508,7.992875,7.959766,7.926284,7.892528,7.858590,7.824555,7.790504,7.756512,7.722647,7.688971,7.655543,7.622414,7.589629,7.557230,7.525253,7.493729,7.462688,7.432151,7.402139,7.372669,7.343753,7.315401,7.287622,7.260421,7.233801,7.207762,7.182305,7.157427,7.133125,7.109394,7.086228,7.063619,7.041562,7.020046,6.999064,6.978606,6.958662,6.939221
6.6000,6.377892,6.600937,6.604359,6.605579,6.606691,6.607958,6.609445,6.611176,6.613163,6.615411,6.617925,6.620709,6.623766,6.627099,6.630712,6.634609,6.638793,6.643268,6.648038,6.653109,6.658484,6.664169,6.670169,6.676490,6.683137,6.690116,6.697435,6.705099,6.713116,6.721493,6.730237,6.739357,6.748860,6.758755,6.769051,6.779756,6.790881,6.802434,6.814425,6.826864,6.839762,6.853128,6.866974,6.881311,6.896148,6.911498,6.927371,6.943778,6.960731,6.978241,6.996317,7.014972,7.034214,7.054055,7.074504,7.095569,7.117260,7.139583,7.162544,7.186150,7.210405,7.235311,7.260869,7.287078,7.313936,7.341438,7.369577,7.398340,7.427716,7.457688,7.488234,7.519331,7.550950,7.583058,7.615616,7.648583,7.681909,7.715540,7.749417,7.783474,7.817639,7.851833,7.885972,7.919966,7.953719,7.987127,8.020084,8.052476,8.084187,8.115096,8.145080,8.174013,8.201769,8.228221,8.253244,8.276715,8.298517,8.318536,8.336665,8.352806,8.366869,8.378775,8.388456,8.395858,8.400937,8.403666,8.404030,8.402030,8.397679,8.391006,8.382053,8.370874,8.357537,8.342118,8.324707,8.305400,8.284301,8.261521,8.237176,8.211385,8.184270,8.155953,8.126557,8.096203,8.065012,8.033100,8.000580,7.967561,7.934146,7.900435,7.866521,7.832491,7.798428,7.764406,7.730496,7.696761,7.663261,7.630047,7.597168,7.564664,7.532575,7.500932,7.469764,7.439095,7.408947,7.379337,7.350277,7.321780,7.293854,7.266504,7.239735,7.213548,7.187942,7.162916,7.138466,7.114589,7.091279,7.068528,7.046330,7.024676,7.003558
6.8000,6.361245,6.574045,6.577284,6.578423,6.579448,6.580611,6.581975,6.583562,6.585382,6.587441,6.589744,6.592293,6.595092,6.598144,6.601452,6.605019,6.608848,6.612944,6.617310,6.621950,6.626869,6.632070,6.637559,6.643341,6.649421,6.655804,6.662497,6.669505,6.676835,6.684494,6.692488,6.700825,6.709512,6.718556,6.727967,6.737752,6.747919,6.758479,6.769439,6.780809,6.792599,6.804818,6.817478,6.830587,6.844157,6.858199,6.872722,6.887739,6.903260,6.919297,6.935860,6.952961,6.970611,6.988820,7.007600,7.026961,7.046913,7.067465,7.088626,7.110406,7.132811,7.155849,7.179524,7.203841,7.228803,7.254412,7.280666,7.307564,7.335101,7.363269,7.392059,7.421458,7.451449,7.482013,7.513125,7.544759,7.576882,7.609456,7.642440,7.675786,7.709442,7.743348,7.777441,7.811648,7.845895,7.880097,7.914165,7.948005,7.981515,8.014589,8.047116,8.078981,8.110063,8.140240,8.169387,8.197379,8.224090,8.249394,8.273170,8.295298,8.315664,8.334162,8.350691,8.365160,8.377489,8.387608,8.395459,8.400997,8.404193,8.405029,8.403501,8.399622,8.393417,8.384924,8.374197,8.361298,8.346303,8.329299,8.310380,8.289649,8.267215,8.243192,8.217698,8.190854,8.162784,8.133608,8.103449,8.072427,8.040659,8.008259,7.975335,7.941993,7.908334,7.874450,7.840432,7.806361,7.772315,7.738365,7.704576,7.671008,7.637715,7.604745,7.572141,7.539943,7.508183,7.476892,7.446095,7.415814,7.386066,7.356865,7.328225,7.300154,7.272658,7.245741,7.219406,7.193653,7.168480,7.143884,7.119862,7.096408,7.073516
7.0000,6.345797,6.548829,6.551896,6.552958,6.553905,6.554974,6.556226,6.557682,6.559352,6.561240,6.563351,6.565689,6.568255,6.571052,6.574084,6.577354,6.580863,6.584616,6.588616,6.592867,6.597373,6.602137,6.607164,6.612458,6.618025,6.623869,6.629996,6.636411,6.643119,6.650128,6.657442,6.665070,6.673017,6.681291,6.689898,6.698848,6.708147,6.717803,6.727826,6.738223,6.749004,6.760178,6.771755,6.783744,6.796155,6.808999,6.822285,6.836024,6.850228,6.864907,6.880072,6.895734,6.911904,6.928594,6.945815,6.963578,6.981894,7.000773,7.020226,7.040264,7.060896,7.082131,7.103977,7.126443,7.149534,7.173258,7.197618,7.222617,7.248258,7.274539,7.301460,7.329014,7.357196,7.385997,7.415403,7.445399,7.475965,7.507080,7.538715,7.570840,7.603417,7.636407,7.669762,7.703431,7.737355,7.771473,7.805714,7.840003,7.874259,7.908392,7.942311,7.975914,8.009098,8.041752,8.073762,8.105009,8.135371,8.164726,8.192947,8.219910,8.245489,8.269562,8.292010,8.312719,8.331579,8.348491,8.363362,8.376110,8.386662,8.394959,8.400955,8.404615,8.405920,8.404865,8.401457,8.395719,8.387688,8.377413,8.364956,8.350388,8.333795,8.315268,8.294908,8.272824,8.249127,8.223936,8.197370,8.169552,8.140603,8.110645,8.079798,8.048180,8.015905,7.983083,7.949821,7.916218,7.882371,7.848369,7.814297,7.780232,7.746247,7.712409,7.678778,7.645409,7.612353,7.579653,7.547349,7.515477,7.484066,7.453143,7.422731,7.392848,7.363509,7.334728,7.306513,7.278872,7.251810,7.225329,7.199429,7.174111,7.149370
7.2000,6.331442,6.525174,6.528077,6.529068,6.529943,6.530927,6.532078,6.533416,6.534949,6.536683,6.538621,6.540767,6.543122,6.545689,6.548472,6.551471,6.554691,6.558134,6.561804,6.565702,6.569834,6.574203,6.578812,6.583665,6.588768,6.594124,6.599738,6.605616,6.611762,6.618182,6.624882,6.631867,6.639144,6.646719,6.654599,6.662791,6.671302,6.680139,6.689311,6.698825,6.708689,6.718913,6.729504,6.740472,6.751827,6.763577,6.775732,6.788303,6.801300,6.814733,6.828613,6.842951,6.857757,6.873043,6.888820,6.905098,6.921890,6.939207,6.957059,6.975458,6.994415,7.013939,7.034042,7.054733,7.076021,7.097915,7.120422,7.143550,7.167304,7.191690,7.216710,7.242366,7.268658,7.295585,7.323143,7.351325,7.380122,7.409522,7.439510,7.470067,7.501172,7.532797,7.564912,7.597482,7.630466,7.663820,7.697492,7.731426,7.765560,7.799826,7.834149,7.868449,7.902640,7.936629,7.970318,8.003603,8.036377,8.068525,8.099930,8.130471,8.160027,8.188471,8.215678,8.241526,8.265890,8.288653,8.309698,8.328916,8.346207,8.361475,8.374637,8.385619,8.394359,8.400808,8.404931,8.406704,8.406119,8.403182,8.397913,8.390344,8.380523,8.368508,8.354370,8.338190,8.320059,8.300075,8.278345,8.254980,8.230096,8.203813,8.176253,8.147536,8.117785,8.087119,8.055657,8.023514,7.990800,7.957623,7.924083,7.890278,7.856299,7.822230,7.788151,7.754137,7.720253,7.686564,7.653124,7.619985,7.587192,7.554787,7.522805,7.491277,7.460231,7.429691,7.399675,7.370201,7.341280,7.312925,7.285141,7.257935,7.231309
7.4000,6.318088,6.502970,6.505717,6.506643,6.507452,6.508360,6.509419,6.510649,6.512059,6.513653,6.515434,6.517406,6.519570,6.521930,6.524486,6.527241,6.530199,6.533361,6.536731,6.540311,6.544105,6.548115,6.552346,6.556800,6.561483,6.566397,6.571548,6.576939,6.582576,6.588463,6.594605,6.601009,6.607679,6.614621,6.621842,6.629347,6.637144,6.645239,6.653638,6.662351,6.671383,6.680743,6.690439,6.700479,6.710872,6.721626,6.732752,6.744257,6.756152,6.768447,6.781151,6.794275,6.807830,6.821825,6.836272,6.851182,6.866566,6.882435,6.898800,6.915673,6.933065,6.950986,6.969449,6.988463,7.008040,7.028190,7.048922,7.070246,7.092170,7.114703,7.137851,7.161620,7.186016,7.211042,7.236700,7.262990,7.289911,7.317459,7.345628,7.374409,7.403791,7.433760,7.464297,7.495381,7.526986,7.559082,7.591635,7.624605,7.657948,7.691615,7.725549,7.759691,7.793973,7.828323,7.862660,7.896900,7.930953,7.964721,7.998101,8.030987,8.063267,8.094823,8.125537,8.155286,8.183946,8.211393,8.237503,8.262153,8.285224,8.306600,8.326172,8.343835,8.359496,8.373068,8.384476,8.393656,8.400557,8.405139,8.407379,8.407263,8.404797,8.399995,8.392890,8.383524,8.371954,8.358247,8.342484,8.324751,8.305147,8.283775,8.260747,8.236176,8.210181,8.182884,8.154405,8.124866,8.094387,8.063088,8.031082,7.998482,7.965395,7.931924,7.898167,7.864215,7.830155,7.796067,7.762027,7.728104,7.694360,7.660853,7.627635,7.594754,7.562250,7.530161,7.498520,7.467354,7.436689,7.406543,7.376934,7.347877,7.319382
7.6000,6.305651,6.482117,6.484716,6.485581,6.486331,6.487168,6.488144,6.489277,6.490575,6.492042,6.493681,6.495496,6.497487,6.499657,6.502008,6.504543,6.507263,6.510171,6.513269,6.516560,6.520047,6.523733,6.527621,6.531714,6.536015,6.540530,6.545260,6.550211,6.555386,6.560791,6.566429,6.572305,6.578425,6.584794,6.591417,6.598301,6.605450,6.612871,6.620571,6.628556,6.636834,6.645410,6.654293,6.663491,6.673010,6.682860,6.693048,6.703584,6.714475,6.725733,6.737364,6.749380,6.761790,6.774605,6.787833,6.801487,6.815577,6.830113,6.845106,6.860568,6.876510,6.892942,6.909878,6.927326,6.945299,6.963808,6.982864,7.002477,7.022658,7.043416,7.064760,7.086701,7.109245,7.132399,7.156171,7.180564,7.205583,7.231230,7.257506,7.284409,7.311936,7.340081,7.368836,7.398190,7.428130,7.458637,7.489691,7.521266,7.553334,7.585862,7.618809,7.652134,7.685788,7.719716,7.753858,7.788149,7.822518,7.856886,7.891169,7.925278,7.959118,7.992587,8.025579,8.057983,8.089685,8.120565,8.150502,8.179373,8.207053,8.233420,8.258350,8.281724,8.303426,8.323345,8.341377,8.357426,8.371404,8.383234,8.392851,8.400200,8.405240,8.407944,8.408297,8.406300,8.401967,8.395325,8.386415,8.375291,8.362019,8.346674,8.329344,8.310123,8.289114,8.266426,8.242172,8.216471,8.189442,8.161206,8.131885,8.101600,8.070468,8.038605,8.006124,7.973134,7.939737,7.906032,7.872113,7.838067,7.803975,7.769915,7.735955,7.702161,7.668591,7.635299,7.602332,7.569734,7.537542,7.505790,7.474507,7.443718,7.413445
7.8000,6.294055,6.462522,6.464980,6.465789,6.466484,6.467258,6.468158,6.469202,6.470398,6.471750,6.473261,6.474932,6.476766,6.478765,6.480930,6.483264,6.485768,6.488445,6.491297,6.494326,6.497535,6.500927,6.504504,6.508269,6.512226,6.516377,6.520726,6.525278,6.530035,6.535002,6.540182,6.545581,6.551203,6.557052,6.563134,6.569453,6.576016,6.582827,6.589892,6.597218,6.604810,6.612676,6.620822,6.629254,6.637981,6.647009,6.656346,6.666000,6.675979,6.686292,6.696948,6.707954,6.719321,6.731058,6.743174,6.755679,6.768583,6.781897,6.795632,6.809797,6.824403,6.839462,6.854985,6.870983,6.887467,6.904448,6.921938,6.939948,6.958489,6.977571,6.997206,7.017404,7.038175,7.059527,7.081471,7.104013,7.127162,7.150924,7.175304,7.200305,7.225930,7.252181,7.279056,7.306552,7.334664,7.363384,7.392701,7.422603,7.453072,7.484087,7.515625,7.547658,7.580151,7.613069,7.646369,7.680002,7.713916,7.748053,7.782347,7.816728,7.851120,7.885440,7.919600,7.953505,7.987057,8.020149,8.052673,8.084514,8.115554,8.145673,8.174748,8.202656,8.229274,8.254479,8.278151,8.300173,8.320435,8.338831,8.355264,8.369644,8.381893,8.391943,8.399737,8.405233,8.408399,8.409220,8.407691,8.403826,8.397648,8.389195,8.378519,8.365683,8.350760,8.333835,8.315000,8.294358,8.272015,8.248083,8.222680,8.195925,8.167938,8.138840,8.108753,8.077794,8.046080,8.013725,7.980836,7.947518,7.913872,7.879990,7.845963,7.811872,7.777795,7.743804,7.709964,7.676335,7.642972,7.609923,7.577233,7.544941,7.513081
8.0000,6.283232,6.444096,6.446422,6.447179,6.447824,6.448539,6.449371,6.450335,6.451438,6.452685,6.454078,6.455620,6.457311,6.459154,6.461151,6.463302,6.465611,6.468078,6.470706,6.473497,6.476454,6.479578,6.482873,6.486341,6.489984,6.493806,6.497810,6.501999,6.506377,6.510946,6.515712,6.520678,6.525847,6.531225,6.536816,6.542624,6.548654,6.554911,6.561401,6.568129,6.575101,6.582322,6.589799,6.597537,6.605544,6.613826,6.622390,6.631244,6.640394,6.649850,6.659617,6.669705,6.680123,6.690878,6.701980,6.713437,6.725260,6.737458,6.750041,6.763019,6.776401,6.790200,6.804424,6.819086,6.834196,6.849764,6.865804,6.882325,6.899338,6.916856,6.934889,6.953449,6.972545,6.992190,7.012393,7.033164,7.054513,7.076449,7.098980,7.122113,7.145854,7.170210,7.195184,7.220778,7.246995,7.273833,7.301289,7.329359,7.358036,7.387308,7.417164,7.447587,7.478557,7.510051,7.542041,7.574495,7.607376,7.640644,7.674251,7.708145,7.742269,7.776560,7.810948,7.845358,7.879709,7.913914,7.947880,7.981508,8.014695,8.047333,8.079307,8.110502,8.140797,8.170072,8.198202,8.225066,8.250540,8.274504,8.296842,8.317442,8.336197,8.353009,8.367788,8.380452,8.390932,8.399169,8.405117,8.408744,8.410030,8.408970,8.405572,8.399858,8.391864,8.381637,8.369239,8.354740,8.338223,8.319779,8.299507,8.277513,8.253908,8.228808,8.202331,8.174597,8.145729,8.115845,8.085065,8.053505,8.021280,7.988498,7.955265,7.921682,7.887843,7.853839,7.819754,7.785666,7.751647,7.717766,7.684081,7.650651,7.617524
8.2000,6.273118,6.426761,6.428960,6.429670,6.430269,6.430931,6.431700,6.432590,6.433609,6.434761,6.436048,6.437471,6.439032,6.440734,6.442577,6.444562,6.446693,6.448970,6.451394,6.453970,6.456697,6.459578,6.462616,6.465814,6.469172,6.472695,6.476385,6.480245,6.484278,6.488487,6.492876,6.497449,6.502208,6.507158,6.512303,6.517647,6.523194,6.528949,6.534917,6.541102,6.547511,6.554147,6.561016,6.568125,6.575479,6.583084,6.590947,6.599074,6.607472,6.616148,6.625109,6.634363,6.643917,6.653780,6.663959,6.674463,6.685301,6.696482,6.708014,6.719907,6.732172,6.744817,6.757852,6.771289,6.785137,6.799407,6.814110,6.829257,6.844859,6.860927,6.877473,6.894506,6.912040,6.930085,6.948652,6.967752,6.987396,7.007593,7.028355,7.049691,7.071609,7.094118,7.117226,7.140938,7.165261,7.190199,7.215754,7.241929,7.268722,7.296131,7.324152,7.352778,7.381998,7.411802,7.442172,7.473090,7.504533,7.536474,7.568882,7.601721,7.634951,7.668526,7.702395,7.736502,7.770784,7.805174,7.839597,7.873974,7.908219,7.942239,7.975939,8.009215,8.041961,8.074063,8.105407,8.135874,8.165343,8.193690,8.220794,8.246532,8.270784,8.293433,8.314365,8.333476,8.350663,8.365835,8.378911,8.389817,8.398494,8.404893,8.408979,8.410730,8.410137,8.407206,8.401956,8.394421,8.384645,8.372686,8.358614,8.342508,8.324457,8.304559,8.282918,8.259644,8.234851,8.208658,8.181183,8.152548,8.122873,8.092277,8.060877,8.028788,7.996118,7.962975,7.929460,7.895669,7.861693,7.827618,7.793523,7.759481,7.725562
8.4000,6.263657,6.410441,6.412521,6.413186,6.413743,6.414357,6.415068,6.415892,6.416835,6.417899,6.419089,6.420404,6.421848,6.423420,6.425123,6.426958,6.428926,6.431029,6.433269,6.435647,6.438166,6.440826,6.443631,6.446582,6.449682,6.452933,6.456338,6.459898,6.463618,6.467500,6.471547,6.475762,6.480148,6.484709,6.489449,6.494372,6.499480,6.504779,6.510273,6.515966,6.521863,6.527968,6.534287,6.540824,6.547585,6.554576,6.561802,6.569269,6.576984,6.584952,6.593181,6.601677,6.610447,6.619499,6.628839,6.638476,6.648418,6.658673,6.669249,6.680155,6.691399,6.702992,6.714942,6.727259,6.739953,6.753034,6.766512,6.780397,6.794701,6.809434,6.824606,6.840230,6.856315,6.872874,6.889918,6.907457,6.925504,6.944068,6.963162,6.982795,7.002978,7.023722,7.045035,7.066927,7.089407,7.112481,7.136156,7.160439,7.185333,7.210842,7.236967,7.263708,7.291063,7.319029,7.347597,7.376760,7.406505,7.436817,7.467677,7.499064,7.530951,7.563307,7.596099,7.629286,7.662824,7.696663,7.730747,7.765015,7.799402,7.833833,7.868230,7.902510,7.936581,7.970347,8.003707,8.036556,8.068782,8.100270,8.130903,8.160560,8.189119,8.216459,8.242456,8.266990,8.289945,8.311206,8.330666,8.348225,8.363787,8.377271,8.388601,8.397714,8.404562,8.409104,8.411318,8.411191,8.408727,8.403942,8.396866,8.387541,8.376024,8.362381,8.346688,8.329034,8.309514,8.288229,8.265290,8.240810,8.214905,8.187694,8.159298,8.129837,8.099430,8.068195,8.036246,8.003694,7.970646,7.937204,7.903466,7.869523,7.835462
8.6000,6.254800,6.395067,6.397036,6.397659,6.398177,6.398746,6.399406,6.400169,6.401041,6.402027,6.403128,6.404345,6.405680,6.407135,6.408711,6.410408,6.412228,6.414173,6.416245,6.418444,6.420772,6.423231,6.425823,6.428551,6.431415,6.434418,6.437563,6.440851,6.444286,6.447870,6.451605,6.455495,6.459542,6.463750,6.468122,6.472661,6.477371,6.482256,6.487319,6.492564,6.497996,6.503619,6.509438,6.515456,6.521679,6.528112,6.534759,6.541628,6.548722,6.556048,6.563612,6.571419,6.579477,6.587792,6.596370,6.605220,6.614347,6.623760,6.633466,6.643473,6.653789,6.664424,6.675385,6.686681,6.698322,6.710316,6.722674,6.735406,6.748520,6.762028,6.775940,6.790267,6.805019,6.820207,6.835842,6.851936,6.868499,6.885543,6.903078,6.921118,6.939671,6.958749,6.978364,6.998525,7.019242,7.040525,7.062384,7.084826,7.107859,7.131491,7.155726,7.180570,7.206026,7.232096,7.258779,7.286075,7.313978,7.342484,7.371583,7.401264,7.431512,7.462310,7.493635,7.525463,7.557763,7.590503,7.623642,7.657138,7.690942,7.724999,7.759250,7.793628,7.828063,7.862476,7.896786,7.930902,7.964730,7.998170,8.031117,8.063461,8.095089,8.125883,8.155724,8.184490,8.212060,8.238311,8.263123,8.286379,8.307964,8.327770,8.345695,8.361644,8.375531,8.387281,8.396829,8.404122,8.409119,8.411794,8.412133,8.410135,8.405814,8.399198,8.390327,8.379253,8.366040,8.350764,8.333509,8.314370,8.293446,8.270847,8.246682,8.221070,8.194128,8.165976,8.136734,8.106522,8.075456,8.043653,8.011224,7.978275,7.944912
8.8000,6.246498,6.380577,6.382439,6.383024,6.383507,6.384035,6.384647,6.385354,6.386163,6.387076,6.388096,6.389223,6.390460,6.391808,6.393267,6.394838,6.396524,6.398325,6.400242,6.402278,6.404432,6.406708,6.409107,6.411630,6.414279,6.417057,6.419965,6.423005,6.426180,6.429492,6.432944,6.436538,6.440276,6.444163,6.448200,6.452390,6.456738,6.461246,6.465917,6.470755,6.475765,6.480949,6.486313,6.491859,6.497593,6.503519,6.509641,6.515965,6.522496,6.529238,6.536198,6.543381,6.550791,6.558437,6.566323,6.574457,6.582844,6.591491,6.600407,6.609597,6.619069,6.628832,6.638892,6.649259,6.659940,6.670945,6.682282,6.693959,6.705988,6.718377,6.731135,6.744274,6.757802,6.771731,6.786071,6.800833,6.816028,6.831666,6.847759,6.864318,6.881354,6.898878,6.916902,6.935437,6.954493,6.974081,6.994212,7.014896,7.036143,7.057961,7.080360,7.103346,7.126927,7.151110,7.175898,7.201295,7.227303,7.253924,7.281154,7.308991,7.337429,7.366460,7.396072,7.426252,7.456982,7.488241,7.520005,7.552245,7.584928,7.618016,7.651466,7.685230,7.719256,7.753484,7.787850,7.822284,7.856710,7.891045,7.925202,7.959088,7.992603,8.025644,8.058101,8.089864,8.120814,8.150834,8.179802,8.207597,8.234097,8.259183,8.282735,8.304639,8.324787,8.343074,8.359405,8.373693,8.385860,8.395839,8.403575,8.409025,8.412160,8.412962,8.411430,8.407574,8.401419,8.393001,8.382371,8.369592,8.354734,8.337882,8.319127,8.298568,8.276311,8.252468,8.227153,8.200484,8.172581,8.143563,8.113550,8.082660,8.051008
9.0000,6.238710,6.366911,6.368673,6.369221,6.369672,6.370163,6.370731,6.371387,6.372137,6.372984,6.373930,6.374976,6.376123,6.377372,6.378725,6.380182,6.381744,6.383413,6.385190,6.387076,6.389072,6.391180,6.393402,6.395739,6.398192,6.400764,6.403456,6.406270,6.409208,6.412273,6.415466,6.418790,6.422247,6.425840,6.429572,6.433445,6.437463,6.441627,6.445942,6.450410,6.455035,6.459820,6.464770,6.469887,6.475176,6.480641,6.486286,6.492115,6.498134,6.504346,6.510756,6.517371,6.524194,6.531231,6.538488,6.545971,6.553686,6.561638,6.569835,6.578282,6.586987,6.595957,6.605199,6.614720,6.624528,6.634632,6.645038,6.655757,6.666795,6.678162,6.689868,6.701921,6.714331,6.727108,6.740262,6.753802,6.767740,6.782085,6.796849,6.812042,6.827676,6.843761,6.860308,6.877329,6.894835,6.912837,6.931346,6.950373,6.969929,6.990024,7.010669,7.031872,7.053644,7.075993,7.098927,7.122453,7.146577,7.171304,7.196637,7.222580,7.249132,7.276292,7.304058,7.332424,7.361382,7.390921,7.421028,7.451687,7.482876,7.514573,7.546748,7.579370,7.612403,7.645803,7.679524,7.713515,7.747716,7.782067,7.816496,7.850929,7.885286,7.919480,7.953419,7.987005,8.020135,8.052702,8.084594,8.115696,8.145890,8.175055,8.203071,8.229816,8.255170,8.279013,8.301233,8.321717,8.340363,8.357073,8.371757,8.384337,8.394744,8.402921,8.408822,8.412414,8.413680,8.412613,8.409221,8.403527,8.395564,8.385380,8.373035,8.358599,8.342152,8.323785,8.303594,8.281684,8.258166,8.233153,8.206762,8.179112,8.150324
9.2000,6.231397,6.354014,6.355681,6.356197,6.356616,6.357074,6.357601,6.358211,6.358908,6.359694,6.360572,6.361543,6.362608,6.363767,6.365022,6.366374,6.367824,6.369373,6.371021,6.372770,6.374622,6.376577,6.378637,6.380803,6.383077,6.385461,6.387955,6.390563,6.393285,6.396124,6.399081,6.402159,6.405359,6.408685,6.412139,6.415722,6.419438,6.423290,6.427280,6.431410,6.435685,6.440107,6.444680,6.449407,6.454291,6.459336,6.464546,6.469926,6.475478,6.481208,6.487119,6.493217,6.499505,6.505990,6.512675,6.519567,6.526670,6.533990,6.541534,6.549306,6.557314,6.565563,6.574061,6.582813,6.591827,6.601111,6.610671,6.620516,6.630653,6.641090,6.651837,6.662900,6.674290,6.686015,6.698084,6.710508,6.723295,6.736456,6.750001,6.763940,6.778283,6.793042,6.808227,6.823849,6.839919,6.856448,6.873448,6.890929,6.908903,6.927381,6.946373,6.965891,6.985944,7.006544,7.027700,7.049420,7.071715,7.094591,7.118057,7.142118,7.166779,7.192044,7.217916,7.244396,7.271482,7.299173,7.327462,7.356343,7.385806,7.415836,7.446420,7.477536,7.509161,7.541268,7.573827,7.606800,7.640146,7.673821,7.707773,7.741945,7.776275,7.810696,7.845134,7.879508,7.913735,7.947723,7.981375,8.014590,8.047262,8.079280,8.110529,8.140892,8.170250,8.198483,8.225467,8.251084,8.275215,8.297745,8.318562,8.337562,8.354646,8.369724,8.382714,8.393546,8.402161,8.408510,8.412559,8.414287,8.413684,8.410756,8.405523,8.398016,8.388280,8.376371,8.362358,8.346319,8.328342,8.308523,8.286965,8.263776,8.239069
9.4000,6.224525,6.341836,6.343414,6.343898,6.344290,6.344716,6.345207,6.345774,6.346421,6.347152,6.347968,6.348870,6.349860,6.350937,6.352103,6.353359,6.354705,6.356143,6.357674,6.359298,6.361017,6.362832,6.364744,6.366755,6.368865,6.371077,6.373391,6.375809,6.378334,6.380966,6.383707,6.386560,6.389527,6.392608,6.395808,6.399127,6.402568,6.406134,6.409828,6.413650,6.417606,6.421697,6.425926,6.430296,6.434812,6.439475,6.444289,6.449259,6.454387,6.459677,6.465134,6.470762,6.476564,6.482545,6.488711,6.495065,6.501612,6.508358,6.515308,6.522466,6.529840,6.537434,6.545255,6.553308,6.561600,6.570139,6.578929,6.587979,6.597296,6.606887,6.616760,6.626922,6.637383,6.648149,6.659230,6.670635,6.682372,6.694450,6.706880,6.719671,6.732833,6.746375,6.760309,6.774644,6.789392,6.804562,6.820167,6.836216,6.852721,6.869694,6.887145,6.905085,6.923526,6.942478,6.961953,6.981960,7.002510,7.023613,7.045278,7.067513,7.090328,7.113729,7.137722,7.162313,7.187507,7.213304,7.239708,7.266717,7.294328,7.322538,7.351338,7.380721,7.410672,7.441176,7.472216,7.503766,7.535803,7.568294,7.601204,7.634494,7.668119,7.702029,7.736167,7.770475,7.804884,7.839322,7.873710,7.907966,7.941999,7.975714,8.009010,8.041782,8.073921,8.105313,8.135842,8.165388,8.193831,8.221051,8.246928,8.271341,8.294177,8.315322,8.334672,8.352127,8.367594,8.380991,8.392245,8.401295,8.408091,8.412594,8.414782,8.414643,8.412179,8.407407,8.400357,8.391069,8.379599,8.366011,8.350383,8.332800,8.313356
9.6000,6.218061,6.330330,6.331824,6.332279,6.332645,6.333042,6.333499,6.334027,6.334629,6.335309,6.336069,6.336908,6.337828,6.338829,6.339914,6.341082,6.342333,6.343670,6.345093,6.346603,6.348200,6.349887,6.351663,6.353531,6.355491,6.357545,6.359694,6.361940,6.364283,6.366726,6.369271,6.371918,6.374670,6.377529,6.380496,6.383573,6.386764,6.390069,6.393491,6.397033,6.400697,6.404485,6.408401,6.412447,6.416625,6.420940,6.425394,6.429989,6.434731,6.439621,6.444664,6.449864,6.455223,6.460747,6.466439,6.472303,6.478345,6.484568,6.490977,6.497577,6.504374,6.511372,6.518578,6.525995,6.533631,6.541492,6.549582,6.557910,6.566481,6.575302,6.584380,6.593722,6.603337,6.613230,6.623411,6.633887,6.644667,6.655758,6.667171,6.678914,6.690995,6.703425,6.716214,6.729370,6.742904,6.756827,6.771148,6.785879,6.801029,6.816611,6.832635,6.849111,6.866051,6.883467,6.901369,6.919769,6.938676,6.958103,6.978059,6.998556,7.019602,7.041206,7.063379,7.086128,7.109461,7.133383,7.157901,7.183018,7.208738,7.235062,7.261990,7.289519,7.317646,7.346363,7.375662,7.405530,7.435953,7.466913,7.498386,7.530348,7.562769,7.595614,7.628844,7.662416,7.696280,7.730383,7.764664,7.799057,7.833492,7.867892,7.902173,7.936247,7.970021,8.003394,8.036263,8.068519,8.100049,8.130738,8.160468,8.189119,8.216569,8.242700,8.267392,8.290529,8.311999,8.331694,8.349515,8.365368,8.379169,8.390842,8.400325,8.407564,8.412521,8.415167,8.415491,8.413491,8.409181,8.402587,8.393749,8.382718,8.369559
9.8000,6.211975,6.319453,6.320867,6.321295,6.321638,6.322008,6.322434,6.322925,6.323487,6.324120,6.324827,6.325608,6.326464,6.327397,6.328406,6.329493,6.330658,6.331902,6.333226,6.334631,6.336117,6.337685,6.339338,6.341074,6.342897,6.344806,6.346804,6.348891,6.351069,6.353339,6.355703,6.358161,6.360717,6.363371,6.366126,6.368983,6.371943,6.375010,6.378185,6.381470,6.384867,6.388379,6.392009,6.395758,6.399629,6.403626,6.407750,6.412005,6.416393,6.420919,6.425584,6.430393,6.435349,6.440455,6.445716,6.451135,6.456715,6.462462,6.468380,6.474472,6.480744,6.487200,6.493846,6.500685,6.507724,6.514967,6.522422,6.530092,6.537984,6.546105,6.554460,6.563057,6.571901,6.581000,6.590362,6.599993,6.609901,6.620093,6.630579,6.641366,6.652462,6.663877,6.675620,6.687698,6.700123,6.712903,6.726049,6.739570,6.753476,6.767779,6.782488,6.797614,6.813168,6.829161,6.845604,6.862508,6.879884,6.897743,6.916097,6.934956,6.954331,6.974233,6.994671,7.015657,7.037198,7.059304,7.081984,7.105245,7.129093,7.153534,7.178572,7.204211,7.230453,7.257297,7.284741,7.312782,7.341413,7.370626,7.400409,7.430747,7.461624,7.493017,7.524903,7.557250,7.590027,7.623195,7.656711,7.690527,7.724590,7.758842,7.793217,7.827646,7.862053,7.896356,7.930468,7.964296,7.997742,8.030704,8.063073,8.094737,8.125583,8.155492,8.184345,8.212022,8.238402,8.263368,8.286802,8.308592,8.328629,8.346813,8.363048,8.377248,8.389338,8.399250,8.406931,8.412338,8.415443,8.416228,8.414691,8.410843,8.404706
10.0000,6.206242,6.309165,6.310503,6.310906,6.311227,6.311573,6.311970,6.312428,6.312951,6.313542,6.314200,6.314928,6.315726,6.316595,6.317535,6.318548,6.319633,6.320792,6.322025,6.323333,6.324716,6.326177,6.327715,6.329332,6.331028,6.332805,6.334664,6.336605,6.338631,6.340742,6.342940,6.345226,6.347602,6.350069,6.352629,6.355283,6.358034,6.360882,6.363830,6.366880,6.370033,6.373293,6.376660,6.380138,6.383729,6.387434,6.391258,6.395201,6.399268,6.403460,6.407781,6.412234,6.416821,6.421547,6.426414,6.431427,6.436587,6.441901,6.447370,6.452999,6.458793,6.464755,6.470891,6.477204,6.483699,6.490382,6.497256,6.504328,6.511604,6.519087,6.526785,6.534703,6.542847,6.551223,6.559839,6.568701,6.577815,6.587190,6.596831,6.606748,6.616947,6.627437,6.638226,6.649322,6.660734,6.672471,6.684542,6.696956,6.709724,6.722854,6.736357,6.750242,6.764521,6.779204,6.794301,6.809823,6.825782,6.842187,6.859051,6.876384,6.894197,6.912501,6.931308,6.950628,6.970472,6.990849,7.011770,7.033245,7.055282,7.077889,7.101075,7.124846,7.149207,7.174164,7.199720,7.225876,7.252633,7.279990,7.307942,7.336484,7.365609,7.395304,7.425556,7.456347,7.487658,7.519464,7.551736,7.584442,7.617545,7.651003,7.684768,7.718789,7.753008,7.787362,7.821782,7.856192,7.890514,7.924660,7.958540,7.992056,8.025106,8.057583,8.089378,8.120376,8.150460,8.179511,8.207410,8.234036,8.259271,8.282997,8.305103,8.325478,8.344020,8.360633,8.375230,8.387732,8.398072,8.406192,8.412049,8.415609,8.416855
10.2000,6.200836,6.299427,6.300695,6.301074,6.301375,6.301698,6.302069,6.302496,6.302984,6.303535,6.304149,6.304828,6.305573,6.306383,6.307260,6.308204,6.309216,6.310296,6.311445,6.312664,6.313954,6.315315,6.316748,6.318254,6.319835,6.321490,6.323221,6.325029,6.326915,6.328881,6.330926,6.333054,6.335265,6.337560,6.339941,6.342410,6.344967,6.347615,6.350356,6.353190,6.356120,6.359149,6.362276,6.365506,6.368839,6.372279,6.375827,6.379486,6.383258,6.387146,6.391152,6.395279,6.399530,6.403909,6.408417,6.413058,6.417836,6.422753,6.427814,6.433021,6.438379,6.443891,6.449562,6.455395,6.461395,6.467567,6.473914,6.480442,6.487155,6.494058,6.501158,6.508458,6.515965,6.523684,6.531621,6.539783,6.548176,6.556805,6.565679,6.574803,6.584185,6.593832,6.603752,6.613953,6.624442,6.635228,6.646318,6.657723,6.669450,6.681509,6.693909,6.706659,6.719770,6.733250,6.747111,6.761363,6.776016,6.791080,6.806567,6.822487,6.838851,6.855671,6.872957,6.890721,6.908973,6.927724,6.946986,6.966768,6.987081,7.007936,7.029340,7.051305,7.073837,7.096946,7.120637,7.144916,7.169789,7.195258,7.221327,7.247995,7.275261,7.303123,7.331575,7.360608,7.390213,7.420376,7.451080,7.482306,7.514030,7.546225,7.578858,7.611893,7.645290,7.679002,7.712979,7.747162,7.781492,7.815899,7.850311,7.884648,7.918825,7.952753,7.986334,8.019469,8.052052,8.083972,8.115118,8.145373,8.174618,8.202734,8.229601,8.255100,8.279116,8.301532,8.322241,8.341138,8.358126,8.373116,8.386028,8.396792,8.405349
10.4000,6.195735,6.290206,6.291407,6.291764,6.292046,6.292348,6.292695,6.293094,6.293550,6.294064,6.294638,6.295272,6.295966,6.296723,6.297541,6.298422,6.299366,6.300374,6.301446,6.302584,6.303787,6.305056,6.306393,6.307798,6.309271,6.310814,6.312428,6.314113,6.315871,6.317702,6.319609,6.321591,6.323650,6.325787,6.328004,6.330302,6.332683,6.335147,6.337697,6.340334,6.343059,6.345875,6.348783,6.351785,6.354883,6.358079,6.361375,6.364773,6.368276,6.371885,6.375603,6.379433,6.383377,6.387437,6.391617,6.395920,6.400347,6.404903,6.409591,6.414413,6.419373,6.424475,6.429722,6.435118,6.440667,6.446372,6.452239,6.458270,6.464471,6.470847,6.477401,6.484139,6.491066,6.498186,6.505506,6.513031,6.520766,6.528718,6.536893,6.545296,6.553934,6.562815,6.571944,6.581329,6.590977,6.600896,6.611094,6.621578,6.632356,6.643438,6.654830,6.666544,6.678586,6.690968,6.703697,6.716784,6.730239,6.744072,6.758292,6.772912,6.787940,6.803388,6.819266,6.835587,6.852359,6.869596,6.887306,6.905503,6.924196,6.943397,6.963115,6.983362,7.004146,7.025479,7.047369,7.069824,7.092852,7.116461,7.140656,7.165442,7.190823,7.216802,7.243379,7.270554,7.298323,7.326681,7.355622,7.385134,7.415206,7.445822,7.476961,7.508601,7.540716,7.573274,7.606239,7.639573,7.673229,7.707158,7.741304,7.775607,7.809999,7.844409,7.878758,7.912963,7.946935,7.980578,8.013794,8.046478,8.078521,8.109810,8.140231,8.169666,8.197995,8.225099,8.250859,8.275158,8.297882,8.318920,8.338167,8.355526,8.370906
10.6000,6.190918,6.281470,6.282607,6.282944,6.283209,6.283491,6.283816,6.284189,6.284615,6.285095,6.285631,6.286223,6.286873,6.287579,6.288343,6.289166,6.290048,6.290989,6.291991,6.293053,6.294176,6.295361,6.296609,6.297920,6.299295,6.300735,6.302241,6.303813,6.305452,6.307161,6.308938,6.310786,6.312706,6.314698,6.316765,6.318906,6.321124,6.323419,6.325794,6.328250,6.330787,6.333408,6.336115,6.338908,6.341790,6.344762,6.347827,6.350986,6.354242,6.357596,6.361050,6.364607,6.368270,6.372040,6.375920,6.379912,6.384020,6.388245,6.392592,6.397062,6.401659,6.406386,6.411246,6.416243,6.421380,6.426660,6.432088,6.437667,6.443402,6.449296,6.455354,6.461579,6.467977,6.474553,6.481310,6.488255,6.495392,6.502727,6.510265,6.518012,6.525973,6.534156,6.542565,6.551208,6.560091,6.569221,6.578605,6.588250,6.598164,6.608355,6.618830,6.629597,6.640665,6.652043,6.663739,6.675761,6.688121,6.700826,6.713886,6.727312,6.741113,6.755300,6.769883,6.784872,6.800278,6.816112,6.832385,6.849108,6.866292,6.883947,6.902086,6.920718,6.939855,6.959507,6.979684,7.000397,7.021656,7.043468,7.065844,7.088790,7.112315,7.136423,7.161121,7.186412,7.212299,7.238783,7.265864,7.293538,7.321802,7.350648,7.380066,7.410046,7.440570,7.471620,7.503175,7.535207,7.567688,7.600582,7.633850,7.667448,7.701328,7.735434,7.769707,7.804081,7.838486,7.872845,7.907074,7.941087,7.974789,8.008082,8.040863,8.073024,8.104453,8.135037,8.164656,8.193194,8.220530,8.246547,8.271125,8.294152,8.315515
10.8000,6.186366,6.273189,6.274266,6.274584,6.274832,6.275097,6.275400,6.275749,6.276148,6.276597,6.277098,6.277652,6.278259,6.278920,6.279634,6.280403,6.281228,6.282107,6.283043,6.284036,6.285085,6.286193,6.287358,6.288583,6.289868,6.291212,6.292618,6.294086,6.295617,6.297212,6.298871,6.300596,6.302387,6.304246,6.306173,6.308171,6.310239,6.312379,6.314593,6.316882,6.319246,6.321688,6.324209,6.326811,6.329495,6.332262,6.335115,6.338055,6.341084,6.344203,6.347416,6.350724,6.354128,6.357632,6.361237,6.364945,6.368760,6.372683,6.376718,6.380866,6.385131,6.389515,6.394022,6.398654,6.403415,6.408307,6.413335,6.418501,6.423810,6.429265,6.434869,6.440628,6.446544,6.452622,6.458868,6.465284,6.471876,6.478649,6.485607,6.492756,6.500101,6.507648,6.515402,6.523369,6.531555,6.539967,6.548610,6.557492,6.566619,6.575998,6.585637,6.595543,6.605723,6.616185,6.626938,6.637990,6.649349,6.661024,6.673024,6.685358,6.698036,6.711066,6.724460,6.738227,6.752377,6.766920,6.781867,6.797229,6.813016,6.829240,6.845910,6.863039,6.880637,6.898715,6.917284,6.936355,6.955939,6.976045,6.996684,7.017866,7.039600,7.061894,7.084756,7.108194,7.132215,7.156823,7.182022,7.207816,7.234205,7.261190,7.288768,7.316935,7.345685,7.375008,7.404892,7.435323,7.466283,7.497751,7.529700,7.562101,7.594921,7.628122,7.661660,7.695488,7.729551,7.763792,7.798146,7.832543,7.866908,7.901159,7.935209,7.968967,8.002334,8.035208,8.067483,8.099048,8.129790,8.159590,8.188333,8.215897,8.242165
11.0000,6.182062,6.265334,6.266355,6.266655,6.266888,6.267136,6.267420,6.267747,6.268120,6.268541,6.269010,6.269528,6.270096,6.270714,6.271383,6.272102,6.272873,6.273696,6.274572,6.275500,6.276482,6.277517,6.278607,6.279752,6.280953,6.282210,6.283524,6.284896,6.286326,6.287816,6.289366,6.290977,6.292650,6.294386,6.296186,6.298050,6.299980,6.301978,6.304043,6.306178,6.308384,6.310662,6.313012,6.315438,6.317939,6.320518,6.323176,6.325914,6.328735,6.331640,6.334631,6.337709,6.340877,6.344136,6.347489,6.350938,6.354484,6.358130,6.361879,6.365732,6.369693,6.373764,6.377947,6.382246,6.386662,6.391200,6.395862,6.400651,6.405571,6.410625,6.415816,6.421148,6.426625,6.432250,6.438028,6.443962,6.450057,6.456317,6.462747,6.469352,6.476136,6.483103,6.490260,6.497612,6.505164,6.512921,6.520891,6.529077,6.537487,6.546128,6.555005,6.564126,6.573497,6.583125,6.593019,6.603186,6.613633,6.624368,6.635400,6.646738,6.658389,6.670363,6.682670,6.695317,6.708316,6.721675,6.735405,6.749515,6.764017,6.778920,6.794235,6.809973,6.826144,6.842761,6.859832,6.877370,6.895386,6.913890,6.932893,6.952406,6.972440,6.993003,7.014106,7.035759,7.057970,7.080747,7.104098,7.128028,7.152544,7.177650,7.203349,7.229642,7.256530,7.284010,7.312079,7.340731,7.369957,7.399745,7.430082,7.460950,7.492328,7.524192,7.556512,7.589257,7.622388,7.655864,7.689637,7.723656,7.757863,7.792194,7.826580,7.860948,7.895218,7.929302,7.963112,7.996549,8.029514,8.061899,8.093596,8.124491,8.154469
11.2000,6.177989,6.257880,6.258848,6.259131,6.259350,6.259583,6.259849,6.260156,6.260505,6.260899,6.261338,6.261824,6.262356,6.262934,6.263560,6.264234,6.264956,6.265727,6.266546,6.267415,6.268334,6.269303,6.270323,6.271394,6.272518,6.273694,6.274923,6.276206,6.277544,6.278937,6.280386,6.281892,6.283456,6.285078,6.286760,6.288502,6.290305,6.292171,6.294100,6.296093,6.298153,6.300278,6.302472,6.304735,6.307069,6.309474,6.311953,6.314506,6.317136,6.319843,6.322630,6.325498,6.328448,6.331483,6.334605,6.337815,6.341115,6.344507,6.347994,6.351577,6.355259,6.359043,6.362930,6.366923,6.371025,6.375238,6.379565,6.384009,6.388574,6.393261,6.398074,6.403016,6.408091,6.413303,6.418654,6.424148,6.429790,6.435583,6.441531,6.447639,6.453911,6.460351,6.466964,6.473755,6.480729,6.487891,6.495245,6.502799,6.510556,6.518524,6.526708,6.535114,6.543748,6.552617,6.561729,6.571089,6.580705,6.590584,6.600734,6.611162,6.621878,6.632888,6.644201,6.655826,6.667772,6.680048,6.692664,6.705627,6.718950,6.732640,6.746709,6.761167,6.776023,6.791289,6.806976,6.823094,6.839653,6.856666,6.874142,6.892094,6.910531,6.929465,6.948905,6.968864,6.989350,7.010374,7.031944,7.054070,7.076760,7.100021,7.123861,7.148283,7.173295,7.198897,7.225093,7.251882,7.279263,7.307233,7.335786,7.364913,7.394604,7.424845,7.455619,7.486907,7.518683,7.550921,7.583588,7.616648,7.650060,7.683778,7.717749,7.751919,7.786224,7.820598,7.854967,7.889251,7.923368,7.957226,7.990730,8.023781,8.056273
11.4000,6.174133,6.250804,6.251721,6.251988,6.252194,6.252413,6.252663,6.252950,6.253278,6.253647,6.254059,6.254514,6.255012,6.255555,6.256141,6.256773,6.257449,6.258171,6.258939,6.259753,6.260613,6.261521,6.262476,6.263479,6.264531,6.265632,6.266783,6.267984,6.269236,6.270540,6.271896,6.273305,6.274768,6.276285,6.277858,6.279487,6.281173,6.282917,6.284721,6.286584,6.288508,6.290494,6.292543,6.294656,6.296835,6.299081,6.301395,6.303777,6.306231,6.308757,6.311356,6.314030,6.316781,6.319610,6.322518,6.325509,6.328583,6.331742,6.334988,6.338324,6.341750,6.345270,6.348886,6.352599,6.356412,6.360328,6.364349,6.368477,6.372716,6.377067,6.381535,6.386121,6.390829,6.395662,6.400623,6.405716,6.410944,6.416310,6.421819,6.427473,6.433278,6.439237,6.445354,6.451633,6.458080,6.464699,6.471494,6.478470,6.485633,6.492988,6.500540,6.508295,6.516258,6.524436,6.532834,6.541460,6.550319,6.559418,6.568764,6.578365,6.588227,6.598358,6.608766,6.619458,6.630444,6.641731,6.653327,6.665243,6.677486,6.690067,6.702994,6.716277,6.729926,6.743952,6.758363,6.773172,6.788387,6.804020,6.820082,6.836584,6.853536,6.870949,6.888834,6.907203,6.926066,6.945433,6.965315,6.985722,7.006665,7.028151,7.050191,7.072793,7.095964,7.119710,7.144039,7.168954,7.194459,7.220556,7.247245,7.274526,7.302396,7.330848,7.359875,7.389467,7.419611,7.450290,7.481486,7.513174,7.545328,7.577916,7.610903,7.644249,7.677908,7.711831,7.745961,7.780239,7.814597,7.848964,7.883261,7.917406,7.951309
11.6000,6.170479,6.244082,6.244952,6.245204,6.245398,6.245604,6.245838,6.246108,6.246415,6.246761,6.247148,6.247574,6.248042,6.248550,6.249101,6.249693,6.250327,6.251004,6.251724,6.252487,6.253293,6.254144,6.255039,6.255980,6.256965,6.257997,6.259075,6.260200,6.261373,6.262594,6.263864,6.265184,6.266553,6.267974,6.269446,6.270970,6.272548,6.274180,6.275867,6.277609,6.279409,6.281266,6.283181,6.285157,6.287193,6.289292,6.291453,6.293679,6.295970,6.298328,6.300755,6.303251,6.305817,6.308457,6.311170,6.313959,6.316825,6.319769,6.322795,6.325902,6.329094,6.332372,6.335738,6.339195,6.342743,6.346386,6.350126,6.353965,6.357906,6.361950,6.366101,6.370361,6.374733,6.379220,6.383824,6.388550,6.393399,6.398375,6.403482,6.408722,6.414101,6.419620,6.425284,6.431097,6.437063,6.443186,6.449471,6.455921,6.462542,6.469338,6.476315,6.483476,6.490828,6.498376,6.506125,6.514082,6.522251,6.530640,6.539254,6.548100,6.557185,6.566515,6.576097,6.585940,6.596050,6.606434,6.617102,6.628061,6.639319,6.650886,6.662769,6.674978,6.687522,6.700410,6.713652,6.727258,6.741238,6.755602,6.770360,6.785524,6.801102,6.817107,6.833548,6.850438,6.867786,6.885605,6.903903,6.922693,6.941985,6.961790,6.982117,7.002977,7.024379,7.046332,7.068844,7.091923,7.115576,7.139809,7.164627,7.190033,7.216030,7.242619,7.269798,7.297566,7.325917,7.354843,7.384335,7.414381,7.444964,7.476066,7.507664,7.539732,7.572240,7.605152,7.638430,7.672030,7.705901,7.739991,7.774238,7.808578,7.842940
11.8000,6.167015,6.237694,6.238519,6.238758,6.238940,6.239133,6.239353,6.239607,6.239895,6.240220,6.240583,6.240983,6.241422,6.241900,6.242416,6.242971,6.243567,6.244202,6.244877,6.245593,6.246350,6.247148,6.247987,6.248869,6.249794,6.250761,6.251772,6.252827,6.253926,6.255071,6.256261,6.257497,6.258781,6.260111,6.261490,6.262918,6.264396,6.265924,6.267503,6.269134,6.270818,6.272556,6.274349,6.276197,6.278102,6.280064,6.282085,6.284166,6.286307,6.288511,6.290778,6.293110,6.295507,6.297972,6.300505,6.303108,6.305782,6.308530,6.311352,6.314250,6.317226,6.320282,6.323419,6.326639,6.329945,6.333337,6.336819,6.340393,6.344059,6.347822,6.351683,6.355644,6.359708,6.363878,6.368156,6.372545,6.377047,6.381667,6.386406,6.391268,6.396257,6.401374,6.406625,6.412012,6.417539,6.423209,6.429028,6.434998,6.441125,6.447411,6.453863,6.460484,6.467278,6.474252,6.481409,6.488756,6.496297,6.504039,6.511986,6.520145,6.528521,6.537121,6.545952,6.555020,6.564332,6.573895,6.583716,6.593802,6.604162,6.614803,6.625734,6.636962,6.648496,6.660344,6.672517,6.685022,6.697870,6.711070,6.724631,6.738564,6.752879,6.767586,6.782695,6.798217,6.814163,6.830543,6.847369,6.864652,6.882401,6.900629,6.919345,6.938561,6.958287,6.978533,6.999309,7.020625,7.042489,7.064911,7.087897,7.111455,7.135592,7.160311,7.185618,7.211515,7.238002,7.265079,7.292744,7.320992,7.349816,7.379207,7.409153,7.439639,7.470646,7.502153,7.534135,7.566560,7.599396,7.632605,7.666142,7.699961,7.734007
12.0000,6.163729,6.231620,6.232403,6.232629,6.232801,6.232982,6.233189,6.233427,6.233698,6.234004,6.234344,6.234720,6.235132,6.235581,6.236066,6.236588,6.237146,6.237743,6.238377,6.239049,6.239759,6.240508,6.241296,6.242124,6.242992,6.243899,6.244848,6.245838,6.246869,6.247943,6.249059,6.250218,6.251422,6.252669,6.253962,6.255301,6.256685,6.258117,6.259597,6.261125,6.262703,6.264330,6.266009,6.267739,6.269522,6.271359,6.273250,6.275197,6.277201,6.279262,6.281382,6.283562,6.285803,6.288106,6.290473,6.292905,6.295403,6.297969,6.300604,6.303309,6.306087,6.308938,6.311864,6.314867,6.317949,6.321112,6.324357,6.327686,6.331102,6.334605,6.338200,6.341887,6.345668,6.349547,6.353526,6.357607,6.361792,6.366085,6.370488,6.375003,6.379635,6.384385,6.389257,6.394254,6.399380,6.404638,6.410031,6.415563,6.421238,6.427059,6.433031,6.439159,6.445445,6.451895,6.458513,6.465304,6.472272,6.479424,6.486763,6.494295,6.502026,6.509962,6.518108,6.526470,6.535055,6.543869,6.552918,6.562210,6.571751,6.581548,6.591610,6.601943,6.612555,6.623455,6.634651,6.646151,6.657964,6.670099,6.682564,6.695370,6.708526,6.722041,6.735926,6.750190,6.764843,6.779897,6.795362,6.811248,6.827566,6.844327,6.861542,6.879222,6.897377,6.916018,6.935157,6.954803,6.974967,6.995658,7.016887,7.038662,7.060992,7.083885,7.107348,7.131387,7.156008,7.181214,7.207008,7.233393,7.260367,7.287928,7.316073,7.344794,7.374083,7.403929,7.434316,7.465228,7.496642,7.528535,7.560877,7.593636,7.626773
12.2000,6.160610,6.225843,6.226586,6.226799,6.226961,6.227132,6.227327,6.227551,6.227805,6.228093,6.228413,6.228766,6.229153,6.229575,6.230031,6.230521,6.231046,6.231606,6.232202,6.232833,6.233501,6.234204,6.234945,6.235722,6.236537,6.237389,6.238280,6.239209,6.240177,6.241185,6.242233,6.243321,6.244450,6.245621,6.246834,6.248089,6.249388,6.250731,6.252118,6.253551,6.255030,6.256555,6.258129,6.259750,6.261420,6.263141,6.264912,6.266735,6.268611,6.270541,6.272525,6.274565,6.276661,6.278816,6.281030,6.283304,6.285639,6.288037,6.290499,6.293027,6.295621,6.298284,6.301016,6.303820,6.306696,6.309647,6.312674,6.315778,6.318963,6.322229,6.325579,6.329014,6.332536,6.336148,6.339852,6.343650,6.347545,6.351538,6.355632,6.359830,6.364135,6.368549,6.373074,6.377715,6.382474,6.387353,6.392357,6.397488,6.402750,6.408147,6.413682,6.419358,6.425180,6.431152,6.437278,6.443561,6.450008,6.456621,6.463406,6.470367,6.477510,6.484840,6.492362,6.500081,6.508003,6.516134,6.524481,6.533048,6.541843,6.550872,6.560141,6.569659,6.579431,6.589466,6.599771,6.610353,6.621221,6.632384,6.643848,6.655624,6.667719,6.680143,6.692906,6.706016,6.719484,6.733319,6.747531,6.762130,6.777128,6.792534,6.808358,6.824613,6.841308,6.858455,6.876064,6.894145,6.912711,6.931772,6.951337,6.971418,6.992024,7.013164,7.034849,7.057087,7.079886,7.103252,7.127193,7.151714,7.176819,7.202511,7.228792,7.255662,7.283119,7.311159,7.339776,7.368963,7.398707,7.428995,7.459809,7.491130,7.522934
12.4000,6.157648,6.220345,6.221050,6.221252,6.221405,6.221566,6.221749,6.221959,6.222199,6.222469,6.222770,6.223103,6.223467,6.223863,6.224292,6.224753,6.225247,6.225774,6.226334,6.226927,6.227555,6.228216,6.228912,6.229642,6.230408,6.231209,6.232046,6.232919,6.233829,6.234775,6.235759,6.236781,6.237842,6.238941,6.240080,6.241258,6.242477,6.243738,6.245040,6.246384,6.247771,6.249202,6.250677,6.252198,6.253764,6.255377,6.257037,6.258746,6.260504,6.262311,6.264170,6.266080,6.268043,6.270061,6.272133,6.274261,6.276446,6.278689,6.280992,6.283355,6.285781,6.288270,6.290823,6.293442,6.296129,6.298885,6.301711,6.304609,6.307581,6.310628,6.313753,6.316956,6.320240,6.323607,6.327059,6.330597,6.334224,6.337942,6.341754,6.345661,6.349666,6.353771,6.357979,6.362293,6.366715,6.371249,6.375896,6.380661,6.385546,6.390553,6.395688,6.400952,6.406350,6.411886,6.417562,6.423382,6.429352,6.435474,6.441753,6.448193,6.454800,6.461577,6.468530,6.475663,6.482981,6.490490,6.498195,6.506103,6.514217,6.522546,6.531094,6.539868,6.548875,6.558121,6.567614,6.577360,6.587367,6.597641,6.608192,6.619027,6.630155,6.641582,6.653319,6.665374,6.677756,6.690474,6.703537,6.716956,6.730740,6.744899,6.759444,6.774384,6.789730,6.805492,6.821682,6.838311,6.855388,6.872925,6.890933,6.909422,6.928403,6.947887,6.967884,6.988404,7.009456,7.031050,7.053195,7.075898,7.099168,7.123010,7.147430,7.172433,7.198022,7.224199,7.250964,7.278316,7.306251,7.334764,7.363846,7.393488,7.423675
12.6000,6.154834,6.215110,6.215780,6.215971,6.216115,6.216267,6.216439,6.216638,6.216863,6.217117,6.217401,6.217714,6.218057,6.218430,6.218833,6.219267,6.219731,6.220227,6.220754,6.221312,6.221902,6.222524,6.223179,6.223866,6.224586,6.225339,6.226126,6.226947,6.227802,6.228692,6.229617,6.230577,6.231574,6.232606,6.233676,6.234783,6.235929,6.237112,6.238335,6.239597,6.240899,6.242243,6.243627,6.245054,6.246524,6.248037,6.249594,6.251197,6.252845,6.254540,6.256282,6.258073,6.259913,6.261802,6.263743,6.265737,6.267783,6.269883,6.272039,6.274251,6.276520,6.278848,6.281237,6.283686,6.286198,6.288774,6.291415,6.294123,6.296899,6.299745,6.302662,6.305652,6.308717,6.311858,6.315077,6.318377,6.321758,6.325224,6.328775,6.332415,6.336144,6.339967,6.343884,6.347898,6.352012,6.356228,6.360549,6.364978,6.369517,6.374169,6.378937,6.383825,6.388835,6.393970,6.399235,6.404633,6.410166,6.415840,6.421657,6.427622,6.433739,6.440012,6.446445,6.453043,6.459811,6.466752,6.473874,6.481179,6.488674,6.496364,6.504255,6.512351,6.520661,6.529188,6.537940,6.546924,6.556145,6.565612,6.575330,6.585307,6.595551,6.606069,6.616869,6.627960,6.639350,6.651047,6.663060,6.675398,6.688070,6.701086,6.714455,6.728188,6.742293,6.756781,6.771662,6.786948,6.802647,6.818772,6.835333,6.852340,6.869804,6.887737,6.906149,6.925050,6.944452,6.964364,6.984797,7.005760,7.027263,7.049314,7.071921,7.095093,7.118836,7.143155,7.168056,7.193541,7.219613,7.246273,7.273519,7.301348,7.329755
12.8000,6.152158,6.210125,6.210761,6.210941,6.211078,6.211221,6.211383,6.211570,6.211782,6.212022,6.212289,6.212583,6.212906,6.213257,6.213637,6.214045,6.214483,6.214949,6.215445,6.215971,6.216527,6.217112,6.217728,6.218375,6.219052,6.219761,6.220501,6.221273,6.222078,6.222915,6.223785,6.224688,6.225625,6.226596,6.227602,6.228643,6.229719,6.230832,6.231981,6.233167,6.234390,6.235652,6.236953,6.238293,6.239673,6.241093,6.242555,6.244059,6.245606,6.247196,6.248831,6.250510,6.252236,6.254008,6.255827,6.257696,6.259613,6.261581,6.263601,6.265673,6.267798,6.269978,6.272214,6.274506,6.276856,6.279266,6.281736,6.284269,6.286864,6.289524,6.292250,6.295044,6.297906,6.300840,6.303845,6.306925,6.310081,6.313313,6.316626,6.320019,6.323496,6.327059,6.330708,6.334447,6.338278,6.342203,6.346225,6.350345,6.354567,6.358893,6.363326,6.367868,6.372523,6.377293,6.382182,6.387192,6.392327,6.397591,6.402986,6.408516,6.414186,6.419998,6.425957,6.432067,6.438332,6.444756,6.451344,6.458100,6.465030,6.472138,6.479429,6.486908,6.494581,6.502454,6.510531,6.518820,6.527326,6.536055,6.545014,6.554209,6.563647,6.573336,6.583283,6.593494,6.603979,6.614744,6.625797,6.637148,6.648804,6.660774,6.673067,6.685693,6.698660,6.711979,6.725658,6.739709,6.754140,6.768962,6.784186,6.799822,6.815880,6.832372,6.849309,6.866700,6.884557,6.902891,6.921712,6.941031,6.960858,6.981203,7.002076,7.023487,7.045444,7.067955,7.091029,7.114671,7.138889,7.163687,7.189068,7.215034,7.241588
13.0000,6.149613,6.205374,6.205978,6.206149,6.206278,6.206413,6.206566,6.206742,6.206942,6.207168,6.207419,6.207697,6.208001,6.208332,6.208690,6.209075,6.209487,6.209926,6.210393,6.210888,6.211412,6.211963,6.212543,6.213152,6.213790,6.214457,6.215154,6.215881,6.216638,6.217426,6.218245,6.219095,6.219977,6.220890,6.221837,6.222816,6.223828,6.224874,6.225955,6.227070,6.228220,6.229406,6.230629,6.231888,6.233185,6.234520,6.235893,6.237306,6.238758,6.240251,6.241786,6.243362,6.244982,6.246645,6.248352,6.250105,6.251903,6.253749,6.255642,6.257584,6.259576,6.261619,6.263713,6.265861,6.268062,6.270318,6.272631,6.275001,6.277429,6.279918,6.282467,6.285080,6.287756,6.290498,6.293306,6.296184,6.299131,6.302150,6.305242,6.308409,6.311654,6.314977,6.318380,6.321866,6.325437,6.329095,6.332841,6.336679,6.340610,6.344637,6.348762,6.352988,6.357317,6.361752,6.366296,6.370952,6.375722,6.380610,6.385619,6.390752,6.396012,6.401403,6.406929,6.412592,6.418398,6.424349,6.430451,6.436706,6.443120,6.449697,6.456441,6.463357,6.470450,6.477725,6.485188,6.492843,6.500696,6.508753,6.517020,6.525502,6.534207,6.543140,6.552308,6.561718,6.571376,6.581291,6.591470,6.601919,6.612647,6.623662,6.634973,6.646587,6.658514,6.670762,6.683340,6.696258,6.709525,6.723150,6.737145,6.751518,6.766281,6.781442,6.797014,6.813005,6.829428,6.846293,6.863611,6.881391,6.899647,6.918387,6.937622,6.957363,6.977621,6.998404,7.019722,7.041584,7.063999,7.086974,7.110516,7.134631,7.159325
13.2000,6.147190,6.200845,6.201419,6.201581,6.201703,6.201830,6.201975,6.202141,6.202329,6.202542,6.202779,6.203041,6.203328,6.203640,6.203977,6.204340,6.204728,6.205142,6.205583,6.206049,6.206543,6.207062,6.207609,6.208183,6.208784,6.209412,6.210069,6.210754,6.211467,6.212209,6.212980,6.213780,6.214610,6.215471,6.216361,6.217283,6.218236,6.219221,6.220237,6.221286,6.222369,6.223485,6.224634,6.225819,6.227038,6.228293,6.229584,6.230912,6.232277,6.233680,6.235121,6.236602,6.238123,6.239685,6.241288,6.242933,6.244622,6.246354,6.248130,6.249952,6.251821,6.253736,6.255700,6.257713,6.259776,6.261890,6.264057,6.266277,6.268551,6.270881,6.273268,6.275713,6.278217,6.280782,6.283409,6.286099,6.288854,6.291676,6.294565,6.297524,6.300554,6.303657,6.306834,6.310087,6.313419,6.316831,6.320324,6.323902,6.327566,6.331318,6.335160,6.339095,6.343126,6.347254,6.351482,6.355812,6.360248,6.364792,6.369447,6.374216,6.379102,6.384108,6.389237,6.394493,6.399878,6.405398,6.411054,6.416852,6.422794,6.428886,6.435130,6.441532,6.448096,6.454827,6.461728,6.468805,6.476064,6.483508,6.491144,6.498977,6.507012,6.515256,6.523714,6.532393,6.541299,6.550439,6.559819,6.569447,6.579329,6.589473,6.599887,6.610577,6.621553,6.632823,6.644395,6.656277,6.668478,6.681008,6.693876,6.707090,6.720662,6.734600,6.748915,6.763616,6.778715,6.794221,6.810146,6.826499,6.843292,6.860535,6.878239,6.896415,6.915074,6.934225,6.953881,6.974049,6.994742,7.015967,7.037734,7.060052,7.082928
13.4000,6.144884,6.196526,6.197071,6.197225,6.197340,6.197460,6.197597,6.197753,6.197932,6.198132,6.198356,6.198603,6.198873,6.199168,6.199486,6.199828,6.200194,6.200585,6.201000,6.201440,6.201905,6.202395,6.202911,6.203452,6.204018,6.204611,6.205230,6.205875,6.206547,6.207247,6.207973,6.208727,6.209510,6.210320,6.211159,6.212027,6.212925,6.213852,6.214809,6.215797,6.216816,6.217866,6.218948,6.220063,6.221210,6.222390,6.223605,6.224854,6.226138,6.227457,6.228812,6.230205,6.231634,6.233102,6.234608,6.236154,6.237739,6.239366,6.241034,6.242745,6.244499,6.246296,6.248139,6.250028,6.251963,6.253946,6.255977,6.258058,6.260190,6.262373,6.264609,6.266899,6.269244,6.271646,6.274105,6.276623,6.279200,6.281840,6.284542,6.287309,6.290141,6.293041,6.296009,6.299048,6.302160,6.305345,6.308606,6.311944,6.315362,6.318862,6.322444,6.326113,6.329869,6.333714,6.337652,6.341684,6.345814,6.350042,6.354373,6.358808,6.363351,6.368003,6.372769,6.377652,6.382653,6.387777,6.393027,6.398406,6.403917,6.409566,6.415354,6.421286,6.427367,6.433600,6.439989,6.446539,6.453254,6.460140,6.467200,6.474440,6.481865,6.489481,6.497292,6.505305,6.513525,6.521958,6.530611,6.539489,6.548600,6.557949,6.567545,6.577393,6.587502,6.597879,6.608532,6.619468,6.630696,6.642224,6.654061,6.666215,6.678696,6.691513,6.704675,6.718191,6.732072,6.746328,6.760968,6.776004,6.791444,6.807301,6.823584,6.840304,6.857472,6.875099,6.893196,6.911773,6.930840,6.950409,6.970488,6.991090,7.012222
13.6000,6.142687,6.192405,6.192924,6.193069,6.193178,6.193292,6.193421,6.193569,6.193737,6.193926,6.194137,6.194371,6.194626,6.194904,6.195204,6.195527,6.195872,6.196241,6.196633,6.197048,6.197487,6.197949,6.198436,6.198946,6.199480,6.200039,6.200623,6.201232,6.201866,6.202525,6.203210,6.203921,6.204659,6.205422,6.206213,6.207032,6.207877,6.208751,6.209653,6.210584,6.211543,6.212532,6.213552,6.214601,6.215681,6.216793,6.217936,6.219111,6.220319,6.221561,6.222836,6.224146,6.225490,6.226871,6.228287,6.229740,6.231230,6.232759,6.234327,6.235934,6.237581,6.239270,6.241000,6.242773,6.244590,6.246451,6.248357,6.250309,6.252309,6.254356,6.256453,6.258600,6.260798,6.263048,6.265352,6.267710,6.270124,6.272595,6.275125,6.277714,6.280364,6.283076,6.285852,6.288693,6.291602,6.294578,6.297625,6.300743,6.303934,6.307201,6.310545,6.313967,6.317471,6.321057,6.324728,6.328487,6.332334,6.336273,6.340306,6.344435,6.348663,6.352992,6.357425,6.361965,6.366614,6.371376,6.376253,6.381249,6.386367,6.391610,6.396981,6.402484,6.408122,6.413900,6.419822,6.425890,6.432110,6.438485,6.445020,6.451719,6.458588,6.465630,6.472851,6.480257,6.487851,6.495640,6.503629,6.511824,6.520232,6.528857,6.537706,6.546787,6.556105,6.565668,6.575482,6.585555,6.595894,6.606508,6.617403,6.628589,6.640073,6.651864,6.663971,6.676402,6.689167,6.702276,6.715737,6.729560,6.743756,6.758335,6.773306,6.788681,6.804469,6.820681,6.837329,6.854422,6.871971,6.889988,6.908482,6.927465,6.946947
13.8000,6.140593,6.188472,6.188965,6.189104,6.189206,6.189314,6.189436,6.189575,6.189734,6.189913,6.190113,6.190333,6.190574,6.190836,6.191120,6.191425,6.191751,6.192099,6.192469,6.192861,6.193275,6.193712,6.194171,6.194652,6.195157,6.195685,6.196235,6.196810,6.197408,6.198030,6.198676,6.199347,6.200043,6.200763,6.201509,6.202281,6.203078,6.203902,6.204752,6.205630,6.206534,6.207466,6.208427,6.209416,6.210433,6.211480,6.212557,6.213664,6.214802,6.215971,6.217172,6.218404,6.219670,6.220969,6.222301,6.223668,6.225070,6.226508,6.227982,6.229493,6.231042,6.232629,6.234255,6.235921,6.237627,6.239375,6.241165,6.242998,6.244875,6.246797,6.248764,6.250778,6.252840,6.254950,6.257110,6.259321,6.261583,6.263899,6.266268,6.268693,6.271175,6.273714,6.276312,6.278971,6.281692,6.284476,6.287325,6.290240,6.293223,6.296275,6.299398,6.302595,6.305866,6.309213,6.312639,6.316145,6.319734,6.323407,6.327166,6.331014,6.334952,6.338984,6.343112,6.347338,6.351664,6.356094,6.360630,6.365275,6.370032,6.374903,6.379892,6.385002,6.390237,6.395599,6.401092,6.406720,6.412487,6.418396,6.424451,6.430656,6.437017,6.443536,6.450218,6.457069,6.464093,6.471294,6.478678,6.486250,6.494016,6.501981,6.510151,6.518531,6.527128,6.535948,6.544998,6.554284,6.563813,6.573593,6.583629,6.593930,6.604504,6.615358,6.626501,6.637940,6.649685,6.661743,6.674124,6.686838,6.699892,6.713297,6.727063,6.741199,6.755715,6.770622,6.785930,6.801650,6.817791,6.834365,6.851383,6.868854,6.886790
14.0000,6.138597,6.184717,6.185186,6.185317,6.185415,6.185516,6.185631,6.185763,6.185914,6.186083,6.186271,6.186479,6.186707,6.186955,6.187223,6.187511,6.187819,6.188148,6.188498,6.188868,6.189259,6.189671,6.190105,6.190560,6.191036,6.191534,6.192055,6.192597,6.193162,6.193749,6.194359,6.194992,6.195649,6.196329,6.197033,6.197761,6.198513,6.199290,6.200092,6.200920,6.201773,6.202652,6.203558,6.204490,6.205449,6.206436,6.207451,6.208495,6.209567,6.210668,6.211799,6.212960,6.214152,6.215375,6.216630,6.217917,6.219236,6.220589,6.221976,6.223398,6.224855,6.226348,6.227877,6.229443,6.231047,6.232690,6.234372,6.236095,6.237858,6.239663,6.241510,6.243401,6.245337,6.247317,6.249344,6.251418,6.253540,6.255712,6.257933,6.260206,6.262532,6.264911,6.267345,6.269835,6.272382,6.274989,6.277655,6.280382,6.283173,6.286027,6.288948,6.291936,6.294992,6.298120,6.301320,6.304594,6.307944,6.311371,6.314879,6.318468,6.322141,6.325900,6.329747,6.333685,6.337715,6.341840,6.346063,6.350385,6.354811,6.359342,6.363981,6.368731,6.373595,6.378577,6.383678,6.388904,6.394256,6.399738,6.405355,6.411109,6.417005,6.423046,6.429237,6.435581,6.442084,6.448749,6.455581,6.462585,6.469765,6.477128,6.484677,6.492419,6.500359,6.508502,6.516855,6.525423,6.534213,6.543232,6.552485,6.561980,6.571723,6.581723,6.591985,6.602519,6.613331,6.624430,6.635824,6.647522,6.659531,6.671862,6.684523,6.697523,6.710872,6.724579,6.738654,6.753108,6.767950,6.783192,6.798842,6.814912,6.831412
14.2000,6.136692,6.181131,6.181576,6.181701,6.181793,6.181889,6.181998,6.182123,6.182265,6.182425,6.182603,6.182800,6.183015,6.183250,6.183503,6.183775,6.184067,6.184378,6.184708,6.185058,6.185428,6.185817,6.186227,6.186657,6.187107,6.187578,6.188069,6.188581,6.189115,6.189669,6.190246,6.190844,6.191464,6.192106,6.192770,6.193458,6.194168,6.194902,6.195659,6.196440,6.197245,6.198074,6.198929,6.199808,6.200713,6.201644,6.202602,6.203585,6.204596,6.205634,6.206700,6.207795,6.208918,6.210070,6.211253,6.212465,6.213708,6.214982,6.216288,6.217627,6.218998,6.220403,6.221842,6.223316,6.224825,6.226370,6.227952,6.229571,6.231229,6.232925,6.234662,6.236438,6.238256,6.240117,6.242020,6.243967,6.245959,6.247997,6.250082,6.252214,6.254395,6.256626,6.258908,6.261242,6.263629,6.266071,6.268568,6.271123,6.273735,6.276407,6.279140,6.281935,6.284795,6.287719,6.290711,6.293771,6.296901,6.300103,6.303379,6.306730,6.310159,6.313666,6.317255,6.320928,6.324685,6.328530,6.332465,6.336492,6.340614,6.344832,6.349150,6.353571,6.358095,6.362728,6.367471,6.372327,6.377300,6.382392,6.387607,6.392948,6.398419,6.404023,6.409764,6.415646,6.421673,6.427848,6.434175,6.440660,6.447307,6.454120,6.461103,6.468262,6.475602,6.483128,6.490845,6.498759,6.506876,6.515200,6.523739,6.532499,6.541485,6.550705,6.560165,6.569872,6.579834,6.590058,6.600550,6.611320,6.622375,6.633724,6.645374,6.657334,6.669614,6.682222,6.695167,6.708459,6.722107,6.736122,6.750513,6.765290,6.780464
14.4000,6.134875,6.177703,6.178128,6.178246,6.178333,6.178424,6.178528,6.178646,6.178780,6.178931,6.179100,6.179286,6.179490,6.179711,6.179951,6.180208,6.180484,6.180778,6.181090,6.181421,6.181771,6.182139,6.182526,6.182933,6.183358,6.183803,6.184268,6.184752,6.185256,6.185781,6.186325,6.186890,6.187476,6.188083,6.188711,6.189360,6.190031,6.190724,6.191439,6.192176,6.192936,6.193720,6.194526,6.195356,6.196211,6.197089,6.197992,6.198921,6.199874,6.200854,6.201859,6.202891,6.203951,6.205037,6.206152,6.207294,6.208466,6.209667,6.210897,6.212158,6.213450,6.214773,6.216128,6.217515,6.218936,6.220391,6.221879,6.223403,6.224962,6.226558,6.228191,6.229862,6.231571,6.233319,6.235108,6.236937,6.238809,6.240723,6.242680,6.244682,6.246729,6.248823,6.250964,6.253154,6.255392,6.257682,6.260023,6.262417,6.264865,6.267368,6.269928,6.272546,6.275222,6.277959,6.280759,6.283621,6.286549,6.289543,6.292605,6.295737,6.298940,6.302216,6.305567,6.308996,6.312503,6.316090,6.319761,6.323516,6.327358,6.331290,6.335313,6.339430,6.343643,6.347956,6.352369,6.356887,6.361512,6.366247,6.371094,6.376057,6.381139,6.386344,6.391673,6.397132,6.402723,6.408450,6.414317,6.420328,6.426486,6.432797,6.439264,6.445891,6.452684,6.459646,6.466783,6.474100,6.481602,6.489294,6.497181,6.505270,6.513566,6.522075,6.530803,6.539757,6.548943,6.558368,6.568038,6.577962,6.588146,6.598597,6.609324,6.620335,6.631637,6.643240,6.655150,6.667379,6.679933,6.692823,6.706058,6.719647,6.733601
14.6000,6.133140,6.174428,6.174831,6.174944,6.175027,6.175113,6.175210,6.175322,6.175449,6.175593,6.175752,6.175928,6.176121,6.176331,6.176557,6.176801,6.177062,6.177340,6.177636,6.177949,6.178279,6.178628,6.178994,6.179379,6.179781,6.180202,6.180641,6.181099,6.181576,6.182072,6.182587,6.183121,6.183675,6.184248,6.184842,6.185455,6.186089,6.186744,6.187420,6.188117,6.188835,6.189575,6.190337,6.191121,6.191928,6.192757,6.193610,6.194486,6.195386,6.196311,6.197260,6.198234,6.199233,6.200258,6.201310,6.202387,6.203492,6.204624,6.205785,6.206973,6.208191,6.209438,6.210715,6.212022,6.213360,6.214730,6.216132,6.217566,6.219034,6.220536,6.222073,6.223645,6.225253,6.226897,6.228580,6.230300,6.232059,6.233858,6.235697,6.237578,6.239501,6.241468,6.243478,6.245534,6.247635,6.249783,6.251980,6.254225,6.256521,6.258868,6.261268,6.263721,6.266229,6.268793,6.271414,6.274094,6.276835,6.279636,6.282501,6.285431,6.288426,6.291489,6.294621,6.297825,6.301101,6.304451,6.307878,6.311383,6.314969,6.318636,6.322388,6.326227,6.330154,6.334172,6.338284,6.342491,6.346797,6.351204,6.355714,6.360330,6.365056,6.369894,6.374847,6.379918,6.385110,6.390428,6.395873,6.401450,6.407163,6.413014,6.419009,6.425150,6.431443,6.437891,6.444499,6.451270,6.458211,6.465326,6.472619,6.480096,6.487762,6.495623,6.503683,6.511950,6.520428,6.529125,6.538046,6.547197,6.556586,6.566220,6.576105,6.586249,6.596659,6.607343,6.618308,6.629564,6.641118,6.652979,6.665156,6.677657,6.690491
14.8000,6.131483,6.171295,6.171680,6.171786,6.171865,6.171947,6.172039,6.172145,6.172265,6.172401,6.172552,6.172719,6.172901,6.173100,6.173314,6.173545,6.173792,6.174055,6.174335,6.174631,6.174944,6.175274,6.175621,6.175985,6.176366,6.176764,6.177180,6.177613,6.178064,6.178533,6.179020,6.179525,6.180049,6.180592,6.181153,6.181733,6.182333,6.182952,6.183591,6.184249,6.184928,6.185628,6.186348,6.187089,6.187851,6.188635,6.189441,6.190268,6.191119,6.191992,6.192888,6.193808,6.194751,6.195719,6.196711,6.197728,6.198771,6.199839,6.200933,6.202055,6.203203,6.204379,6.205583,6.206815,6.208076,6.209367,6.210688,6.212040,6.213423,6.214838,6.216285,6.217765,6.219278,6.220826,6.222409,6.224028,6.225683,6.227375,6.229105,6.230873,6.232681,6.234529,6.236418,6.238349,6.240323,6.242341,6.244403,6.246511,6.248666,6.250868,6.253119,6.255420,6.257772,6.260175,6.262632,6.265144,6.267711,6.270336,6.273018,6.275761,6.278564,6.281430,6.284360,6.287356,6.290419,6.293551,6.296754,6.300028,6.303377,6.306802,6.310304,6.313887,6.317551,6.321299,6.325133,6.329055,6.333067,6.337173,6.341373,6.345672,6.350071,6.354572,6.359180,6.363896,6.368723,6.373665,6.378725,6.383905,6.389209,6.394641,6.400203,6.405901,6.411736,6.417714,6.423838,6.430112,6.436540,6.443128,6.449878,6.456797,6.463888,6.471157,6.478609,6.486249,6.494082,6.502114,6.510351,6.518798,6.527463,6.536350,6.545467,6.554820,6.564416,6.574262,6.584365,6.594733,6.605373,6.616294,6.627503,6.639009,6.650819
15.0000,6.129899,6.168299,6.168665,6.168766,6.168841,6.168919,6.169006,6.169106,6.169221,6.169349,6.169492,6.169650,6.169823,6.170011,6.170214,6.170433,6.170667,6.170916,6.171181,6.171462,6.171758,6.172070,6.172399,6.172743,6.173104,6.173481,6.173874,6.174284,6.174711,6.175155,6.175616,6.176095,6.176590,6.177104,6.177635,6.178184,6.178751,6.179337,6.179941,6.180564,6.181206,6.181867,6.182548,6.183249,6.183970,6.184711,6.185472,6.186254,6.187058,6.187883,6.188730,6.189599,6.190490,6.191404,6.192341,6.193301,6.194286,6.195294,6.196328,6.197386,6.198469,6.199579,6.200715,6.201877,6.203067,6.204284,6.205530,6.206804,6.208108,6.209441,6.210805,6.212199,6.213625,6.215083,6.216574,6.218098,6.219656,6.221248,6.222876,6.224540,6.226241,6.227979,6.229756,6.231571,6.233427,6.235323,6.237261,6.239241,6.241265,6.243333,6.245446,6.247606,6.249813,6.252068,6.254373,6.256728,6.259135,6.261595,6.264110,6.266679,6.269305,6.271989,6.274733,6.277537,6.280404,6.283334,6.286329,6.289392,6.292522,6.295723,6.298996,6.302342,6.305764,6.309263,6.312841,6.316501,6.320244,6.324072,6.327988,6.331995,6.336093,6.340286,6.344577,6.348967,6.353460,6.358057,6.362763,6.367580,6.372510,6.377557,6.382724,6.388015,6.393432,6.398980,6.404661,6.410480,6.416441,6.422546,6.428801,6.435210,6.441776,6.448505,6.455401,6.462469,6.469713,6.477139,6.484752,6.492557,6.500561,6.508767,6.517183,6.525815,6.534669,6.543750,6.553067,6.562625,6.572432,6.582494,6.592820,6.603416,6.614292
15.2000,6.128386,6.165432,6.165781,6.165877,6.165948,6.166021,6.166104,6.166200,6.166308,6.166429,6.166565,6.166715,6.166879,6.167057,6.167249,6.167456,6.167678,6.167914,6.168165,6.168431,6.168712,6.169008,6.169319,6.169645,6.169987,6.170344,6.170717,6.171105,6.171510,6.171930,6.172367,6.172819,6.173289,6.173775,6.174277,6.174797,6.175334,6.175888,6.176460,6.177050,6.177657,6.178283,6.178927,6.179590,6.180272,6.180973,6.181693,6.182433,6.183193,6.183973,6.184773,6.185594,6.186437,6.187300,6.188186,6.189093,6.190023,6.190976,6.191952,6.192951,6.193974,6.195022,6.196094,6.197191,6.198314,6.199463,6.200638,6.201840,6.203070,6.204327,6.205613,6.206928,6.208272,6.209646,6.211051,6.212487,6.213954,6.215454,6.216987,6.218554,6.220155,6.221791,6.223463,6.225171,6.226916,6.228700,6.230522,6.232384,6.234286,6.236229,6.238215,6.240244,6.242316,6.244434,6.246598,6.248809,6.251067,6.253375,6.255733,6.258143,6.260605,6.263121,6.265692,6.268319,6.271004,6.273748,6.276552,6.279418,6.282347,6.285341,6.288402,6.291531,6.294729,6.297999,6.301342,6.304760,6.308255,6.311828,6.315483,6.319220,6.323043,6.326953,6.330952,6.335043,6.339228,6.343510,6.347891,6.352374,6.356961,6.361656,6.366461,6.371379,6.376413,6.381567,6.386843,6.392246,6.397778,6.403443,6.409245,6.415187,6.421274,6.427509,6.433898,6.440443,6.447150,6.454022,6.461066,6.468285,6.475685,6.483271,6.491048,6.499022,6.507198,6.515582,6.524181,6.533001,6.542047,6.551326,6.560846,6.570613,6.580635
15.4000,6.126938,6.162688,6.163020,6.163112,6.163179,6.163249,6.163327,6.163418,6.163520,6.163636,6.163764,6.163906,6.164061,6.164230,6.164413,6.164609,6.164819,6.165043,6.165281,6.165533,6.165799,6.166080,6.166375,6.166684,6.167008,6.167346,6.167699,6.168067,6.168451,6.168849,6.169262,6.169691,6.170136,6.170596,6.171073,6.171565,6.172073,6.172598,6.173140,6.173698,6.174273,6.174865,6.175475,6.176103,6.176748,6.177411,6.178092,6.178792,6.179511,6.180249,6.181006,6.181783,6.182580,6.183396,6.184233,6.185091,6.185970,6.186871,6.187793,6.188737,6.189704,6.190694,6.191706,6.192743,6.193803,6.194888,6.195997,6.197132,6.198292,6.199479,6.200692,6.201932,6.203200,6.204496,6.205820,6.207174,6.208558,6.209971,6.211416,6.212892,6.214400,6.215941,6.217515,6.219123,6.220766,6.222445,6.224160,6.225911,6.227700,6.229528,6.231395,6.233302,6.235250,6.237240,6.239273,6.241350,6.243471,6.245638,6.247851,6.250113,6.252423,6.254783,6.257194,6.259657,6.262174,6.264746,6.267373,6.270058,6.272801,6.275604,6.278469,6.281397,6.284389,6.287447,6.290573,6.293769,6.297035,6.300374,6.303787,6.307277,6.310846,6.314495,6.318226,6.322042,6.325945,6.329936,6.334019,6.338195,6.342468,6.346839,6.351312,6.355888,6.360572,6.365365,6.370270,6.375291,6.380431,6.385693,6.391080,6.396596,6.402244,6.408028,6.413952,6.420020,6.426235,6.432603,6.439126,6.445810,6.452659,6.459679,6.466872,6.474246,6.481804,6.489553,6.497497,6.505642,6.513994,6.522560,6.531345,6.540355,6.549598
15.6000,6.125554,6.160060,6.160377,6.160464,6.160528,6.160594,6.160669,6.160754,6.160852,6.160961,6.161083,6.161218,6.161365,6.161525,6.161698,6.161885,6.162084,6.162296,6.162522,6.162761,6.163013,6.163279,6.163559,6.163852,6.164159,6.164480,6.164815,6.165164,6.165527,6.165904,6.166296,6.166703,6.167124,6.167561,6.168012,6.168478,6.168960,6.169457,6.169970,6.170499,6.171044,6.171605,6.172182,6.172776,6.173387,6.174015,6.174660,6.175323,6.176003,6.176702,6.177418,6.178153,6.178907,6.179680,6.180472,6.181283,6.182114,6.182966,6.183838,6.184731,6.185645,6.186580,6.187537,6.188516,6.189518,6.190543,6.191591,6.192662,6.193758,6.194879,6.196024,6.197195,6.198391,6.199614,6.200864,6.202141,6.203446,6.204779,6.206141,6.207533,6.208954,6.210407,6.211890,6.213405,6.214953,6.216534,6.218148,6.219797,6.221482,6.223202,6.224958,6.226753,6.228585,6.230456,6.232368,6.234319,6.236313,6.238349,6.240428,6.242552,6.244722,6.246937,6.249200,6.251512,6.253873,6.256285,6.258749,6.261266,6.263837,6.266464,6.269148,6.271890,6.274692,6.277555,6.280480,6.283470,6.286525,6.289647,6.292839,6.296101,6.299435,6.302844,6.306329,6.309891,6.313534,6.317258,6.321067,6.324962,6.328945,6.333019,6.337187,6.341450,6.345811,6.350272,6.354838,6.359509,6.364289,6.369181,6.374189,6.379314,6.384561,6.389932,6.395431,6.401062,6.406829,6.412734,6.418782,6.424977,6.431323,6.437825,6.444486,6.451311,6.458305,6.465473,6.472820,6.480350,6.488070,6.495984,6.504098,6.512418,6.520950
15.8000,6.124229,6.157543,6.157845,6.157928,6.157989,6.158052,6.158123,6.158204,6.158296,6.158400,6.158516,6.158644,6.158783,6.158935,6.159100,6.159276,6.159466,6.159667,6.159881,6.160108,6.160347,6.160600,6.160865,6.161143,6.161434,6.161739,6.162056,6.162387,6.162732,6.163090,6.163461,6.163847,6.164246,6.164660,6.165088,6.165530,6.165986,6.166458,6.166944,6.167445,6.167961,6.168493,6.169040,6.169603,6.170182,6.170777,6.171388,6.172015,6.172660,6.173321,6.173999,6.174695,6.175409,6.176140,6.176889,6.177657,6.178444,6.179250,6.180075,6.180919,6.181784,6.182668,6.183573,6.184499,6.185446,6.186415,6.187405,6.188418,6.189453,6.190512,6.191594,6.192700,6.193830,6.194984,6.196164,6.197370,6.198601,6.199859,6.201145,6.202457,6.203798,6.205168,6.206566,6.207995,6.209454,6.210944,6.212465,6.214018,6.215605,6.217225,6.218879,6.220568,6.222293,6.224054,6.225852,6.227688,6.229563,6.231477,6.233432,6.235429,6.237467,6.239549,6.241674,6.243845,6.246062,6.248326,6.250638,6.253000,6.255412,6.257876,6.260392,6.262962,6.265588,6.268271,6.271011,6.273810,6.276671,6.279594,6.282580,6.285632,6.288750,6.291937,6.295195,6.298524,6.301927,6.305406,6.308962,6.312598,6.316315,6.320116,6.324002,6.327977,6.332042,6.336200,6.340453,6.344803,6.349253,6.353807,6.358466,6.363233,6.368111,6.373104,6.378215,6.383446,6.388801,6.394284,6.399897,6.405645,6.411531,6.417559,6.423734,6.430058,6.436537,6.443175,6.449976,6.456945,6.464087,6.471407,6.478909,6.486599,6.494483
16.0000,6.122960,6.155132,6.155420,6.155499,6.155557,6.155616,6.155684,6.155761,6.155848,6.155947,6.156057,6.156178,6.156311,6.156455,6.156611,6.156779,6.156958,6.157150,6.157353,6.157568,6.157795,6.158035,6.158287,6.158550,6.158827,6.159116,6.159417,6.159731,6.160058,6.160397,6.160750,6.161116,6.161495,6.161887,6.162293,6.162712,6.163145,6.163592,6.164053,6.164528,6.165018,6.165522,6.166040,6.166574,6.167122,6.167686,6.168265,6.168860,6.169470,6.170097,6.170740,6.171399,6.172074,6.172767,6.173477,6.174204,6.174949,6.175711,6.176492,6.177291,6.178109,6.178946,6.179803,6.180679,6.181574,6.182491,6.183427,6.184385,6.185364,6.186364,6.187387,6.188432,6.189500,6.190591,6.191705,6.192844,6.194007,6.195195,6.196408,6.197647,6.198913,6.200205,6.201525,6.202872,6.204248,6.205653,6.207088,6.208552,6.210048,6.211574,6.213133,6.214724,6.216348,6.218007,6.219700,6.221428,6.223193,6.224994,6.226833,6.228711,6.230628,6.232585,6.234583,6.236624,6.238707,6.240834,6.243005,6.245223,6.247487,6.249800,6.252161,6.254572,6.257035,6.259550,6.262119,6.264743,6.267424,6.270162,6.272958,6.275816,6.278735,6.281718,6.284765,6.287879,6.291061,6.294313,6.297637,6.301034,6.304506,6.308056,6.311684,6.315394,6.319186,6.323064,6.327030,6.331085,6.335233,6.339475,6.343814,6.348253,6.352794,6.357440,6.362194,6.367059,6.372037,6.377132,6.382348,6.387686,6.393151,6.398747,6.404476,6.410342,6.416351,6.422504,6.428807,6.435263,6.441877,6.448654,6.455597,6.462713,6.470005
16.2000,6.121745,6.152821,6.153095,6.153171,6.153226,6.153282,6.153346,6.153420,6.153503,6.153596,6.153701,6.153816,6.153942,6.154079,6.154227,6.154386,6.154557,6.154739,6.154932,6.155136,6.155352,6.155579,6.155818,6.156069,6.156331,6.156605,6.156891,6.157189,6.157499,6.157822,6.158157,6.158504,6.158863,6.159236,6.159621,6.160018,6.160429,6.160853,6.161291,6.161741,6.162206,6.162684,6.163176,6.163682,6.164202,6.164736,6.165285,6.165849,6.166428,6.167021,6.167630,6.168255,6.168895,6.169552,6.170224,6.170913,6.171618,6.172341,6.173080,6.173837,6.174611,6.175404,6.176214,6.177043,6.177891,6.178758,6.179644,6.180550,6.181476,6.182423,6.183390,6.184378,6.185387,6.186419,6.187472,6.188548,6.189647,6.190769,6.191916,6.193086,6.194281,6.195501,6.196747,6.198019,6.199318,6.200644,6.201997,6.203379,6.204789,6.206228,6.207698,6.209198,6.210729,6.212292,6.213887,6.215515,6.217177,6.218873,6.220605,6.222372,6.224176,6.226018,6.227897,6.229816,6.231775,6.233774,6.235816,6.237900,6.240027,6.242199,6.244417,6.246681,6.248992,6.251353,6.253763,6.256225,6.258738,6.261305,6.263927,6.266605,6.269340,6.272133,6.274987,6.277902,6.280881,6.283923,6.287032,6.290209,6.293456,6.296773,6.300164,6.303629,6.307171,6.310792,6.314493,6.318277,6.322146,6.326102,6.330148,6.334285,6.338516,6.342843,6.347270,6.351798,6.356431,6.361171,6.366022,6.370985,6.376065,6.381264,6.386585,6.392033,6.397610,6.403320,6.409167,6.415155,6.421287,6.427567,6.434001,6.440591,6.447343
16.4000,6.120582,6.150605,6.150867,6.150939,6.150991,6.151045,6.151106,6.151175,6.151254,6.151343,6.151443,6.151552,6.151672,6.151802,6.151943,6.152094,6.152256,6.152429,6.152612,6.152806,6.153011,6.153227,6.153454,6.153692,6.153941,6.154201,6.154473,6.154756,6.155051,6.155357,6.155675,6.156004,6.156346,6.156699,6.157065,6.157442,6.157832,6.158235,6.158650,6.159078,6.159518,6.159972,6.160438,6.160918,6.161412,6.161919,6.162440,6.162974,6.163523,6.164086,6.164664,6.165256,6.165863,6.166485,6.167122,6.167775,6.168444,6.169128,6.169829,6.170546,6.171280,6.172030,6.172798,6.173583,6.174386,6.175206,6.176045,6.176903,6.177779,6.178675,6.179590,6.180525,6.181480,6.182455,6.183451,6.184469,6.185508,6.186569,6.187652,6.188758,6.189888,6.191040,6.192217,6.193419,6.194645,6.195897,6.197175,6.198479,6.199810,6.201168,6.202554,6.203969,6.205413,6.206887,6.208390,6.209925,6.211491,6.213090,6.214721,6.216386,6.218085,6.219819,6.221588,6.223394,6.225237,6.227119,6.229039,6.230998,6.232999,6.235040,6.237124,6.239252,6.241423,6.243640,6.245904,6.248214,6.250573,6.252982,6.255442,6.257953,6.260517,6.263136,6.265811,6.268542,6.271332,6.274182,6.277093,6.280067,6.283104,6.286208,6.289379,6.292619,6.295930,6.299314,6.302772,6.306306,6.309919,6.313611,6.317386,6.321246,6.325192,6.329227,6.333353,6.337573,6.341889,6.346303,6.350818,6.355438,6.360164,6.364999,6.369948,6.375011,6.380194,6.385498,6.390928,6.396486,6.402177,6.408004,6.413971,6.420081,6.426339
16.6000,6.119466,6.148480,6.148730,6.148798,6.148848,6.148899,6.148957,6.149023,6.149099,6.149183,6.149278,6.149382,6.149495,6.149619,6.149753,6.149897,6.150051,6.150215,6.150389,6.150573,6.150768,6.150973,6.151189,6.151415,6.151652,6.151899,6.152157,6.152426,6.152706,6.152997,6.153299,6.153612,6.153936,6.154272,6.154619,6.154978,6.155348,6.155730,6.156124,6.156530,6.156949,6.157379,6.157822,6.158278,6.158746,6.159227,6.159721,6.160229,6.160749,6.161284,6.161831,6.162393,6.162969,6.163559,6.164163,6.164782,6.165416,6.166065,6.166729,6.167409,6.168104,6.168816,6.169543,6.170287,6.171047,6.171825,6.172619,6.173432,6.174261,6.175109,6.175976,6.176860,6.177764,6.178687,6.179630,6.180593,6.181576,6.182579,6.183604,6.184650,6.185717,6.186807,6.187920,6.189055,6.190214,6.191396,6.192603,6.193835,6.195092,6.196374,6.197683,6.199018,6.200381,6.201771,6.203190,6.204638,6.206115,6.207622,6.209160,6.210729,6.212330,6.213964,6.215630,6.217331,6.219067,6.220838,6.222645,6.224490,6.226372,6.228292,6.230253,6.232253,6.234295,6.236378,6.238505,6.240676,6.242892,6.245154,6.247463,6.249820,6.252227,6.254684,6.257193,6.259754,6.262370,6.265041,6.267768,6.270554,6.273399,6.276305,6.279274,6.282306,6.285404,6.288569,6.291802,6.295106,6.298483,6.301933,6.305459,6.309063,6.312747,6.316513,6.320362,6.324298,6.328322,6.332437,6.336645,6.340949,6.345350,6.349853,6.354458,6.359170,6.363991,6.368923,6.373971,6.379136,6.384423,6.389835,6.395375,6.401046,6.406852
16.8000,6.118397,6.146442,6.146680,6.146745,6.146793,6.146842,6.146897,6.146959,6.147031,6.147111,6.147201,6.147300,6.147408,6.147526,6.147653,6.147790,6.147936,6.148092,6.148258,6.148433,6.148618,6.148813,6.149018,6.149233,6.149458,6.149694,6.149939,6.150195,6.150460,6.150737,6.151024,6.151321,6.151629,6.151948,6.152278,6.152619,6.152971,6.153334,6.153708,6.154094,6.154491,6.154900,6.155320,6.155753,6.156198,6.156655,6.157124,6.157605,6.158100,6.158607,6.159127,6.159660,6.160206,6.160766,6.161339,6.161927,6.162528,6.163143,6.163773,6.164418,6.165077,6.165751,6.166441,6.167146,6.167867,6.168604,6.169357,6.170126,6.170912,6.171716,6.172536,6.173374,6.174230,6.175104,6.175996,6.176908,6.177838,6.178788,6.179757,6.180747,6.181757,6.182788,6.183840,6.184913,6.186009,6.187127,6.188267,6.189431,6.190619,6.191831,6.193067,6.194328,6.195615,6.196927,6.198267,6.199633,6.201027,6.202449,6.203899,6.205379,6.206889,6.208429,6.210001,6.211604,6.213239,6.214908,6.216610,6.218347,6.220119,6.221927,6.223772,6.225654,6.227575,6.229535,6.231535,6.233576,6.235659,6.237785,6.239955,6.242169,6.244429,6.246736,6.249091,6.251495,6.253949,6.256455,6.259013,6.261625,6.264292,6.267015,6.269797,6.272637,6.275538,6.278501,6.281527,6.284619,6.287777,6.291003,6.294300,6.297669,6.301111,6.304629,6.308224,6.311899,6.315655,6.319494,6.323419,6.327433,6.331536,6.335732,6.340023,6.344412,6.348900,6.353492,6.358189,6.362994,6.367911,6.372942,6.378091,6.383360,6.388753
17.0000,6.117372,6.144486,6.144713,6.144775,6.144821,6.144867,6.144919,6.144979,6.145047,6.145124,6.145209,6.145303,6.145406,6.145518,6.145639,6.145769,6.145908,6.146057,6.146214,6.146381,6.146557,6.146743,6.146938,6.147142,6.147356,6.147580,6.147813,6.148056,6.148309,6.148571,6.148844,6.149127,6.149420,6.149723,6.150036,6.150360,6.150695,6.151040,6.151395,6.151762,6.152139,6.152528,6.152928,6.153339,6.153761,6.154195,6.154640,6.155098,6.155567,6.156049,6.156542,6.157048,6.157567,6.158099,6.158643,6.159200,6.159771,6.160355,6.160952,6.161564,6.162189,6.162829,6.163483,6.164152,6.164835,6.165534,6.166248,6.166977,6.167723,6.168484,6.169261,6.170055,6.170866,6.171694,6.172540,6.173403,6.174284,6.175183,6.176101,6.177037,6.177993,6.178969,6.179964,6.180980,6.182016,6.183074,6.184153,6.185253,6.186376,6.187521,6.188690,6.189881,6.191097,6.192337,6.193602,6.194893,6.196209,6.197551,6.198920,6.200317,6.201742,6.203195,6.204677,6.206189,6.207731,6.209304,6.210909,6.212545,6.214215,6.215918,6.217656,6.219429,6.221237,6.223082,6.224964,6.226885,6.228844,6.230843,6.232883,6.234965,6.237089,6.239257,6.241470,6.243728,6.246032,6.248384,6.250785,6.253236,6.255738,6.258293,6.260901,6.263563,6.266282,6.269058,6.271893,6.274788,6.277745,6.280766,6.283851,6.287002,6.290221,6.293510,6.296871,6.300305,6.303814,6.307400,6.311065,6.314811,6.318640,6.322555,6.326556,6.330648,6.334832,6.339110,6.343485,6.347960,6.352537,6.357219,6.362009,6.366910,6.371925
17.2000,6.116389,6.142608,6.142825,6.142885,6.142928,6.142972,6.143022,6.143079,6.143144,6.143216,6.143298,6.143387,6.143485,6.143592,6.143707,6.143830,6.143963,6.144104,6.144254,6.144413,6.144580,6.144757,6.144942,6.145137,6.145340,6.145553,6.145775,6.146006,6.146246,6.146496,6.146756,6.147025,6.147303,6.147591,6.147889,6.148197,6.148515,6.148843,6.149181,6.149530,6.149889,6.150258,6.150638,6.151028,6.151430,6.151842,6.152265,6.152700,6.153146,6.153603,6.154072,6.154553,6.155046,6.155550,6.156067,6.156596,6.157138,6.157693,6.158260,6.158840,6.159434,6.160041,6.160662,6.161296,6.161944,6.162607,6.163284,6.163976,6.164683,6.165405,6.166142,6.166895,6.167663,6.168448,6.169249,6.170067,6.170902,6.171754,6.172623,6.173510,6.174415,6.175339,6.176282,6.177243,6.178224,6.179225,6.180245,6.181287,6.182349,6.183432,6.184537,6.185664,6.186813,6.187985,6.189181,6.190400,6.191644,6.192912,6.194205,6.195524,6.196869,6.198241,6.199640,6.201066,6.202521,6.204005,6.205519,6.207062,6.208637,6.210242,6.211880,6.213550,6.215254,6.216992,6.218764,6.220572,6.222417,6.224299,6.226218,6.228177,6.230175,6.232214,6.234294,6.236416,6.238582,6.240792,6.243047,6.245349,6.247698,6.250096,6.252543,6.255041,6.257591,6.260195,6.262853,6.265566,6.268337,6.271167,6.274056,6.277007,6.280021,6.283099,6.286243,6.289455,6.292736,6.296088,6.299513,6.303013,6.306590,6.310245,6.313981,6.317799,6.321703,6.325693,6.329772,6.333944,6.338209,6.342571,6.347031,6.351594,6.356261
17.4000,6.115445,6.140806,6.141013,6.141070,6.141111,6.141153,6.141200,6.141254,6.141316,6.141385,6.141463,6.141548,6.141641,6.141743,6.141852,6.141970,6.142096,6.142230,6.142373,6.142524,6.142684,6.142852,6.143028,6.143213,6.143407,6.143609,6.143820,6.144040,6.144269,6.144507,6.144754,6.145009,6.145274,6.145549,6.145832,6.146125,6.146427,6.146739,6.147061,6.147392,6.147734,6.148085,6.148446,6.148817,6.149199,6.149591,6.149993,6.150406,6.150830,6.151265,6.151710,6.152167,6.152635,6.153115,6.153606,6.154108,6.154623,6.155150,6.155688,6.156239,6.156803,6.157379,6.157969,6.158571,6.159186,6.159815,6.160458,6.161114,6.161785,6.162470,6.163169,6.163883,6.164612,6.165356,6.166116,6.166891,6.167682,6.168490,6.169314,6.170154,6.171012,6.171887,6.172780,6.173690,6.174619,6.175567,6.176533,6.177519,6.178524,6.179549,6.180594,6.181661,6.182748,6.183856,6.184987,6.186140,6.187315,6.188514,6.189736,6.190982,6.192253,6.193549,6.194870,6.196217,6.197591,6.198992,6.200420,6.201877,6.203362,6.204877,6.206421,6.207996,6.209602,6.211240,6.212911,6.214614,6.216352,6.218124,6.219932,6.221776,6.223656,6.225575,6.227532,6.229528,6.231565,6.233643,6.235763,6.237927,6.240134,6.242386,6.244685,6.247030,6.249424,6.251868,6.254362,6.256908,6.259506,6.262159,6.264868,6.267633,6.270456,6.273339,6.276284,6.279291,6.282362,6.285498,6.288702,6.291975,6.295319,6.298735,6.302226,6.305793,6.309438,6.313163,6.316971,6.320863,6.324841,6.328908,6.333067,6.337319,6.341667
17.6000,6.114539,6.139074,6.139272,6.139326,6.139365,6.139406,6.139451,6.139502,6.139561,6.139627,6.139701,6.139782,6.139871,6.139967,6.140072,6.140184,6.140304,6.140432,6.140568,6.140711,6.140863,6.141023,6.141191,6.141368,6.141552,6.141745,6.141946,6.142155,6.142373,6.142599,6.142834,6.143077,6.143330,6.143591,6.143860,6.144139,6.144427,6.144724,6.145030,6.145345,6.145669,6.146003,6.146347,6.146700,6.147063,6.147436,6.147818,6.148211,6.148614,6.149027,6.149451,6.149885,6.150330,6.150786,6.151253,6.151730,6.152219,6.152720,6.153232,6.153755,6.154291,6.154838,6.155398,6.155970,6.156554,6.157151,6.157761,6.158384,6.159021,6.159671,6.160334,6.161012,6.161704,6.162410,6.163130,6.163865,6.164616,6.165382,6.166163,6.166960,6.167773,6.168602,6.169448,6.170311,6.171191,6.172089,6.173004,6.173938,6.174889,6.175860,6.176850,6.177859,6.178888,6.179937,6.181007,6.182097,6.183209,6.184343,6.185499,6.186677,6.187878,6.189103,6.190351,6.191624,6.192922,6.194245,6.195594,6.196969,6.198371,6.199801,6.201258,6.202745,6.204260,6.205805,6.207380,6.208986,6.210624,6.212295,6.213998,6.215735,6.217506,6.219313,6.221156,6.223035,6.224952,6.226907,6.228902,6.230936,6.233012,6.235130,6.237290,6.239494,6.241743,6.244038,6.246380,6.248770,6.251210,6.253699,6.256240,6.258834,6.261481,6.264184,6.266943,6.269761,6.272637,6.275575,6.278575,6.281638,6.284767,6.287963,6.291228,6.294562,6.297970,6.301451,6.305008,6.308642,6.312357,6.316153,6.320034,6.324000,6.328055
17.8000,6.113670,6.137411,6.137600,6.137652,6.137689,6.137727,6.137770,6.137820,6.137876,6.137939,6.138009,6.138086,6.138171,6.138263,6.138362,6.138469,6.138583,6.138705,6.138834,6.138971,6.139116,6.139268,6.139428,6.139596,6.139772,6.139955,6.140147,6.140346,6.140553,6.140769,6.140993,6.141224,6.141464,6.141713,6.141970,6.142235,6.142509,6.142791,6.143083,6.143383,6.143692,6.144009,6.144336,6.144672,6.145018,6.145372,6.145736,6.146110,6.146493,6.146886,6.147289,6.147702,6.148125,6.148559,6.149002,6.149457,6.149921,6.150397,6.150883,6.151381,6.151890,6.152410,6.152942,6.153485,6.154040,6.154608,6.155187,6.155779,6.156383,6.157000,6.157631,6.158274,6.158930,6.159600,6.160284,6.160982,6.161694,6.162420,6.163161,6.163917,6.164689,6.165475,6.166277,6.167095,6.167930,6.168780,6.169648,6.170532,6.171434,6.172354,6.173291,6.174247,6.175221,6.176215,6.177227,6.178260,6.179312,6.180385,6.181478,6.182593,6.183729,6.184887,6.186068,6.187271,6.188498,6.189748,6.191023,6.192322,6.193647,6.194997,6.196373,6.197776,6.199206,6.200664,6.202151,6.203666,6.205212,6.206787,6.208393,6.210030,6.211700,6.213403,6.215139,6.216909,6.218715,6.220556,6.222433,6.224348,6.226302,6.228294,6.230326,6.232399,6.234514,6.236671,6.238872,6.241117,6.243409,6.245746,6.248132,6.250567,6.253051,6.255587,6.258176,6.260818,6.263515,6.266268,6.269079,6.271949,6.274879,6.277871,6.280927,6.284048,6.287236,6.290492,6.293818,6.297215,6.300687,6.304234,6.307858,6.311561,6.315346
18.0000,6.112834,6.135813,6.135994,6.136043,6.136078,6.136115,6.136156,6.136203,6.136256,6.136316,6.136383,6.136457,6.136537,6.136625,6.136720,6.136821,6.136930,6.137047,6.137170,6.137300,6.137438,6.137583,6.137736,6.137896,6.138063,6.138238,6.138420,6.138610,6.138808,6.139013,6.139226,6.139447,6.139675,6.139912,6.140156,6.140409,6.140670,6.140939,6.141216,6.141502,6.141796,6.142098,6.142410,6.142729,6.143058,6.143396,6.143742,6.144098,6.144462,6.144836,6.145220,6.145613,6.146015,6.146427,6.146849,6.147281,6.147723,6.148176,6.148638,6.149111,6.149595,6.150090,6.150595,6.151112,6.151639,6.152178,6.152729,6.153291,6.153865,6.154452,6.155050,6.155661,6.156285,6.156921,6.157570,6.158233,6.158908,6.159598,6.160301,6.161019,6.161750,6.162497,6.163258,6.164033,6.164825,6.165631,6.166454,6.167293,6.168147,6.169019,6.169907,6.170813,6.171736,6.172677,6.173636,6.174614,6.175610,6.176626,6.177661,6.178716,6.179791,6.180887,6.182004,6.183143,6.184303,6.185485,6.186690,6.187919,6.189171,6.190446,6.191747,6.193072,6.194423,6.195800,6.197204,6.198635,6.200093,6.201580,6.203095,6.204640,6.206215,6.207820,6.209457,6.211126,6.212827,6.214562,6.216331,6.218135,6.219974,6.221850,6.223763,6.225713,6.227703,6.229732,6.231802,6.233914,6.236068,6.238265,6.240507,6.242794,6.245127,6.247508,6.249938,6.252418,6.254948,6.257531,6.260167,6.262858,6.265605,6.268409,6.271272,6.274196,6.277180,6.280228,6.283341,6.286520,6.289767,6.293084,6.296472,6.299933,6.303470
18.2000,6.112032,6.134276,6.134449,6.134496,6.134530,6.134565,6.134604,6.134649,6.134700,6.134757,6.134821,6.134891,6.134968,6.135051,6.135142,6.135239,6.135343,6.135453,6.135571,6.135695,6.135827,6.135965,6.136110,6.136263,6.136422,6.136589,6.136762,6.136943,6.137132,6.137327,6.137530,6.137740,6.137958,6.138184,6.138417,6.138657,6.138906,6.139162,6.139426,6.139698,6.139978,6.140266,6.140563,6.140867,6.141180,6.141502,6.141831,6.142170,6.142517,6.142873,6.143238,6.143612,6.143995,6.144387,6.144789,6.145200,6.145620,6.146051,6.146491,6.146941,6.147401,6.147871,6.148352,6.148843,6.149345,6.149857,6.150381,6.150915,6.151461,6.152018,6.152587,6.153167,6.153760,6.154364,6.154981,6.155610,6.156252,6.156907,6.157574,6.158255,6.158950,6.159658,6.160380,6.161117,6.161868,6.162633,6.163413,6.164209,6.165020,6.165846,6.166688,6.167547,6.168422,6.169314,6.170223,6.171149,6.172093,6.173055,6.174036,6.175035,6.176053,6.177090,6.178148,6.179225,6.180323,6.181442,6.182582,6.183744,6.184928,6.186134,6.187364,6.188616,6.189893,6.191194,6.192521,6.193872,6.195249,6.196653,6.198084,6.199542,6.201028,6.202543,6.204088,6.205662,6.207266,6.208902,6.210570,6.212270,6.214003,6.215770,6.217572,6.219409,6.221283,6.223193,6.225141,6.227128,6.229154,6.231221,6.233329,6.235479,6.237673,6.239910,6.242193,6.244522,6.246898,6.249323,6.251797,6.254323,6.256899,6.259530,6.262214,6.264954,6.267752,6.270608,6.273523,6.276500,6.279540,6.282645,6.285815,6.289053,6.292360
18.4000,6.111261,6.132799,6.132965,6.133010,6.133042,6.133075,6.133113,6.133155,6.133204,6.133258,6.133319,6.133386,6.133459,6.133539,6.133625,6.133718,6.133817,6.133922,6.134034,6.134153,6.134278,6.134410,6.134549,6.134694,6.134846,6.135005,6.135170,6.135343,6.135522,6.135709,6.135902,6.136103,6.136310,6.136525,6.136747,6.136976,6.137213,6.137457,6.137709,6.137968,6.138235,6.138509,6.138792,6.139082,6.139380,6.139686,6.140000,6.140323,6.140653,6.140992,6.141340,6.141696,6.142060,6.142434,6.142816,6.143207,6.143608,6.144017,6.144436,6.144864,6.145302,6.145749,6.146207,6.146674,6.147151,6.147638,6.148136,6.148644,6.149163,6.149693,6.150234,6.150785,6.151349,6.151923,6.152509,6.153107,6.153717,6.154339,6.154973,6.155620,6.156280,6.156952,6.157638,6.158337,6.159050,6.159776,6.160517,6.161272,6.162041,6.162825,6.163624,6.164439,6.165269,6.166114,6.166976,6.167854,6.168749,6.169661,6.170590,6.171537,6.172501,6.173484,6.174485,6.175506,6.176545,6.177604,6.178683,6.179783,6.180903,6.182045,6.183208,6.184393,6.185600,6.186831,6.188084,6.189362,6.190663,6.191990,6.193341,6.194719,6.196122,6.197553,6.199011,6.200496,6.202011,6.203554,6.205127,6.206730,6.208365,6.210031,6.211729,6.213461,6.215226,6.217026,6.218860,6.220731,6.222639,6.224584,6.226568,6.228591,6.230654,6.232758,6.234905,6.237094,6.239327,6.241605,6.243930,6.246301,6.248720,6.251189,6.253709,6.256280,6.258903,6.261581,6.264315,6.267105,6.269954,6.272862,6.275831,6.278863,6.281958
18.6000,6.110519,6.131379,6.131537,6.131580,6.131611,6.131643,6.131678,6.131719,6.131765,6.131817,6.131875,6.131939,6.132009,6.132085,6.132167,6.132255,6.132350,6.132450,6.132557,6.132671,6.132790,6.132916,6.133048,6.133186,6.133331,6.133483,6.133641,6.133805,6.133976,6.134154,6.134339,6.134530,6.134728,6.134933,6.135144,6.135363,6.135589,6.135821,6.136061,6.136308,6.136562,6.136824,6.137093,6.137370,6.137654,6.137945,6.138245,6.138552,6.138867,6.139190,6.139521,6.139860,6.140207,6.140563,6.140927,6.141299,6.141680,6.142070,6.142469,6.142876,6.143293,6.143719,6.144154,6.144599,6.145053,6.145517,6.145990,6.146474,6.146967,6.147471,6.147985,6.148510,6.149046,6.149592,6.150149,6.150717,6.151297,6.151888,6.152491,6.153106,6.153733,6.154372,6.155023,6.155687,6.156364,6.157054,6.157757,6.158474,6.159204,6.159948,6.160707,6.161479,6.162267,6.163069,6.163887,6.164720,6.165568,6.166433,6.167314,6.168211,6.169125,6.170057,6.171006,6.171972,6.172957,6.173960,6.174982,6.176023,6.177084,6.178165,6.179265,6.180387,6.181529,6.182693,6.183879,6.185087,6.186318,6.187572,6.188850,6.190151,6.191478,6.192829,6.194206,6.195610,6.197040,6.198497,6.199982,6.201495,6.203037,6.204609,6.206211,6.207844,6.209508,6.211204,6.212934,6.214697,6.216494,6.218326,6.220194,6.222099,6.224041,6.226021,6.228041,6.230100,6.232201,6.234343,6.236528,6.238756,6.241030,6.243349,6.245715,6.248129,6.250592,6.253106,6.255670,6.258288,6.260959,6.263686,6.266469,6.269310,6.272210
18.8000,6.109807,6.130012,6.130164,6.130205,6.130234,6.130265,6.130299,6.130337,6.130382,6.130431,6.130486,6.130547,6.130614,6.130687,6.130765,6.130849,6.130939,6.131035,6.131137,6.131245,6.131359,6.131479,6.131605,6.131738,6.131876,6.132020,6.132171,6.132328,6.132491,6.132661,6.132837,6.133019,6.133208,6.133403,6.133605,6.133814,6.134029,6.134251,6.134479,6.134715,6.134957,6.135207,6.135463,6.135727,6.135997,6.136275,6.136561,6.136853,6.137154,6.137461,6.137777,6.138100,6.138431,6.138769,6.139116,6.139471,6.139834,6.140205,6.140585,6.140973,6.141370,6.141776,6.142190,6.142613,6.143045,6.143487,6.143938,6.144398,6.144868,6.145347,6.145836,6.146335,6.146845,6.147364,6.147894,6.148435,6.148986,6.149548,6.150121,6.150706,6.151301,6.151909,6.152528,6.153159,6.153802,6.154457,6.155125,6.155806,6.156500,6.157206,6.157927,6.158660,6.159408,6.160169,6.160945,6.161736,6.162541,6.163361,6.164197,6.165048,6.165915,6.166798,6.167698,6.168614,6.169547,6.170498,6.171467,6.172453,6.173458,6.174481,6.175524,6.176585,6.177667,6.178769,6.179891,6.181034,6.182199,6.183385,6.184593,6.185824,6.187079,6.188356,6.189658,6.190984,6.192335,6.193711,6.195114,6.196543,6.197999,6.199483,6.200995,6.202536,6.204106,6.205706,6.207337,6.209000,6.210694,6.212421,6.214181,6.215976,6.217805,6.219670,6.221572,6.223510,6.225487,6.227503,6.229559,6.231655,6.233793,6.235973,6.238197,6.240465,6.242779,6.245140,6.247549,6.250006,6.252513,6.255071,6.257682,6.260347,6.263066
19.0000,6.109121,6.128698,6.128842,6.128882,6.128910,6.128939,6.128971,6.129008,6.129050,6.129098,6.129151,6.129209,6.129272,6.129342,6.129417,6.129497,6.129583,6.129675,6.129772,6.129875,6.129984,6.130098,6.130219,6.130345,6.130477,6.130615,6.130758,6.130908,6.131064,6.131226,6.131393,6.131567,6.131748,6.131934,6.132126,6.132325,6.132531,6.132742,6.132960,6.133185,6.133416,6.133654,6.133899,6.134150,6.134408,6.134673,6.134945,6.135224,6.135511,6.135804,6.136104,6.136412,6.136728,6.137051,6.137381,6.137719,6.138065,6.138419,6.138781,6.139151,6.139529,6.139915,6.140309,6.140712,6.141124,6.141544,6.141974,6.142412,6.142859,6.143315,6.143781,6.144256,6.144741,6.145235,6.145739,6.146254,6.146778,6.147313,6.147858,6.148414,6.148980,6.149558,6.150146,6.150746,6.151358,6.151981,6.152615,6.153262,6.153921,6.154593,6.155277,6.155974,6.156684,6.157407,6.158144,6.158894,6.159658,6.160437,6.161230,6.162038,6.162860,6.163698,6.164551,6.165420,6.166306,6.167207,6.168125,6.169060,6.170012,6.170982,6.171970,6.172976,6.174000,6.175044,6.176106,6.177189,6.178291,6.179414,6.180558,6.181722,6.182909,6.184117,6.185348,6.186602,6.187880,6.189181,6.190506,6.191857,6.193232,6.194634,6.196062,6.197517,6.198999,6.200510,6.202049,6.203618,6.205216,6.206845,6.208505,6.210197,6.211921,6.213679,6.215471,6.217297,6.219159,6.221057,6.222992,6.224965,6.226977,6.229028,6.231120,6.233253,6.235429,6.237648,6.239911,6.242220,6.244575,6.246978,6.249429,6.251930,6.254482
19.2000,6.108461,6.127432,6.127571,6.127608,6.127635,6.127663,6.127694,6.127729,6.127769,6.127815,6.127865,6.127921,6.127982,6.128048,6.128119,6.128196,6.128278,6.128365,6.128458,6.128557,6.128661,6.128770,6.128885,6.129005,6.129131,6.129263,6.129400,6.129543,6.129692,6.129846,6.130006,6.130172,6.130344,6.130522,6.130706,6.130896,6.131092,6.131293,6.131502,6.131716,6.131937,6.132163,6.132397,6.132637,6.132883,6.133136,6.133395,6.133661,6.133934,6.134214,6.134500,6.134794,6.135095,6.135403,6.135718,6.136040,6.136370,6.136707,6.137052,6.137404,6.137764,6.138132,6.138508,6.138892,6.139285,6.139685,6.140094,6.140511,6.140937,6.141371,6.141815,6.142267,6.142729,6.143199,6.143679,6.144169,6.144668,6.145177,6.145695,6.146224,6.146763,6.147313,6.147872,6.148443,6.149024,6.149617,6.150220,6.150835,6.151462,6.152100,6.152750,6.153412,6.154087,6.154774,6.155474,6.156186,6.156912,6.157652,6.158404,6.159171,6.159952,6.160747,6.161557,6.162382,6.163222,6.164077,6.164948,6.165834,6.166737,6.167657,6.168593,6.169547,6.170518,6.171506,6.172513,6.173539,6.174583,6.175646,6.176729,6.177832,6.178955,6.180098,6.181263,6.182450,6.183658,6.184889,6.186142,6.187419,6.188719,6.190044,6.191394,6.192768,6.194169,6.195595,6.197049,6.198530,6.200038,6.201576,6.203142,6.204738,6.206365,6.208023,6.209712,6.211434,6.213188,6.214977,6.216800,6.218659,6.220553,6.222485,6.224454,6.226461,6.228508,6.230596,6.232724,6.234895,6.237109,6.239367,6.241670,6.244020,6.246416
19.4000,6.107827,6.126214,6.126347,6.126383,6.126408,6.126435,6.126464,6.126498,6.126537,6.126580,6.126628,6.126681,6.126739,6.126802,6.126870,6.126944,6.127022,6.127106,6.127195,6.127289,6.127388,6.127492,6.127602,6.127717,6.127837,6.127963,6.128094,6.128230,6.128372,6.128520,6.128673,6.128831,6.128995,6.129165,6.129340,6.129522,6.129709,6.129901,6.130100,6.130305,6.130515,6.130732,6.130954,6.131183,6.131418,6.131659,6.131907,6.132161,6.132421,6.132688,6.132961,6.133241,6.133528,6.133822,6.134122,6.134430,6.134744,6.135065,6.135394,6.135730,6.136074,6.136424,6.136783,6.137149,6.137522,6.137904,6.138294,6.138691,6.139097,6.139511,6.139933,6.140364,6.140804,6.141252,6.141709,6.142175,6.142650,6.143135,6.143628,6.144132,6.144645,6.145167,6.145700,6.146243,6.146796,6.147360,6.147934,6.148518,6.149114,6.149721,6.150339,6.150969,6.151610,6.152263,6.152928,6.153605,6.154295,6.154997,6.155713,6.156441,6.157182,6.157938,6.158706,6.159489,6.160286,6.161098,6.161924,6.162766,6.163623,6.164495,6.165383,6.166287,6.167208,6.168145,6.169100,6.170071,6.171061,6.172068,6.173094,6.174139,6.175202,6.176286,6.177388,6.178511,6.179655,6.180820,6.182006,6.183214,6.184444,6.185697,6.186973,6.188272,6.189596,6.190944,6.192318,6.193717,6.195142,6.196594,6.198073,6.199580,6.201115,6.202679,6.204273,6.205897,6.207552,6.209239,6.210958,6.212709,6.214495,6.216314,6.218169,6.220060,6.221988,6.223953,6.225956,6.227999,6.230081,6.232205,6.234371,6.236580,6.238832
19.6000,6.107216,6.125041,6.125168,6.125202,6.125227,6.125252,6.125280,6.125313,6.125349,6.125391,6.125437,6.125488,6.125543,6.125603,6.125669,6.125739,6.125814,6.125893,6.125978,6.126068,6.126163,6.126262,6.126367,6.126477,6.126592,6.126712,6.126837,6.126968,6.127103,6.127244,6.127390,6.127541,6.127698,6.127860,6.128028,6.128201,6.128379,6.128563,6.128753,6.128948,6.129149,6.129356,6.129569,6.129787,6.130011,6.130241,6.130478,6.130720,6.130968,6.131223,6.131484,6.131751,6.132025,6.132305,6.132592,6.132885,6.133185,6.133491,6.133805,6.134125,6.134453,6.134787,6.135129,6.135478,6.135834,6.136198,6.136569,6.136948,6.137335,6.137729,6.138132,6.138542,6.138961,6.139388,6.139824,6.140268,6.140720,6.141181,6.141652,6.142131,6.142619,6.143117,6.143624,6.144141,6.144667,6.145203,6.145750,6.146306,6.146873,6.147450,6.148038,6.148637,6.149247,6.149868,6.150500,6.151144,6.151799,6.152467,6.153147,6.153839,6.154543,6.155261,6.155991,6.156735,6.157492,6.158262,6.159047,6.159846,6.160659,6.161487,6.162329,6.163187,6.164061,6.164950,6.165855,6.166776,6.167715,6.168670,6.169642,6.170632,6.171640,6.172666,6.173711,6.174775,6.175858,6.176961,6.178083,6.179227,6.180391,6.181577,6.182784,6.184013,6.185265,6.186540,6.187839,6.189161,6.190508,6.191880,6.193278,6.194701,6.196151,6.197628,6.199133,6.200666,6.202228,6.203819,6.205441,6.207093,6.208776,6.210492,6.212241,6.214022,6.215839,6.217690,6.219577,6.221500,6.223461,6.225460,6.227498,6.229576,6.231695
19.8000,6.106627,6.123911,6.124033,6.124066,6.124089,6.124113,6.124140,6.124171,6.124206,6.124246,6.124290,6.124338,6.124391,6.124449,6.124511,6.124578,6.124650,6.124726,6.124807,6.124893,6.124983,6.125079,6.125179,6.125284,6.125394,6.125508,6.125628,6.125753,6.125882,6.126017,6.126156,6.126301,6.126450,6.126605,6.126765,6.126931,6.127101,6.127277,6.127458,6.127645,6.127837,6.128034,6.128237,6.128445,6.128660,6.128879,6.129105,6.129336,6.129573,6.129816,6.130066,6.130321,6.130582,6.130849,6.131123,6.131402,6.131689,6.131981,6.132280,6.132586,6.132898,6.133217,6.133543,6.133876,6.134216,6.134563,6.134917,6.135278,6.135647,6.136023,6.136407,6.136798,6.137197,6.137604,6.138019,6.138442,6.138873,6.139313,6.139761,6.140217,6.140682,6.141156,6.141639,6.142131,6.142633,6.143143,6.143663,6.144193,6.144732,6.145282,6.145841,6.146411,6.146991,6.147582,6.148183,6.148795,6.149419,6.150054,6.150700,6.151358,6.152027,6.152709,6.153403,6.154110,6.154829,6.155561,6.156306,6.157065,6.157837,6.158623,6.159423,6.160238,6.161067,6.161910,6.162769,6.163644,6.164534,6.165440,6.166362,6.167300,6.168256,6.169229,6.170219,6.171227,6.172253,6.173298,6.174362,6.175445,6.176547,6.177669,6.178812,6.179976,6.181161,6.182367,6.183595,6.184846,6.186120,6.187417,6.188738,6.190084,6.191454,6.192850,6.194271,6.195719,6.197194,6.198697,6.200228,6.201787,6.203376,6.204994,6.206644,6.208324,6.210036,6.211782,6.213560,6.215372,6.217220,6.219102,6.221022,6.222978,6.224972
20.0000,6.106061,6.122823,6.122939,6.122971,6.122993,6.123016,6.123042,6.123072,6.123105,6.123143,6.123185,6.123231,6.123282,6.123337,6.123397,6.123461,6.123529,6.123602,6.123680,6.123762,6.123848,6.123939,6.124035,6.124135,6.124240,6.124350,6.124464,6.124583,6.124707,6.124836,6.124969,6.125107,6.125250,6.125398,6.125551,6.125709,6.125872,6.126040,6.126213,6.126391,6.126574,6.126763,6.126957,6.127156,6.127361,6.127571,6.127786,6.128007,6.128233,6.128465,6.128703,6.128947,6.129196,6.129451,6.129712,6.129979,6.130253,6.130532,6.130817,6.131109,6.131407,6.131712,6.132023,6.132340,6.132664,6.132995,6.133333,6.133678,6.134029,6.134388,6.134754,6.135127,6.135508,6.135896,6.136291,6.136694,6.137105,6.137524,6.137951,6.138386,6.138829,6.139281,6.139741,6.140210,6.140687,6.141173,6.141669,6.142173,6.142687,6.143210,6.143742,6.144285,6.144837,6.145399,6.145971,6.146554,6.147147,6.147751,6.148365,6.148991,6.149628,6.150276,6.150936,6.151608,6.152291,6.152987,6.153695,6.154416,6.155150,6.155896,6.156656,6.157430,6.158217,6.159018,6.159834,6.160663,6.161508,6.162368,6.163243,6.164133,6.165040,6.165962,6.166901,6.167857,6.168830,6.169820,6.170828,6.171854,6.172899,6.173962,6.175045,6.176147,6.177268,6.178411,6.179573,6.180757,6.181962,6.183190,6.184439,6.185712,6.187008,6.188327,6.189671,6.191039,6.192433,6.193853,6.195299,6.196771,6.198271,6.199799,6.201356,6.202942,6.204558,6.206204,6.207881,6.209590,6.211332,6.213106,6.214915,6.216758,6.218637
