delta_c_MHz,R_qutip,Pout_microW
-20.0000,0.0000,0.000000
-19.8000,0.0000,0.000000
-19.6000,0.0000,0.000000
-19.4000,0.0000,0.000000
-19.2000,0.0000,0.000000
-19.0000,0.0000,0.000000
-18.8000,0.0000,0.000000
-18.6000,0.0000,0.000000
-18.4000,0.0000,0.000000
-18.2000,0.0000,0.000000
-18.0000,0.0000,0.000000
-17.8000,0.0000,0.000000
-17.6000,0.0000,0.000000
-17.4000,0.0000,0.000000
-17.2000,0.0000,0.000000
-17.0000,0.0000,0.000000
-16.8000,0.0000,0.000000
-16.6000,0.0000,0.000000
-16.4000,0.0000,0.000000
-16.2000,0.0000,0.000000
-16.0000,0.0000,0.000000
-15.8000,0.0000,0.000000
-15.6000,0.0000,0.000001
-15.4000,0.0000,0.000001
-15.2000,0.0000,0.000001
-15.0000,0.0000,0.000001
-14.8000,0.0000,0.000001
-14.6000,0.0000,0.000001
-14.4000,0.0000,0.000001
-14.2000,0.0000,0.000001
-14.0000,0.0000,0.000001
-13.8000,0.0000,0.000001
-13.6000,0.0000,0.000001
-13.4000,0.0000,0.000001
-13.2000,0.0000,0.000001
-13.0000,0.0000,0.000001
-12.8000,0.0000,0.000001
-12.6000,0.0000,0.000001
-12.4000,0.0000,0.000001
-12.2000,0.0000,0.000001
-12.0000,0.0000,0.000001
-11.8000,0.0000,0.000001
-11.6000,0.0000,0.000001
-11.4000,0.0000,0.000001
-11.2000,0.0000,0.000001
-11.0000,0.0000,0.000001
-10.8000,0.0000,0.000001
-10.6000,0.0000,0.000001
-10.4000,0.0000,0.000001
-10.2000,0.0000,0.000001
-10.0000,0.0000,0.000001
-9.8000,0.0000,0.000001
-9.6000,0.0000,0.000001
-9.4000,0.0000,0.000001
-9.2000,0.0000,0.000001
-9.0000,0.0000,0.000001
-8.8000,0.0000,0.000001
-8.6000,0.0000,0.000001
-8.4000,0.0000,0.000001
-8.2000,0.0000,0.000002
-8.0000,0.0000,0.000002
-7.8000,0.0000,0.000002
-7.6000,0.0000,0.000002
-7.4000,0.0000,0.000002
-7.2000,0.0000,0.000003
-7.0000,0.0000,0.000003
-6.8000,0.0000,0.000003
-6.6000,0.0000,0.000004
-6.4000,0.0000,0.000004
-6.2000,0.0000,0.000005
-6.0000,0.0000,0.000006
-5.8000,0.0000,0.000007
-5.6000,0.0000,0.000008
-5.4000,0.0000,0.000010
-5.2000,0.0000,0.000012
-5.0000,0.0000,0.000016
-4.8000,0.0000,0.000020
-4.6000,0.0000,0.000026
-4.4000,0.0000,0.000036
-4.2000,0.0000,0.000050
-4.0000,0.0000,0.000071
-3.8000,0.0000,0.000104
-3.6000,0.0000,0.000158
-3.4000,0.0000,0.000248
-3.2000,0.0000,0.000404
-3.0000,0.0000,0.000683
-2.8000,0.0000,0.001202
-2.6000,0.0000,0.002199
-2.4000,0.0000,0.004174
-2.2000,0.0000,0.008198
-2.0000,0.0000,0.016567
-1.8000,0.0000,0.034168
-1.6000,0.0000,0.071075
-1.4000,0.0000,0.146874
-1.2000,0.0000,0.295876
-1.0000,0.0000,0.568392
-0.8000,0.0000,1.016402
-0.6000,0.0000,1.650675
-0.4000,0.0000,2.379458
-0.2000,0.0000,2.987869
0.0000,0.0000,3.228101
0.2000,0.0000,2.987869
0.4000,0.0000,2.379458
0.6000,0.0000,1.650675
0.8000,0.0000,1.016402
1.0000,0.0000,0.568392
1.2000,0.0000,0.295876
1.4000,0.0000,0.146874
1.6000,0.0000,0.071075
1.8000,0.0000,0.034168
2.0000,0.0000,0.016567
2.2000,0.0000,0.008198
2.4000,0.0000,0.004174
2.6000,0.0000,0.002199
2.8000,0.0000,0.001202
3.0000,0.0000,0.000683
3.2000,0.0000,0.000404
3.4000,0.0000,0.000248
3.6000,0.0000,0.000158
3.8000,0.0000,0.000104
4.0000,0.0000,0.000071
4.2000,0.0000,0.000050
4.4000,0.0000,0.000036
4.6000,0.0000,0.000026
4.8000,0.0000,0.000020
5.0000,0.0000,0.000016
5.2000,0.0000,0.000012
5.4000,0.0000,0.000010
5.6000,0.0000,0.000008
5.8000,0.0000,0.000007
6.0000,0.0000,0.000006
6.2000,0.0000,0.000005
6.4000,0.0000,0.000004
6.6000,0.0000,0.000004
6.8000,0.0000,0.000003
7.0000,0.0000,0.000003
7.2000,0.0000,0.000003
7.4000,0.0000,0.000002
7.6000,0.0000,0.000002
7.8000,0.0000,0.000002
8.0000,0.0000,0.000002
8.2000,0.0000,0.000002
8.4000,0.0000,0.000001
8.6000,0.0000,0.000001
8.8000,0.0000,0.000001
9.0000,0.0000,0.000001
9.2000,0.0000,0.000001
9.4000,0.0000,0.000001
9.6000,0.0000,0.000001
9.8000,0.0000,0.000001
10.0000,0.0000,0.000001
10.2000,0.0000,0.000001
10.4000,0.0000,0.000001
10.6000,0.0000,0.000001
10.8000,0.0000,0.000001
11.0000,0.0000,0.000001
11.2000,0.0000,0.000001
11.4000,0.0000,0.000001
11.6000,0.0000,0.000001
11.8000,0.0000,0.000001
12.0000,0.0000,0.000001
12.2000,0.0000,0.000001
12.4000,0.0000,0.000001
12.6000,0.0000,0.000001
12.8000,0.0000,0.000001
13.0000,0.0000,0.000001
13.2000,0.0000,0.000001
13.4000,0.0000,0.000001
13.6000,0.0000,0.000001
13.8000,0.0000,0.000001
14.0000,0.0000,0.000001
14.2000,0.0000,0.000001
14.4000,0.0000,0.000001
14.6000,0.0000,0.000001
14.8000,0.0000,0.000001
15.0000,0.0000,0.000001
15.2000,0.0000,0.000001
15.4000,0.0000,0.000001
15.6000,0.0000,0.000001
15.8000,0.0000,0.000000
16.0000,0.0000,0.000000
16.2000,0.0000,0.000000
16.4000,0.0000,0.000000
16.6000,0.0000,0.000000
16.8000,0.0000,0.000000
17.0000,0.0000,0.000000
17.2000,0.0000,0.000000
17.4000,0.0000,0.000000
17.6000,0.0000,0.000000
17.8000,0.0000,0.000000
18.0000,0.0000,0.000000
18.2000,0.0000,0.000000
18.4000,0.0000,0.000000
18.6000,0.0000,0.000000
18.8000,0.0000,0.000000
19.0000,0.0000,0.000000
19.2000,0.0000,0.000000
19.4000,0.0000,0.000000
19.6000,0.0000,0.000000
19.8000,0.0000,0.000000
20.0000,0.0000,0.000000
-20.0000,0.1022,0.000000
-19.8000,0.1022,0.000000
-19.6000,0.1022,0.000000
-19.4000,0.1022,0.000001
-19.2000,0.1022,0.000001
-19.0000,0.1022,0.000001
-18.8000,0.1022,0.000001
-18.6000,0.1022,0.000001
-18.4000,0.1022,0.000001
-18.2000,0.1022,0.000001
-18.0000,0.1022,0.000001
-17.8000,0.1022,0.000001
-17.6000,0.1022,0.000001
-17.4000,0.1022,0.000001
-17.2000,0.1022,0.000001
-17.0000,0.1022,0.000001
-16.8000,0.1022,0.000001
-16.6000,0.1022,0.000001
-16.4000,0.1022,0.000001
-16.2000,0.1022,0.000001
-16.0000,0.1022,0.000001
-15.8000,0.1022,0.000001
-15.6000,0.1022,0.000001
-15.4000,0.1022,0.000001
-15.2000,0.1022,0.000001
-15.0000,0.1022,0.000001
-14.8000,0.1022,0.000001
-14.6000,0.1022,0.000001
-14.4000,0.1022,0.000001
-14.2000,0.1022,0.000001
-14.0000,0.1022,0.000001
-13.8000,0.1022,0.000001
-13.6000,0.1022,0.000001
-13.4000,0.1022,0.000001
-13.2000,0.1022,0.000001
-13.0000,0.1022,0.000001
-12.8000,0.1022,0.000001
-12.6000,0.1022,0.000001
-12.4000,0.1022,0.000001
-12.2000,0.1022,0.000001
-12.0000,0.1022,0.000001
-11.8000,0.1022,0.000001
-11.6000,0.1022,0.000001
-11.4000,0.1022,0.000001
-11.2000,0.1022,0.000001
-11.0000,0.1022,0.000002
-10.8000,0.1022,0.000002
-10.6000,0.1022,0.000002
-10.4000,0.1022,0.000002
-10.2000,0.1022,0.000002
-10.0000,0.1022,0.000002
-9.8000,0.1022,0.000002
-9.6000,0.1022,0.000003
-9.4000,0.1022,0.000003
-9.2000,0.1022,0.000003
-9.0000,0.1022,0.000003
-8.8000,0.1022,0.000004
-8.6000,0.1022,0.000004
-8.4000,0.1022,0.000005
-8.2000,0.1022,0.000005
-8.0000,0.1022,0.000006
-7.8000,0.1022,0.000007
-7.6000,0.1022,0.000008
-7.4000,0.1022,0.000009
-7.2000,0.1022,0.000011
-7.0000,0.1022,0.000013
-6.8000,0.1022,0.000016
-6.6000,0.1022,0.000019
-6.4000,0.1022,0.000024
-6.2000,0.1022,0.000030
-6.0000,0.1022,0.000038
-5.8000,0.1022,0.000049
-5.6000,0.1022,0.000065
-5.4000,0.1022,0.000086
-5.2000,0.1022,0.000117
-5.0000,0.1022,0.000161
-4.8000,0.1022,0.000228
-4.6000,0.1022,0.000328
-4.4000,0.1022,0.000482
-4.2000,0.1022,0.000724
-4.0000,0.1022,0.001114
-3.8000,0.1022,0.001751
-3.6000,0.1022,0.002814
-3.4000,0.1022,0.004623
-3.2000,0.1022,0.007752
-3.0000,0.1022,0.013245
-2.8000,0.1022,0.023000
-2.6000,0.1022,0.040452
-2.4000,0.1022,0.071743
-2.2000,0.1022,0.127601
-2.0000,0.1022,0.226090
-1.8000,0.1022,0.395993
-1.6000,0.1022,0.679580
-1.4000,0.1022,1.131691
-1.2000,0.1022,1.810002
-1.0000,0.1022,2.751343
-0.8000,0.1022,3.934923
-0.6000,0.1022,5.247048
-0.4000,0.1022,6.475947
-0.2000,0.1022,7.360597
0.0000,0.1022,7.683632
0.2000,0.1022,7.360597
0.4000,0.1022,6.475947
0.6000,0.1022,5.247048
0.8000,0.1022,3.934923
1.0000,0.1022,2.751343
1.2000,0.1022,1.810002
1.4000,0.1022,1.131691
1.6000,0.1022,0.679580
1.8000,0.1022,0.395993
2.0000,0.1022,0.226090
2.2000,0.1022,0.127601
2.4000,0.1022,0.071743
2.6000,0.1022,0.040452
2.8000,0.1022,0.023000
3.0000,0.1022,0.013245
3.2000,0.1022,0.007752
3.4000,0.1022,0.004623
3.6000,0.1022,0.002814
3.8000,0.1022,0.001751
4.0000,0.1022,0.001114
4.2000,0.1022,0.000724
4.4000,0.1022,0.000482
4.6000,0.1022,0.000328
4.8000,0.1022,0.000228
5.0000,0.1022,0.000161
5.2000,0.1022,0.000117
5.4000,0.1022,0.000086
5.6000,0.1022,0.000065
5.8000,0.1022,0.000049
6.0000,0.1022,0.000038
6.2000,0.1022,0.000030
6.4000,0.1022,0.000024
6.6000,0.1022,0.000019
6.8000,0.1022,0.000016
7.0000,0.1022,0.000013
7.2000,0.1022,0.000011
7.4000,0.1022,0.000009
7.6000,0.1022,0.000008
7.8000,0.1022,0.000007
8.0000,0.1022,0.000006
8.2000,0.1022,0.000005
8.4000,0.1022,0.000005
8.6000,0.1022,0.000004
8.8000,0.1022,0.000004
9.0000,0.1022,0.000003
9.2000,0.1022,0.000003
9.4000,0.1022,0.000003
9.6000,0.1022,0.000003
9.8000,0.1022,0.000002
10.0000,0.1022,0.000002
10.2000,0.1022,0.000002
10.4000,0.1022,0.000002
10.6000,0.1022,0.000002
10.8000,0.1022,0.000002
11.0000,0.1022,0.000002
11.2000,0.1022,0.000001
11.4000,0.1022,0.000001
11.6000,0.1022,0.000001
11.8000,0.1022,0.000001
12.0000,0.1022,0.000001
12.2000,0.1022,0.000001
12.4000,0.1022,0.000001
12.6000,0.1022,0.000001
12.8000,0.1022,0.000001
13.0000,0.1022,0.000001
13.2000,0.1022,0.000001
13.4000,0.1022,0.000001
13.6000,0.1022,0.000001
13.8000,0.1022,0.000001
14.0000,0.1022,0.000001
14.2000,0.1022,0.000001
14.4000,0.1022,0.000001
14.6000,0.1022,0.000001
14.8000,0.1022,0.000001
15.0000,0.1022,0.000001
15.2000,0.1022,0.000001
15.4000,0.1022,0.000001
15.6000,0.1022,0.000001
15.8000,0.1022,0.000001
16.0000,0.1022,0.000001
16.2000,0.1022,0.000001
16.4000,0.1022,0.000001
16.6000,0.1022,0.000001
16.8000,0.1022,0.000001
17.0000,0.1022,0.000001
17.2000,0.1022,0.000001
17.4000,0.1022,0.000001
17.6000,0.1022,0.000001
17.8000,0.1022,0.000001
18.0000,0.1022,0.000001
18.2000,0.1022,0.000001
18.4000,0.1022,0.000001
18.6000,0.1022,0.000001
18.8000,0.1022,0.000001
19.0000,0.1022,0.000001
19.2000,0.1022,0.000001
19.4000,0.1022,0.000001
19.6000,0.1022,0.000000
19.8000,0.1022,0.000000
20.0000,0.1022,0.000000
-20.0000,0.2044,0.000000
-19.8000,0.2044,0.000000
-19.6000,0.2044,0.000000
-19.4000,0.2044,0.000001
-19.2000,0.2044,0.000001
-19.0000,0.2044,0.000001
-18.8000,0.2044,0.000001
-18.6000,0.2044,0.000001
-18.4000,0.2044,0.000001
-18.2000,0.2044,0.000001
-18.0000,0.2044,0.000001
-17.8000,0.2044,0.000001
-17.6000,0.2044,0.000001
-17.4000,0.2044,0.000001
-17.2000,0.2044,0.000001
-17.0000,0.2044,0.000001
-16.8000,0.2044,0.000001
-16.6000,0.2044,0.000001
-16.4000,0.2044,0.000001
-16.2000,0.2044,0.000001
-16.0000,0.2044,0.000001
-15.8000,0.2044,0.000001
-15.6000,0.2044,0.000001
-15.4000,0.2044,0.000001
-15.2000,0.2044,0.000001
-15.0000,0.2044,0.000001
-14.8000,0.2044,0.000001
-14.6000,0.2044,0.000001
-14.4000,0.2044,0.000001
-14.2000,0.2044,0.000001
-14.0000,0.2044,0.000001
-13.8000,0.2044,0.000001
-13.6000,0.2044,0.000001
-13.4000,0.2044,0.000001
-13.2000,0.2044,0.000001
-13.0000,0.2044,0.000001
-12.8000,0.2044,0.000001
-12.6000,0.2044,0.000001
-12.4000,0.2044,0.000001
-12.2000,0.2044,0.000001
-12.0000,0.2044,0.000001
-11.8000,0.2044,0.000001
-11.6000,0.2044,0.000001
-11.4000,0.2044,0.000001
-11.2000,0.2044,0.000001
-11.0000,0.2044,0.000002
-10.8000,0.2044,0.000002
-10.6000,0.2044,0.000002
-10.4000,0.2044,0.000002
-10.2000,0.2044,0.000002
-10.0000,0.2044,0.000002
-9.8000,0.2044,0.000002
-9.6000,0.2044,0.000003
-9.4000,0.2044,0.000003
-9.2000,0.2044,0.000003
-9.0000,0.2044,0.000003
-8.8000,0.2044,0.000004
-8.6000,0.2044,0.000004
-8.4000,0.2044,0.000005
-8.2000,0.2044,0.000005
-8.0000,0.2044,0.000006
-7.8000,0.2044,0.000007
-7.6000,0.2044,0.000008
-7.4000,0.2044,0.000010
-7.2000,0.2044,0.000011
-7.0000,0.2044,0.000013
-6.8000,0.2044,0.000016
-6.6000,0.2044,0.000020
-6.4000,0.2044,0.000025
-6.2000,0.2044,0.000031
-6.0000,0.2044,0.000039
-5.8000,0.2044,0.000051
-5.6000,0.2044,0.000067
-5.4000,0.2044,0.000089
-5.2000,0.2044,0.000121
-5.0000,0.2044,0.000167
-4.8000,0.2044,0.000236
-4.6000,0.2044,0.000341
-4.4000,0.2044,0.000502
-4.2000,0.2044,0.000756
-4.0000,0.2044,0.001163
-3.8000,0.2044,0.001830
-3.6000,0.2044,0.002945
-3.4000,0.2044,0.004841
-3.2000,0.2044,0.008121
-3.0000,0.2044,0.013876
-2.8000,0.2044,0.024089
-2.6000,0.2044,0.042336
-2.4000,0.2044,0.074991
-2.2000,0.2044,0.133138
-2.0000,0.2044,0.235325
-1.8000,0.2044,0.410874
-1.6000,0.2044,0.702363
-1.4000,0.2044,1.164081
-1.2000,0.2044,1.851323
-1.0000,0.2044,2.795851
-0.8000,0.2044,3.969687
-0.6000,0.2044,5.253659
-0.4000,0.2044,6.439219
-0.2000,0.2044,7.281918
0.0000,0.2044,7.587267
0.2000,0.2044,7.281918
0.4000,0.2044,6.439219
0.6000,0.2044,5.253659
0.8000,0.2044,3.969687
1.0000,0.2044,2.795851
1.2000,0.2044,1.851323
1.4000,0.2044,1.164081
1.6000,0.2044,0.702363
1.8000,0.2044,0.410874
2.0000,0.2044,0.235325
2.2000,0.2044,0.133138
2.4000,0.2044,0.074991
2.6000,0.2044,0.042336
2.8000,0.2044,0.024089
3.0000,0.2044,0.013876
3.2000,0.2044,0.008121
3.4000,0.2044,0.004841
3.6000,0.2044,0.002945
3.8000,0.2044,0.001830
4.0000,0.2044,0.001163
4.2000,0.2044,0.000756
4.4000,0.2044,0.000502
4.6000,0.2044,0.000341
4.8000,0.2044,0.000236
5.0000,0.2044,0.000167
5.2000,0.2044,0.000121
5.4000,0.2044,0.000089
5.6000,0.2044,0.000067
5.8000,0.2044,0.000051
6.0000,0.2044,0.000039
6.2000,0.2044,0.000031
6.4000,0.2044,0.000025
6.6000,0.2044,0.000020
6.8000,0.2044,0.000016
7.0000,0.2044,0.000013
7.2000,0.2044,0.000011
7.4000,0.2044,0.000010
7.6000,0.2044,0.000008
7.8000,0.2044,0.000007
8.0000,0.2044,0.000006
8.2000,0.2044,0.000005
8.4000,0.2044,0.000005
8.6000,0.2044,0.000004
8.8000,0.2044,0.000004
9.0000,0.2044,0.000003
9.2000,0.2044,0.000003
9.4000,0.2044,0.000003
9.6000,0.2044,0.000003
9.8000,0.2044,0.000002
10.0000,0.2044,0.000002
10.2000,0.2044,0.000002
10.4000,0.2044,0.000002
10.6000,0.2044,0.000002
10.8000,0.2044,0.000002
11.0000,0.2044,0.000002
11.2000,0.2044,0.000001
11.4000,0.2044,0.000001
11.6000,0.2044,0.000001
11.8000,0.2044,0.000001
12.0000,0.2044,0.000001
12.2000,0.2044,0.000001
12.4000,0.2044,0.000001
12.6000,0.2044,0.000001
12.8000,0.2044,0.000001
13.0000,0.2044,0.000001
13.2000,0.2044,0.000001
13.4000,0.2044,0.000001
13.6000,0.2044,0.000001
13.8000,0.2044,0.000001
14.0000,0.2044,0.000001
14.2000,0.2044,0.000001
14.4000,0.2044,0.000001
14.6000,0.2044,0.000001
14.8000,0.2044,0.000001
15.0000,0.2044,0.000001
15.2000,0.2044,0.000001
15.4000,0.2044,0.000001
15.6000,0.2044,0.000001
15.8000,0.2044,0.000001
16.0000,0.2044,0.000001
16.2000,0.2044,0.000001
16.4000,0.2044,0.000001
16.6000,0.2044,0.000001
16.8000,0.2044,0.000001
17.0000,0.2044,0.000001
17.2000,0.2044,0.000001
17.4000,0.2044,0.000001
17.6000,0.2044,0.000001
17.8000,0.2044,0.000001
18.0000,0.2044,0.000001
18.2000,0.2044,0.000001
18.4000,0.2044,0.000001
18.6000,0.2044,0.000001
18.8000,0.2044,0.000001
19.0000,0.2044,0.000001
19.2000,0.2044,0.000001
19.4000,0.2044,0.000001
19.6000,0.2044,0.000000
19.8000,0.2044,0.000000
20.0000,0.2044,0.000000
-20.0000,0.3066,0.000000
-19.8000,0.3066,0.000000
-19.6000,0.3066,0.000000
-19.4000,0.3066,0.000001
-19.2000,0.3066,0.000001
-19.0000,0.3066,0.000001
-18.8000,0.3066,0.000001
-18.6000,0.3066,0.000001
-18.4000,0.3066,0.000001
-18.2000,0.3066,0.000001
-18.0000,0.3066,0.000001
-17.8000,0.3066,0.000001
-17.6000,0.3066,0.000001
-17.4000,0.3066,0.000001
-17.2000,0.3066,0.000001
-17.0000,0.3066,0.000001
-16.8000,0.3066,0.000001
-16.6000,0.3066,0.000001
-16.4000,0.3066,0.000001
-16.2000,0.3066,0.000001
-16.0000,0.3066,0.000001
-15.8000,0.3066,0.000001
-15.6000,0.3066,0.000001
-15.4000,0.3066,0.000001
-15.2000,0.3066,0.000001
-15.0000,0.3066,0.000001
-14.8000,0.3066,0.000001
-14.6000,0.3066,0.000001
-14.4000,0.3066,0.000001
-14.2000,0.3066,0.000001
-14.0000,0.3066,0.000001
-13.8000,0.3066,0.000001
-13.6000,0.3066,0.000001
-13.4000,0.3066,0.000001
-13.2000,0.3066,0.000001
-13.0000,0.3066,0.000001
-12.8000,0.3066,0.000001
-12.6000,0.3066,0.000001
-12.4000,0.3066,0.000001
-12.2000,0.3066,0.000001
-12.0000,0.3066,0.000001
-11.8000,0.3066,0.000001
-11.6000,0.3066,0.000001
-11.4000,0.3066,0.000001
-11.2000,0.3066,0.000001
-11.0000,0.3066,0.000002
-10.8000,0.3066,0.000002
-10.6000,0.3066,0.000002
-10.4000,0.3066,0.000002
-10.2000,0.3066,0.000002
-10.0000,0.3066,0.000002
-9.8000,0.3066,0.000002
-9.6000,0.3066,0.000003
-9.4000,0.3066,0.000003
-9.2000,0.3066,0.000003
-9.0000,0.3066,0.000003
-8.8000,0.3066,0.000004
-8.6000,0.3066,0.000004
-8.4000,0.3066,0.000005
-8.2000,0.3066,0.000005
-8.0000,0.3066,0.000006
-7.8000,0.3066,0.000007
-7.6000,0.3066,0.000008
-7.4000,0.3066,0.000010
-7.2000,0.3066,0.000011
-7.0000,0.3066,0.000014
-6.8000,0.3066,0.000016
-6.6000,0.3066,0.000020
-6.4000,0.3066,0.000025
-6.2000,0.3066,0.000031
-6.0000,0.3066,0.000040
-5.8000,0.3066,0.000051
-5.6000,0.3066,0.000067
-5.4000,0.3066,0.000090
-5.2000,0.3066,0.000123
-5.0000,0.3066,0.000170
-4.8000,0.3066,0.000240
-4.6000,0.3066,0.000347
-4.4000,0.3066,0.000512
-4.2000,0.3066,0.000771
-4.0000,0.3066,0.001188
-3.8000,0.3066,0.001873
-3.6000,0.3066,0.003018
-3.4000,0.3066,0.004968
-3.2000,0.3066,0.008346
-3.0000,0.3066,0.014281
-2.8000,0.3066,0.024824
-2.6000,0.3066,0.043678
-2.4000,0.3066,0.077434
-2.2000,0.3066,0.137538
-2.0000,0.3066,0.243078
-1.8000,0.3066,0.424041
-1.6000,0.3066,0.723507
-1.4000,0.3066,1.195325
-1.2000,0.3066,1.892014
-1.0000,0.3066,2.838749
-0.8000,0.3066,3.997531
-0.6000,0.3066,5.240974
-0.4000,0.3066,6.364557
-0.2000,0.3066,7.147267
0.0000,0.3066,7.427322
0.2000,0.3066,7.147267
0.4000,0.3066,6.364557
0.6000,0.3066,5.240974
0.8000,0.3066,3.997531
1.0000,0.3066,2.838749
1.2000,0.3066,1.892014
1.4000,0.3066,1.195325
1.6000,0.3066,0.723507
1.8000,0.3066,0.424041
2.0000,0.3066,0.243078
2.2000,0.3066,0.137538
2.4000,0.3066,0.077434
2.6000,0.3066,0.043678
2.8000,0.3066,0.024824
3.0000,0.3066,0.014281
3.2000,0.3066,0.008346
3.4000,0.3066,0.004968
3.6000,0.3066,0.003018
3.8000,0.3066,0.001873
4.0000,0.3066,0.001188
4.2000,0.3066,0.000771
4.4000,0.3066,0.000512
4.6000,0.3066,0.000347
4.8000,0.3066,0.000240
5.0000,0.3066,0.000170
5.2000,0.3066,0.000123
5.4000,0.3066,0.000090
5.6000,0.3066,0.000067
5.8000,0.3066,0.000051
6.0000,0.3066,0.000040
6.2000,0.3066,0.000031
6.4000,0.3066,0.000025
6.6000,0.3066,0.000020
6.8000,0.3066,0.000016
7.0000,0.3066,0.000014
7.2000,0.3066,0.000011
7.4000,0.3066,0.000010
7.6000,0.3066,0.000008
7.8000,0.3066,0.000007
8.0000,0.3066,0.000006
8.2000,0.3066,0.000005
8.4000,0.3066,0.000005
8.6000,0.3066,0.000004
8.8000,0.3066,0.000004
9.0000,0.3066,0.000003
9.2000,0.3066,0.000003
9.4000,0.3066,0.000003
9.6000,0.3066,0.000003
9.8000,0.3066,0.000002
10.0000,0.3066,0.000002
10.2000,0.3066,0.000002
10.4000,0.3066,0.000002
10.6000,0.3066,0.000002
10.8000,0.3066,0.000002
11.0000,0.3066,0.000002
11.2000,0.3066,0.000001
11.4000,0.3066,0.000001
11.6000,0.3066,0.000001
11.8000,0.3066,0.000001
12.0000,0.3066,0.000001
12.2000,0.3066,0.000001
12.4000,0.3066,0.000001
12.6000,0.3066,0.000001
12.8000,0.3066,0.000001
13.0000,0.3066,0.000001
13.2000,0.3066,0.000001
13.4000,0.3066,0.000001
13.6000,0.3066,0.000001
13.8000,0.3066,0.000001
14.0000,0.3066,0.000001
14.2000,0.3066,0.000001
14.4000,0.3066,0.000001
14.6000,0.3066,0.000001
14.8000,0.3066,0.000001
15.0000,0.3066,0.000001
15.2000,0.3066,0.000001
15.4000,0.3066,0.000001
15.6000,0.3066,0.000001
15.8000,0.3066,0.000001
16.0000,0.3066,0.000001
16.2000,0.3066,0.000001
16.4000,0.3066,0.000001
16.6000,0.3066,0.000001
16.8000,0.3066,0.000001
17.0000,0.3066,0.000001
17.2000,0.3066,0.000001
17.4000,0.3066,0.000001
17.6000,0.3066,0.000001
17.8000,0.3066,0.000001
18.0000,0.3066,0.000001
18.2000,0.3066,0.000001
18.4000,0.3066,0.000001
18.6000,0.3066,0.000001
18.8000,0.3066,0.000001
19.0000,0.3066,0.000001
19.2000,0.3066,0.000001
19.4000,0.3066,0.000001
19.6000,0.3066,0.000000
19.8000,0.3066,0.000000
20.0000,0.3066,0.000000
-20.0000,0.4088,0.000000
-19.8000,0.4088,0.000000
-19.6000,0.4088,0.000001
-19.4000,0.4088,0.000001
-19.2000,0.4088,0.000001
-19.0000,0.4088,0.000001
-18.8000,0.4088,0.000001
-18.6000,0.4088,0.000001
-18.4000,0.4088,0.000001
-18.2000,0.4088,0.000001
-18.0000,0.4088,0.000001
-17.8000,0.4088,0.000001
-17.6000,0.4088,0.000001
-17.4000,0.4088,0.000001
-17.2000,0.4088,0.000001
-17.0000,0.4088,0.000001
-16.8000,0.4088,0.000001
-16.6000,0.4088,0.000001
-16.4000,0.4088,0.000001
-16.2000,0.4088,0.000001
-16.0000,0.4088,0.000001
-15.8000,0.4088,0.000001
-15.6000,0.4088,0.000001
-15.4000,0.4088,0.000001
-15.2000,0.4088,0.000001
-15.0000,0.4088,0.000001
-14.8000,0.4088,0.000001
-14.6000,0.4088,0.000001
-14.4000,0.4088,0.000001
-14.2000,0.4088,0.000001
-14.0000,0.4088,0.000001
-13.8000,0.4088,0.000001
-13.6000,0.4088,0.000001
-13.4000,0.4088,0.000001
-13.2000,0.4088,0.000001
-13.0000,0.4088,0.000001
-12.8000,0.4088,0.000001
-12.6000,0.4088,0.000001
-12.4000,0.4088,0.000001
-12.2000,0.4088,0.000001
-12.0000,0.4088,0.000001
-11.8000,0.4088,0.000001
-11.6000,0.4088,0.000001
-11.4000,0.4088,0.000001
-11.2000,0.4088,0.000001
-11.0000,0.4088,0.000002
-10.8000,0.4088,0.000002
-10.6000,0.4088,0.000002
-10.4000,0.4088,0.000002
-10.2000,0.4088,0.000002
-10.0000,0.4088,0.000002
-9.8000,0.4088,0.000002
-9.6000,0.4088,0.000003
-9.4000,0.4088,0.000003
-9.2000,0.4088,0.000003
-9.0000,0.4088,0.000003
-8.8000,0.4088,0.000004
-8.6000,0.4088,0.000004
-8.4000,0.4088,0.000005
-8.2000,0.4088,0.000005
-8.0000,0.4088,0.000006
-7.8000,0.4088,0.000007
-7.6000,0.4088,0.000008
-7.4000,0.4088,0.000010
-7.2000,0.4088,0.000011
-7.0000,0.4088,0.000014
-6.8000,0.4088,0.000017
-6.6000,0.4088,0.000020
-6.4000,0.4088,0.000025
-6.2000,0.4088,0.000031
-6.0000,0.4088,0.000040
-5.8000,0.4088,0.000052
-5.6000,0.4088,0.000068
-5.4000,0.4088,0.000091
-5.2000,0.4088,0.000124
-5.0000,0.4088,0.000173
-4.8000,0.4088,0.000245
-4.6000,0.4088,0.000353
-4.4000,0.4088,0.000522
-4.2000,0.4088,0.000788
-4.0000,0.4088,0.001217
-3.8000,0.4088,0.001921
-3.6000,0.4088,0.003102
-3.4000,0.4088,0.005117
-3.2000,0.4088,0.008614
-3.0000,0.4088,0.014771
-2.8000,0.4088,0.025728
-2.6000,0.4088,0.045352
-2.4000,0.4088,0.080527
-2.2000,0.4088,0.143181
-2.0000,0.4088,0.253126
-1.8000,0.4088,0.441245
-1.6000,0.4088,0.751255
-1.4000,0.4088,1.236294
-1.2000,0.4088,1.944897
-1.0000,0.4088,2.893093
-0.8000,0.4088,4.029527
-0.6000,0.4088,5.216854
-0.4000,0.4088,6.257527
-0.2000,0.4088,6.961904
0.0000,0.4088,7.209374
0.2000,0.4088,6.961904
0.4000,0.4088,6.257527
0.6000,0.4088,5.216854
0.8000,0.4088,4.029527
1.0000,0.4088,2.893093
1.2000,0.4088,1.944897
1.4000,0.4088,1.236294
1.6000,0.4088,0.751255
1.8000,0.4088,0.441245
2.0000,0.4088,0.253126
2.2000,0.4088,0.143181
2.4000,0.4088,0.080527
2.6000,0.4088,0.045352
2.8000,0.4088,0.025728
3.0000,0.4088,0.014771
3.2000,0.4088,0.008614
3.4000,0.4088,0.005117
3.6000,0.4088,0.003102
3.8000,0.4088,0.001921
4.0000,0.4088,0.001217
4.2000,0.4088,0.000788
4.4000,0.4088,0.000522
4.6000,0.4088,0.000353
4.8000,0.4088,0.000245
5.0000,0.4088,0.000173
5.2000,0.4088,0.000124
5.4000,0.4088,0.000091
5.6000,0.4088,0.000068
5.8000,0.4088,0.000052
6.0000,0.4088,0.000040
6.2000,0.4088,0.000031
6.4000,0.4088,0.000025
6.6000,0.4088,0.000020
6.8000,0.4088,0.000017
7.0000,0.4088,0.000014
7.2000,0.4088,0.000011
7.4000,0.4088,0.000010
7.6000,0.4088,0.000008
7.8000,0.4088,0.000007
8.0000,0.4088,0.000006
8.2000,0.4088,0.000005
8.4000,0.4088,0.000005
8.6000,0.4088,0.000004
8.8000,0.4088,0.000004
9.0000,0.4088,0.000003
9.2000,0.4088,0.000003
9.4000,0.4088,0.000003
9.6000,0.4088,0.000003
9.8000,0.4088,0.000002
10.0000,0.4088,0.000002
10.2000,0.4088,0.000002
10.4000,0.4088,0.000002
10.6000,0.4088,0.000002
10.8000,0.4088,0.000002
11.0000,0.4088,0.000002
11.2000,0.4088,0.000001
11.4000,0.4088,0.000001
11.6000,0.4088,0.000001
11.8000,0.4088,0.000001
12.0000,0.4088,0.000001
12.2000,0.4088,0.000001
12.4000,0.4088,0.000001
12.6000,0.4088,0.000001
12.8000,0.4088,0.000001
13.0000,0.4088,0.000001
13.2000,0.4088,0.000001
13.4000,0.4088,0.000001
13.6000,0.4088,0.000001
13.8000,0.4088,0.000001
14.0000,0.4088,0.000001
14.2000,0.4088,0.000001
14.4000,0.4088,0.000001
14.6000,0.4088,0.000001
14.8000,0.4088,0.000001
15.0000,0.4088,0.000001
15.2000,0.4088,0.000001
15.4000,0.4088,0.000001
15.6000,0.4088,0.000001
15.8000,0.4088,0.000001
16.0000,0.4088,0.000001
16.2000,0.4088,0.000001
16.4000,0.4088,0.000001
16.6000,0.4088,0.000001
16.8000,0.4088,0.000001
17.0000,0.4088,0.000001
17.2000,0.4088,0.000001
17.4000,0.4088,0.000001
17.6000,0.4088,0.000001
17.8000,0.4088,0.000001
18.0000,0.4088,0.000001
18.2000,0.4088,0.000001
18.4000,0.4088,0.000001
18.6000,0.4088,0.000001
18.8000,0.4088,0.000001
19.0000,0.4088,0.000001
19.2000,0.4088,0.000001
19.4000,0.4088,0.000001
19.6000,0.4088,0.000001
19.8000,0.4088,0.000000
20.0000,0.4088,0.000000
-20.0000,0.5110,0.000000
-19.8000,0.5110,0.000000
-19.6000,0.5110,0.000001
-19.4000,0.5110,0.000001
-19.2000,0.5110,0.000001
-19.0000,0.5110,0.000001
-18.8000,0.5110,0.000001
-18.6000,0.5110,0.000001
-18.4000,0.5110,0.000001
-18.2000,0.5110,0.000001
-18.0000,0.5110,0.000001
-17.8000,0.5110,0.000001
-17.6000,0.5110,0.000001
-17.4000,0.5110,0.000001
-17.2000,0.5110,0.000001
-17.0000,0.5110,0.000001
-16.8000,0.5110,0.000001
-16.6000,0.5110,0.000001
-16.4000,0.5110,0.000001
-16.2000,0.5110,0.000001
-16.0000,0.5110,0.000001
-15.8000,0.5110,0.000001
-15.6000,0.5110,0.000001
-15.4000,0.5110,0.000001
-15.2000,0.5110,0.000001
-15.0000,0.5110,0.000001
-14.8000,0.5110,0.000001
-14.6000,0.5110,0.000001
-14.4000,0.5110,0.000001
-14.2000,0.5110,0.000001
-14.0000,0.5110,0.000001
-13.8000,0.5110,0.000001
-13.6000,0.5110,0.000001
-13.4000,0.5110,0.000001
-13.2000,0.5110,0.000001
-13.0000,0.5110,0.000001
-12.8000,0.5110,0.000001
-12.6000,0.5110,0.000001
-12.4000,0.5110,0.000001
-12.2000,0.5110,0.000001
-12.0000,0.5110,0.000001
-11.8000,0.5110,0.000001
-11.6000,0.5110,0.000001
-11.4000,0.5110,0.000001
-11.2000,0.5110,0.000001
-11.0000,0.5110,0.000002
-10.8000,0.5110,0.000002
-10.6000,0.5110,0.000002
-10.4000,0.5110,0.000002
-10.2000,0.5110,0.000002
-10.0000,0.5110,0.000002
-9.8000,0.5110,0.000002
-9.6000,0.5110,0.000003
-9.4000,0.5110,0.000003
-9.2000,0.5110,0.000003
-9.0000,0.5110,0.000003
-8.8000,0.5110,0.000004
-8.6000,0.5110,0.000004
-8.4000,0.5110,0.000005
-8.2000,0.5110,0.000005
-8.0000,0.5110,0.000006
-7.8000,0.5110,0.000007
-7.6000,0.5110,0.000008
-7.4000,0.5110,0.000010
-7.2000,0.5110,0.000012
-7.0000,0.5110,0.000014
-6.8000,0.5110,0.000017
-6.6000,0.5110,0.000020
-6.4000,0.5110,0.000025
-6.2000,0.5110,0.000032
-6.0000,0.5110,0.000041
-5.8000,0.5110,0.000053
-5.6000,0.5110,0.000069
-5.4000,0.5110,0.000093
-5.2000,0.5110,0.000127
-5.0000,0.5110,0.000176
-4.8000,0.5110,0.000249
-4.6000,0.5110,0.000361
-4.4000,0.5110,0.000535
-4.2000,0.5110,0.000809
-4.0000,0.5110,0.001252
-3.8000,0.5110,0.001981
-3.6000,0.5110,0.003207
-3.4000,0.5110,0.005304
-3.2000,0.5110,0.008954
-3.0000,0.5110,0.015396
-2.8000,0.5110,0.026888
-2.6000,0.5110,0.047512
-2.4000,0.5110,0.084531
-2.2000,0.5110,0.150502
-2.0000,0.5110,0.266171
-1.8000,0.5110,0.463534
-1.6000,0.5110,0.787014
-1.4000,0.5110,1.288553
-1.2000,0.5110,2.011149
-1.0000,0.5110,2.958910
-0.8000,0.5110,4.064228
-0.6000,0.5110,5.179495
-0.4000,0.5110,6.118487
-0.2000,0.5110,6.729942
0.0000,0.5110,6.939470
0.2000,0.5110,6.729942
0.4000,0.5110,6.118487
0.6000,0.5110,5.179495
0.8000,0.5110,4.064228
1.0000,0.5110,2.958910
1.2000,0.5110,2.011149
1.4000,0.5110,1.288553
1.6000,0.5110,0.787014
1.8000,0.5110,0.463534
2.0000,0.5110,0.266171
2.2000,0.5110,0.150502
2.4000,0.5110,0.084531
2.6000,0.5110,0.047512
2.8000,0.5110,0.026888
3.0000,0.5110,0.015396
3.2000,0.5110,0.008954
3.4000,0.5110,0.005304
3.6000,0.5110,0.003207
3.8000,0.5110,0.001981
4.0000,0.5110,0.001252
4.2000,0.5110,0.000809
4.4000,0.5110,0.000535
4.6000,0.5110,0.000361
4.8000,0.5110,0.000249
5.0000,0.5110,0.000176
5.2000,0.5110,0.000127
5.4000,0.5110,0.000093
5.6000,0.5110,0.000069
5.8000,0.5110,0.000053
6.0000,0.5110,0.000041
6.2000,0.5110,0.000032
6.4000,0.5110,0.000025
6.6000,0.5110,0.000020
6.8000,0.5110,0.000017
7.0000,0.5110,0.000014
7.2000,0.5110,0.000012
7.4000,0.5110,0.000010
7.6000,0.5110,0.000008
7.8000,0.5110,0.000007
8.0000,0.5110,0.000006
8.2000,0.5110,0.000005
8.4000,0.5110,0.000005
8.6000,0.5110,0.000004
8.8000,0.5110,0.000004
9.0000,0.5110,0.000003
9.2000,0.5110,0.000003
9.4000,0.5110,0.000003
9.6000,0.5110,0.000003
9.8000,0.5110,0.000002
10.0000,0.5110,0.000002
10.2000,0.5110,0.000002
10.4000,0.5110,0.000002
10.6000,0.5110,0.000002
10.8000,0.5110,0.000002
11.0000,0.5110,0.000002
11.2000,0.5110,0.000001
11.4000,0.5110,0.000001
11.6000,0.5110,0.000001
11.8000,0.5110,0.000001
12.0000,0.5110,0.000001
12.2000,0.5110,0.000001
12.4000,0.5110,0.000001
12.6000,0.5110,0.000001
12.8000,0.5110,0.000001
13.0000,0.5110,0.000001
13.2000,0.5110,0.000001
13.4000,0.5110,0.000001
13.6000,0.5110,0.000001
13.8000,0.5110,0.000001
14.0000,0.5110,0.000001
14.2000,0.5110,0.000001
14.4000,0.5110,0.000001
14.6000,0.5110,0.000001
14.8000,0.5110,0.000001
15.0000,0.5110,0.000001
15.2000,0.5110,0.000001
15.4000,0.5110,0.000001
15.6000,0.5110,0.000001
15.8000,0.5110,0.000001
16.0000,0.5110,0.000001
16.2000,0.5110,0.000001
16.4000,0.5110,0.000001
16.6000,0.5110,0.000001
16.8000,0.5110,0.000001
17.0000,0.5110,0.000001
17.2000,0.5110,0.000001
17.4000,0.5110,0.000001
17.6000,0.5110,0.000001
17.8000,0.5110,0.000001
18.0000,0.5110,0.000001
18.2000,0.5110,0.000001
18.4000,0.5110,0.000001
18.6000,0.5110,0.000001
18.8000,0.5110,0.000001
19.0000,0.5110,0.000001
19.2000,0.5110,0.000001
19.4000,0.5110,0.000001
19.6000,0.5110,0.000001
19.8000,0.5110,0.000000
20.0000,0.5110,0.000000
-20.0000,0.6132,0.000000
-19.8000,0.6132,0.000000
-19.6000,0.6132,0.000001
-19.4000,0.6132,0.000001
-19.2000,0.6132,0.000001
-19.0000,0.6132,0.000001
-18.8000,0.6132,0.000001
-18.6000,0.6132,0.000001
-18.4000,0.6132,0.000001
-18.2000,0.6132,0.000001
-18.0000,0.6132,0.000001
-17.8000,0.6132,0.000001
-17.6000,0.6132,0.000001
-17.4000,0.6132,0.000001
-17.2000,0.6132,0.000001
-17.0000,0.6132,0.000001
-16.8000,0.6132,0.000001
-16.6000,0.6132,0.000001
-16.4000,0.6132,0.000001
-16.2000,0.6132,0.000001
-16.0000,0.6132,0.000001
-15.8000,0.6132,0.000001
-15.6000,0.6132,0.000001
-15.4000,0.6132,0.000001
-15.2000,0.6132,0.000001
-15.0000,0.6132,0.000001
-14.8000,0.6132,0.000001
-14.6000,0.6132,0.000001
-14.4000,0.6132,0.000001
-14.2000,0.6132,0.000001
-14.0000,0.6132,0.000001
-13.8000,0.6132,0.000001
-13.6000,0.6132,0.000001
-13.4000,0.6132,0.000001
-13.2000,0.6132,0.000001
-13.0000,0.6132,0.000001
-12.8000,0.6132,0.000001
-12.6000,0.6132,0.000001
-12.4000,0.6132,0.000001
-12.2000,0.6132,0.000001
-12.0000,0.6132,0.000001
-11.8000,0.6132,0.000001
-11.6000,0.6132,0.000001
-11.4000,0.6132,0.000001
-11.2000,0.6132,0.000001
-11.0000,0.6132,0.000002
-10.8000,0.6132,0.000002
-10.6000,0.6132,0.000002
-10.4000,0.6132,0.000002
-10.2000,0.6132,0.000002
-10.0000,0.6132,0.000002
-9.8000,0.6132,0.000002
-9.6000,0.6132,0.000003
-9.4000,0.6132,0.000003
-9.2000,0.6132,0.000003
-9.0000,0.6132,0.000003
-8.8000,0.6132,0.000004
-8.6000,0.6132,0.000004
-8.4000,0.6132,0.000005
-8.2000,0.6132,0.000005
-8.0000,0.6132,0.000006
-7.8000,0.6132,0.000007
-7.6000,0.6132,0.000008
-7.4000,0.6132,0.000010
-7.2000,0.6132,0.000012
-7.0000,0.6132,0.000014
-6.8000,0.6132,0.000017
-6.6000,0.6132,0.000021
-6.4000,0.6132,0.000026
-6.2000,0.6132,0.000032
-6.0000,0.6132,0.000041
-5.8000,0.6132,0.000053
-5.6000,0.6132,0.000070
-5.4000,0.6132,0.000094
-5.2000,0.6132,0.000129
-5.0000,0.6132,0.000180
-4.8000,0.6132,0.000256
-4.6000,0.6132,0.000371
-4.4000,0.6132,0.000550
-4.2000,0.6132,0.000834
-4.0000,0.6132,0.001295
-3.8000,0.6132,0.002055
-3.6000,0.6132,0.003337
-3.4000,0.6132,0.005538
-3.2000,0.6132,0.009380
-3.0000,0.6132,0.016183
-2.8000,0.6132,0.028352
-2.6000,0.6132,0.050243
-2.4000,0.6132,0.089600
-2.2000,0.6132,0.159769
-2.0000,0.6132,0.282644
-1.8000,0.6132,0.491538
-1.6000,0.6132,0.831528
-1.4000,0.6132,1.352635
-1.2000,0.6132,2.090451
-1.0000,0.6132,3.034298
-0.8000,0.6132,4.098217
-0.6000,0.6132,5.125780
-0.4000,0.6132,5.947621
-0.2000,0.6132,6.456243
0.0000,0.6132,6.624724
0.2000,0.6132,6.456243
0.4000,0.6132,5.947621
0.6000,0.6132,5.125780
0.8000,0.6132,4.098217
1.0000,0.6132,3.034298
1.2000,0.6132,2.090451
1.4000,0.6132,1.352635
1.6000,0.6132,0.831528
1.8000,0.6132,0.491538
2.0000,0.6132,0.282644
2.2000,0.6132,0.159769
2.4000,0.6132,0.089600
2.6000,0.6132,0.050243
2.8000,0.6132,0.028352
3.0000,0.6132,0.016183
3.2000,0.6132,0.009380
3.4000,0.6132,0.005538
3.6000,0.6132,0.003337
3.8000,0.6132,0.002055
4.0000,0.6132,0.001295
4.2000,0.6132,0.000834
4.4000,0.6132,0.000550
4.6000,0.6132,0.000371
4.8000,0.6132,0.000256
5.0000,0.6132,0.000180
5.2000,0.6132,0.000129
5.4000,0.6132,0.000094
5.6000,0.6132,0.000070
5.8000,0.6132,0.000053
6.0000,0.6132,0.000041
6.2000,0.6132,0.000032
6.4000,0.6132,0.000026
6.6000,0.6132,0.000021
6.8000,0.6132,0.000017
7.0000,0.6132,0.000014
7.2000,0.6132,0.000012
7.4000,0.6132,0.000010
7.6000,0.6132,0.000008
7.8000,0.6132,0.000007
8.0000,0.6132,0.000006
8.2000,0.6132,0.000005
8.4000,0.6132,0.000005
8.6000,0.6132,0.000004
8.8000,0.6132,0.000004
9.0000,0.6132,0.000003
9.2000,0.6132,0.000003
9.4000,0.6132,0.000003
9.6000,0.6132,0.000003
9.8000,0.6132,0.000002
10.0000,0.6132,0.000002
10.2000,0.6132,0.000002
10.4000,0.6132,0.000002
10.6000,0.6132,0.000002
10.8000,0.6132,0.000002
11.0000,0.6132,0.000002
11.2000,0.6132,0.000001
11.4000,0.6132,0.000001
11.6000,0.6132,0.000001
11.8000,0.6132,0.000001
12.0000,0.6132,0.000001
12.2000,0.6132,0.000001
12.4000,0.6132,0.000001
12.6000,0.6132,0.000001
12.8000,0.6132,0.000001
13.0000,0.6132,0.000001
13.2000,0.6132,0.000001
13.4000,0.6132,0.000001
13.6000,0.6132,0.000001
13.8000,0.6132,0.000001
14.0000,0.6132,0.000001
14.2000,0.6132,0.000001
14.4000,0.6132,0.000001
14.6000,0.6132,0.000001
14.8000,0.6132,0.000001
15.0000,0.6132,0.000001
15.2000,0.6132,0.000001
15.4000,0.6132,0.000001
15.6000,0.6132,0.000001
15.8000,0.6132,0.000001
16.0000,0.6132,0.000001
16.2000,0.6132,0.000001
16.4000,0.6132,0.000001
16.6000,0.6132,0.000001
16.8000,0.6132,0.000001
17.0000,0.6132,0.000001
17.2000,0.6132,0.000001
17.4000,0.6132,0.000001
17.6000,0.6132,0.000001
17.8000,0.6132,0.000001
18.0000,0.6132,0.000001
18.2000,0.6132,0.000001
18.4000,0.6132,0.000001
18.6000,0.6132,0.000001
18.8000,0.6132,0.000001
19.0000,0.6132,0.000001
19.2000,0.6132,0.000001
19.4000,0.6132,0.000001
19.6000,0.6132,0.000001
19.8000,0.6132,0.000000
20.0000,0.6132,0.000000
-20.0000,0.7154,0.000000
-19.8000,0.7154,0.000000
-19.6000,0.7154,0.000001
-19.4000,0.7154,0.000001
-19.2000,0.7154,0.000001
-19.0000,0.7154,0.000001
-18.8000,0.7154,0.000001
-18.6000,0.7154,0.000001
-18.4000,0.7154,0.000001
-18.2000,0.7154,0.000001
-18.0000,0.7154,0.000001
-17.8000,0.7154,0.000001
-17.6000,0.7154,0.000001
-17.4000,0.7154,0.000001
-17.2000,0.7154,0.000001
-17.0000,0.7154,0.000001
-16.8000,0.7154,0.000001
-16.6000,0.7154,0.000001
-16.4000,0.7154,0.000001
-16.2000,0.7154,0.000001
-16.0000,0.7154,0.000001
-15.8000,0.7154,0.000001
-15.6000,0.7154,0.000001
-15.4000,0.7154,0.000001
-15.2000,0.7154,0.000001
-15.0000,0.7154,0.000001
-14.8000,0.7154,0.000001
-14.6000,0.7154,0.000001
-14.4000,0.7154,0.000001
-14.2000,0.7154,0.000001
-14.0000,0.7154,0.000001
-13.8000,0.7154,0.000001
-13.6000,0.7154,0.000001
-13.4000,0.7154,0.000001
-13.2000,0.7154,0.000001
-13.0000,0.7154,0.000001
-12.8000,0.7154,0.000001
-12.6000,0.7154,0.000001
-12.4000,0.7154,0.000001
-12.2000,0.7154,0.000001
-12.0000,0.7154,0.000001
-11.8000,0.7154,0.000001
-11.6000,0.7154,0.000001
-11.4000,0.7154,0.000001
-11.2000,0.7154,0.000001
-11.0000,0.7154,0.000002
-10.8000,0.7154,0.000002
-10.6000,0.7154,0.000002
-10.4000,0.7154,0.000002
-10.2000,0.7154,0.000002
-10.0000,0.7154,0.000002
-9.8000,0.7154,0.000002
-9.6000,0.7154,0.000003
-9.4000,0.7154,0.000003
-9.2000,0.7154,0.000003
-9.0000,0.7154,0.000003
-8.8000,0.7154,0.000004
-8.6000,0.7154,0.000004
-8.4000,0.7154,0.000005
-8.2000,0.7154,0.000005
-8.0000,0.7154,0.000006
-7.8000,0.7154,0.000007
-7.6000,0.7154,0.000008
-7.4000,0.7154,0.000010
-7.2000,0.7154,0.000012
-7.0000,0.7154,0.000014
-6.8000,0.7154,0.000017
-6.6000,0.7154,0.000021
-6.4000,0.7154,0.000026
-6.2000,0.7154,0.000033
-6.0000,0.7154,0.000042
-5.8000,0.7154,0.000054
-5.6000,0.7154,0.000072
-5.4000,0.7154,0.000097
-5.2000,0.7154,0.000132
-5.0000,0.7154,0.000184
-4.8000,0.7154,0.000263
-4.6000,0.7154,0.000382
-4.4000,0.7154,0.000569
-4.2000,0.7154,0.000865
-4.0000,0.7154,0.001347
-3.8000,0.7154,0.002146
-3.6000,0.7154,0.003497
-3.4000,0.7154,0.005826
-3.2000,0.7154,0.009906
-3.0000,0.7154,0.017155
-2.8000,0.7154,0.030165
-2.6000,0.7154,0.053632
-2.4000,0.7154,0.095892
-2.2000,0.7154,0.171256
-2.0000,0.7154,0.302985
-1.8000,0.7154,0.525863
-1.6000,0.7154,0.885433
-1.4000,0.7154,1.428773
-1.2000,0.7154,2.181850
-1.0000,0.7154,3.116439
-0.8000,0.7154,4.127243
-0.6000,0.7154,5.052377
-0.4000,0.7154,5.745627
-0.2000,0.7154,6.146487
0.0000,0.7154,6.273065
0.2000,0.7154,6.146487
0.4000,0.7154,5.745627
0.6000,0.7154,5.052377
0.8000,0.7154,4.127243
1.0000,0.7154,3.116439
1.2000,0.7154,2.181850
1.4000,0.7154,1.428773
1.6000,0.7154,0.885433
1.8000,0.7154,0.525863
2.0000,0.7154,0.302985
2.2000,0.7154,0.171256
2.4000,0.7154,0.095892
2.6000,0.7154,0.053632
2.8000,0.7154,0.030165
3.0000,0.7154,0.017155
3.2000,0.7154,0.009906
3.4000,0.7154,0.005826
3.6000,0.7154,0.003497
3.8000,0.7154,0.002146
4.0000,0.7154,0.001347
4.2000,0.7154,0.000865
4.4000,0.7154,0.000569
4.6000,0.7154,0.000382
4.8000,0.7154,0.000263
5.0000,0.7154,0.000184
5.2000,0.7154,0.000132
5.4000,0.7154,0.000097
5.6000,0.7154,0.000072
5.8000,0.7154,0.000054
6.0000,0.7154,0.000042
6.2000,0.7154,0.000033
6.4000,0.7154,0.000026
6.6000,0.7154,0.000021
6.8000,0.7154,0.000017
7.0000,0.7154,0.000014
7.2000,0.7154,0.000012
7.4000,0.7154,0.000010
7.6000,0.7154,0.000008
7.8000,0.7154,0.000007
8.0000,0.7154,0.000006
8.2000,0.7154,0.000005
8.4000,0.7154,0.000005
8.6000,0.7154,0.000004
8.8000,0.7154,0.000004
9.0000,0.7154,0.000003
9.2000,0.7154,0.000003
9.4000,0.7154,0.000003
9.6000,0.7154,0.000003
9.8000,0.7154,0.000002
10.0000,0.7154,0.000002
10.2000,0.7154,0.000002
10.4000,0.7154,0.000002
10.6000,0.7154,0.000002
10.8000,0.7154,0.000002
11.0000,0.7154,0.000002
11.2000,0.7154,0.000001
11.4000,0.7154,0.000001
11.6000,0.7154,0.000001
11.8000,0.7154,0.000001
12.0000,0.7154,0.000001
12.2000,0.7154,0.000001
12.4000,0.7154,0.000001
12.6000,0.7154,0.000001
12.8000,0.7154,0.000001
13.0000,0.7154,0.000001
13.2000,0.7154,0.000001
13.4000,0.7154,0.000001
13.6000,0.7154,0.000001
13.8000,0.7154,0.000001
14.0000,0.7154,0.000001
14.2000,0.7154,0.000001
14.4000,0.7154,0.000001
14.6000,0.7154,0.000001
14.8000,0.7154,0.000001
15.0000,0.7154,0.000001
15.2000,0.7154,0.000001
15.4000,0.7154,0.000001
15.6000,0.7154,0.000001
15.8000,0.7154,0.000001
16.0000,0.7154,0.000001
16.2000,0.7154,0.000001
16.4000,0.7154,0.000001
16.6000,0.7154,0.000001
16.8000,0.7154,0.000001
17.0000,0.7154,0.000001
17.2000,0.7154,0.000001
17.4000,0.7154,0.000001
17.6000,0.7154,0.000001
17.8000,0.7154,0.000001
18.0000,0.7154,0.000001
18.2000,0.7154,0.000001
18.4000,0.7154,0.000001
18.6000,0.7154,0.000001
18.8000,0.7154,0.000001
19.0000,0.7154,0.000001
19.2000,0.7154,0.000001
19.4000,0.7154,0.000001
19.6000,0.7154,0.000001
19.8000,0.7154,0.000000
20.0000,0.7154,0.000000
-20.0000,0.8176,0.000000
-19.8000,0.8176,0.000000
-19.6000,0.8176,0.000001
-19.4000,0.8176,0.000001
-19.2000,0.8176,0.000001
-19.0000,0.8176,0.000001
-18.8000,0.8176,0.000001
-18.6000,0.8176,0.000001
-18.4000,0.8176,0.000001
-18.2000,0.8176,0.000001
-18.0000,0.8176,0.000001
-17.8000,0.8176,0.000001
-17.6000,0.8176,0.000001
-17.4000,0.8176,0.000001
-17.2000,0.8176,0.000001
-17.0000,0.8176,0.000001
-16.8000,0.8176,0.000001
-16.6000,0.8176,0.000001
-16.4000,0.8176,0.000001
-16.2000,0.8176,0.000001
-16.0000,0.8176,0.000001
-15.8000,0.8176,0.000001
-15.6000,0.8176,0.000001
-15.4000,0.8176,0.000001
-15.2000,0.8176,0.000001
-15.0000,0.8176,0.000001
-14.8000,0.8176,0.000001
-14.6000,0.8176,0.000001
-14.4000,0.8176,0.000001
-14.2000,0.8176,0.000001
-14.0000,0.8176,0.000001
-13.8000,0.8176,0.000001
-13.6000,0.8176,0.000001
-13.4000,0.8176,0.000001
-13.2000,0.8176,0.000001
-13.0000,0.8176,0.000001
-12.8000,0.8176,0.000001
-12.6000,0.8176,0.000001
-12.4000,0.8176,0.000001
-12.2000,0.8176,0.000001
-12.0000,0.8176,0.000001
-11.8000,0.8176,0.000001
-11.6000,0.8176,0.000001
-11.4000,0.8176,0.000001
-11.2000,0.8176,0.000001
-11.0000,0.8176,0.000002
-10.8000,0.8176,0.000002
-10.6000,0.8176,0.000002
-10.4000,0.8176,0.000002
-10.2000,0.8176,0.000002
-10.0000,0.8176,0.000002
-9.8000,0.8176,0.000002
-9.6000,0.8176,0.000003
-9.4000,0.8176,0.000003
-9.2000,0.8176,0.000003
-9.0000,0.8176,0.000003
-8.8000,0.8176,0.000004
-8.6000,0.8176,0.000004
-8.4000,0.8176,0.000005
-8.2000,0.8176,0.000006
-8.0000,0.8176,0.000006
-7.8000,0.8176,0.000007
-7.6000,0.8176,0.000008
-7.4000,0.8176,0.000010
-7.2000,0.8176,0.000012
-7.0000,0.8176,0.000014
-6.8000,0.8176,0.000017
-6.6000,0.8176,0.000021
-6.4000,0.8176,0.000026
-6.2000,0.8176,0.000033
-6.0000,0.8176,0.000043
-5.8000,0.8176,0.000056
-5.6000,0.8176,0.000073
-5.4000,0.8176,0.000099
-5.2000,0.8176,0.000136
-5.0000,0.8176,0.000190
-4.8000,0.8176,0.000271
-4.6000,0.8176,0.000396
-4.4000,0.8176,0.000591
-4.2000,0.8176,0.000902
-4.0000,0.8176,0.001410
-3.8000,0.8176,0.002255
-3.6000,0.8176,0.003690
-3.4000,0.8176,0.006174
-3.2000,0.8176,0.010545
-3.0000,0.8176,0.018341
-2.8000,0.8176,0.032382
-2.6000,0.8176,0.057780
-2.4000,0.8176,0.103593
-2.2000,0.8176,0.185283
-2.0000,0.8176,0.327695
-1.8000,0.8176,0.567174
-1.6000,0.8176,0.949342
-1.4000,0.8176,1.516960
-1.2000,0.8176,2.283857
-1.0000,0.8176,3.201799
-0.8000,0.8176,4.146630
-0.6000,0.8176,4.956247
-0.4000,0.8176,5.514003
-0.2000,0.8176,5.807038
0.0000,0.8176,5.892901
0.2000,0.8176,5.807038
0.4000,0.8176,5.514003
0.6000,0.8176,4.956247
0.8000,0.8176,4.146630
1.0000,0.8176,3.201799
1.2000,0.8176,2.283857
1.4000,0.8176,1.516960
1.6000,0.8176,0.949342
1.8000,0.8176,0.567174
2.0000,0.8176,0.327695
2.2000,0.8176,0.185283
2.4000,0.8176,0.103593
2.6000,0.8176,0.057780
2.8000,0.8176,0.032382
3.0000,0.8176,0.018341
3.2000,0.8176,0.010545
3.4000,0.8176,0.006174
3.6000,0.8176,0.003690
3.8000,0.8176,0.002255
4.0000,0.8176,0.001410
4.2000,0.8176,0.000902
4.4000,0.8176,0.000591
4.6000,0.8176,0.000396
4.8000,0.8176,0.000271
5.0000,0.8176,0.000190
5.2000,0.8176,0.000136
5.4000,0.8176,0.000099
5.6000,0.8176,0.000073
5.8000,0.8176,0.000056
6.0000,0.8176,0.000043
6.2000,0.8176,0.000033
6.4000,0.8176,0.000026
6.6000,0.8176,0.000021
6.8000,0.8176,0.000017
7.0000,0.8176,0.000014
7.2000,0.8176,0.000012
7.4000,0.8176,0.000010
7.6000,0.8176,0.000008
7.8000,0.8176,0.000007
8.0000,0.8176,0.000006
8.2000,0.8176,0.000006
8.4000,0.8176,0.000005
8.6000,0.8176,0.000004
8.8000,0.8176,0.000004
9.0000,0.8176,0.000003
9.2000,0.8176,0.000003
9.4000,0.8176,0.000003
9.6000,0.8176,0.000003
9.8000,0.8176,0.000002
10.0000,0.8176,0.000002
10.2000,0.8176,0.000002
10.4000,0.8176,0.000002
10.6000,0.8176,0.000002
10.8000,0.8176,0.000002
11.0000,0.8176,0.000002
11.2000,0.8176,0.000001
11.4000,0.8176,0.000001
11.6000,0.8176,0.000001
11.8000,0.8176,0.000001
12.0000,0.8176,0.000001
12.2000,0.8176,0.000001
12.4000,0.8176,0.000001
12.6000,0.8176,0.000001
12.8000,0.8176,0.000001
13.0000,0.8176,0.000001
13.2000,0.8176,0.000001
13.4000,0.8176,0.000001
13.6000,0.8176,0.000001
13.8000,0.8176,0.000001
14.0000,0.8176,0.000001
14.2000,0.8176,0.000001
14.4000,0.8176,0.000001
14.6000,0.8176,0.000001
14.8000,0.8176,0.000001
15.0000,0.8176,0.000001
15.2000,0.8176,0.000001
15.4000,0.8176,0.000001
15.6000,0.8176,0.000001
15.8000,0.8176,0.000001
16.0000,0.8176,0.000001
16.2000,0.8176,0.000001
16.4000,0.8176,0.000001
16.6000,0.8176,0.000001
16.8000,0.8176,0.000001
17.0000,0.8176,0.000001
17.2000,0.8176,0.000001
17.4000,0.8176,0.000001
17.6000,0.8176,0.000001
17.8000,0.8176,0.000001
18.0000,0.8176,0.000001
18.2000,0.8176,0.000001
18.4000,0.8176,0.000001
18.6000,0.8176,0.000001
18.8000,0.8176,0.000001
19.0000,0.8176,0.000001
19.2000,0.8176,0.000001
19.4000,0.8176,0.000001
19.6000,0.8176,0.000001
19.8000,0.8176,0.000000
20.0000,0.8176,0.000000
-20.0000,0.9198,0.000000
-19.8000,0.9198,0.000000
-19.6000,0.9198,0.000001
-19.4000,0.9198,0.000001
-19.2000,0.9198,0.000001
-19.0000,0.9198,0.000001
-18.8000,0.9198,0.000001
-18.6000,0.9198,0.000001
-18.4000,0.9198,0.000001
-18.2000,0.9198,0.000001
-18.0000,0.9198,0.000001
-17.8000,0.9198,0.000001
-17.6000,0.9198,0.000001
-17.4000,0.9198,0.000001
-17.2000,0.9198,0.000001
-17.0000,0.9198,0.000001
-16.8000,0.9198,0.000001
-16.6000,0.9198,0.000001
-16.4000,0.9198,0.000001
-16.2000,0.9198,0.000001
-16.0000,0.9198,0.000001
-15.8000,0.9198,0.000001
-15.6000,0.9198,0.000001
-15.4000,0.9198,0.000001
-15.2000,0.9198,0.000001
-15.0000,0.9198,0.000001
-14.8000,0.9198,0.000001
-14.6000,0.9198,0.000001
-14.4000,0.9198,0.000001
-14.2000,0.9198,0.000001
-14.0000,0.9198,0.000001
-13.8000,0.9198,0.000001
-13.6000,0.9198,0.000001
-13.4000,0.9198,0.000001
-13.2000,0.9198,0.000001
-13.0000,0.9198,0.000001
-12.8000,0.9198,0.000001
-12.6000,0.9198,0.000001
-12.4000,0.9198,0.000001
-12.2000,0.9198,0.000001
-12.0000,0.9198,0.000001
-11.8000,0.9198,0.000001
-11.6000,0.9198,0.000001
-11.4000,0.9198,0.000001
-11.2000,0.9198,0.000001
-11.0000,0.9198,0.000002
-10.8000,0.9198,0.000002
-10.6000,0.9198,0.000002
-10.4000,0.9198,0.000002
-10.2000,0.9198,0.000002
-10.0000,0.9198,0.000002
-9.8000,0.9198,0.000002
-9.6000,0.9198,0.000003
-9.4000,0.9198,0.000003
-9.2000,0.9198,0.000003
-9.0000,0.9198,0.000003
-8.8000,0.9198,0.000004
-8.6000,0.9198,0.000004
-8.4000,0.9198,0.000005
-8.2000,0.9198,0.000006
-8.0000,0.9198,0.000006
-7.8000,0.9198,0.000007
-7.6000,0.9198,0.000009
-7.4000,0.9198,0.000010
-7.2000,0.9198,0.000012
-7.0000,0.9198,0.000014
-6.8000,0.9198,0.000018
-6.6000,0.9198,0.000022
-6.4000,0.9198,0.000027
-6.2000,0.9198,0.000034
-6.0000,0.9198,0.000044
-5.8000,0.9198,0.000057
-5.6000,0.9198,0.000075
-5.4000,0.9198,0.000102
-5.2000,0.9198,0.000140
-5.0000,0.9198,0.000196
-4.8000,0.9198,0.000281
-4.6000,0.9198,0.000412
-4.4000,0.9198,0.000617
-4.2000,0.9198,0.000946
-4.0000,0.9198,0.001484
-3.8000,0.9198,0.002385
-3.6000,0.9198,0.003921
-3.4000,0.9198,0.006593
-3.2000,0.9198,0.011315
-3.0000,0.9198,0.019774
-2.8000,0.9198,0.035069
-2.6000,0.9198,0.062811
-2.4000,0.9198,0.112927
-2.2000,0.9198,0.202229
-2.0000,0.9198,0.357350
-1.8000,0.9198,0.616191
-1.6000,0.9198,1.023815
-1.4000,0.9198,1.616900
-1.2000,0.9198,2.394400
-1.0000,0.9198,3.286230
-0.8000,0.9198,4.151597
-0.6000,0.9198,4.835025
-0.4000,0.9198,5.255186
-0.2000,0.9198,5.444737
0.0000,0.9198,5.492774
0.2000,0.9198,5.444737
0.4000,0.9198,5.255186
0.6000,0.9198,4.835025
0.8000,0.9198,4.151597
1.0000,0.9198,3.286230
1.2000,0.9198,2.394400
1.4000,0.9198,1.616900
1.6000,0.9198,1.023815
1.8000,0.9198,0.616191
2.0000,0.9198,0.357350
2.2000,0.9198,0.202229
2.4000,0.9198,0.112927
2.6000,0.9198,0.062811
2.8000,0.9198,0.035069
3.0000,0.9198,0.019774
3.2000,0.9198,0.011315
3.4000,0.9198,0.006593
3.6000,0.9198,0.003921
3.8000,0.9198,0.002385
4.0000,0.9198,0.001484
4.2000,0.9198,0.000946
4.4000,0.9198,0.000617
4.6000,0.9198,0.000412
4.8000,0.9198,0.000281
5.0000,0.9198,0.000196
5.2000,0.9198,0.000140
5.4000,0.9198,0.000102
5.6000,0.9198,0.000075
5.8000,0.9198,0.000057
6.0000,0.9198,0.000044
6.2000,0.9198,0.000034
6.4000,0.9198,0.000027
6.6000,0.9198,0.000022
6.8000,0.9198,0.000018
7.0000,0.9198,0.000014
7.2000,0.9198,0.000012
7.4000,0.9198,0.000010
7.6000,0.9198,0.000009
7.8000,0.9198,0.000007
8.0000,0.9198,0.000006
8.2000,0.9198,0.000006
8.4000,0.9198,0.000005
8.6000,0.9198,0.000004
8.8000,0.9198,0.000004
9.0000,0.9198,0.000003
9.2000,0.9198,0.000003
9.4000,0.9198,0.000003
9.6000,0.9198,0.000003
9.8000,0.9198,0.000002
10.0000,0.9198,0.000002
10.2000,0.9198,0.000002
10.4000,0.9198,0.000002
10.6000,0.9198,0.000002
10.8000,0.9198,0.000002
11.0000,0.9198,0.000002
11.2000,0.9198,0.000001
11.4000,0.9198,0.000001
11.6000,0.9198,0.000001
11.8000,0.9198,0.000001
12.0000,0.9198,0.000001
12.2000,0.9198,0.000001
12.4000,0.9198,0.000001
12.6000,0.9198,0.000001
12.8000,0.9198,0.000001
13.0000,0.9198,0.000001
13.2000,0.9198,0.000001
13.4000,0.9198,0.000001
13.6000,0.9198,0.000001
13.8000,0.9198,0.000001
14.0000,0.9198,0.000001
14.2000,0.9198,0.000001
14.4000,0.9198,0.000001
14.6000,0.9198,0.000001
14.8000,0.9198,0.000001
15.0000,0.9198,0.000001
15.2000,0.9198,0.000001
15.4000,0.9198,0.000001
15.6000,0.9198,0.000001
15.8000,0.9198,0.000001
16.0000,0.9198,0.000001
16.2000,0.9198,0.000001
16.4000,0.9198,0.000001
16.6000,0.9198,0.000001
16.8000,0.9198,0.000001
17.0000,0.9198,0.000001
17.2000,0.9198,0.000001
17.4000,0.9198,0.000001
17.6000,0.9198,0.000001
17.8000,0.9198,0.000001
18.0000,0.9198,0.000001
18.2000,0.9198,0.000001
18.4000,0.9198,0.000001
18.6000,0.9198,0.000001
18.8000,0.9198,0.000001
19.0000,0.9198,0.000001
19.2000,0.9198,0.000001
19.4000,0.9198,0.000001
19.6000,0.9198,0.000001
19.8000,0.9198,0.000000
20.0000,0.9198,0.000000
-20.0000,1.0220,0.000000
-19.8000,1.0220,0.000000
-19.6000,1.0220,0.000001
-19.4000,1.0220,0.000001
-19.2000,1.0220,0.000001
-19.0000,1.0220,0.000001
-18.8000,1.0220,0.000001
-18.6000,1.0220,0.000001
-18.4000,1.0220,0.000001
-18.2000,1.0220,0.000001
-18.0000,1.0220,0.000001
-17.8000,1.0220,0.000001
-17.6000,1.0220,0.000001
-17.4000,1.0220,0.000001
-17.2000,1.0220,0.000001
-17.0000,1.0220,0.000001
-16.8000,1.0220,0.000001
-16.6000,1.0220,0.000001
-16.4000,1.0220,0.000001
-16.2000,1.0220,0.000001
-16.0000,1.0220,0.000001
-15.8000,1.0220,0.000001
-15.6000,1.0220,0.000001
-15.4000,1.0220,0.000001
-15.2000,1.0220,0.000001
-15.0000,1.0220,0.000001
-14.8000,1.0220,0.000001
-14.6000,1.0220,0.000001
-14.4000,1.0220,0.000001
-14.2000,1.0220,0.000001
-14.0000,1.0220,0.000001
-13.8000,1.0220,0.000001
-13.6000,1.0220,0.000001
-13.4000,1.0220,0.000001
-13.2000,1.0220,0.000001
-13.0000,1.0220,0.000001
-12.8000,1.0220,0.000001
-12.6000,1.0220,0.000001
-12.4000,1.0220,0.000001
-12.2000,1.0220,0.000001
-12.0000,1.0220,0.000001
-11.8000,1.0220,0.000001
-11.6000,1.0220,0.000001
-11.4000,1.0220,0.000001
-11.2000,1.0220,0.000001
-11.0000,1.0220,0.000002
-10.8000,1.0220,0.000002
-10.6000,1.0220,0.000002
-10.4000,1.0220,0.000002
-10.2000,1.0220,0.000002
-10.0000,1.0220,0.000002
-9.8000,1.0220,0.000002
-9.6000,1.0220,0.000003
-9.4000,1.0220,0.000003
-9.2000,1.0220,0.000003
-9.0000,1.0220,0.000004
-8.8000,1.0220,0.000004
-8.6000,1.0220,0.000004
-8.4000,1.0220,0.000005
-8.2000,1.0220,0.000006
-8.0000,1.0220,0.000006
-7.8000,1.0220,0.000007
-7.6000,1.0220,0.000009
-7.4000,1.0220,0.000010
-7.2000,1.0220,0.000012
-7.0000,1.0220,0.000015
-6.8000,1.0220,0.000018
-6.6000,1.0220,0.000022
-6.4000,1.0220,0.000027
-6.2000,1.0220,0.000035
-6.0000,1.0220,0.000045
-5.8000,1.0220,0.000058
-5.6000,1.0220,0.000078
-5.4000,1.0220,0.000105
-5.2000,1.0220,0.000145
-5.0000,1.0220,0.000204
-4.8000,1.0220,0.000293
-4.6000,1.0220,0.000431
-4.4000,1.0220,0.000648
-4.2000,1.0220,0.000997
-4.0000,1.0220,0.001572
-3.8000,1.0220,0.002539
-3.6000,1.0220,0.004196
-3.4000,1.0220,0.007093
-3.2000,1.0220,0.012237
-3.0000,1.0220,0.021497
-2.8000,1.0220,0.038304
-2.6000,1.0220,0.068876
-2.4000,1.0220,0.124162
-2.2000,1.0220,0.222545
-2.0000,1.0220,0.392611
-1.8000,1.0220,0.673681
-1.6000,1.0220,1.109308
-1.4000,1.0220,1.727915
-1.2000,1.0220,2.510778
-1.0000,1.0220,3.365097
-0.8000,1.0220,4.137591
-0.6000,1.0220,4.687332
-0.4000,1.0220,4.972566
-0.2000,1.0220,5.066659
0.0000,1.0220,5.081026
0.2000,1.0220,5.066659
0.4000,1.0220,4.972566
0.6000,1.0220,4.687332
0.8000,1.0220,4.137591
1.0000,1.0220,3.365097
1.2000,1.0220,2.510778
1.4000,1.0220,1.727915
1.6000,1.0220,1.109308
1.8000,1.0220,0.673681
2.0000,1.0220,0.392611
2.2000,1.0220,0.222545
2.4000,1.0220,0.124162
2.6000,1.0220,0.068876
2.8000,1.0220,0.038304
3.0000,1.0220,0.021497
3.2000,1.0220,0.012237
3.4000,1.0220,0.007093
3.6000,1.0220,0.004196
3.8000,1.0220,0.002539
4.0000,1.0220,0.001572
4.2000,1.0220,0.000997
4.4000,1.0220,0.000648
4.6000,1.0220,0.000431
4.8000,1.0220,0.000293
5.0000,1.0220,0.000204
5.2000,1.0220,0.000145
5.4000,1.0220,0.000105
5.6000,1.0220,0.000078
5.8000,1.0220,0.000058
6.0000,1.0220,0.000045
6.2000,1.0220,0.000035
6.4000,1.0220,0.000027
6.6000,1.0220,0.000022
6.8000,1.0220,0.000018
7.0000,1.0220,0.000015
7.2000,1.0220,0.000012
7.4000,1.0220,0.000010
7.6000,1.0220,0.000009
7.8000,1.0220,0.000007
8.0000,1.0220,0.000006
8.2000,1.0220,0.000006
8.4000,1.0220,0.000005
8.6000,1.0220,0.000004
8.8000,1.0220,0.000004
9.0000,1.0220,0.000004
9.2000,1.0220,0.000003
9.4000,1.0220,0.000003
9.6000,1.0220,0.000003
9.8000,1.0220,0.000002
10.0000,1.0220,0.000002
10.2000,1.0220,0.000002
10.4000,1.0220,0.000002
10.6000,1.0220,0.000002
10.8000,1.0220,0.000002
11.0000,1.0220,0.000002
11.2000,1.0220,0.000001
11.4000,1.0220,0.000001
11.6000,1.0220,0.000001
11.8000,1.0220,0.000001
12.0000,1.0220,0.000001
12.2000,1.0220,0.000001
12.4000,1.0220,0.000001
12.6000,1.0220,0.000001
12.8000,1.0220,0.000001
13.0000,1.0220,0.000001
13.2000,1.0220,0.000001
13.4000,1.0220,0.000001
13.6000,1.0220,0.000001
13.8000,1.0220,0.000001
14.0000,1.0220,0.000001
14.2000,1.0220,0.000001
14.4000,1.0220,0.000001
14.6000,1.0220,0.000001
14.8000,1.0220,0.000001
15.0000,1.0220,0.000001
15.2000,1.0220,0.000001
15.4000,1.0220,0.000001
15.6000,1.0220,0.000001
15.8000,1.0220,0.000001
16.0000,1.0220,0.000001
16.2000,1.0220,0.000001
16.4000,1.0220,0.000001
16.6000,1.0220,0.000001
16.8000,1.0220,0.000001
17.0000,1.0220,0.000001
17.2000,1.0220,0.000001
17.4000,1.0220,0.000001
17.6000,1.0220,0.000001
17.8000,1.0220,0.000001
18.0000,1.0220,0.000001
18.2000,1.0220,0.000001
18.4000,1.0220,0.000001
18.6000,1.0220,0.000001
18.8000,1.0220,0.000001
19.0000,1.0220,0.000001
19.2000,1.0220,0.000001
19.4000,1.0220,0.000001
19.6000,1.0220,0.000001
19.8000,1.0220,0.000000
20.0000,1.0220,0.000000
-20.0000,1.1242,0.000000
-19.8000,1.1242,0.000000
-19.6000,1.1242,0.000001
-19.4000,1.1242,0.000001
-19.2000,1.1242,0.000001
-19.0000,1.1242,0.000001
-18.8000,1.1242,0.000001
-18.6000,1.1242,0.000001
-18.4000,1.1242,0.000001
-18.2000,1.1242,0.000001
-18.0000,1.1242,0.000001
-17.8000,1.1242,0.000001
-17.6000,1.1242,0.000001
-17.4000,1.1242,0.000001
-17.2000,1.1242,0.000001
-17.0000,1.1242,0.000001
-16.8000,1.1242,0.000001
-16.6000,1.1242,0.000001
-16.4000,1.1242,0.000001
-16.2000,1.1242,0.000001
-16.0000,1.1242,0.000001
-15.8000,1.1242,0.000001
-15.6000,1.1242,0.000001
-15.4000,1.1242,0.000001
-15.2000,1.1242,0.000001
-15.0000,1.1242,0.000001
-14.8000,1.1242,0.000001
-14.6000,1.1242,0.000001
-14.4000,1.1242,0.000001
-14.2000,1.1242,0.000001
-14.0000,1.1242,0.000001
-13.8000,1.1242,0.000001
-13.6000,1.1242,0.000001
-13.4000,1.1242,0.000001
-13.2000,1.1242,0.000001
-13.0000,1.1242,0.000001
-12.8000,1.1242,0.000001
-12.6000,1.1242,0.000001
-12.4000,1.1242,0.000001
-12.2000,1.1242,0.000001
-12.0000,1.1242,0.000001
-11.8000,1.1242,0.000001
-11.6000,1.1242,0.000001
-11.4000,1.1242,0.000001
-11.2000,1.1242,0.000001
-11.0000,1.1242,0.000002
-10.8000,1.1242,0.000002
-10.6000,1.1242,0.000002
-10.4000,1.1242,0.000002
-10.2000,1.1242,0.000002
-10.0000,1.1242,0.000002
-9.8000,1.1242,0.000002
-9.6000,1.1242,0.000003
-9.4000,1.1242,0.000003
-9.2000,1.1242,0.000003
-9.0000,1.1242,0.000004
-8.8000,1.1242,0.000004
-8.6000,1.1242,0.000004
-8.4000,1.1242,0.000005
-8.2000,1.1242,0.000006
-8.0000,1.1242,0.000007
-7.8000,1.1242,0.000008
-7.6000,1.1242,0.000009
-7.4000,1.1242,0.000010
-7.2000,1.1242,0.000012
-7.0000,1.1242,0.000015
-6.8000,1.1242,0.000018
-6.6000,1.1242,0.000022
-6.4000,1.1242,0.000028
-6.2000,1.1242,0.000036
-6.0000,1.1242,0.000046
-5.8000,1.1242,0.000060
-5.6000,1.1242,0.000080
-5.4000,1.1242,0.000109
-5.2000,1.1242,0.000150
-5.0000,1.1242,0.000212
-4.8000,1.1242,0.000307
-4.6000,1.1242,0.000453
-4.4000,1.1242,0.000684
-4.2000,1.1242,0.001057
-4.0000,1.1242,0.001676
-3.8000,1.1242,0.002720
-3.6000,1.1242,0.004522
-3.4000,1.1242,0.007687
-3.2000,1.1242,0.013339
-3.0000,1.1242,0.023561
-2.8000,1.1242,0.042186
-2.6000,1.1242,0.076156
-2.4000,1.1242,0.137625
-2.2000,1.1242,0.246758
-2.0000,1.1242,0.434220
-1.8000,1.1242,0.740423
-1.6000,1.1242,1.206092
-1.4000,1.1242,1.848837
-1.2000,1.1242,2.629635
-1.0000,1.1242,3.433459
-0.8000,1.1242,4.100624
-0.6000,1.1242,4.512977
-0.4000,1.1242,4.670394
-0.2000,1.1242,4.679851
0.0000,1.1242,4.665523
0.2000,1.1242,4.679851
0.4000,1.1242,4.670394
0.6000,1.1242,4.512977
0.8000,1.1242,4.100624
1.0000,1.1242,3.433459
1.2000,1.1242,2.629635
1.4000,1.1242,1.848837
1.6000,1.1242,1.206092
1.8000,1.1242,0.740423
2.0000,1.1242,0.434220
2.2000,1.1242,0.246758
2.4000,1.1242,0.137625
2.6000,1.1242,0.076156
2.8000,1.1242,0.042186
3.0000,1.1242,0.023561
3.2000,1.1242,0.013339
3.4000,1.1242,0.007687
3.6000,1.1242,0.004522
3.8000,1.1242,0.002720
4.0000,1.1242,0.001676
4.2000,1.1242,0.001057
4.4000,1.1242,0.000684
4.6000,1.1242,0.000453
4.8000,1.1242,0.000307
5.0000,1.1242,0.000212
5.2000,1.1242,0.000150
5.4000,1.1242,0.000109
5.6000,1.1242,0.000080
5.8000,1.1242,0.000060
6.0000,1.1242,0.000046
6.2000,1.1242,0.000036
6.4000,1.1242,0.000028
6.6000,1.1242,0.000022
6.8000,1.1242,0.000018
7.0000,1.1242,0.000015
7.2000,1.1242,0.000012
7.4000,1.1242,0.000010
7.6000,1.1242,0.000009
7.8000,1.1242,0.000008
8.0000,1.1242,0.000007
8.2000,1.1242,0.000006
8.4000,1.1242,0.000005
8.6000,1.1242,0.000004
8.8000,1.1242,0.000004
9.0000,1.1242,0.000004
9.2000,1.1242,0.000003
9.4000,1.1242,0.000003
9.6000,1.1242,0.000003
9.8000,1.1242,0.000002
10.0000,1.1242,0.000002
10.2000,1.1242,0.000002
10.4000,1.1242,0.000002
10.6000,1.1242,0.000002
10.8000,1.1242,0.000002
11.0000,1.1242,0.000002
11.2000,1.1242,0.000001
11.4000,1.1242,0.000001
11.6000,1.1242,0.000001
11.8000,1.1242,0.000001
12.0000,1.1242,0.000001
12.2000,1.1242,0.000001
12.4000,1.1242,0.000001
12.6000,1.1242,0.000001
12.8000,1.1242,0.000001
13.0000,1.1242,0.000001
13.2000,1.1242,0.000001
13.4000,1.1242,0.000001
13.6000,1.1242,0.000001
13.8000,1.1242,0.000001
14.0000,1.1242,0.000001
14.2000,1.1242,0.000001
14.4000,1.1242,0.000001
14.6000,1.1242,0.000001
14.8000,1.1242,0.000001
15.0000,1.1242,0.000001
15.2000,1.1242,0.000001
15.4000,1.1242,0.000001
15.6000,1.1242,0.000001
15.8000,1.1242,0.000001
16.0000,1.1242,0.000001
16.2000,1.1242,0.000001
16.4000,1.1242,0.000001
16.6000,1.1242,0.000001
16.8000,1.1242,0.000001
17.0000,1.1242,0.000001
17.2000,1.1242,0.000001
17.4000,1.1242,0.000001
17.6000,1.1242,0.000001
17.8000,1.1242,0.000001
18.0000,1.1242,0.000001
18.2000,1.1242,0.000001
18.4000,1.1242,0.000001
18.6000,1.1242,0.000001
18.8000,1.1242,0.000001
19.0000,1.1242,0.000001
19.2000,1.1242,0.000001
19.4000,1.1242,0.000001
19.6000,1.1242,0.000001
19.8000,1.1242,0.000000
20.0000,1.1242,0.000000
-20.0000,1.2264,0.000000
-19.8000,1.2264,0.000000
-19.6000,1.2264,0.000001
-19.4000,1.2264,0.000001
-19.2000,1.2264,0.000001
-19.0000,1.2264,0.000001
-18.8000,1.2264,0.000001
-18.6000,1.2264,0.000001
-18.4000,1.2264,0.000001
-18.2000,1.2264,0.000001
-18.0000,1.2264,0.000001
-17.8000,1.2264,0.000001
-17.6000,1.2264,0.000001
-17.4000,1.2264,0.000001
-17.2000,1.2264,0.000001
-17.0000,1.2264,0.000001
-16.8000,1.2264,0.000001
-16.6000,1.2264,0.000001
-16.4000,1.2264,0.000001
-16.2000,1.2264,0.000001
-16.0000,1.2264,0.000001
-15.8000,1.2264,0.000001
-15.6000,1.2264,0.000001
-15.4000,1.2264,0.000001
-15.2000,1.2264,0.000001
-15.0000,1.2264,0.000001
-14.8000,1.2264,0.000001
-14.6000,1.2264,0.000001
-14.4000,1.2264,0.000001
-14.2000,1.2264,0.000001
-14.0000,1.2264,0.000001
-13.8000,1.2264,0.000001
-13.6000,1.2264,0.000001
-13.4000,1.2264,0.000001
-13.2000,1.2264,0.000001
-13.0000,1.2264,0.000001
-12.8000,1.2264,0.000001
-12.6000,1.2264,0.000001
-12.4000,1.2264,0.000001
-12.2000,1.2264,0.000001
-12.0000,1.2264,0.000001
-11.8000,1.2264,0.000001
-11.6000,1.2264,0.000001
-11.4000,1.2264,0.000001
-11.2000,1.2264,0.000001
-11.0000,1.2264,0.000002
-10.8000,1.2264,0.000002
-10.6000,1.2264,0.000002
-10.4000,1.2264,0.000002
-10.2000,1.2264,0.000002
-10.0000,1.2264,0.000002
-9.8000,1.2264,0.000002
-9.6000,1.2264,0.000003
-9.4000,1.2264,0.000003
-9.2000,1.2264,0.000003
-9.0000,1.2264,0.000004
-8.8000,1.2264,0.000004
-8.6000,1.2264,0.000004
-8.4000,1.2264,0.000005
-8.2000,1.2264,0.000006
-8.0000,1.2264,0.000007
-7.8000,1.2264,0.000008
-7.6000,1.2264,0.000009
-7.4000,1.2264,0.000011
-7.2000,1.2264,0.000013
-7.0000,1.2264,0.000015
-6.8000,1.2264,0.000019
-6.6000,1.2264,0.000023
-6.4000,1.2264,0.000029
-6.2000,1.2264,0.000037
-6.0000,1.2264,0.000047
-5.8000,1.2264,0.000062
-5.6000,1.2264,0.000083
-5.4000,1.2264,0.000113
-5.2000,1.2264,0.000157
-5.0000,1.2264,0.000222
-4.8000,1.2264,0.000322
-4.6000,1.2264,0.000478
-4.4000,1.2264,0.000725
-4.2000,1.2264,0.001127
-4.0000,1.2264,0.001797
-3.8000,1.2264,0.002934
-3.6000,1.2264,0.004906
-3.4000,1.2264,0.008392
-3.2000,1.2264,0.014651
-3.0000,1.2264,0.026027
-2.8000,1.2264,0.046836
-2.6000,1.2264,0.084875
-2.4000,1.2264,0.153701
-2.2000,1.2264,0.275479
-2.0000,1.2264,0.482988
-1.8000,1.2264,0.817161
-1.6000,1.2264,1.314160
-1.4000,1.2264,1.977916
-1.2000,1.2264,2.746987
-1.0000,1.2264,3.486327
-0.8000,1.2264,4.037596
-0.6000,1.2264,4.313053
-0.4000,1.2264,4.353599
-0.2000,1.2264,4.291077
0.0000,1.2264,4.253413
0.2000,1.2264,4.291077
0.4000,1.2264,4.353599
0.6000,1.2264,4.313053
0.8000,1.2264,4.037596
1.0000,1.2264,3.486327
1.2000,1.2264,2.746987
1.4000,1.2264,1.977916
1.6000,1.2264,1.314160
1.8000,1.2264,0.817161
2.0000,1.2264,0.482988
2.2000,1.2264,0.275479
2.4000,1.2264,0.153701
2.6000,1.2264,0.084875
2.8000,1.2264,0.046836
3.0000,1.2264,0.026027
3.2000,1.2264,0.014651
3.4000,1.2264,0.008392
3.6000,1.2264,0.004906
3.8000,1.2264,0.002934
4.0000,1.2264,0.001797
4.2000,1.2264,0.001127
4.4000,1.2264,0.000725
4.6000,1.2264,0.000478
4.8000,1.2264,0.000322
5.0000,1.2264,0.000222
5.2000,1.2264,0.000157
5.4000,1.2264,0.000113
5.6000,1.2264,0.000083
5.8000,1.2264,0.000062
6.0000,1.2264,0.000047
6.2000,1.2264,0.000037
6.4000,1.2264,0.000029
6.6000,1.2264,0.000023
6.8000,1.2264,0.000019
7.0000,1.2264,0.000015
7.2000,1.2264,0.000013
7.4000,1.2264,0.000011
7.6000,1.2264,0.000009
7.8000,1.2264,0.000008
8.0000,1.2264,0.000007
8.2000,1.2264,0.000006
8.4000,1.2264,0.000005
8.6000,1.2264,0.000004
8.8000,1.2264,0.000004
9.0000,1.2264,0.000004
9.2000,1.2264,0.000003
9.4000,1.2264,0.000003
9.6000,1.2264,0.000003
9.8000,1.2264,0.000002
10.0000,1.2264,0.000002
10.2000,1.2264,0.000002
10.4000,1.2264,0.000002
10.6000,1.2264,0.000002
10.8000,1.2264,0.000002
11.0000,1.2264,0.000002
11.2000,1.2264,0.000001
11.4000,1.2264,0.000001
11.6000,1.2264,0.000001
11.8000,1.2264,0.000001
12.0000,1.2264,0.000001
12.2000,1.2264,0.000001
12.4000,1.2264,0.000001
12.6000,1.2264,0.000001
12.8000,1.2264,0.000001
13.0000,1.2264,0.000001
13.2000,1.2264,0.000001
13.4000,1.2264,0.000001
13.6000,1.2264,0.000001
13.8000,1.2264,0.000001
14.0000,1.2264,0.000001
14.2000,1.2264,0.000001
14.4000,1.2264,0.000001
14.6000,1.2264,0.000001
14.8000,1.2264,0.000001
15.0000,1.2264,0.000001
15.2000,1.2264,0.000001
15.4000,1.2264,0.000001
15.6000,1.2264,0.000001
15.8000,1.2264,0.000001
16.0000,1.2264,0.000001
16.2000,1.2264,0.000001
16.4000,1.2264,0.000001
16.6000,1.2264,0.000001
16.8000,1.2264,0.000001
17.0000,1.2264,0.000001
17.2000,1.2264,0.000001
17.4000,1.2264,0.000001
17.6000,1.2264,0.000001
17.8000,1.2264,0.000001
18.0000,1.2264,0.000001
18.2000,1.2264,0.000001
18.4000,1.2264,0.000001
18.6000,1.2264,0.000001
18.8000,1.2264,0.000001
19.0000,1.2264,0.000001
19.2000,1.2264,0.000001
19.4000,1.2264,0.000001
19.6000,1.2264,0.000001
19.8000,1.2264,0.000000
20.0000,1.2264,0.000000
-20.0000,1.3286,0.000000
-19.8000,1.3286,0.000000
-19.6000,1.3286,0.000001
-19.4000,1.3286,0.000001
-19.2000,1.3286,0.000001
-19.0000,1.3286,0.000001
-18.8000,1.3286,0.000001
-18.6000,1.3286,0.000001
-18.4000,1.3286,0.000001
-18.2000,1.3286,0.000001
-18.0000,1.3286,0.000001
-17.8000,1.3286,0.000001
-17.6000,1.3286,0.000001
-17.4000,1.3286,0.000001
-17.2000,1.3286,0.000001
-17.0000,1.3286,0.000001
-16.8000,1.3286,0.000001
-16.6000,1.3286,0.000001
-16.4000,1.3286,0.000001
-16.2000,1.3286,0.000001
-16.0000,1.3286,0.000001
-15.8000,1.3286,0.000001
-15.6000,1.3286,0.000001
-15.4000,1.3286,0.000001
-15.2000,1.3286,0.000001
-15.0000,1.3286,0.000001
-14.8000,1.3286,0.000001
-14.6000,1.3286,0.000001
-14.4000,1.3286,0.000001
-14.2000,1.3286,0.000001
-14.0000,1.3286,0.000001
-13.8000,1.3286,0.000001
-13.6000,1.3286,0.000001
-13.4000,1.3286,0.000001
-13.2000,1.3286,0.000001
-13.0000,1.3286,0.000001
-12.8000,1.3286,0.000001
-12.6000,1.3286,0.000001
-12.4000,1.3286,0.000001
-12.2000,1.3286,0.000001
-12.0000,1.3286,0.000001
-11.8000,1.3286,0.000001
-11.6000,1.3286,0.000001
-11.4000,1.3286,0.000001
-11.2000,1.3286,0.000001
-11.0000,1.3286,0.000002
-10.8000,1.3286,0.000002
-10.6000,1.3286,0.000002
-10.4000,1.3286,0.000002
-10.2000,1.3286,0.000002
-10.0000,1.3286,0.000002
-9.8000,1.3286,0.000002
-9.6000,1.3286,0.000003
-9.4000,1.3286,0.000003
-9.2000,1.3286,0.000003
-9.0000,1.3286,0.000004
-8.8000,1.3286,0.000004
-8.6000,1.3286,0.000005
-8.4000,1.3286,0.000005
-8.2000,1.3286,0.000006
-8.0000,1.3286,0.000007
-7.8000,1.3286,0.000008
-7.6000,1.3286,0.000009
-7.4000,1.3286,0.000011
-7.2000,1.3286,0.000013
-7.0000,1.3286,0.000016
-6.8000,1.3286,0.000019
-6.6000,1.3286,0.000024
-6.4000,1.3286,0.000030
-6.2000,1.3286,0.000038
-6.0000,1.3286,0.000049
-5.8000,1.3286,0.000064
-5.6000,1.3286,0.000086
-5.4000,1.3286,0.000118
-5.2000,1.3286,0.000164
-5.0000,1.3286,0.000234
-4.8000,1.3286,0.000340
-4.6000,1.3286,0.000507
-4.4000,1.3286,0.000773
-4.2000,1.3286,0.001209
-4.0000,1.3286,0.001938
-3.8000,1.3286,0.003185
-3.6000,1.3286,0.005360
-3.4000,1.3286,0.009229
-3.2000,1.3286,0.016214
-3.0000,1.3286,0.028973
-2.8000,1.3286,0.052399
-2.6000,1.3286,0.095299
-2.4000,1.3286,0.172848
-2.2000,1.3286,0.309403
-2.0000,1.3286,0.539776
-1.8000,1.3286,0.904543
-1.6000,1.3286,1.433117
-1.4000,1.3286,2.112737
-1.2000,1.3286,2.858321
-1.0000,1.3286,3.518952
-0.8000,1.3286,3.946562
-0.6000,1.3286,4.089912
-0.4000,1.3286,4.027541
-0.2000,1.3286,3.906584
0.0000,1.3286,3.850961
0.2000,1.3286,3.906584
0.4000,1.3286,4.027541
0.6000,1.3286,4.089912
0.8000,1.3286,3.946562
1.0000,1.3286,3.518952
1.2000,1.3286,2.858321
1.4000,1.3286,2.112737
1.6000,1.3286,1.433117
1.8000,1.3286,0.904543
2.0000,1.3286,0.539776
2.2000,1.3286,0.309403
2.4000,1.3286,0.172848
2.6000,1.3286,0.095299
2.8000,1.3286,0.052399
3.0000,1.3286,0.028973
3.2000,1.3286,0.016214
3.4000,1.3286,0.009229
3.6000,1.3286,0.005360
3.8000,1.3286,0.003185
4.0000,1.3286,0.001938
4.2000,1.3286,0.001209
4.4000,1.3286,0.000773
4.6000,1.3286,0.000507
4.8000,1.3286,0.000340
5.0000,1.3286,0.000234
5.2000,1.3286,0.000164
5.4000,1.3286,0.000118
5.6000,1.3286,0.000086
5.8000,1.3286,0.000064
6.0000,1.3286,0.000049
6.2000,1.3286,0.000038
6.4000,1.3286,0.000030
6.6000,1.3286,0.000024
6.8000,1.3286,0.000019
7.0000,1.3286,0.000016
7.2000,1.3286,0.000013
7.4000,1.3286,0.000011
7.6000,1.3286,0.000009
7.8000,1.3286,0.000008
8.0000,1.3286,0.000007
8.2000,1.3286,0.000006
8.4000,1.3286,0.000005
8.6000,1.3286,0.000005
8.8000,1.3286,0.000004
9.0000,1.3286,0.000004
9.2000,1.3286,0.000003
9.4000,1.3286,0.000003
9.6000,1.3286,0.000003
9.8000,1.3286,0.000002
10.0000,1.3286,0.000002
10.2000,1.3286,0.000002
10.4000,1.3286,0.000002
10.6000,1.3286,0.000002
10.8000,1.3286,0.000002
11.0000,1.3286,0.000002
11.2000,1.3286,0.000001
11.4000,1.3286,0.000001
11.6000,1.3286,0.000001
11.8000,1.3286,0.000001
12.0000,1.3286,0.000001
12.2000,1.3286,0.000001
12.4000,1.3286,0.000001
12.6000,1.3286,0.000001
12.8000,1.3286,0.000001
13.0000,1.3286,0.000001
13.2000,1.3286,0.000001
13.4000,1.3286,0.000001
13.6000,1.3286,0.000001
13.8000,1.3286,0.000001
14.0000,1.3286,0.000001
14.2000,1.3286,0.000001
14.4000,1.3286,0.000001
14.6000,1.3286,0.000001
14.8000,1.3286,0.000001
15.0000,1.3286,0.000001
15.2000,1.3286,0.000001
15.4000,1.3286,0.000001
15.6000,1.3286,0.000001
15.8000,1.3286,0.000001
16.0000,1.3286,0.000001
16.2000,1.3286,0.000001
16.4000,1.3286,0.000001
16.6000,1.3286,0.000001
16.8000,1.3286,0.000001
17.0000,1.3286,0.000001
17.2000,1.3286,0.000001
17.4000,1.3286,0.000001
17.6000,1.3286,0.000001
17.8000,1.3286,0.000001
18.0000,1.3286,0.000001
18.2000,1.3286,0.000001
18.4000,1.3286,0.000001
18.6000,1.3286,0.000001
18.8000,1.3286,0.000001
19.0000,1.3286,0.000001
19.2000,1.3286,0.000001
19.4000,1.3286,0.000001
19.6000,1.3286,0.000001
19.8000,1.3286,0.000000
20.0000,1.3286,0.000000
-20.0000,1.4308,0.000000
-19.8000,1.4308,0.000000
-19.6000,1.4308,0.000001
-19.4000,1.4308,0.000001
-19.2000,1.4308,0.000001
-19.0000,1.4308,0.000001
-18.8000,1.4308,0.000001
-18.6000,1.4308,0.000001
-18.4000,1.4308,0.000001
-18.2000,1.4308,0.000001
-18.0000,1.4308,0.000001
-17.8000,1.4308,0.000001
-17.6000,1.4308,0.000001
-17.4000,1.4308,0.000001
-17.2000,1.4308,0.000001
-17.0000,1.4308,0.000001
-16.8000,1.4308,0.000001
-16.6000,1.4308,0.000001
-16.4000,1.4308,0.000001
-16.2000,1.4308,0.000001
-16.0000,1.4308,0.000001
-15.8000,1.4308,0.000001
-15.6000,1.4308,0.000001
-15.4000,1.4308,0.000001
-15.2000,1.4308,0.000001
-15.0000,1.4308,0.000001
-14.8000,1.4308,0.000001
-14.6000,1.4308,0.000001
-14.4000,1.4308,0.000001
-14.2000,1.4308,0.000001
-14.0000,1.4308,0.000001
-13.8000,1.4308,0.000001
-13.6000,1.4308,0.000001
-13.4000,1.4308,0.000001
-13.2000,1.4308,0.000001
-13.0000,1.4308,0.000001
-12.8000,1.4308,0.000001
-12.6000,1.4308,0.000001
-12.4000,1.4308,0.000001
-12.2000,1.4308,0.000001
-12.0000,1.4308,0.000001
-11.8000,1.4308,0.000001
-11.6000,1.4308,0.000001
-11.4000,1.4308,0.000001
-11.2000,1.4308,0.000001
-11.0000,1.4308,0.000002
-10.8000,1.4308,0.000002
-10.6000,1.4308,0.000002
-10.4000,1.4308,0.000002
-10.2000,1.4308,0.000002
-10.0000,1.4308,0.000002
-9.8000,1.4308,0.000002
-9.6000,1.4308,0.000003
-9.4000,1.4308,0.000003
-9.2000,1.4308,0.000003
-9.0000,1.4308,0.000004
-8.8000,1.4308,0.000004
-8.6000,1.4308,0.000005
-8.4000,1.4308,0.000005
-8.2000,1.4308,0.000006
-8.0000,1.4308,0.000007
-7.8000,1.4308,0.000008
-7.6000,1.4308,0.000009
-7.4000,1.4308,0.000011
-7.2000,1.4308,0.000013
-7.0000,1.4308,0.000016
-6.8000,1.4308,0.000019
-6.6000,1.4308,0.000024
-6.4000,1.4308,0.000030
-6.2000,1.4308,0.000039
-6.0000,1.4308,0.000050
-5.8000,1.4308,0.000067
-5.6000,1.4308,0.000090
-5.4000,1.4308,0.000123
-5.2000,1.4308,0.000172
-5.0000,1.4308,0.000246
-4.8000,1.4308,0.000360
-4.6000,1.4308,0.000540
-4.4000,1.4308,0.000828
-4.2000,1.4308,0.001303
-4.0000,1.4308,0.002103
-3.8000,1.4308,0.003479
-3.6000,1.4308,0.005896
-3.4000,1.4308,0.010221
-3.2000,1.4308,0.018076
-3.0000,1.4308,0.032493
-2.8000,1.4308,0.059053
-2.6000,1.4308,0.107749
-2.4000,1.4308,0.195600
-2.2000,1.4308,0.349311
-2.0000,1.4308,0.605469
-1.8000,1.4308,1.003036
-1.6000,1.4308,1.562066
-1.4000,1.4308,2.250185
-1.2000,1.4308,2.958760
-1.0000,1.4308,3.527163
-0.8000,1.4308,3.826913
-0.6000,1.4308,3.847017
-0.4000,1.4308,3.697726
-0.2000,1.4308,3.531925
0.0000,1.4308,3.463433
0.2000,1.4308,3.531925
0.4000,1.4308,3.697726
0.6000,1.4308,3.847017
0.8000,1.4308,3.826913
1.0000,1.4308,3.527163
1.2000,1.4308,2.958760
1.4000,1.4308,2.250185
1.6000,1.4308,1.562066
1.8000,1.4308,1.003036
2.0000,1.4308,0.605469
2.2000,1.4308,0.349311
2.4000,1.4308,0.195600
2.6000,1.4308,0.107749
2.8000,1.4308,0.059053
3.0000,1.4308,0.032493
3.2000,1.4308,0.018076
3.4000,1.4308,0.010221
3.6000,1.4308,0.005896
3.8000,1.4308,0.003479
4.0000,1.4308,0.002103
4.2000,1.4308,0.001303
4.4000,1.4308,0.000828
4.6000,1.4308,0.000540
4.8000,1.4308,0.000360
5.0000,1.4308,0.000246
5.2000,1.4308,0.000172
5.4000,1.4308,0.000123
5.6000,1.4308,0.000090
5.8000,1.4308,0.000067
6.0000,1.4308,0.000050
6.2000,1.4308,0.000039
6.4000,1.4308,0.000030
6.6000,1.4308,0.000024
6.8000,1.4308,0.000019
7.0000,1.4308,0.000016
7.2000,1.4308,0.000013
7.4000,1.4308,0.000011
7.6000,1.4308,0.000009
7.8000,1.4308,0.000008
8.0000,1.4308,0.000007
8.2000,1.4308,0.000006
8.4000,1.4308,0.000005
8.6000,1.4308,0.000005
8.8000,1.4308,0.000004
9.0000,1.4308,0.000004
9.2000,1.4308,0.000003
9.4000,1.4308,0.000003
9.6000,1.4308,0.000003
9.8000,1.4308,0.000002
10.0000,1.4308,0.000002
10.2000,1.4308,0.000002
10.4000,1.4308,0.000002
10.6000,1.4308,0.000002
10.8000,1.4308,0.000002
11.0000,1.4308,0.000002
11.2000,1.4308,0.000001
11.4000,1.4308,0.000001
11.6000,1.4308,0.000001
11.8000,1.4308,0.000001
12.0000,1.4308,0.000001
12.2000,1.4308,0.000001
12.4000,1.4308,0.000001
12.6000,1.4308,0.000001
12.8000,1.4308,0.000001
13.0000,1.4308,0.000001
13.2000,1.4308,0.000001
13.4000,1.4308,0.000001
13.6000,1.4308,0.000001
13.8000,1.4308,0.000001
14.0000,1.4308,0.000001
14.2000,1.4308,0.000001
14.4000,1.4308,0.000001
14.6000,1.4308,0.000001
14.8000,1.4308,0.000001
15.0000,1.4308,0.000001
15.2000,1.4308,0.000001
15.4000,1.4308,0.000001
15.6000,1.4308,0.000001
15.8000,1.4308,0.000001
16.0000,1.4308,0.000001
16.2000,1.4308,0.000001
16.4000,1.4308,0.000001
16.6000,1.4308,0.000001
16.8000,1.4308,0.000001
17.0000,1.4308,0.000001
17.2000,1.4308,0.000001
17.4000,1.4308,0.000001
17.6000,1.4308,0.000001
17.8000,1.4308,0.000001
18.0000,1.4308,0.000001
18.2000,1.4308,0.000001
18.4000,1.4308,0.000001
18.6000,1.4308,0.000001
18.8000,1.4308,0.000001
19.0000,1.4308,0.000001
19.2000,1.4308,0.000001
19.4000,1.4308,0.000001
19.6000,1.4308,0.000001
19.8000,1.4308,0.000000
20.0000,1.4308,0.000000
-20.0000,1.5330,0.000000
-19.8000,1.5330,0.000000
-19.6000,1.5330,0.000001
-19.4000,1.5330,0.000001
-19.2000,1.5330,0.000001
-19.0000,1.5330,0.000001
-18.8000,1.5330,0.000001
-18.6000,1.5330,0.000001
-18.4000,1.5330,0.000001
-18.2000,1.5330,0.000001
-18.0000,1.5330,0.000001
-17.8000,1.5330,0.000001
-17.6000,1.5330,0.000001
-17.4000,1.5330,0.000001
-17.2000,1.5330,0.000001
-17.0000,1.5330,0.000001
-16.8000,1.5330,0.000001
-16.6000,1.5330,0.000001
-16.4000,1.5330,0.000001
-16.2000,1.5330,0.000001
-16.0000,1.5330,0.000001
-15.8000,1.5330,0.000001
-15.6000,1.5330,0.000001
-15.4000,1.5330,0.000001
-15.2000,1.5330,0.000001
-15.0000,1.5330,0.000001
-14.8000,1.5330,0.000001
-14.6000,1.5330,0.000001
-14.4000,1.5330,0.000001
-14.2000,1.5330,0.000001
-14.0000,1.5330,0.000001
-13.8000,1.5330,0.000001
-13.6000,1.5330,0.000001
-13.4000,1.5330,0.000001
-13.2000,1.5330,0.000001
-13.0000,1.5330,0.000001
-12.8000,1.5330,0.000001
-12.6000,1.5330,0.000001
-12.4000,1.5330,0.000001
-12.2000,1.5330,0.000001
-12.0000,1.5330,0.000001
-11.8000,1.5330,0.000001
-11.6000,1.5330,0.000001
-11.4000,1.5330,0.000001
-11.2000,1.5330,0.000001
-11.0000,1.5330,0.000002
-10.8000,1.5330,0.000002
-10.6000,1.5330,0.000002
-10.4000,1.5330,0.000002
-10.2000,1.5330,0.000002
-10.0000,1.5330,0.000002
-9.8000,1.5330,0.000002
-9.6000,1.5330,0.000003
-9.4000,1.5330,0.000003
-9.2000,1.5330,0.000003
-9.0000,1.5330,0.000004
-8.8000,1.5330,0.000004
-8.6000,1.5330,0.000005
-8.4000,1.5330,0.000005
-8.2000,1.5330,0.000006
-8.0000,1.5330,0.000007
-7.8000,1.5330,0.000008
-7.6000,1.5330,0.000009
-7.4000,1.5330,0.000011
-7.2000,1.5330,0.000013
-7.0000,1.5330,0.000016
-6.8000,1.5330,0.000020
-6.6000,1.5330,0.000025
-6.4000,1.5330,0.000031
-6.2000,1.5330,0.000040
-6.0000,1.5330,0.000052
-5.8000,1.5330,0.000069
-5.6000,1.5330,0.000094
-5.4000,1.5330,0.000129
-5.2000,1.5330,0.000182
-5.0000,1.5330,0.000261
-4.8000,1.5330,0.000384
-4.6000,1.5330,0.000578
-4.4000,1.5330,0.000892
-4.2000,1.5330,0.001413
-4.0000,1.5330,0.002296
-3.8000,1.5330,0.003825
-3.6000,1.5330,0.006529
-3.4000,1.5330,0.011399
-3.2000,1.5330,0.020296
-3.0000,1.5330,0.036700
-2.8000,1.5330,0.067012
-2.6000,1.5330,0.122607
-2.4000,1.5330,0.222575
-2.2000,1.5330,0.396057
-2.0000,1.5330,0.680922
-1.8000,1.5330,1.112836
-1.6000,1.5330,1.699509
-1.4000,1.5330,2.386460
-1.2000,1.5330,3.043309
-1.0000,1.5330,3.507678
-0.8000,1.5330,3.679451
-0.6000,1.5330,3.588712
-0.4000,1.5330,3.369532
-0.2000,1.5330,3.171813
0.0000,1.5330,3.095050
0.2000,1.5330,3.171813
0.4000,1.5330,3.369532
0.6000,1.5330,3.588712
0.8000,1.5330,3.679451
1.0000,1.5330,3.507678
1.2000,1.5330,3.043309
1.4000,1.5330,2.386460
1.6000,1.5330,1.699509
1.8000,1.5330,1.112836
2.0000,1.5330,0.680922
2.2000,1.5330,0.396057
2.4000,1.5330,0.222575
2.6000,1.5330,0.122607
2.8000,1.5330,0.067012
3.0000,1.5330,0.036700
3.2000,1.5330,0.020296
3.4000,1.5330,0.011399
3.6000,1.5330,0.006529
3.8000,1.5330,0.003825
4.0000,1.5330,0.002296
4.2000,1.5330,0.001413
4.4000,1.5330,0.000892
4.6000,1.5330,0.000578
4.8000,1.5330,0.000384
5.0000,1.5330,0.000261
5.2000,1.5330,0.000182
5.4000,1.5330,0.000129
5.6000,1.5330,0.000094
5.8000,1.5330,0.000069
6.0000,1.5330,0.000052
6.2000,1.5330,0.000040
6.4000,1.5330,0.000031
6.6000,1.5330,0.000025
6.8000,1.5330,0.000020
7.0000,1.5330,0.000016
7.2000,1.5330,0.000013
7.4000,1.5330,0.000011
7.6000,1.5330,0.000009
7.8000,1.5330,0.000008
8.0000,1.5330,0.000007
8.2000,1.5330,0.000006
8.4000,1.5330,0.000005
8.6000,1.5330,0.000005
8.8000,1.5330,0.000004
9.0000,1.5330,0.000004
9.2000,1.5330,0.000003
9.4000,1.5330,0.000003
9.6000,1.5330,0.000003
9.8000,1.5330,0.000002
10.0000,1.5330,0.000002
10.2000,1.5330,0.000002
10.4000,1.5330,0.000002
10.6000,1.5330,0.000002
10.8000,1.5330,0.000002
11.0000,1.5330,0.000002
11.2000,1.5330,0.000001
11.4000,1.5330,0.000001
11.6000,1.5330,0.000001
11.8000,1.5330,0.000001
12.0000,1.5330,0.000001
12.2000,1.5330,0.000001
12.4000,1.5330,0.000001
12.6000,1.5330,0.000001
12.8000,1.5330,0.000001
13.0000,1.5330,0.000001
13.2000,1.5330,0.000001
13.4000,1.5330,0.000001
13.6000,1.5330,0.000001
13.8000,1.5330,0.000001
14.0000,1.5330,0.000001
14.2000,1.5330,0.000001
14.4000,1.5330,0.000001
14.6000,1.5330,0.000001
14.8000,1.5330,0.000001
15.0000,1.5330,0.000001
15.2000,1.5330,0.000001
15.4000,1.5330,0.000001
15.6000,1.5330,0.000001
15.8000,1.5330,0.000001
16.0000,1.5330,0.000001
16.2000,1.5330,0.000001
16.4000,1.5330,0.000001
16.6000,1.5330,0.000001
16.8000,1.5330,0.000001
17.0000,1.5330,0.000001
17.2000,1.5330,0.000001
17.4000,1.5330,0.000001
17.6000,1.5330,0.000001
17.8000,1.5330,0.000001
18.0000,1.5330,0.000001
18.2000,1.5330,0.000001
18.4000,1.5330,0.000001
18.6000,1.5330,0.000001
18.8000,1.5330,0.000001
19.0000,1.5330,0.000001
19.2000,1.5330,0.000001
19.4000,1.5330,0.000001
19.6000,1.5330,0.000001
19.8000,1.5330,0.000000
20.0000,1.5330,0.000000
-20.0000,1.6352,0.000000
-19.8000,1.6352,0.000000
-19.6000,1.6352,0.000001
-19.4000,1.6352,0.000001
-19.2000,1.6352,0.000001
-19.0000,1.6352,0.000001
-18.8000,1.6352,0.000001
-18.6000,1.6352,0.000001
-18.4000,1.6352,0.000001
-18.2000,1.6352,0.000001
-18.0000,1.6352,0.000001
-17.8000,1.6352,0.000001
-17.6000,1.6352,0.000001
-17.4000,1.6352,0.000001
-17.2000,1.6352,0.000001
-17.0000,1.6352,0.000001
-16.8000,1.6352,0.000001
-16.6000,1.6352,0.000001
-16.4000,1.6352,0.000001
-16.2000,1.6352,0.000001
-16.0000,1.6352,0.000001
-15.8000,1.6352,0.000001
-15.6000,1.6352,0.000001
-15.4000,1.6352,0.000001
-15.2000,1.6352,0.000001
-15.0000,1.6352,0.000001
-14.8000,1.6352,0.000001
-14.6000,1.6352,0.000001
-14.4000,1.6352,0.000001
-14.2000,1.6352,0.000001
-14.0000,1.6352,0.000001
-13.8000,1.6352,0.000001
-13.6000,1.6352,0.000001
-13.4000,1.6352,0.000001
-13.2000,1.6352,0.000001
-13.0000,1.6352,0.000001
-12.8000,1.6352,0.000001
-12.6000,1.6352,0.000001
-12.4000,1.6352,0.000001
-12.2000,1.6352,0.000001
-12.0000,1.6352,0.000001
-11.8000,1.6352,0.000001
-11.6000,1.6352,0.000001
-11.4000,1.6352,0.000001
-11.2000,1.6352,0.000002
-11.0000,1.6352,0.000002
-10.8000,1.6352,0.000002
-10.6000,1.6352,0.000002
-10.4000,1.6352,0.000002
-10.2000,1.6352,0.000002
-10.0000,1.6352,0.000002
-9.8000,1.6352,0.000003
-9.6000,1.6352,0.000003
-9.4000,1.6352,0.000003
-9.2000,1.6352,0.000003
-9.0000,1.6352,0.000004
-8.8000,1.6352,0.000004
-8.6000,1.6352,0.000005
-8.4000,1.6352,0.000005
-8.2000,1.6352,0.000006
-8.0000,1.6352,0.000007
-7.8000,1.6352,0.000008
-7.6000,1.6352,0.000010
-7.4000,1.6352,0.000011
-7.2000,1.6352,0.000014
-7.0000,1.6352,0.000017
-6.8000,1.6352,0.000021
-6.6000,1.6352,0.000026
-6.4000,1.6352,0.000032
-6.2000,1.6352,0.000042
-6.0000,1.6352,0.000055
-5.8000,1.6352,0.000073
-5.6000,1.6352,0.000098
-5.4000,1.6352,0.000136
-5.2000,1.6352,0.000192
-5.0000,1.6352,0.000277
-4.8000,1.6352,0.000410
-4.6000,1.6352,0.000622
-4.4000,1.6352,0.000966
-4.2000,1.6352,0.001541
-4.0000,1.6352,0.002522
-3.8000,1.6352,0.004232
-3.6000,1.6352,0.007279
-3.4000,1.6352,0.012801
-3.2000,1.6352,0.022946
-3.0000,1.6352,0.041736
-2.8000,1.6352,0.076536
-2.6000,1.6352,0.140324
-2.4000,1.6352,0.254480
-2.2000,1.6352,0.450557
-2.0000,1.6352,0.766908
-1.8000,1.6352,1.233749
-1.6000,1.6352,1.843254
-1.4000,1.6352,2.517165
-1.2000,1.6352,3.107156
-1.0000,1.6352,3.458379
-0.8000,1.6352,3.506339
-0.6000,1.6352,3.319918
-0.4000,1.6352,3.047950
-0.2000,1.6352,2.830057
0.0000,1.6352,2.748993
0.2000,1.6352,2.830057
0.4000,1.6352,3.047950
0.6000,1.6352,3.319918
0.8000,1.6352,3.506339
1.0000,1.6352,3.458379
1.2000,1.6352,3.107156
1.4000,1.6352,2.517165
1.6000,1.6352,1.843254
1.8000,1.6352,1.233749
2.0000,1.6352,0.766908
2.2000,1.6352,0.450557
2.4000,1.6352,0.254480
2.6000,1.6352,0.140324
2.8000,1.6352,0.076536
3.0000,1.6352,0.041736
3.2000,1.6352,0.022946
3.4000,1.6352,0.012801
3.6000,1.6352,0.007279
3.8000,1.6352,0.004232
4.0000,1.6352,0.002522
4.2000,1.6352,0.001541
4.4000,1.6352,0.000966
4.6000,1.6352,0.000622
4.8000,1.6352,0.000410
5.0000,1.6352,0.000277
5.2000,1.6352,0.000192
5.4000,1.6352,0.000136
5.6000,1.6352,0.000098
5.8000,1.6352,0.000073
6.0000,1.6352,0.000055
6.2000,1.6352,0.000042
6.4000,1.6352,0.000032
6.6000,1.6352,0.000026
6.8000,1.6352,0.000021
7.0000,1.6352,0.000017
7.2000,1.6352,0.000014
7.4000,1.6352,0.000011
7.6000,1.6352,0.000010
7.8000,1.6352,0.000008
8.0000,1.6352,0.000007
8.2000,1.6352,0.000006
8.4000,1.6352,0.000005
8.6000,1.6352,0.000005
8.8000,1.6352,0.000004
9.0000,1.6352,0.000004
9.2000,1.6352,0.000003
9.4000,1.6352,0.000003
9.6000,1.6352,0.000003
9.8000,1.6352,0.000003
10.0000,1.6352,0.000002
10.2000,1.6352,0.000002
10.4000,1.6352,0.000002
10.6000,1.6352,0.000002
10.8000,1.6352,0.000002
11.0000,1.6352,0.000002
11.2000,1.6352,0.000002
11.4000,1.6352,0.000001
11.6000,1.6352,0.000001
11.8000,1.6352,0.000001
12.0000,1.6352,0.000001
12.2000,1.6352,0.000001
12.4000,1.6352,0.000001
12.6000,1.6352,0.000001
12.8000,1.6352,0.000001
13.0000,1.6352,0.000001
13.2000,1.6352,0.000001
13.4000,1.6352,0.000001
13.6000,1.6352,0.000001
13.8000,1.6352,0.000001
14.0000,1.6352,0.000001
14.2000,1.6352,0.000001
14.4000,1.6352,0.000001
14.6000,1.6352,0.000001
14.8000,1.6352,0.000001
15.0000,1.6352,0.000001
15.2000,1.6352,0.000001
15.4000,1.6352,0.000001
15.6000,1.6352,0.000001
15.8000,1.6352,0.000001
16.0000,1.6352,0.000001
16.2000,1.6352,0.000001
16.4000,1.6352,0.000001
16.6000,1.6352,0.000001
16.8000,1.6352,0.000001
17.0000,1.6352,0.000001
17.2000,1.6352,0.000001
17.4000,1.6352,0.000001
17.6000,1.6352,0.000001
17.8000,1.6352,0.000001
18.0000,1.6352,0.000001
18.2000,1.6352,0.000001
18.4000,1.6352,0.000001
18.6000,1.6352,0.000001
18.8000,1.6352,0.000001
19.0000,1.6352,0.000001
19.2000,1.6352,0.000001
19.4000,1.6352,0.000001
19.6000,1.6352,0.000001
19.8000,1.6352,0.000000
20.0000,1.6352,0.000000
-20.0000,1.7374,0.000000
-19.8000,1.7374,0.000000
-19.6000,1.7374,0.000001
-19.4000,1.7374,0.000001
-19.2000,1.7374,0.000001
-19.0000,1.7374,0.000001
-18.8000,1.7374,0.000001
-18.6000,1.7374,0.000001
-18.4000,1.7374,0.000001
-18.2000,1.7374,0.000001
-18.0000,1.7374,0.000001
-17.8000,1.7374,0.000001
-17.6000,1.7374,0.000001
-17.4000,1.7374,0.000001
-17.2000,1.7374,0.000001
-17.0000,1.7374,0.000001
-16.8000,1.7374,0.000001
-16.6000,1.7374,0.000001
-16.4000,1.7374,0.000001
-16.2000,1.7374,0.000001
-16.0000,1.7374,0.000001
-15.8000,1.7374,0.000001
-15.6000,1.7374,0.000001
-15.4000,1.7374,0.000001
-15.2000,1.7374,0.000001
-15.0000,1.7374,0.000001
-14.8000,1.7374,0.000001
-14.6000,1.7374,0.000001
-14.4000,1.7374,0.000001
-14.2000,1.7374,0.000001
-14.0000,1.7374,0.000001
-13.8000,1.7374,0.000001
-13.6000,1.7374,0.000001
-13.4000,1.7374,0.000001
-13.2000,1.7374,0.000001
-13.0000,1.7374,0.000001
-12.8000,1.7374,0.000001
-12.6000,1.7374,0.000001
-12.4000,1.7374,0.000001
-12.2000,1.7374,0.000001
-12.0000,1.7374,0.000001
-11.8000,1.7374,0.000001
-11.6000,1.7374,0.000001
-11.4000,1.7374,0.000001
-11.2000,1.7374,0.000002
-11.0000,1.7374,0.000002
-10.8000,1.7374,0.000002
-10.6000,1.7374,0.000002
-10.4000,1.7374,0.000002
-10.2000,1.7374,0.000002
-10.0000,1.7374,0.000002
-9.8000,1.7374,0.000003
-9.6000,1.7374,0.000003
-9.4000,1.7374,0.000003
-9.2000,1.7374,0.000003
-9.0000,1.7374,0.000004
-8.8000,1.7374,0.000004
-8.6000,1.7374,0.000005
-8.4000,1.7374,0.000005
-8.2000,1.7374,0.000006
-8.0000,1.7374,0.000007
-7.8000,1.7374,0.000008
-7.6000,1.7374,0.000010
-7.4000,1.7374,0.000012
-7.2000,1.7374,0.000014
-7.0000,1.7374,0.000017
-6.8000,1.7374,0.000021
-6.6000,1.7374,0.000026
-6.4000,1.7374,0.000034
-6.2000,1.7374,0.000043
-6.0000,1.7374,0.000057
-5.8000,1.7374,0.000076
-5.6000,1.7374,0.000103
-5.4000,1.7374,0.000144
-5.2000,1.7374,0.000204
-5.0000,1.7374,0.000296
-4.8000,1.7374,0.000441
-4.6000,1.7374,0.000672
-4.4000,1.7374,0.001052
-4.2000,1.7374,0.001690
-4.0000,1.7374,0.002786
-3.8000,1.7374,0.004713
-3.6000,1.7374,0.008167
-3.4000,1.7374,0.014470
-3.2000,1.7374,0.026116
-3.0000,1.7374,0.047770
-2.8000,1.7374,0.087937
-2.6000,1.7374,0.161429
-2.4000,1.7374,0.292110
-2.2000,1.7374,0.513752
-2.0000,1.7374,0.864031
-1.8000,1.7374,1.365085
-1.6000,1.7374,1.990372
-1.4000,1.7374,2.637469
-1.2000,1.7374,3.146003
-1.0000,1.7374,3.378505
-0.8000,1.7374,3.310944
-0.6000,1.7374,3.045813
-0.4000,1.7374,2.737391
-0.2000,1.7374,2.509531
0.0000,1.7374,2.427450
0.2000,1.7374,2.509531
0.4000,1.7374,2.737391
0.6000,1.7374,3.045813
0.8000,1.7374,3.310944
1.0000,1.7374,3.378505
1.2000,1.7374,3.146003
1.4000,1.7374,2.637469
1.6000,1.7374,1.990372
1.8000,1.7374,1.365085
2.0000,1.7374,0.864031
2.2000,1.7374,0.513752
2.4000,1.7374,0.292110
2.6000,1.7374,0.161429
2.8000,1.7374,0.087937
3.0000,1.7374,0.047770
3.2000,1.7374,0.026116
3.4000,1.7374,0.014470
3.6000,1.7374,0.008167
3.8000,1.7374,0.004713
4.0000,1.7374,0.002786
4.2000,1.7374,0.001690
4.4000,1.7374,0.001052
4.6000,1.7374,0.000672
4.8000,1.7374,0.000441
5.0000,1.7374,0.000296
5.2000,1.7374,0.000204
5.4000,1.7374,0.000144
5.6000,1.7374,0.000103
5.8000,1.7374,0.000076
6.0000,1.7374,0.000057
6.2000,1.7374,0.000043
6.4000,1.7374,0.000034
6.6000,1.7374,0.000026
6.8000,1.7374,0.000021
7.0000,1.7374,0.000017
7.2000,1.7374,0.000014
7.4000,1.7374,0.000012
7.6000,1.7374,0.000010
7.8000,1.7374,0.000008
8.0000,1.7374,0.000007
8.2000,1.7374,0.000006
8.4000,1.7374,0.000005
8.6000,1.7374,0.000005
8.8000,1.7374,0.000004
9.0000,1.7374,0.000004
9.2000,1.7374,0.000003
9.4000,1.7374,0.000003
9.6000,1.7374,0.000003
9.8000,1.7374,0.000003
10.0000,1.7374,0.000002
10.2000,1.7374,0.000002
10.4000,1.7374,0.000002
10.6000,1.7374,0.000002
10.8000,1.7374,0.000002
11.0000,1.7374,0.000002
11.2000,1.7374,0.000002
11.4000,1.7374,0.000001
11.6000,1.7374,0.000001
11.8000,1.7374,0.000001
12.0000,1.7374,0.000001
12.2000,1.7374,0.000001
12.4000,1.7374,0.000001
12.6000,1.7374,0.000001
12.8000,1.7374,0.000001
13.0000,1.7374,0.000001
13.2000,1.7374,0.000001
13.4000,1.7374,0.000001
13.6000,1.7374,0.000001
13.8000,1.7374,0.000001
14.0000,1.7374,0.000001
14.2000,1.7374,0.000001
14.4000,1.7374,0.000001
14.6000,1.7374,0.000001
14.8000,1.7374,0.000001
15.0000,1.7374,0.000001
15.2000,1.7374,0.000001
15.4000,1.7374,0.000001
15.6000,1.7374,0.000001
15.8000,1.7374,0.000001
16.0000,1.7374,0.000001
16.2000,1.7374,0.000001
16.4000,1.7374,0.000001
16.6000,1.7374,0.000001
16.8000,1.7374,0.000001
17.0000,1.7374,0.000001
17.2000,1.7374,0.000001
17.4000,1.7374,0.000001
17.6000,1.7374,0.000001
17.8000,1.7374,0.000001
18.0000,1.7374,0.000001
18.2000,1.7374,0.000001
18.4000,1.7374,0.000001
18.6000,1.7374,0.000001
18.8000,1.7374,0.000001
19.0000,1.7374,0.000001
19.2000,1.7374,0.000001
19.4000,1.7374,0.000001
19.6000,1.7374,0.000001
19.8000,1.7374,0.000000
20.0000,1.7374,0.000000
-20.0000,1.8396,0.000000
-19.8000,1.8396,0.000000
-19.6000,1.8396,0.000001
-19.4000,1.8396,0.000001
-19.2000,1.8396,0.000001
-19.0000,1.8396,0.000001
-18.8000,1.8396,0.000001
-18.6000,1.8396,0.000001
-18.4000,1.8396,0.000001
-18.2000,1.8396,0.000001
-18.0000,1.8396,0.000001
-17.8000,1.8396,0.000001
-17.6000,1.8396,0.000001
-17.4000,1.8396,0.000001
-17.2000,1.8396,0.000001
-17.0000,1.8396,0.000001
-16.8000,1.8396,0.000001
-16.6000,1.8396,0.000001
-16.4000,1.8396,0.000001
-16.2000,1.8396,0.000001
-16.0000,1.8396,0.000001
-15.8000,1.8396,0.000001
-15.6000,1.8396,0.000001
-15.4000,1.8396,0.000001
-15.2000,1.8396,0.000001
-15.0000,1.8396,0.000001
-14.8000,1.8396,0.000001
-14.6000,1.8396,0.000001
-14.4000,1.8396,0.000001
-14.2000,1.8396,0.000001
-14.0000,1.8396,0.000001
-13.8000,1.8396,0.000001
-13.6000,1.8396,0.000001
-13.4000,1.8396,0.000001
-13.2000,1.8396,0.000001
-13.0000,1.8396,0.000001
-12.8000,1.8396,0.000001
-12.6000,1.8396,0.000001
-12.4000,1.8396,0.000001
-12.2000,1.8396,0.000001
-12.0000,1.8396,0.000001
-11.8000,1.8396,0.000001
-11.6000,1.8396,0.000001
-11.4000,1.8396,0.000001
-11.2000,1.8396,0.000002
-11.0000,1.8396,0.000002
-10.8000,1.8396,0.000002
-10.6000,1.8396,0.000002
-10.4000,1.8396,0.000002
-10.2000,1.8396,0.000002
-10.0000,1.8396,0.000002
-9.8000,1.8396,0.000003
-9.6000,1.8396,0.000003
-9.4000,1.8396,0.000003
-9.2000,1.8396,0.000003
-9.0000,1.8396,0.000004
-8.8000,1.8396,0.000004
-8.6000,1.8396,0.000005
-8.4000,1.8396,0.000006
-8.2000,1.8396,0.000006
-8.0000,1.8396,0.000007
-7.8000,1.8396,0.000009
-7.6000,1.8396,0.000010
-7.4000,1.8396,0.000012
-7.2000,1.8396,0.000014
-7.0000,1.8396,0.000018
-6.8000,1.8396,0.000022
-6.6000,1.8396,0.000027
-6.4000,1.8396,0.000035
-6.2000,1.8396,0.000045
-6.0000,1.8396,0.000060
-5.8000,1.8396,0.000080
-5.6000,1.8396,0.000109
-5.4000,1.8396,0.000152
-5.2000,1.8396,0.000218
-5.0000,1.8396,0.000318
-4.8000,1.8396,0.000476
-4.6000,1.8396,0.000731
-4.4000,1.8396,0.001152
-4.2000,1.8396,0.001864
-4.0000,1.8396,0.003097
-3.8000,1.8396,0.005280
-3.6000,1.8396,0.009224
-3.4000,1.8396,0.016464
-3.2000,1.8396,0.029914
-3.0000,1.8396,0.055007
-2.8000,1.8396,0.101585
-2.6000,1.8396,0.186538
-2.4000,1.8396,0.336339
-2.2000,1.8396,0.586575
-2.0000,1.8396,0.972633
-1.8000,1.8396,1.505540
-1.6000,1.8396,2.137205
-1.4000,1.8396,2.742350
-1.2000,1.8396,3.156401
-1.0000,1.8396,3.268734
-0.8000,1.8396,3.097579
-0.6000,1.8396,2.771513
-0.4000,1.8396,2.441537
-0.2000,1.8396,2.212208
0.0000,1.8396,2.131703
0.2000,1.8396,2.212208
0.4000,1.8396,2.441537
0.6000,1.8396,2.771513
0.8000,1.8396,3.097579
1.0000,1.8396,3.268734
1.2000,1.8396,3.156401
1.4000,1.8396,2.742350
1.6000,1.8396,2.137205
1.8000,1.8396,1.505540
2.0000,1.8396,0.972633
2.2000,1.8396,0.586575
2.4000,1.8396,0.336339
2.6000,1.8396,0.186538
2.8000,1.8396,0.101585
3.0000,1.8396,0.055007
3.2000,1.8396,0.029914
3.4000,1.8396,0.016464
3.6000,1.8396,0.009224
3.8000,1.8396,0.005280
4.0000,1.8396,0.003097
4.2000,1.8396,0.001864
4.4000,1.8396,0.001152
4.6000,1.8396,0.000731
4.8000,1.8396,0.000476
5.0000,1.8396,0.000318
5.2000,1.8396,0.000218
5.4000,1.8396,0.000152
5.6000,1.8396,0.000109
5.8000,1.8396,0.000080
6.0000,1.8396,0.000060
6.2000,1.8396,0.000045
6.4000,1.8396,0.000035
6.6000,1.8396,0.000027
6.8000,1.8396,0.000022
7.0000,1.8396,0.000018
7.2000,1.8396,0.000014
7.4000,1.8396,0.000012
7.6000,1.8396,0.000010
7.8000,1.8396,0.000009
8.0000,1.8396,0.000007
8.2000,1.8396,0.000006
8.4000,1.8396,0.000006
8.6000,1.8396,0.000005
8.8000,1.8396,0.000004
9.0000,1.8396,0.000004
9.2000,1.8396,0.000003
9.4000,1.8396,0.000003
9.6000,1.8396,0.000003
9.8000,1.8396,0.000003
10.0000,1.8396,0.000002
10.2000,1.8396,0.000002
10.4000,1.8396,0.000002
10.6000,1.8396,0.000002
10.8000,1.8396,0.000002
11.0000,1.8396,0.000002
11.2000,1.8396,0.000002
11.4000,1.8396,0.000001
11.6000,1.8396,0.000001
11.8000,1.8396,0.000001
12.0000,1.8396,0.000001
12.2000,1.8396,0.000001
12.4000,1.8396,0.000001
12.6000,1.8396,0.000001
12.8000,1.8396,0.000001
13.0000,1.8396,0.000001
13.2000,1.8396,0.000001
13.4000,1.8396,0.000001
13.6000,1.8396,0.000001
13.8000,1.8396,0.000001
14.0000,1.8396,0.000001
14.2000,1.8396,0.000001
14.4000,1.8396,0.000001
14.6000,1.8396,0.000001
14.8000,1.8396,0.000001
15.0000,1.8396,0.000001
15.2000,1.8396,0.000001
15.4000,1.8396,0.000001
15.6000,1.8396,0.000001
15.8000,1.8396,0.000001
16.0000,1.8396,0.000001
16.2000,1.8396,0.000001
16.4000,1.8396,0.000001
16.6000,1.8396,0.000001
16.8000,1.8396,0.000001
17.0000,1.8396,0.000001
17.2000,1.8396,0.000001
17.4000,1.8396,0.000001
17.6000,1.8396,0.000001
17.8000,1.8396,0.000001
18.0000,1.8396,0.000001
18.2000,1.8396,0.000001
18.4000,1.8396,0.000001
18.6000,1.8396,0.000001
18.8000,1.8396,0.000001
19.0000,1.8396,0.000001
19.2000,1.8396,0.000001
19.4000,1.8396,0.000001
19.6000,1.8396,0.000001
19.8000,1.8396,0.000000
20.0000,1.8396,0.000000
-20.0000,1.9418,0.000000
-19.8000,1.9418,0.000000
-19.6000,1.9418,0.000001
-19.4000,1.9418,0.000001
-19.2000,1.9418,0.000001
-19.0000,1.9418,0.000001
-18.8000,1.9418,0.000001
-18.6000,1.9418,0.000001
-18.4000,1.9418,0.000001
-18.2000,1.9418,0.000001
-18.0000,1.9418,0.000001
-17.8000,1.9418,0.000001
-17.6000,1.9418,0.000001
-17.4000,1.9418,0.000001
-17.2000,1.9418,0.000001
-17.0000,1.9418,0.000001
-16.8000,1.9418,0.000001
-16.6000,1.9418,0.000001
-16.4000,1.9418,0.000001
-16.2000,1.9418,0.000001
-16.0000,1.9418,0.000001
-15.8000,1.9418,0.000001
-15.6000,1.9418,0.000001
-15.4000,1.9418,0.000001
-15.2000,1.9418,0.000001
-15.0000,1.9418,0.000001
-14.8000,1.9418,0.000001
-14.6000,1.9418,0.000001
-14.4000,1.9418,0.000001
-14.2000,1.9418,0.000001
-14.0000,1.9418,0.000001
-13.8000,1.9418,0.000001
-13.6000,1.9418,0.000001
-13.4000,1.9418,0.000001
-13.2000,1.9418,0.000001
-13.0000,1.9418,0.000001
-12.8000,1.9418,0.000001
-12.6000,1.9418,0.000001
-12.4000,1.9418,0.000001
-12.2000,1.9418,0.000001
-12.0000,1.9418,0.000001
-11.8000,1.9418,0.000001
-11.6000,1.9418,0.000001
-11.4000,1.9418,0.000001
-11.2000,1.9418,0.000002
-11.0000,1.9418,0.000002
-10.8000,1.9418,0.000002
-10.6000,1.9418,0.000002
-10.4000,1.9418,0.000002
-10.2000,1.9418,0.000002
-10.0000,1.9418,0.000002
-9.8000,1.9418,0.000003
-9.6000,1.9418,0.000003
-9.4000,1.9418,0.000003
-9.2000,1.9418,0.000003
-9.0000,1.9418,0.000004
-8.8000,1.9418,0.000004
-8.6000,1.9418,0.000005
-8.4000,1.9418,0.000006
-8.2000,1.9418,0.000006
-8.0000,1.9418,0.000007
-7.8000,1.9418,0.000009
-7.6000,1.9418,0.000010
-7.4000,1.9418,0.000012
-7.2000,1.9418,0.000015
-7.0000,1.9418,0.000018
-6.8000,1.9418,0.000023
-6.6000,1.9418,0.000028
-6.4000,1.9418,0.000036
-6.2000,1.9418,0.000047
-6.0000,1.9418,0.000062
-5.8000,1.9418,0.000084
-5.6000,1.9418,0.000116
-5.4000,1.9418,0.000162
-5.2000,1.9418,0.000233
-5.0000,1.9418,0.000342
-4.8000,1.9418,0.000516
-4.6000,1.9418,0.000798
-4.4000,1.9418,0.001267
-4.2000,1.9418,0.002067
-4.0000,1.9418,0.003463
-3.8000,1.9418,0.005952
-3.6000,1.9418,0.010482
-3.4000,1.9418,0.018851
-3.2000,1.9418,0.034473
-3.0000,1.9418,0.063697
-2.8000,1.9418,0.117923
-2.6000,1.9418,0.216356
-2.4000,1.9418,0.388111
-2.2000,1.9418,0.669885
-2.0000,1.9418,1.092684
-1.8000,1.9418,1.653105
-1.6000,1.9418,2.279441
-1.4000,1.9418,2.826892
-1.2000,1.9418,3.136037
-1.0000,1.9418,3.131143
-0.8000,1.9418,2.871185
-0.6000,1.9418,2.501797
-0.4000,1.9418,2.163271
-0.2000,1.9418,1.939220
0.0000,1.9418,1.862234
0.2000,1.9418,1.939220
0.4000,1.9418,2.163271
0.6000,1.9418,2.501797
0.8000,1.9418,2.871185
1.0000,1.9418,3.131143
1.2000,1.9418,3.136037
1.4000,1.9418,2.826892
1.6000,1.9418,2.279441
1.8000,1.9418,1.653105
2.0000,1.9418,1.092684
2.2000,1.9418,0.669885
2.4000,1.9418,0.388111
2.6000,1.9418,0.216356
2.8000,1.9418,0.117923
3.0000,1.9418,0.063697
3.2000,1.9418,0.034473
3.4000,1.9418,0.018851
3.6000,1.9418,0.010482
3.8000,1.9418,0.005952
4.0000,1.9418,0.003463
4.2000,1.9418,0.002067
4.4000,1.9418,0.001267
4.6000,1.9418,0.000798
4.8000,1.9418,0.000516
5.0000,1.9418,0.000342
5.2000,1.9418,0.000233
5.4000,1.9418,0.000162
5.6000,1.9418,0.000116
5.8000,1.9418,0.000084
6.0000,1.9418,0.000062
6.2000,1.9418,0.000047
6.4000,1.9418,0.000036
6.6000,1.9418,0.000028
6.8000,1.9418,0.000023
7.0000,1.9418,0.000018
7.2000,1.9418,0.000015
7.4000,1.9418,0.000012
7.6000,1.9418,0.000010
7.8000,1.9418,0.000009
8.0000,1.9418,0.000007
8.2000,1.9418,0.000006
8.4000,1.9418,0.000006
8.6000,1.9418,0.000005
8.8000,1.9418,0.000004
9.0000,1.9418,0.000004
9.2000,1.9418,0.000003
9.4000,1.9418,0.000003
9.6000,1.9418,0.000003
9.8000,1.9418,0.000003
10.0000,1.9418,0.000002
10.2000,1.9418,0.000002
10.4000,1.9418,0.000002
10.6000,1.9418,0.000002
10.8000,1.9418,0.000002
11.0000,1.9418,0.000002
11.2000,1.9418,0.000002
11.4000,1.9418,0.000001
11.6000,1.9418,0.000001
11.8000,1.9418,0.000001
12.0000,1.9418,0.000001
12.2000,1.9418,0.000001
12.4000,1.9418,0.000001
12.6000,1.9418,0.000001
12.8000,1.9418,0.000001
13.0000,1.9418,0.000001
13.2000,1.9418,0.000001
13.4000,1.9418,0.000001
13.6000,1.9418,0.000001
13.8000,1.9418,0.000001
14.0000,1.9418,0.000001
14.2000,1.9418,0.000001
14.4000,1.9418,0.000001
14.6000,1.9418,0.000001
14.8000,1.9418,0.000001
15.0000,1.9418,0.000001
15.2000,1.9418,0.000001
15.4000,1.9418,0.000001
15.6000,1.9418,0.000001
15.8000,1.9418,0.000001
16.0000,1.9418,0.000001
16.2000,1.9418,0.000001
16.4000,1.9418,0.000001
16.6000,1.9418,0.000001
16.8000,1.9418,0.000001
17.0000,1.9418,0.000001
17.2000,1.9418,0.000001
17.4000,1.9418,0.000001
17.6000,1.9418,0.000001
17.8000,1.9418,0.000001
18.0000,1.9418,0.000001
18.2000,1.9418,0.000001
18.4000,1.9418,0.000001
18.6000,1.9418,0.000001
18.8000,1.9418,0.000001
19.0000,1.9418,0.000001
19.2000,1.9418,0.000001
19.4000,1.9418,0.000001
19.6000,1.9418,0.000001
19.8000,1.9418,0.000000
20.0000,1.9418,0.000000
-20.0000,2.0440,0.000000
-19.8000,2.0440,0.000000
-19.6000,2.0440,0.000001
-19.4000,2.0440,0.000001
-19.2000,2.0440,0.000001
-19.0000,2.0440,0.000001
-18.8000,2.0440,0.000001
-18.6000,2.0440,0.000001
-18.4000,2.0440,0.000001
-18.2000,2.0440,0.000001
-18.0000,2.0440,0.000001
-17.8000,2.0440,0.000001
-17.6000,2.0440,0.000001
-17.4000,2.0440,0.000001
-17.2000,2.0440,0.000001
-17.0000,2.0440,0.000001
-16.8000,2.0440,0.000001
-16.6000,2.0440,0.000001
-16.4000,2.0440,0.000001
-16.2000,2.0440,0.000001
-16.0000,2.0440,0.000001
-15.8000,2.0440,0.000001
-15.6000,2.0440,0.000001
-15.4000,2.0440,0.000001
-15.2000,2.0440,0.000001
-15.0000,2.0440,0.000001
-14.8000,2.0440,0.000001
-14.6000,2.0440,0.000001
-14.4000,2.0440,0.000001
-14.2000,2.0440,0.000001
-14.0000,2.0440,0.000001
-13.8000,2.0440,0.000001
-13.6000,2.0440,0.000001
-13.4000,2.0440,0.000001
-13.2000,2.0440,0.000001
-13.0000,2.0440,0.000001
-12.8000,2.0440,0.000001
-12.6000,2.0440,0.000001
-12.4000,2.0440,0.000001
-12.2000,2.0440,0.000001
-12.0000,2.0440,0.000001
-11.8000,2.0440,0.000001
-11.6000,2.0440,0.000001
-11.4000,2.0440,0.000001
-11.2000,2.0440,0.000002
-11.0000,2.0440,0.000002
-10.8000,2.0440,0.000002
-10.6000,2.0440,0.000002
-10.4000,2.0440,0.000002
-10.2000,2.0440,0.000002
-10.0000,2.0440,0.000002
-9.8000,2.0440,0.000003
-9.6000,2.0440,0.000003
-9.4000,2.0440,0.000003
-9.2000,2.0440,0.000004
-9.0000,2.0440,0.000004
-8.8000,2.0440,0.000004
-8.6000,2.0440,0.000005
-8.4000,2.0440,0.000006
-8.2000,2.0440,0.000007
-8.0000,2.0440,0.000008
-7.8000,2.0440,0.000009
-7.6000,2.0440,0.000011
-7.4000,2.0440,0.000013
-7.2000,2.0440,0.000015
-7.0000,2.0440,0.000019
-6.8000,2.0440,0.000023
-6.6000,2.0440,0.000030
-6.4000,2.0440,0.000038
-6.2000,2.0440,0.000050
-6.0000,2.0440,0.000066
-5.8000,2.0440,0.000089
-5.6000,2.0440,0.000123
-5.4000,2.0440,0.000173
-5.2000,2.0440,0.000250
-5.0000,2.0440,0.000370
-4.8000,2.0440,0.000562
-4.6000,2.0440,0.000876
-4.4000,2.0440,0.001402
-4.2000,2.0440,0.002305
-4.0000,2.0440,0.003894
-3.8000,2.0440,0.006751
-3.6000,2.0440,0.011984
-3.4000,2.0440,0.021714
-3.2000,2.0440,0.039954
-3.0000,2.0440,0.074141
-2.8000,2.0440,0.137469
-2.6000,2.0440,0.251678
-2.4000,2.0440,0.448408
-2.2000,2.0440,0.764390
-2.0000,2.0440,1.223658
-1.8000,2.0440,1.805013
-1.6000,2.0440,2.412272
-1.4000,2.0440,2.886635
-1.2000,2.0440,3.083948
-1.0000,2.0440,2.969056
-0.8000,2.0440,2.636995
-0.6000,2.0440,2.240886
-0.4000,2.0440,1.904654
-0.2000,2.0440,1.690957
0.0000,2.0440,1.618848
0.2000,2.0440,1.690957
0.4000,2.0440,1.904654
0.6000,2.0440,2.240886
0.8000,2.0440,2.636995
1.0000,2.0440,2.969056
1.2000,2.0440,3.083948
1.4000,2.0440,2.886635
1.6000,2.0440,2.412272
1.8000,2.0440,1.805013
2.0000,2.0440,1.223658
2.2000,2.0440,0.764390
2.4000,2.0440,0.448408
2.6000,2.0440,0.251678
2.8000,2.0440,0.137469
3.0000,2.0440,0.074141
3.2000,2.0440,0.039954
3.4000,2.0440,0.021714
3.6000,2.0440,0.011984
3.8000,2.0440,0.006751
4.0000,2.0440,0.003894
4.2000,2.0440,0.002305
4.4000,2.0440,0.001402
4.6000,2.0440,0.000876
4.8000,2.0440,0.000562
5.0000,2.0440,0.000370
5.2000,2.0440,0.000250
5.4000,2.0440,0.000173
5.6000,2.0440,0.000123
5.8000,2.0440,0.000089
6.0000,2.0440,0.000066
6.2000,2.0440,0.000050
6.4000,2.0440,0.000038
6.6000,2.0440,0.000030
6.8000,2.0440,0.000023
7.0000,2.0440,0.000019
7.2000,2.0440,0.000015
7.4000,2.0440,0.000013
7.6000,2.0440,0.000011
7.8000,2.0440,0.000009
8.0000,2.0440,0.000008
8.2000,2.0440,0.000007
8.4000,2.0440,0.000006
8.6000,2.0440,0.000005
8.8000,2.0440,0.000004
9.0000,2.0440,0.000004
9.2000,2.0440,0.000004
9.4000,2.0440,0.000003
9.6000,2.0440,0.000003
9.8000,2.0440,0.000003
10.0000,2.0440,0.000002
10.2000,2.0440,0.000002
10.4000,2.0440,0.000002
10.6000,2.0440,0.000002
10.8000,2.0440,0.000002
11.0000,2.0440,0.000002
11.2000,2.0440,0.000002
11.4000,2.0440,0.000001
11.6000,2.0440,0.000001
11.8000,2.0440,0.000001
12.0000,2.0440,0.000001
12.2000,2.0440,0.000001
12.4000,2.0440,0.000001
12.6000,2.0440,0.000001
12.8000,2.0440,0.000001
13.0000,2.0440,0.000001
13.2000,2.0440,0.000001
13.4000,2.0440,0.000001
13.6000,2.0440,0.000001
13.8000,2.0440,0.000001
14.0000,2.0440,0.000001
14.2000,2.0440,0.000001
14.4000,2.0440,0.000001
14.6000,2.0440,0.000001
14.8000,2.0440,0.000001
15.0000,2.0440,0.000001
15.2000,2.0440,0.000001
15.4000,2.0440,0.000001
15.6000,2.0440,0.000001
15.8000,2.0440,0.000001
16.0000,2.0440,0.000001
16.2000,2.0440,0.000001
16.4000,2.0440,0.000001
16.6000,2.0440,0.000001
16.8000,2.0440,0.000001
17.0000,2.0440,0.000001
17.2000,2.0440,0.000001
17.4000,2.0440,0.000001
17.6000,2.0440,0.000001
17.8000,2.0440,0.000001
18.0000,2.0440,0.000001
18.2000,2.0440,0.000001
18.4000,2.0440,0.000001
18.6000,2.0440,0.000001
18.8000,2.0440,0.000001
19.0000,2.0440,0.000001
19.2000,2.0440,0.000001
19.4000,2.0440,0.000001
19.6000,2.0440,0.000001
19.8000,2.0440,0.000000
20.0000,2.0440,0.000000
-20.0000,2.1462,0.000000
-19.8000,2.1462,0.000000
-19.6000,2.1462,0.000001
-19.4000,2.1462,0.000001
-19.2000,2.1462,0.000001
-19.0000,2.1462,0.000001
-18.8000,2.1462,0.000001
-18.6000,2.1462,0.000001
-18.4000,2.1462,0.000001
-18.2000,2.1462,0.000001
-18.0000,2.1462,0.000001
-17.8000,2.1462,0.000001
-17.6000,2.1462,0.000001
-17.4000,2.1462,0.000001
-17.2000,2.1462,0.000001
-17.0000,2.1462,0.000001
-16.8000,2.1462,0.000001
-16.6000,2.1462,0.000001
-16.4000,2.1462,0.000001
-16.2000,2.1462,0.000001
-16.0000,2.1462,0.000001
-15.8000,2.1462,0.000001
-15.6000,2.1462,0.000001
-15.4000,2.1462,0.000001
-15.2000,2.1462,0.000001
-15.0000,2.1462,0.000001
-14.8000,2.1462,0.000001
-14.6000,2.1462,0.000001
-14.4000,2.1462,0.000001
-14.2000,2.1462,0.000001
-14.0000,2.1462,0.000001
-13.8000,2.1462,0.000001
-13.6000,2.1462,0.000001
-13.4000,2.1462,0.000001
-13.2000,2.1462,0.000001
-13.0000,2.1462,0.000001
-12.8000,2.1462,0.000001
-12.6000,2.1462,0.000001
-12.4000,2.1462,0.000001
-12.2000,2.1462,0.000001
-12.0000,2.1462,0.000001
-11.8000,2.1462,0.000001
-11.6000,2.1462,0.000001
-11.4000,2.1462,0.000001
-11.2000,2.1462,0.000002
-11.0000,2.1462,0.000002
-10.8000,2.1462,0.000002
-10.6000,2.1462,0.000002
-10.4000,2.1462,0.000002
-10.2000,2.1462,0.000002
-10.0000,2.1462,0.000002
-9.8000,2.1462,0.000003
-9.6000,2.1462,0.000003
-9.4000,2.1462,0.000003
-9.2000,2.1462,0.000004
-9.0000,2.1462,0.000004
-8.8000,2.1462,0.000004
-8.6000,2.1462,0.000005
-8.4000,2.1462,0.000006
-8.2000,2.1462,0.000007
-8.0000,2.1462,0.000008
-7.8000,2.1462,0.000009
-7.6000,2.1462,0.000011
-7.4000,2.1462,0.000013
-7.2000,2.1462,0.000016
-7.0000,2.1462,0.000020
-6.8000,2.1462,0.000024
-6.6000,2.1462,0.000031
-6.4000,2.1462,0.000040
-6.2000,2.1462,0.000052
-6.0000,2.1462,0.000069
-5.8000,2.1462,0.000094
-5.6000,2.1462,0.000131
-5.4000,2.1462,0.000186
-5.2000,2.1462,0.000270
-5.0000,2.1462,0.000402
-4.8000,2.1462,0.000615
-4.6000,2.1462,0.000966
-4.4000,2.1462,0.001559
-4.2000,2.1462,0.002585
-4.0000,2.1462,0.004405
-3.8000,2.1462,0.007702
-3.6000,2.1462,0.013784
-3.4000,2.1462,0.025156
-3.2000,2.1462,0.046555
-3.0000,2.1462,0.086699
-2.8000,2.1462,0.160829
-2.6000,2.1462,0.293391
-2.4000,2.1462,0.518213
-2.2000,2.1462,0.870553
-2.0000,2.1462,1.364425
-1.8000,2.1462,1.957731
-1.6000,2.1462,2.530629
-1.4000,2.1462,2.917912
-1.2000,2.1462,3.000620
-1.0000,2.1462,2.786784
-0.8000,2.1462,2.400196
-0.6000,2.1462,1.992298
-0.4000,2.1462,1.666960
-0.2000,2.1462,1.467174
0.0000,2.1462,1.400801
0.2000,2.1462,1.467174
0.4000,2.1462,1.666960
0.6000,2.1462,1.992298
0.8000,2.1462,2.400196
1.0000,2.1462,2.786784
1.2000,2.1462,3.000620
1.4000,2.1462,2.917912
1.6000,2.1462,2.530629
1.8000,2.1462,1.957731
2.0000,2.1462,1.364425
2.2000,2.1462,0.870553
2.4000,2.1462,0.518213
2.6000,2.1462,0.293391
2.8000,2.1462,0.160829
3.0000,2.1462,0.086699
3.2000,2.1462,0.046555
3.4000,2.1462,0.025156
3.6000,2.1462,0.013784
3.8000,2.1462,0.007702
4.0000,2.1462,0.004405
4.2000,2.1462,0.002585
4.4000,2.1462,0.001559
4.6000,2.1462,0.000966
4.8000,2.1462,0.000615
5.0000,2.1462,0.000402
5.2000,2.1462,0.000270
5.4000,2.1462,0.000186
5.6000,2.1462,0.000131
5.8000,2.1462,0.000094
6.0000,2.1462,0.000069
6.2000,2.1462,0.000052
6.4000,2.1462,0.000040
6.6000,2.1462,0.000031
6.8000,2.1462,0.000024
7.0000,2.1462,0.000020
7.2000,2.1462,0.000016
7.4000,2.1462,0.000013
7.6000,2.1462,0.000011
7.8000,2.1462,0.000009
8.0000,2.1462,0.000008
8.2000,2.1462,0.000007
8.4000,2.1462,0.000006
8.6000,2.1462,0.000005
8.8000,2.1462,0.000004
9.0000,2.1462,0.000004
9.2000,2.1462,0.000004
9.4000,2.1462,0.000003
9.6000,2.1462,0.000003
9.8000,2.1462,0.000003
10.0000,2.1462,0.000002
10.2000,2.1462,0.000002
10.4000,2.1462,0.000002
10.6000,2.1462,0.000002
10.8000,2.1462,0.000002
11.0000,2.1462,0.000002
11.2000,2.1462,0.000002
11.4000,2.1462,0.000001
11.6000,2.1462,0.000001
11.8000,2.1462,0.000001
12.0000,2.1462,0.000001
12.2000,2.1462,0.000001
12.4000,2.1462,0.000001
12.6000,2.1462,0.000001
12.8000,2.1462,0.000001
13.0000,2.1462,0.000001
13.2000,2.1462,0.000001
13.4000,2.1462,0.000001
13.6000,2.1462,0.000001
13.8000,2.1462,0.000001
14.0000,2.1462,0.000001
14.2000,2.1462,0.000001
14.4000,2.1462,0.000001
14.6000,2.1462,0.000001
14.8000,2.1462,0.000001
15.0000,2.1462,0.000001
15.2000,2.1462,0.000001
15.4000,2.1462,0.000001
15.6000,2.1462,0.000001
15.8000,2.1462,0.000001
16.0000,2.1462,0.000001
16.2000,2.1462,0.000001
16.4000,2.1462,0.000001
16.6000,2.1462,0.000001
16.8000,2.1462,0.000001
17.0000,2.1462,0.000001
17.2000,2.1462,0.000001
17.4000,2.1462,0.000001
17.6000,2.1462,0.000001
17.8000,2.1462,0.000001
18.0000,2.1462,0.000001
18.2000,2.1462,0.000001
18.4000,2.1462,0.000001
18.6000,2.1462,0.000001
18.8000,2.1462,0.000001
19.0000,2.1462,0.000001
19.2000,2.1462,0.000001
19.4000,2.1462,0.000001
19.6000,2.1462,0.000001
19.8000,2.1462,0.000000
20.0000,2.1462,0.000000
-20.0000,2.2484,0.000000
-19.8000,2.2484,0.000000
-19.6000,2.2484,0.000001
-19.4000,2.2484,0.000001
-19.2000,2.2484,0.000001
-19.0000,2.2484,0.000001
-18.8000,2.2484,0.000001
-18.6000,2.2484,0.000001
-18.4000,2.2484,0.000001
-18.2000,2.2484,0.000001
-18.0000,2.2484,0.000001
-17.8000,2.2484,0.000001
-17.6000,2.2484,0.000001
-17.4000,2.2484,0.000001
-17.2000,2.2484,0.000001
-17.0000,2.2484,0.000001
-16.8000,2.2484,0.000001
-16.6000,2.2484,0.000001
-16.4000,2.2484,0.000001
-16.2000,2.2484,0.000001
-16.0000,2.2484,0.000001
-15.8000,2.2484,0.000001
-15.6000,2.2484,0.000001
-15.4000,2.2484,0.000001
-15.2000,2.2484,0.000001
-15.0000,2.2484,0.000001
-14.8000,2.2484,0.000001
-14.6000,2.2484,0.000001
-14.4000,2.2484,0.000001
-14.2000,2.2484,0.000001
-14.0000,2.2484,0.000001
-13.8000,2.2484,0.000001
-13.6000,2.2484,0.000001
-13.4000,2.2484,0.000001
-13.2000,2.2484,0.000001
-13.0000,2.2484,0.000001
-12.8000,2.2484,0.000001
-12.6000,2.2484,0.000001
-12.4000,2.2484,0.000001
-12.2000,2.2484,0.000001
-12.0000,2.2484,0.000001
-11.8000,2.2484,0.000001
-11.6000,2.2484,0.000001
-11.4000,2.2484,0.000001
-11.2000,2.2484,0.000002
-11.0000,2.2484,0.000002
-10.8000,2.2484,0.000002
-10.6000,2.2484,0.000002
-10.4000,2.2484,0.000002
-10.2000,2.2484,0.000002
-10.0000,2.2484,0.000002
-9.8000,2.2484,0.000003
-9.6000,2.2484,0.000003
-9.4000,2.2484,0.000003
-9.2000,2.2484,0.000004
-9.0000,2.2484,0.000004
-8.8000,2.2484,0.000005
-8.6000,2.2484,0.000005
-8.4000,2.2484,0.000006
-8.2000,2.2484,0.000007
-8.0000,2.2484,0.000008
-7.8000,2.2484,0.000009
-7.6000,2.2484,0.000011
-7.4000,2.2484,0.000014
-7.2000,2.2484,0.000016
-7.0000,2.2484,0.000020
-6.8000,2.2484,0.000025
-6.6000,2.2484,0.000032
-6.4000,2.2484,0.000042
-6.2000,2.2484,0.000055
-6.0000,2.2484,0.000073
-5.8000,2.2484,0.000100
-5.6000,2.2484,0.000140
-5.4000,2.2484,0.000200
-5.2000,2.2484,0.000293
-5.0000,2.2484,0.000439
-4.8000,2.2484,0.000676
-4.6000,2.2484,0.001071
-4.4000,2.2484,0.001742
-4.2000,2.2484,0.002915
-4.0000,2.2484,0.005011
-3.8000,2.2484,0.008838
-3.6000,2.2484,0.015945
-3.4000,2.2484,0.029304
-3.2000,2.2484,0.054516
-3.0000,2.2484,0.101799
-2.8000,2.2484,0.188702
-2.6000,2.2484,0.342450
-2.4000,2.2484,0.598453
-2.2000,2.2484,0.988478
-2.0000,2.2484,1.513145
-1.8000,2.2484,2.107031
-1.6000,2.2484,2.629483
-1.4000,2.2484,2.918159
-1.2000,2.2484,2.887969
-1.0000,2.2484,2.589311
-0.8000,2.2484,2.165644
-0.6000,2.2484,1.758763
-0.4000,2.2484,1.450749
-0.2000,2.2484,1.267115
0.0000,2.2484,1.206927
0.2000,2.2484,1.267115
0.4000,2.2484,1.450749
0.6000,2.2484,1.758763
0.8000,2.2484,2.165644
1.0000,2.2484,2.589311
1.2000,2.2484,2.887969
1.4000,2.2484,2.918159
1.6000,2.2484,2.629483
1.8000,2.2484,2.107031
2.0000,2.2484,1.513145
2.2000,2.2484,0.988478
2.4000,2.2484,0.598453
2.6000,2.2484,0.342450
2.8000,2.2484,0.188702
3.0000,2.2484,0.101799
3.2000,2.2484,0.054516
3.4000,2.2484,0.029304
3.6000,2.2484,0.015945
3.8000,2.2484,0.008838
4.0000,2.2484,0.005011
4.2000,2.2484,0.002915
4.4000,2.2484,0.001742
4.6000,2.2484,0.001071
4.8000,2.2484,0.000676
5.0000,2.2484,0.000439
5.2000,2.2484,0.000293
5.4000,2.2484,0.000200
5.6000,2.2484,0.000140
5.8000,2.2484,0.000100
6.0000,2.2484,0.000073
6.2000,2.2484,0.000055
6.4000,2.2484,0.000042
6.6000,2.2484,0.000032
6.8000,2.2484,0.000025
7.0000,2.2484,0.000020
7.2000,2.2484,0.000016
7.4000,2.2484,0.000014
7.6000,2.2484,0.000011
7.8000,2.2484,0.000009
8.0000,2.2484,0.000008
8.2000,2.2484,0.000007
8.4000,2.2484,0.000006
8.6000,2.2484,0.000005
8.8000,2.2484,0.000005
9.0000,2.2484,0.000004
9.2000,2.2484,0.000004
9.4000,2.2484,0.000003
9.6000,2.2484,0.000003
9.8000,2.2484,0.000003
10.0000,2.2484,0.000002
10.2000,2.2484,0.000002
10.4000,2.2484,0.000002
10.6000,2.2484,0.000002
10.8000,2.2484,0.000002
11.0000,2.2484,0.000002
11.2000,2.2484,0.000002
11.4000,2.2484,0.000001
11.6000,2.2484,0.000001
11.8000,2.2484,0.000001
12.0000,2.2484,0.000001
12.2000,2.2484,0.000001
12.4000,2.2484,0.000001
12.6000,2.2484,0.000001
12.8000,2.2484,0.000001
13.0000,2.2484,0.000001
13.2000,2.2484,0.000001
13.4000,2.2484,0.000001
13.6000,2.2484,0.000001
13.8000,2.2484,0.000001
14.0000,2.2484,0.000001
14.2000,2.2484,0.000001
14.4000,2.2484,0.000001
14.6000,2.2484,0.000001
14.8000,2.2484,0.000001
15.0000,2.2484,0.000001
15.2000,2.2484,0.000001
15.4000,2.2484,0.000001
15.6000,2.2484,0.000001
15.8000,2.2484,0.000001
16.0000,2.2484,0.000001
16.2000,2.2484,0.000001
16.4000,2.2484,0.000001
16.6000,2.2484,0.000001
16.8000,2.2484,0.000001
17.0000,2.2484,0.000001
17.2000,2.2484,0.000001
17.4000,2.2484,0.000001
17.6000,2.2484,0.000001
17.8000,2.2484,0.000001
18.0000,2.2484,0.000001
18.2000,2.2484,0.000001
18.4000,2.2484,0.000001
18.6000,2.2484,0.000001
18.8000,2.2484,0.000001
19.0000,2.2484,0.000001
19.2000,2.2484,0.000001
19.4000,2.2484,0.000001
19.6000,2.2484,0.000001
19.8000,2.2484,0.000000
20.0000,2.2484,0.000000
-20.0000,2.3506,0.000000
-19.8000,2.3506,0.000001
-19.6000,2.3506,0.000001
-19.4000,2.3506,0.000001
-19.2000,2.3506,0.000001
-19.0000,2.3506,0.000001
-18.8000,2.3506,0.000001
-18.6000,2.3506,0.000001
-18.4000,2.3506,0.000001
-18.2000,2.3506,0.000001
-18.0000,2.3506,0.000001
-17.8000,2.3506,0.000001
-17.6000,2.3506,0.000001
-17.4000,2.3506,0.000001
-17.2000,2.3506,0.000001
-17.0000,2.3506,0.000001
-16.8000,2.3506,0.000001
-16.6000,2.3506,0.000001
-16.4000,2.3506,0.000001
-16.2000,2.3506,0.000001
-16.0000,2.3506,0.000001
-15.8000,2.3506,0.000001
-15.6000,2.3506,0.000001
-15.4000,2.3506,0.000001
-15.2000,2.3506,0.000001
-15.0000,2.3506,0.000001
-14.8000,2.3506,0.000001
-14.6000,2.3506,0.000001
-14.4000,2.3506,0.000001
-14.2000,2.3506,0.000001
-14.0000,2.3506,0.000001
-13.8000,2.3506,0.000001
-13.6000,2.3506,0.000001
-13.4000,2.3506,0.000001
-13.2000,2.3506,0.000001
-13.0000,2.3506,0.000001
-12.8000,2.3506,0.000001
-12.6000,2.3506,0.000001
-12.4000,2.3506,0.000001
-12.2000,2.3506,0.000001
-12.0000,2.3506,0.000001
-11.8000,2.3506,0.000001
-11.6000,2.3506,0.000001
-11.4000,2.3506,0.000001
-11.2000,2.3506,0.000002
-11.0000,2.3506,0.000002
-10.8000,2.3506,0.000002
-10.6000,2.3506,0.000002
-10.4000,2.3506,0.000002
-10.2000,2.3506,0.000002
-10.0000,2.3506,0.000002
-9.8000,2.3506,0.000003
-9.6000,2.3506,0.000003
-9.4000,2.3506,0.000003
-9.2000,2.3506,0.000004
-9.0000,2.3506,0.000004
-8.8000,2.3506,0.000005
-8.6000,2.3506,0.000005
-8.4000,2.3506,0.000006
-8.2000,2.3506,0.000007
-8.0000,2.3506,0.000008
-7.8000,2.3506,0.000010
-7.6000,2.3506,0.000012
-7.4000,2.3506,0.000014
-7.2000,2.3506,0.000017
-7.0000,2.3506,0.000021
-6.8000,2.3506,0.000027
-6.6000,2.3506,0.000034
-6.4000,2.3506,0.000044
-6.2000,2.3506,0.000058
-6.0000,2.3506,0.000078
-5.8000,2.3506,0.000107
-5.6000,2.3506,0.000150
-5.4000,2.3506,0.000216
-5.2000,2.3506,0.000318
-5.0000,2.3506,0.000481
-4.8000,2.3506,0.000747
-4.6000,2.3506,0.001193
-4.4000,2.3506,0.001958
-4.2000,2.3506,0.003306
-4.0000,2.3506,0.005734
-3.8000,2.3506,0.010199
-3.6000,2.3506,0.018547
-3.4000,2.3506,0.034311
-3.2000,2.3506,0.064125
-3.0000,2.3506,0.119950
-2.8000,2.3506,0.221880
-2.6000,2.3506,0.399866
-2.4000,2.3506,0.689921
-2.2000,2.3506,1.117794
-2.0000,2.3506,1.667205
-1.8000,2.3506,2.248130
-1.6000,2.3506,2.704191
-1.4000,2.3506,2.886145
-1.2000,2.3506,2.749196
-1.0000,2.3506,2.381940
-0.8000,2.3506,1.937633
-0.6000,2.3506,1.542217
-0.4000,2.3506,1.255960
-0.2000,2.3506,1.089629
0.0000,2.3506,1.035749
0.2000,2.3506,1.089629
0.4000,2.3506,1.255960
0.6000,2.3506,1.542217
0.8000,2.3506,1.937633
1.0000,2.3506,2.381940
1.2000,2.3506,2.749196
1.4000,2.3506,2.886145
1.6000,2.3506,2.704191
1.8000,2.3506,2.248130
2.0000,2.3506,1.667205
2.2000,2.3506,1.117794
2.4000,2.3506,0.689921
2.6000,2.3506,0.399866
2.8000,2.3506,0.221880
3.0000,2.3506,0.119950
3.2000,2.3506,0.064125
3.4000,2.3506,0.034311
3.6000,2.3506,0.018547
3.8000,2.3506,0.010199
4.0000,2.3506,0.005734
4.2000,2.3506,0.003306
4.4000,2.3506,0.001958
4.6000,2.3506,0.001193
4.8000,2.3506,0.000747
5.0000,2.3506,0.000481
5.2000,2.3506,0.000318
5.4000,2.3506,0.000216
5.6000,2.3506,0.000150
5.8000,2.3506,0.000107
6.0000,2.3506,0.000078
6.2000,2.3506,0.000058
6.4000,2.3506,0.000044
6.6000,2.3506,0.000034
6.8000,2.3506,0.000027
7.0000,2.3506,0.000021
7.2000,2.3506,0.000017
7.4000,2.3506,0.000014
7.6000,2.3506,0.000012
7.8000,2.3506,0.000010
8.0000,2.3506,0.000008
8.2000,2.3506,0.000007
8.4000,2.3506,0.000006
8.6000,2.3506,0.000005
8.8000,2.3506,0.000005
9.0000,2.3506,0.000004
9.2000,2.3506,0.000004
9.4000,2.3506,0.000003
9.6000,2.3506,0.000003
9.8000,2.3506,0.000003
10.0000,2.3506,0.000002
10.2000,2.3506,0.000002
10.4000,2.3506,0.000002
10.6000,2.3506,0.000002
10.8000,2.3506,0.000002
11.0000,2.3506,0.000002
11.2000,2.3506,0.000002
11.4000,2.3506,0.000001
11.6000,2.3506,0.000001
11.8000,2.3506,0.000001
12.0000,2.3506,0.000001
12.2000,2.3506,0.000001
12.4000,2.3506,0.000001
12.6000,2.3506,0.000001
12.8000,2.3506,0.000001
13.0000,2.3506,0.000001
13.2000,2.3506,0.000001
13.4000,2.3506,0.000001
13.6000,2.3506,0.000001
13.8000,2.3506,0.000001
14.0000,2.3506,0.000001
14.2000,2.3506,0.000001
14.4000,2.3506,0.000001
14.6000,2.3506,0.000001
14.8000,2.3506,0.000001
15.0000,2.3506,0.000001
15.2000,2.3506,0.000001
15.4000,2.3506,0.000001
15.6000,2.3506,0.000001
15.8000,2.3506,0.000001
16.0000,2.3506,0.000001
16.2000,2.3506,0.000001
16.4000,2.3506,0.000001
16.6000,2.3506,0.000001
16.8000,2.3506,0.000001
17.0000,2.3506,0.000001
17.2000,2.3506,0.000001
17.4000,2.3506,0.000001
17.6000,2.3506,0.000001
17.8000,2.3506,0.000001
18.0000,2.3506,0.000001
18.2000,2.3506,0.000001
18.4000,2.3506,0.000001
18.6000,2.3506,0.000001
18.8000,2.3506,0.000001
19.0000,2.3506,0.000001
19.2000,2.3506,0.000001
19.4000,2.3506,0.000001
19.6000,2.3506,0.000001
19.8000,2.3506,0.000001
20.0000,2.3506,0.000000
-20.0000,2.4528,0.000000
-19.8000,2.4528,0.000001
-19.6000,2.4528,0.000001
-19.4000,2.4528,0.000001
-19.2000,2.4528,0.000001
-19.0000,2.4528,0.000001
-18.8000,2.4528,0.000001
-18.6000,2.4528,0.000001
-18.4000,2.4528,0.000001
-18.2000,2.4528,0.000001
-18.0000,2.4528,0.000001
-17.8000,2.4528,0.000001
-17.6000,2.4528,0.000001
-17.4000,2.4528,0.000001
-17.2000,2.4528,0.000001
-17.0000,2.4528,0.000001
-16.8000,2.4528,0.000001
-16.6000,2.4528,0.000001
-16.4000,2.4528,0.000001
-16.2000,2.4528,0.000001
-16.0000,2.4528,0.000001
-15.8000,2.4528,0.000001
-15.6000,2.4528,0.000001
-15.4000,2.4528,0.000001
-15.2000,2.4528,0.000001
-15.0000,2.4528,0.000001
-14.8000,2.4528,0.000001
-14.6000,2.4528,0.000001
-14.4000,2.4528,0.000001
-14.2000,2.4528,0.000001
-14.0000,2.4528,0.000001
-13.8000,2.4528,0.000001
-13.6000,2.4528,0.000001
-13.4000,2.4528,0.000001
-13.2000,2.4528,0.000001
-13.0000,2.4528,0.000001
-12.8000,2.4528,0.000001
-12.6000,2.4528,0.000001
-12.4000,2.4528,0.000001
-12.2000,2.4528,0.000001
-12.0000,2.4528,0.000001
-11.8000,2.4528,0.000001
-11.6000,2.4528,0.000001
-11.4000,2.4528,0.000002
-11.2000,2.4528,0.000002
-11.0000,2.4528,0.000002
-10.8000,2.4528,0.000002
-10.6000,2.4528,0.000002
-10.4000,2.4528,0.000002
-10.2000,2.4528,0.000002
-10.0000,2.4528,0.000003
-9.8000,2.4528,0.000003
-9.6000,2.4528,0.000003
-9.4000,2.4528,0.000003
-9.2000,2.4528,0.000004
-9.0000,2.4528,0.000004
-8.8000,2.4528,0.000005
-8.6000,2.4528,0.000005
-8.4000,2.4528,0.000006
-8.2000,2.4528,0.000007
-8.0000,2.4528,0.000008
-7.8000,2.4528,0.000010
-7.6000,2.4528,0.000012
-7.4000,2.4528,0.000014
-7.2000,2.4528,0.000018
-7.0000,2.4528,0.000022
-6.8000,2.4528,0.000028
-6.6000,2.4528,0.000036
-6.4000,2.4528,0.000046
-6.2000,2.4528,0.000061
-6.0000,2.4528,0.000083
-5.8000,2.4528,0.000115
-5.6000,2.4528,0.000162
-5.4000,2.4528,0.000235
-5.2000,2.4528,0.000348
-5.0000,2.4528,0.000530
-4.8000,2.4528,0.000830
-4.6000,2.4528,0.001336
-4.4000,2.4528,0.002212
-4.2000,2.4528,0.003769
-4.0000,2.4528,0.006596
-3.8000,2.4528,0.011835
-3.6000,2.4528,0.021687
-3.4000,2.4528,0.040366
-3.2000,2.4528,0.075730
-3.0000,2.4528,0.141744
-2.8000,2.4528,0.261247
-2.6000,2.4528,0.466661
-2.4000,2.4528,0.793183
-2.2000,2.4528,1.257529
-2.0000,2.4528,1.823202
-1.8000,2.4528,2.375921
-1.6000,2.4528,2.750847
-1.4000,2.4528,2.822097
-1.2000,2.4528,2.588545
-1.0000,2.4528,2.169958
-0.8000,2.4528,1.719746
-0.6000,2.4528,1.343830
-0.4000,2.4528,1.082028
-0.2000,2.4528,0.933279
0.0000,2.4528,0.885586
0.2000,2.4528,0.933279
0.4000,2.4528,1.082028
0.6000,2.4528,1.343830
0.8000,2.4528,1.719746
1.0000,2.4528,2.169958
1.2000,2.4528,2.588545
1.4000,2.4528,2.822097
1.6000,2.4528,2.750847
1.8000,2.4528,2.375921
2.0000,2.4528,1.823202
2.2000,2.4528,1.257529
2.4000,2.4528,0.793183
2.6000,2.4528,0.466661
2.8000,2.4528,0.261247
3.0000,2.4528,0.141744
3.2000,2.4528,0.075730
3.4000,2.4528,0.040366
3.6000,2.4528,0.021687
3.8000,2.4528,0.011835
4.0000,2.4528,0.006596
4.2000,2.4528,0.003769
4.4000,2.4528,0.002212
4.6000,2.4528,0.001336
4.8000,2.4528,0.000830
5.0000,2.4528,0.000530
5.2000,2.4528,0.000348
5.4000,2.4528,0.000235
5.6000,2.4528,0.000162
5.8000,2.4528,0.000115
6.0000,2.4528,0.000083
6.2000,2.4528,0.000061
6.4000,2.4528,0.000046
6.6000,2.4528,0.000036
6.8000,2.4528,0.000028
7.0000,2.4528,0.000022
7.2000,2.4528,0.000018
7.4000,2.4528,0.000014
7.6000,2.4528,0.000012
7.8000,2.4528,0.000010
8.0000,2.4528,0.000008
8.2000,2.4528,0.000007
8.4000,2.4528,0.000006
8.6000,2.4528,0.000005
8.8000,2.4528,0.000005
9.0000,2.4528,0.000004
9.2000,2.4528,0.000004
9.4000,2.4528,0.000003
9.6000,2.4528,0.000003
9.8000,2.4528,0.000003
10.0000,2.4528,0.000003
10.2000,2.4528,0.000002
10.4000,2.4528,0.000002
10.6000,2.4528,0.000002
10.8000,2.4528,0.000002
11.0000,2.4528,0.000002
11.2000,2.4528,0.000002
11.4000,2.4528,0.000002
11.6000,2.4528,0.000001
11.8000,2.4528,0.000001
12.0000,2.4528,0.000001
12.2000,2.4528,0.000001
12.4000,2.4528,0.000001
12.6000,2.4528,0.000001
12.8000,2.4528,0.000001
13.0000,2.4528,0.000001
13.2000,2.4528,0.000001
13.4000,2.4528,0.000001
13.6000,2.4528,0.000001
13.8000,2.4528,0.000001
14.0000,2.4528,0.000001
14.2000,2.4528,0.000001
14.4000,2.4528,0.000001
14.6000,2.4528,0.000001
14.8000,2.4528,0.000001
15.0000,2.4528,0.000001
15.2000,2.4528,0.000001
15.4000,2.4528,0.000001
15.6000,2.4528,0.000001
15.8000,2.4528,0.000001
16.0000,2.4528,0.000001
16.2000,2.4528,0.000001
16.4000,2.4528,0.000001
16.6000,2.4528,0.000001
16.8000,2.4528,0.000001
17.0000,2.4528,0.000001
17.2000,2.4528,0.000001
17.4000,2.4528,0.000001
17.6000,2.4528,0.000001
17.8000,2.4528,0.000001
18.0000,2.4528,0.000001
18.2000,2.4528,0.000001
18.4000,2.4528,0.000001
18.6000,2.4528,0.000001
18.8000,2.4528,0.000001
19.0000,2.4528,0.000001
19.2000,2.4528,0.000001
19.4000,2.4528,0.000001
19.6000,2.4528,0.000001
19.8000,2.4528,0.000001
20.0000,2.4528,0.000000
-20.0000,2.5550,0.000000
-19.8000,2.5550,0.000001
-19.6000,2.5550,0.000001
-19.4000,2.5550,0.000001
-19.2000,2.5550,0.000001
-19.0000,2.5550,0.000001
-18.8000,2.5550,0.000001
-18.6000,2.5550,0.000001
-18.4000,2.5550,0.000001
-18.2000,2.5550,0.000001
-18.0000,2.5550,0.000001
-17.8000,2.5550,0.000001
-17.6000,2.5550,0.000001
-17.4000,2.5550,0.000001
-17.2000,2.5550,0.000001
-17.0000,2.5550,0.000001
-16.8000,2.5550,0.000001
-16.6000,2.5550,0.000001
-16.4000,2.5550,0.000001
-16.2000,2.5550,0.000001
-16.0000,2.5550,0.000001
-15.8000,2.5550,0.000001
-15.6000,2.5550,0.000001
-15.4000,2.5550,0.000001
-15.2000,2.5550,0.000001
-15.0000,2.5550,0.000001
-14.8000,2.5550,0.000001
-14.6000,2.5550,0.000001
-14.4000,2.5550,0.000001
-14.2000,2.5550,0.000001
-14.0000,2.5550,0.000001
-13.8000,2.5550,0.000001
-13.6000,2.5550,0.000001
-13.4000,2.5550,0.000001
-13.2000,2.5550,0.000001
-13.0000,2.5550,0.000001
-12.8000,2.5550,0.000001
-12.6000,2.5550,0.000001
-12.4000,2.5550,0.000001
-12.2000,2.5550,0.000001
-12.0000,2.5550,0.000001
-11.8000,2.5550,0.000001
-11.6000,2.5550,0.000001
-11.4000,2.5550,0.000002
-11.2000,2.5550,0.000002
-11.0000,2.5550,0.000002
-10.8000,2.5550,0.000002
-10.6000,2.5550,0.000002
-10.4000,2.5550,0.000002
-10.2000,2.5550,0.000002
-10.0000,2.5550,0.000003
-9.8000,2.5550,0.000003
-9.6000,2.5550,0.000003
-9.4000,2.5550,0.000003
-9.2000,2.5550,0.000004
-9.0000,2.5550,0.000004
-8.8000,2.5550,0.000005
-8.6000,2.5550,0.000006
-8.4000,2.5550,0.000006
-8.2000,2.5550,0.000007
-8.0000,2.5550,0.000009
-7.8000,2.5550,0.000010
-7.6000,2.5550,0.000012
-7.4000,2.5550,0.000015
-7.2000,2.5550,0.000018
-7.0000,2.5550,0.000023
-6.8000,2.5550,0.000029
-6.6000,2.5550,0.000037
-6.4000,2.5550,0.000049
-6.2000,2.5550,0.000065
-6.0000,2.5550,0.000089
-5.8000,2.5550,0.000123
-5.6000,2.5550,0.000175
-5.4000,2.5550,0.000255
-5.2000,2.5550,0.000382
-5.0000,2.5550,0.000586
-4.8000,2.5550,0.000925
-4.6000,2.5550,0.001503
-4.4000,2.5550,0.002512
-4.2000,2.5550,0.004320
-4.0000,2.5550,0.007630
-3.8000,2.5550,0.013806
-3.6000,2.5550,0.025485
-3.4000,2.5550,0.047699
-3.2000,2.5550,0.089748
-3.0000,2.5550,0.167869
-2.8000,2.5550,0.307771
-2.6000,2.5550,0.543813
-2.4000,2.5550,0.908465
-2.2000,2.5550,1.406006
-2.0000,2.5550,1.977000
-1.8000,2.5550,2.485269
-1.6000,2.5550,2.766608
-1.4000,2.5550,2.727700
-1.2000,2.5550,2.410981
-1.0000,2.5550,1.958327
-0.8000,2.5550,1.514771
-0.6000,2.5550,1.164092
-0.4000,2.5550,0.927988
-0.2000,2.5550,0.796447
0.0000,2.5550,0.754647
0.2000,2.5550,0.796447
0.4000,2.5550,0.927988
0.6000,2.5550,1.164092
0.8000,2.5550,1.514771
1.0000,2.5550,1.958327
1.2000,2.5550,2.410981
1.4000,2.5550,2.727700
1.6000,2.5550,2.766608
1.8000,2.5550,2.485269
2.0000,2.5550,1.977000
2.2000,2.5550,1.406006
2.4000,2.5550,0.908465
2.6000,2.5550,0.543813
2.8000,2.5550,0.307771
3.0000,2.5550,0.167869
3.2000,2.5550,0.089748
3.4000,2.5550,0.047699
3.6000,2.5550,0.025485
3.8000,2.5550,0.013806
4.0000,2.5550,0.007630
4.2000,2.5550,0.004320
4.4000,2.5550,0.002512
4.6000,2.5550,0.001503
4.8000,2.5550,0.000925
5.0000,2.5550,0.000586
5.2000,2.5550,0.000382
5.4000,2.5550,0.000255
5.6000,2.5550,0.000175
5.8000,2.5550,0.000123
6.0000,2.5550,0.000089
6.2000,2.5550,0.000065
6.4000,2.5550,0.000049
6.6000,2.5550,0.000037
6.8000,2.5550,0.000029
7.0000,2.5550,0.000023
7.2000,2.5550,0.000018
7.4000,2.5550,0.000015
7.6000,2.5550,0.000012
7.8000,2.5550,0.000010
8.0000,2.5550,0.000009
8.2000,2.5550,0.000007
8.4000,2.5550,0.000006
8.6000,2.5550,0.000006
8.8000,2.5550,0.000005
9.0000,2.5550,0.000004
9.2000,2.5550,0.000004
9.4000,2.5550,0.000003
9.6000,2.5550,0.000003
9.8000,2.5550,0.000003
10.0000,2.5550,0.000003
10.2000,2.5550,0.000002
10.4000,2.5550,0.000002
10.6000,2.5550,0.000002
10.8000,2.5550,0.000002
11.0000,2.5550,0.000002
11.2000,2.5550,0.000002
11.4000,2.5550,0.000002
11.6000,2.5550,0.000001
11.8000,2.5550,0.000001
12.0000,2.5550,0.000001
12.2000,2.5550,0.000001
12.4000,2.5550,0.000001
12.6000,2.5550,0.000001
12.8000,2.5550,0.000001
13.0000,2.5550,0.000001
13.2000,2.5550,0.000001
13.4000,2.5550,0.000001
13.6000,2.5550,0.000001
13.8000,2.5550,0.000001
14.0000,2.5550,0.000001
14.2000,2.5550,0.000001
14.4000,2.5550,0.000001
14.6000,2.5550,0.000001
14.8000,2.5550,0.000001
15.0000,2.5550,0.000001
15.2000,2.5550,0.000001
15.4000,2.5550,0.000001
15.6000,2.5550,0.000001
15.8000,2.5550,0.000001
16.0000,2.5550,0.000001
16.2000,2.5550,0.000001
16.4000,2.5550,0.000001
16.6000,2.5550,0.000001
16.8000,2.5550,0.000001
17.0000,2.5550,0.000001
17.2000,2.5550,0.000001
17.4000,2.5550,0.000001
17.6000,2.5550,0.000001
17.8000,2.5550,0.000001
18.0000,2.5550,0.000001
18.2000,2.5550,0.000001
18.4000,2.5550,0.000001
18.6000,2.5550,0.000001
18.8000,2.5550,0.000001
19.0000,2.5550,0.000001
19.2000,2.5550,0.000001
19.4000,2.5550,0.000001
19.6000,2.5550,0.000001
19.8000,2.5550,0.000001
20.0000,2.5550,0.000000
-20.0000,2.6572,0.000000
-19.8000,2.6572,0.000001
-19.6000,2.6572,0.000001
-19.4000,2.6572,0.000001
-19.2000,2.6572,0.000001
-19.0000,2.6572,0.000001
-18.8000,2.6572,0.000001
-18.6000,2.6572,0.000001
-18.4000,2.6572,0.000001
-18.2000,2.6572,0.000001
-18.0000,2.6572,0.000001
-17.8000,2.6572,0.000001
-17.6000,2.6572,0.000001
-17.4000,2.6572,0.000001
-17.2000,2.6572,0.000001
-17.0000,2.6572,0.000001
-16.8000,2.6572,0.000001
-16.6000,2.6572,0.000001
-16.4000,2.6572,0.000001
-16.2000,2.6572,0.000001
-16.0000,2.6572,0.000001
-15.8000,2.6572,0.000001
-15.6000,2.6572,0.000001
-15.4000,2.6572,0.000001
-15.2000,2.6572,0.000001
-15.0000,2.6572,0.000001
-14.8000,2.6572,0.000001
-14.6000,2.6572,0.000001
-14.4000,2.6572,0.000001
-14.2000,2.6572,0.000001
-14.0000,2.6572,0.000001
-13.8000,2.6572,0.000001
-13.6000,2.6572,0.000001
-13.4000,2.6572,0.000001
-13.2000,2.6572,0.000001
-13.0000,2.6572,0.000001
-12.8000,2.6572,0.000001
-12.6000,2.6572,0.000001
-12.4000,2.6572,0.000001
-12.2000,2.6572,0.000001
-12.0000,2.6572,0.000001
-11.8000,2.6572,0.000001
-11.6000,2.6572,0.000001
-11.4000,2.6572,0.000002
-11.2000,2.6572,0.000002
-11.0000,2.6572,0.000002
-10.8000,2.6572,0.000002
-10.6000,2.6572,0.000002
-10.4000,2.6572,0.000002
-10.2000,2.6572,0.000002
-10.0000,2.6572,0.000003
-9.8000,2.6572,0.000003
-9.6000,2.6572,0.000003
-9.4000,2.6572,0.000003
-9.2000,2.6572,0.000004
-9.0000,2.6572,0.000004
-8.8000,2.6572,0.000005
-8.6000,2.6572,0.000006
-8.4000,2.6572,0.000007
-8.2000,2.6572,0.000008
-8.0000,2.6572,0.000009
-7.8000,2.6572,0.000011
-7.6000,2.6572,0.000013
-7.4000,2.6572,0.000016
-7.2000,2.6572,0.000019
-7.0000,2.6572,0.000024
-6.8000,2.6572,0.000031
-6.6000,2.6572,0.000039
-6.4000,2.6572,0.000052
-6.2000,2.6572,0.000069
-6.0000,2.6572,0.000095
-5.8000,2.6572,0.000133
-5.6000,2.6572,0.000190
-5.4000,2.6572,0.000279
-5.2000,2.6572,0.000421
-5.0000,2.6572,0.000651
-4.8000,2.6572,0.001037
-4.6000,2.6572,0.001700
-4.4000,2.6572,0.002868
-4.2000,2.6572,0.004978
-4.0000,2.6572,0.008873
-3.8000,2.6572,0.016188
-3.6000,2.6572,0.030089
-3.4000,2.6572,0.056587
-3.2000,2.6572,0.106672
-3.0000,2.6572,0.199111
-2.8000,2.6572,0.362476
-2.6000,2.6572,0.632187
-2.4000,2.6572,1.035535
-2.2000,2.6572,1.560768
-2.0000,2.6572,2.123858
-1.8000,2.6572,2.571354
-1.6000,2.6572,2.749943
-1.4000,2.6572,2.605969
-1.2000,2.6572,2.221837
-1.0000,2.6572,1.751459
-0.8000,2.6572,1.324692
-0.6000,2.6572,1.002908
-0.4000,2.6572,0.792593
-0.2000,2.6572,0.677416
0.0000,2.6572,0.641099
0.2000,2.6572,0.677416
0.4000,2.6572,0.792593
0.6000,2.6572,1.002908
0.8000,2.6572,1.324692
1.0000,2.6572,1.751459
1.2000,2.6572,2.221837
1.4000,2.6572,2.605969
1.6000,2.6572,2.749943
1.8000,2.6572,2.571354
2.0000,2.6572,2.123858
2.2000,2.6572,1.560768
2.4000,2.6572,1.035535
2.6000,2.6572,0.632187
2.8000,2.6572,0.362476
3.0000,2.6572,0.199111
3.2000,2.6572,0.106672
3.4000,2.6572,0.056587
3.6000,2.6572,0.030089
3.8000,2.6572,0.016188
4.0000,2.6572,0.008873
4.2000,2.6572,0.004978
4.4000,2.6572,0.002868
4.6000,2.6572,0.001700
4.8000,2.6572,0.001037
5.0000,2.6572,0.000651
5.2000,2.6572,0.000421
5.4000,2.6572,0.000279
5.6000,2.6572,0.000190
5.8000,2.6572,0.000133
6.0000,2.6572,0.000095
6.2000,2.6572,0.000069
6.4000,2.6572,0.000052
6.6000,2.6572,0.000039
6.8000,2.6572,0.000031
7.0000,2.6572,0.000024
7.2000,2.6572,0.000019
7.4000,2.6572,0.000016
7.6000,2.6572,0.000013
7.8000,2.6572,0.000011
8.0000,2.6572,0.000009
8.2000,2.6572,0.000008
8.4000,2.6572,0.000007
8.6000,2.6572,0.000006
8.8000,2.6572,0.000005
9.0000,2.6572,0.000004
9.2000,2.6572,0.000004
9.4000,2.6572,0.000003
9.6000,2.6572,0.000003
9.8000,2.6572,0.000003
10.0000,2.6572,0.000003
10.2000,2.6572,0.000002
10.4000,2.6572,0.000002
10.6000,2.6572,0.000002
10.8000,2.6572,0.000002
11.0000,2.6572,0.000002
11.2000,2.6572,0.000002
11.4000,2.6572,0.000002
11.6000,2.6572,0.000001
11.8000,2.6572,0.000001
12.0000,2.6572,0.000001
12.2000,2.6572,0.000001
12.4000,2.6572,0.000001
12.6000,2.6572,0.000001
12.8000,2.6572,0.000001
13.0000,2.6572,0.000001
13.2000,2.6572,0.000001
13.4000,2.6572,0.000001
13.6000,2.6572,0.000001
13.8000,2.6572,0.000001
14.0000,2.6572,0.000001
14.2000,2.6572,0.000001
14.4000,2.6572,0.000001
14.6000,2.6572,0.000001
14.8000,2.6572,0.000001
15.0000,2.6572,0.000001
15.2000,2.6572,0.000001
15.4000,2.6572,0.000001
15.6000,2.6572,0.000001
15.8000,2.6572,0.000001
16.0000,2.6572,0.000001
16.2000,2.6572,0.000001
16.4000,2.6572,0.000001
16.6000,2.6572,0.000001
16.8000,2.6572,0.000001
17.0000,2.6572,0.000001
17.2000,2.6572,0.000001
17.4000,2.6572,0.000001
17.6000,2.6572,0.000001
17.8000,2.6572,0.000001
18.0000,2.6572,0.000001
18.2000,2.6572,0.000001
18.4000,2.6572,0.000001
18.6000,2.6572,0.000001
18.8000,2.6572,0.000001
19.0000,2.6572,0.000001
19.2000,2.6572,0.000001
19.4000,2.6572,0.000001
19.6000,2.6572,0.000001
19.8000,2.6572,0.000001
20.0000,2.6572,0.000000
-20.0000,2.7594,0.000000
-19.8000,2.7594,0.000001
-19.6000,2.7594,0.000001
-19.4000,2.7594,0.000001
-19.2000,2.7594,0.000001
-19.0000,2.7594,0.000001
-18.8000,2.7594,0.000001
-18.6000,2.7594,0.000001
-18.4000,2.7594,0.000001
-18.2000,2.7594,0.000001
-18.0000,2.7594,0.000001
-17.8000,2.7594,0.000001
-17.6000,2.7594,0.000001
-17.4000,2.7594,0.000001
-17.2000,2.7594,0.000001
-17.0000,2.7594,0.000001
-16.8000,2.7594,0.000001
-16.6000,2.7594,0.000001
-16.4000,2.7594,0.000001
-16.2000,2.7594,0.000001
-16.0000,2.7594,0.000001
-15.8000,2.7594,0.000001
-15.6000,2.7594,0.000001
-15.4000,2.7594,0.000001
-15.2000,2.7594,0.000001
-15.0000,2.7594,0.000001
-14.8000,2.7594,0.000001
-14.6000,2.7594,0.000001
-14.4000,2.7594,0.000001
-14.2000,2.7594,0.000001
-14.0000,2.7594,0.000001
-13.8000,2.7594,0.000001
-13.6000,2.7594,0.000001
-13.4000,2.7594,0.000001
-13.2000,2.7594,0.000001
-13.0000,2.7594,0.000001
-12.8000,2.7594,0.000001
-12.6000,2.7594,0.000001
-12.4000,2.7594,0.000001
-12.2000,2.7594,0.000001
-12.0000,2.7594,0.000001
-11.8000,2.7594,0.000001
-11.6000,2.7594,0.000001
-11.4000,2.7594,0.000002
-11.2000,2.7594,0.000002
-11.0000,2.7594,0.000002
-10.8000,2.7594,0.000002
-10.6000,2.7594,0.000002
-10.4000,2.7594,0.000002
-10.2000,2.7594,0.000002
-10.0000,2.7594,0.000003
-9.8000,2.7594,0.000003
-9.6000,2.7594,0.000003
-9.4000,2.7594,0.000004
-9.2000,2.7594,0.000004
-9.0000,2.7594,0.000004
-8.8000,2.7594,0.000005
-8.6000,2.7594,0.000006
-8.4000,2.7594,0.000007
-8.2000,2.7594,0.000008
-8.0000,2.7594,0.000009
-7.8000,2.7594,0.000011
-7.6000,2.7594,0.000013
-7.4000,2.7594,0.000016
-7.2000,2.7594,0.000020
-7.0000,2.7594,0.000025
-6.8000,2.7594,0.000032
-6.6000,2.7594,0.000042
-6.4000,2.7594,0.000055
-6.2000,2.7594,0.000074
-6.0000,2.7594,0.000102
-5.8000,2.7594,0.000144
-5.6000,2.7594,0.000207
-5.4000,2.7594,0.000306
-5.2000,2.7594,0.000465
-5.0000,2.7594,0.000727
-4.8000,2.7594,0.001168
-4.6000,2.7594,0.001932
-4.4000,2.7594,0.003291
-4.2000,2.7594,0.005767
-4.0000,2.7594,0.010370
-3.8000,2.7594,0.019072
-3.6000,2.7594,0.035678
-3.4000,2.7594,0.067368
-3.2000,2.7594,0.127083
-3.0000,2.7594,0.236350
-2.8000,2.7594,0.426414
-2.6000,2.7594,0.732440
-2.4000,2.7594,1.173574
-2.2000,2.7594,1.718552
-2.0000,2.7594,2.258651
-1.8000,2.7594,2.630035
-1.6000,2.7594,2.700782
-1.4000,2.7594,2.461019
-1.2000,2.7594,2.026467
-1.0000,2.7594,1.553045
-0.8000,2.7594,1.150727
-0.6000,2.7594,0.859717
-0.4000,2.7594,0.674410
-0.2000,2.7594,0.574440
0.0000,2.7594,0.543130
0.2000,2.7594,0.574440
0.4000,2.7594,0.674410
0.6000,2.7594,0.859717
0.8000,2.7594,1.150727
1.0000,2.7594,1.553045
1.2000,2.7594,2.026467
1.4000,2.7594,2.461019
1.6000,2.7594,2.700782
1.8000,2.7594,2.630035
2.0000,2.7594,2.258651
2.2000,2.7594,1.718552
2.4000,2.7594,1.173574
2.6000,2.7594,0.732440
2.8000,2.7594,0.426414
3.0000,2.7594,0.236350
3.2000,2.7594,0.127083
3.4000,2.7594,0.067368
3.6000,2.7594,0.035678
3.8000,2.7594,0.019072
4.0000,2.7594,0.010370
4.2000,2.7594,0.005767
4.4000,2.7594,0.003291
4.6000,2.7594,0.001932
4.8000,2.7594,0.001168
5.0000,2.7594,0.000727
5.2000,2.7594,0.000465
5.4000,2.7594,0.000306
5.6000,2.7594,0.000207
5.8000,2.7594,0.000144
6.0000,2.7594,0.000102
6.2000,2.7594,0.000074
6.4000,2.7594,0.000055
6.6000,2.7594,0.000042
6.8000,2.7594,0.000032
7.0000,2.7594,0.000025
7.2000,2.7594,0.000020
7.4000,2.7594,0.000016
7.6000,2.7594,0.000013
7.8000,2.7594,0.000011
8.0000,2.7594,0.000009
8.2000,2.7594,0.000008
8.4000,2.7594,0.000007
8.6000,2.7594,0.000006
8.8000,2.7594,0.000005
9.0000,2.7594,0.000004
9.2000,2.7594,0.000004
9.4000,2.7594,0.000004
9.6000,2.7594,0.000003
9.8000,2.7594,0.000003
10.0000,2.7594,0.000003
10.2000,2.7594,0.000002
10.4000,2.7594,0.000002
10.6000,2.7594,0.000002
10.8000,2.7594,0.000002
11.0000,2.7594,0.000002
11.2000,2.7594,0.000002
11.4000,2.7594,0.000002
11.6000,2.7594,0.000001
11.8000,2.7594,0.000001
12.0000,2.7594,0.000001
12.2000,2.7594,0.000001
12.4000,2.7594,0.000001
12.6000,2.7594,0.000001
12.8000,2.7594,0.000001
13.0000,2.7594,0.000001
13.2000,2.7594,0.000001
13.4000,2.7594,0.000001
13.6000,2.7594,0.000001
13.8000,2.7594,0.000001
14.0000,2.7594,0.000001
14.2000,2.7594,0.000001
14.4000,2.7594,0.000001
14.6000,2.7594,0.000001
14.8000,2.7594,0.000001
15.0000,2.7594,0.000001
15.2000,2.7594,0.000001
15.4000,2.7594,0.000001
15.6000,2.7594,0.000001
15.8000,2.7594,0.000001
16.0000,2.7594,0.000001
16.2000,2.7594,0.000001
16.4000,2.7594,0.000001
16.6000,2.7594,0.000001
16.8000,2.7594,0.000001
17.0000,2.7594,0.000001
17.2000,2.7594,0.000001
17.4000,2.7594,0.000001
17.6000,2.7594,0.000001
17.8000,2.7594,0.000001
18.0000,2.7594,0.000001
18.2000,2.7594,0.000001
18.4000,2.7594,0.000001
18.6000,2.7594,0.000001
18.8000,2.7594,0.000001
19.0000,2.7594,0.000001
19.2000,2.7594,0.000001
19.4000,2.7594,0.000001
19.6000,2.7594,0.000001
19.8000,2.7594,0.000001
20.0000,2.7594,0.000000
-20.0000,2.8616,0.000000
-19.8000,2.8616,0.000001
-19.6000,2.8616,0.000001
-19.4000,2.8616,0.000001
-19.2000,2.8616,0.000001
-19.0000,2.8616,0.000001
-18.8000,2.8616,0.000001
-18.6000,2.8616,0.000001
-18.4000,2.8616,0.000001
-18.2000,2.8616,0.000001
-18.0000,2.8616,0.000001
-17.8000,2.8616,0.000001
-17.6000,2.8616,0.000001
-17.4000,2.8616,0.000001
-17.2000,2.8616,0.000001
-17.0000,2.8616,0.000001
-16.8000,2.8616,0.000001
-16.6000,2.8616,0.000001
-16.4000,2.8616,0.000001
-16.2000,2.8616,0.000001
-16.0000,2.8616,0.000001
-15.8000,2.8616,0.000001
-15.6000,2.8616,0.000001
-15.4000,2.8616,0.000001
-15.2000,2.8616,0.000001
-15.0000,2.8616,0.000001
-14.8000,2.8616,0.000001
-14.6000,2.8616,0.000001
-14.4000,2.8616,0.000001
-14.2000,2.8616,0.000001
-14.0000,2.8616,0.000001
-13.8000,2.8616,0.000001
-13.6000,2.8616,0.000001
-13.4000,2.8616,0.000001
-13.2000,2.8616,0.000001
-13.0000,2.8616,0.000001
-12.8000,2.8616,0.000001
-12.6000,2.8616,0.000001
-12.4000,2.8616,0.000001
-12.2000,2.8616,0.000001
-12.0000,2.8616,0.000001
-11.8000,2.8616,0.000001
-11.6000,2.8616,0.000001
-11.4000,2.8616,0.000002
-11.2000,2.8616,0.000002
-11.0000,2.8616,0.000002
-10.8000,2.8616,0.000002
-10.6000,2.8616,0.000002
-10.4000,2.8616,0.000002
-10.2000,2.8616,0.000002
-10.0000,2.8616,0.000003
-9.8000,2.8616,0.000003
-9.6000,2.8616,0.000003
-9.4000,2.8616,0.000004
-9.2000,2.8616,0.000004
-9.0000,2.8616,0.000005
-8.8000,2.8616,0.000005
-8.6000,2.8616,0.000006
-8.4000,2.8616,0.000007
-8.2000,2.8616,0.000008
-8.0000,2.8616,0.000010
-7.8000,2.8616,0.000011
-7.6000,2.8616,0.000014
-7.4000,2.8616,0.000017
-7.2000,2.8616,0.000021
-7.0000,2.8616,0.000026
-6.8000,2.8616,0.000034
-6.6000,2.8616,0.000044
-6.4000,2.8616,0.000059
-6.2000,2.8616,0.000080
-6.0000,2.8616,0.000110
-5.8000,2.8616,0.000156
-5.6000,2.8616,0.000227
-5.4000,2.8616,0.000338
-5.2000,2.8616,0.000517
-5.0000,2.8616,0.000815
-4.8000,2.8616,0.001321
-4.6000,2.8616,0.002207
-4.4000,2.8616,0.003796
-4.2000,2.8616,0.006715
-4.0000,2.8616,0.012181
-3.8000,2.8616,0.022574
-3.6000,2.8616,0.042472
-3.4000,2.8616,0.080444
-3.2000,2.8616,0.151657
-3.0000,2.8616,0.280555
-2.8000,2.8616,0.500607
-2.6000,2.8616,0.844909
-2.4000,2.8616,1.321065
-2.2000,2.8616,1.875327
-2.0000,2.8616,2.376155
-1.8000,2.8616,2.658185
-1.6000,2.8616,2.620537
-1.4000,2.8616,2.297747
-1.2000,2.8616,1.829934
-1.0000,2.8616,1.365977
-0.8000,2.8616,0.993413
-0.6000,2.8616,0.733597
-0.4000,2.8616,0.571902
-0.2000,2.8616,0.485803
0.0000,2.8616,0.458995
0.2000,2.8616,0.485803
0.4000,2.8616,0.571902
0.6000,2.8616,0.733597
0.8000,2.8616,0.993413
1.0000,2.8616,1.365977
1.2000,2.8616,1.829934
1.4000,2.8616,2.297747
1.6000,2.8616,2.620537
1.8000,2.8616,2.658185
2.0000,2.8616,2.376155
2.2000,2.8616,1.875327
2.4000,2.8616,1.321065
2.6000,2.8616,0.844909
2.8000,2.8616,0.500607
3.0000,2.8616,0.280555
3.2000,2.8616,0.151657
3.4000,2.8616,0.080444
3.6000,2.8616,0.042472
3.8000,2.8616,0.022574
4.0000,2.8616,0.012181
4.2000,2.8616,0.006715
4.4000,2.8616,0.003796
4.6000,2.8616,0.002207
4.8000,2.8616,0.001321
5.0000,2.8616,0.000815
5.2000,2.8616,0.000517
5.4000,2.8616,0.000338
5.6000,2.8616,0.000227
5.8000,2.8616,0.000156
6.0000,2.8616,0.000110
6.2000,2.8616,0.000080
6.4000,2.8616,0.000059
6.6000,2.8616,0.000044
6.8000,2.8616,0.000034
7.0000,2.8616,0.000026
7.2000,2.8616,0.000021
7.4000,2.8616,0.000017
7.6000,2.8616,0.000014
7.8000,2.8616,0.000011
8.0000,2.8616,0.000010
8.2000,2.8616,0.000008
8.4000,2.8616,0.000007
8.6000,2.8616,0.000006
8.8000,2.8616,0.000005
9.0000,2.8616,0.000005
9.2000,2.8616,0.000004
9.4000,2.8616,0.000004
9.6000,2.8616,0.000003
9.8000,2.8616,0.000003
10.0000,2.8616,0.000003
10.2000,2.8616,0.000002
10.4000,2.8616,0.000002
10.6000,2.8616,0.000002
10.8000,2.8616,0.000002
11.0000,2.8616,0.000002
11.2000,2.8616,0.000002
11.4000,2.8616,0.000002
11.6000,2.8616,0.000001
11.8000,2.8616,0.000001
12.0000,2.8616,0.000001
12.2000,2.8616,0.000001
12.4000,2.8616,0.000001
12.6000,2.8616,0.000001
12.8000,2.8616,0.000001
13.0000,2.8616,0.000001
13.2000,2.8616,0.000001
13.4000,2.8616,0.000001
13.6000,2.8616,0.000001
13.8000,2.8616,0.000001
14.0000,2.8616,0.000001
14.2000,2.8616,0.000001
14.4000,2.8616,0.000001
14.6000,2.8616,0.000001
14.8000,2.8616,0.000001
15.0000,2.8616,0.000001
15.2000,2.8616,0.000001
15.4000,2.8616,0.000001
15.6000,2.8616,0.000001
15.8000,2.8616,0.000001
16.0000,2.8616,0.000001
16.2000,2.8616,0.000001
16.4000,2.8616,0.000001
16.6000,2.8616,0.000001
16.8000,2.8616,0.000001
17.0000,2.8616,0.000001
17.2000,2.8616,0.000001
17.4000,2.8616,0.000001
17.6000,2.8616,0.000001
17.8000,2.8616,0.000001
18.0000,2.8616,0.000001
18.2000,2.8616,0.000001
18.4000,2.8616,0.000001
18.6000,2.8616,0.000001
18.8000,2.8616,0.000001
19.0000,2.8616,0.000001
19.2000,2.8616,0.000001
19.4000,2.8616,0.000001
19.6000,2.8616,0.000001
19.8000,2.8616,0.000001
20.0000,2.8616,0.000000
-20.0000,2.9638,0.000000
-19.8000,2.9638,0.000001
-19.6000,2.9638,0.000001
-19.4000,2.9638,0.000001
-19.2000,2.9638,0.000001
-19.0000,2.9638,0.000001
-18.8000,2.9638,0.000001
-18.6000,2.9638,0.000001
-18.4000,2.9638,0.000001
-18.2000,2.9638,0.000001
-18.0000,2.9638,0.000001
-17.8000,2.9638,0.000001
-17.6000,2.9638,0.000001
-17.4000,2.9638,0.000001
-17.2000,2.9638,0.000001
-17.0000,2.9638,0.000001
-16.8000,2.9638,0.000001
-16.6000,2.9638,0.000001
-16.4000,2.9638,0.000001
-16.2000,2.9638,0.000001
-16.0000,2.9638,0.000001
-15.8000,2.9638,0.000001
-15.6000,2.9638,0.000001
-15.4000,2.9638,0.000001
-15.2000,2.9638,0.000001
-15.0000,2.9638,0.000001
-14.8000,2.9638,0.000001
-14.6000,2.9638,0.000001
-14.4000,2.9638,0.000001
-14.2000,2.9638,0.000001
-14.0000,2.9638,0.000001
-13.8000,2.9638,0.000001
-13.6000,2.9638,0.000001
-13.4000,2.9638,0.000001
-13.2000,2.9638,0.000001
-13.0000,2.9638,0.000001
-12.8000,2.9638,0.000001
-12.6000,2.9638,0.000001
-12.4000,2.9638,0.000001
-12.2000,2.9638,0.000001
-12.0000,2.9638,0.000001
-11.8000,2.9638,0.000001
-11.6000,2.9638,0.000001
-11.4000,2.9638,0.000002
-11.2000,2.9638,0.000002
-11.0000,2.9638,0.000002
-10.8000,2.9638,0.000002
-10.6000,2.9638,0.000002
-10.4000,2.9638,0.000002
-10.2000,2.9638,0.000002
-10.0000,2.9638,0.000003
-9.8000,2.9638,0.000003
-9.6000,2.9638,0.000003
-9.4000,2.9638,0.000004
-9.2000,2.9638,0.000004
-9.0000,2.9638,0.000005
-8.8000,2.9638,0.000005
-8.6000,2.9638,0.000006
-8.4000,2.9638,0.000007
-8.2000,2.9638,0.000008
-8.0000,2.9638,0.000010
-7.8000,2.9638,0.000012
-7.6000,2.9638,0.000014
-7.4000,2.9638,0.000018
-7.2000,2.9638,0.000022
-7.0000,2.9638,0.000028
-6.8000,2.9638,0.000036
-6.6000,2.9638,0.000047
-6.4000,2.9638,0.000063
-6.2000,2.9638,0.000085
-6.0000,2.9638,0.000119
-5.8000,2.9638,0.000170
-5.6000,2.9638,0.000249
-5.4000,2.9638,0.000374
-5.2000,2.9638,0.000577
-5.0000,2.9638,0.000917
-4.8000,2.9638,0.001502
-4.6000,2.9638,0.002534
-4.4000,2.9638,0.004401
-4.2000,2.9638,0.007857
-4.0000,2.9638,0.014376
-3.8000,2.9638,0.026833
-3.6000,2.9638,0.050740
-3.4000,2.9638,0.096294
-3.2000,2.9638,0.181168
-3.0000,2.9638,0.332762
-2.8000,2.9638,0.585981
-2.6000,2.9638,0.969490
-2.4000,2.9638,1.475711
-2.2000,2.9638,2.026412
-2.0000,2.9638,2.471393
-1.8000,2.9638,2.653962
-1.6000,2.9638,2.511994
-1.4000,2.9638,2.121479
-1.2000,2.9638,1.636761
-1.0000,2.9638,1.192330
-0.8000,2.9638,0.852708
-0.6000,2.9638,0.623383
-0.4000,2.9638,0.483502
-0.2000,2.9638,0.409859
0.0000,2.9638,0.387043
0.2000,2.9638,0.409859
0.4000,2.9638,0.483502
0.6000,2.9638,0.623383
0.8000,2.9638,0.852708
1.0000,2.9638,1.192330
1.2000,2.9638,1.636761
1.4000,2.9638,2.121479
1.6000,2.9638,2.511994
1.8000,2.9638,2.653962
2.0000,2.9638,2.471393
2.2000,2.9638,2.026412
2.4000,2.9638,1.475711
2.6000,2.9638,0.969490
2.8000,2.9638,0.585981
3.0000,2.9638,0.332762
3.2000,2.9638,0.181168
3.4000,2.9638,0.096294
3.6000,2.9638,0.050740
3.8000,2.9638,0.026833
4.0000,2.9638,0.014376
4.2000,2.9638,0.007857
4.4000,2.9638,0.004401
4.6000,2.9638,0.002534
4.8000,2.9638,0.001502
5.0000,2.9638,0.000917
5.2000,2.9638,0.000577
5.4000,2.9638,0.000374
5.6000,2.9638,0.000249
5.8000,2.9638,0.000170
6.0000,2.9638,0.000119
6.2000,2.9638,0.000085
6.4000,2.9638,0.000063
6.6000,2.9638,0.000047
6.8000,2.9638,0.000036
7.0000,2.9638,0.000028
7.2000,2.9638,0.000022
7.4000,2.9638,0.000018
7.6000,2.9638,0.000014
7.8000,2.9638,0.000012
8.0000,2.9638,0.000010
8.2000,2.9638,0.000008
8.4000,2.9638,0.000007
8.6000,2.9638,0.000006
8.8000,2.9638,0.000005
9.0000,2.9638,0.000005
9.2000,2.9638,0.000004
9.4000,2.9638,0.000004
9.6000,2.9638,0.000003
9.8000,2.9638,0.000003
10.0000,2.9638,0.000003
10.2000,2.9638,0.000002
10.4000,2.9638,0.000002
10.6000,2.9638,0.000002
10.8000,2.9638,0.000002
11.0000,2.9638,0.000002
11.2000,2.9638,0.000002
11.4000,2.9638,0.000002
11.6000,2.9638,0.000001
11.8000,2.9638,0.000001
12.0000,2.9638,0.000001
12.2000,2.9638,0.000001
12.4000,2.9638,0.000001
12.6000,2.9638,0.000001
12.8000,2.9638,0.000001
13.0000,2.9638,0.000001
13.2000,2.9638,0.000001
13.4000,2.9638,0.000001
13.6000,2.9638,0.000001
13.8000,2.9638,0.000001
14.0000,2.9638,0.000001
14.2000,2.9638,0.000001
14.4000,2.9638,0.000001
14.6000,2.9638,0.000001
14.8000,2.9638,0.000001
15.0000,2.9638,0.000001
15.2000,2.9638,0.000001
15.4000,2.9638,0.000001
15.6000,2.9638,0.000001
15.8000,2.9638,0.000001
16.0000,2.9638,0.000001
16.2000,2.9638,0.000001
16.4000,2.9638,0.000001
16.6000,2.9638,0.000001
16.8000,2.9638,0.000001
17.0000,2.9638,0.000001
17.2000,2.9638,0.000001
17.4000,2.9638,0.000001
17.6000,2.9638,0.000001
17.8000,2.9638,0.000001
18.0000,2.9638,0.000001
18.2000,2.9638,0.000001
18.4000,2.9638,0.000001
18.6000,2.9638,0.000001
18.8000,2.9638,0.000001
19.0000,2.9638,0.000001
19.2000,2.9638,0.000001
19.4000,2.9638,0.000001
19.6000,2.9638,0.000001
19.8000,2.9638,0.000001
20.0000,2.9638,0.000000
-20.0000,3.0660,0.000000
-19.8000,3.0660,0.000001
-19.6000,3.0660,0.000001
-19.4000,3.0660,0.000001
-19.2000,3.0660,0.000001
-19.0000,3.0660,0.000001
-18.8000,3.0660,0.000001
-18.6000,3.0660,0.000001
-18.4000,3.0660,0.000001
-18.2000,3.0660,0.000001
-18.0000,3.0660,0.000001
-17.8000,3.0660,0.000001
-17.6000,3.0660,0.000001
-17.4000,3.0660,0.000001
-17.2000,3.0660,0.000001
-17.0000,3.0660,0.000001
-16.8000,3.0660,0.000001
-16.6000,3.0660,0.000001
-16.4000,3.0660,0.000001
-16.2000,3.0660,0.000001
-16.0000,3.0660,0.000001
-15.8000,3.0660,0.000001
-15.6000,3.0660,0.000001
-15.4000,3.0660,0.000001
-15.2000,3.0660,0.000001
-15.0000,3.0660,0.000001
-14.8000,3.0660,0.000001
-14.6000,3.0660,0.000001
-14.4000,3.0660,0.000001
-14.2000,3.0660,0.000001
-14.0000,3.0660,0.000001
-13.8000,3.0660,0.000001
-13.6000,3.0660,0.000001
-13.4000,3.0660,0.000001
-13.2000,3.0660,0.000001
-13.0000,3.0660,0.000001
-12.8000,3.0660,0.000001
-12.6000,3.0660,0.000001
-12.4000,3.0660,0.000001
-12.2000,3.0660,0.000001
-12.0000,3.0660,0.000001
-11.8000,3.0660,0.000001
-11.6000,3.0660,0.000001
-11.4000,3.0660,0.000002
-11.2000,3.0660,0.000002
-11.0000,3.0660,0.000002
-10.8000,3.0660,0.000002
-10.6000,3.0660,0.000002
-10.4000,3.0660,0.000002
-10.2000,3.0660,0.000003
-10.0000,3.0660,0.000003
-9.8000,3.0660,0.000003
-9.6000,3.0660,0.000003
-9.4000,3.0660,0.000004
-9.2000,3.0660,0.000004
-9.0000,3.0660,0.000005
-8.8000,3.0660,0.000005
-8.6000,3.0660,0.000006
-8.4000,3.0660,0.000007
-8.2000,3.0660,0.000009
-8.0000,3.0660,0.000010
-7.8000,3.0660,0.000012
-7.6000,3.0660,0.000015
-7.4000,3.0660,0.000018
-7.2000,3.0660,0.000023
-7.0000,3.0660,0.000029
-6.8000,3.0660,0.000038
-6.6000,3.0660,0.000050
-6.4000,3.0660,0.000067
-6.2000,3.0660,0.000092
-6.0000,3.0660,0.000129
-5.8000,3.0660,0.000186
-5.6000,3.0660,0.000274
-5.4000,3.0660,0.000415
-5.2000,3.0660,0.000647
-5.0000,3.0660,0.001038
-4.8000,3.0660,0.001716
-4.6000,3.0660,0.002923
-4.4000,3.0660,0.005127
-4.2000,3.0660,0.009238
-4.0000,3.0660,0.017043
-3.8000,3.0660,0.032022
-3.6000,3.0660,0.060805
-3.4000,3.0660,0.115487
-3.2000,3.0660,0.216489
-3.0000,3.0660,0.394042
-2.8000,3.0660,0.683272
-2.6000,3.0660,1.105512
-2.4000,3.0660,1.634394
-2.2000,3.0660,2.166685
-2.0000,3.0660,2.540000
-1.8000,3.0660,2.616979
-1.6000,3.0660,2.379101
-1.4000,3.0660,1.937612
-1.2000,3.0660,1.450761
-1.0000,3.0660,1.033405
-0.8000,3.0660,0.728113
-0.6000,3.0660,0.527753
-0.4000,3.0660,0.407667
-0.2000,3.0660,0.345061
0.0000,3.0660,0.325748
0.2000,3.0660,0.345061
0.4000,3.0660,0.407667
0.6000,3.0660,0.527753
0.8000,3.0660,0.728113
1.0000,3.0660,1.033405
1.2000,3.0660,1.450761
1.4000,3.0660,1.937612
1.6000,3.0660,2.379101
1.8000,3.0660,2.616979
2.0000,3.0660,2.540000
2.2000,3.0660,2.166685
2.4000,3.0660,1.634394
2.6000,3.0660,1.105512
2.8000,3.0660,0.683272
3.0000,3.0660,0.394042
3.2000,3.0660,0.216489
3.4000,3.0660,0.115487
3.6000,3.0660,0.060805
3.8000,3.0660,0.032022
4.0000,3.0660,0.017043
4.2000,3.0660,0.009238
4.4000,3.0660,0.005127
4.6000,3.0660,0.002923
4.8000,3.0660,0.001716
5.0000,3.0660,0.001038
5.2000,3.0660,0.000647
5.4000,3.0660,0.000415
5.6000,3.0660,0.000274
5.8000,3.0660,0.000186
6.0000,3.0660,0.000129
6.2000,3.0660,0.000092
6.4000,3.0660,0.000067
6.6000,3.0660,0.000050
6.8000,3.0660,0.000038
7.0000,3.0660,0.000029
7.2000,3.0660,0.000023
7.4000,3.0660,0.000018
7.6000,3.0660,0.000015
7.8000,3.0660,0.000012
8.0000,3.0660,0.000010
8.2000,3.0660,0.000009
8.4000,3.0660,0.000007
8.6000,3.0660,0.000006
8.8000,3.0660,0.000005
9.0000,3.0660,0.000005
9.2000,3.0660,0.000004
9.4000,3.0660,0.000004
9.6000,3.0660,0.000003
9.8000,3.0660,0.000003
10.0000,3.0660,0.000003
10.2000,3.0660,0.000003
10.4000,3.0660,0.000002
10.6000,3.0660,0.000002
10.8000,3.0660,0.000002
11.0000,3.0660,0.000002
11.2000,3.0660,0.000002
11.4000,3.0660,0.000002
11.6000,3.0660,0.000001
11.8000,3.0660,0.000001
12.0000,3.0660,0.000001
12.2000,3.0660,0.000001
12.4000,3.0660,0.000001
12.6000,3.0660,0.000001
12.8000,3.0660,0.000001
13.0000,3.0660,0.000001
13.2000,3.0660,0.000001
13.4000,3.0660,0.000001
13.6000,3.0660,0.000001
13.8000,3.0660,0.000001
14.0000,3.0660,0.000001
14.2000,3.0660,0.000001
14.4000,3.0660,0.000001
14.6000,3.0660,0.000001
14.8000,3.0660,0.000001
15.0000,3.0660,0.000001
15.2000,3.0660,0.000001
15.4000,3.0660,0.000001
15.6000,3.0660,0.000001
15.8000,3.0660,0.000001
16.0000,3.0660,0.000001
16.2000,3.0660,0.000001
16.4000,3.0660,0.000001
16.6000,3.0660,0.000001
16.8000,3.0660,0.000001
17.0000,3.0660,0.000001
17.2000,3.0660,0.000001
17.4000,3.0660,0.000001
17.6000,3.0660,0.000001
17.8000,3.0660,0.000001
18.0000,3.0660,0.000001
18.2000,3.0660,0.000001
18.4000,3.0660,0.000001
18.6000,3.0660,0.000001
18.8000,3.0660,0.000001
19.0000,3.0660,0.000001
19.2000,3.0660,0.000001
19.4000,3.0660,0.000001
19.6000,3.0660,0.000001
19.8000,3.0660,0.000001
20.0000,3.0660,0.000000
-20.0000,3.1682,0.000000
-19.8000,3.1682,0.000001
-19.6000,3.1682,0.000001
-19.4000,3.1682,0.000001
-19.2000,3.1682,0.000001
-19.0000,3.1682,0.000001
-18.8000,3.1682,0.000001
-18.6000,3.1682,0.000001
-18.4000,3.1682,0.000001
-18.2000,3.1682,0.000001
-18.0000,3.1682,0.000001
-17.8000,3.1682,0.000001
-17.6000,3.1682,0.000001
-17.4000,3.1682,0.000001
-17.2000,3.1682,0.000001
-17.0000,3.1682,0.000001
-16.8000,3.1682,0.000001
-16.6000,3.1682,0.000001
-16.4000,3.1682,0.000001
-16.2000,3.1682,0.000001
-16.0000,3.1682,0.000001
-15.8000,3.1682,0.000001
-15.6000,3.1682,0.000001
-15.4000,3.1682,0.000001
-15.2000,3.1682,0.000001
-15.0000,3.1682,0.000001
-14.8000,3.1682,0.000001
-14.6000,3.1682,0.000001
-14.4000,3.1682,0.000001
-14.2000,3.1682,0.000001
-14.0000,3.1682,0.000001
-13.8000,3.1682,0.000001
-13.6000,3.1682,0.000001
-13.4000,3.1682,0.000001
-13.2000,3.1682,0.000001
-13.0000,3.1682,0.000001
-12.8000,3.1682,0.000001
-12.6000,3.1682,0.000001
-12.4000,3.1682,0.000001
-12.2000,3.1682,0.000001
-12.0000,3.1682,0.000001
-11.8000,3.1682,0.000001
-11.6000,3.1682,0.000002
-11.4000,3.1682,0.000002
-11.2000,3.1682,0.000002
-11.0000,3.1682,0.000002
-10.8000,3.1682,0.000002
-10.6000,3.1682,0.000002
-10.4000,3.1682,0.000002
-10.2000,3.1682,0.000003
-10.0000,3.1682,0.000003
-9.8000,3.1682,0.000003
-9.6000,3.1682,0.000003
-9.4000,3.1682,0.000004
-9.2000,3.1682,0.000004
-9.0000,3.1682,0.000005
-8.8000,3.1682,0.000006
-8.6000,3.1682,0.000007
-8.4000,3.1682,0.000008
-8.2000,3.1682,0.000009
-8.0000,3.1682,0.000011
-7.8000,3.1682,0.000013
-7.6000,3.1682,0.000016
-7.4000,3.1682,0.000019
-7.2000,3.1682,0.000024
-7.0000,3.1682,0.000031
-6.8000,3.1682,0.000040
-6.6000,3.1682,0.000053
-6.4000,3.1682,0.000072
-6.2000,3.1682,0.000100
-6.0000,3.1682,0.000141
-5.8000,3.1682,0.000204
-5.6000,3.1682,0.000303
-5.4000,3.1682,0.000463
-5.2000,3.1682,0.000728
-5.0000,3.1682,0.001180
-4.8000,3.1682,0.001970
-4.6000,3.1682,0.003389
-4.4000,3.1682,0.006002
-4.2000,3.1682,0.010913
-4.0000,3.1682,0.020291
-3.8000,3.1682,0.038352
-3.6000,3.1682,0.073058
-3.4000,3.1682,0.138683
-3.2000,3.1682,0.258587
-3.0000,3.1682,0.465455
-2.8000,3.1682,0.792917
-2.6000,3.1682,1.251617
-2.4000,3.1682,1.793202
-2.2000,3.1682,2.290857
-2.0000,3.1682,2.578574
-1.8000,3.1682,2.548352
-1.6000,3.1682,2.226651
-1.4000,3.1682,1.751294
-1.2000,3.1682,1.274942
-1.0000,3.1682,0.889812
-0.8000,3.1682,0.618779
-0.6000,3.1682,0.445310
-0.4000,3.1682,0.342917
-0.2000,3.1682,0.289981
0.0000,3.1682,0.273710
0.2000,3.1682,0.289981
0.4000,3.1682,0.342917
0.6000,3.1682,0.445310
0.8000,3.1682,0.618779
1.0000,3.1682,0.889812
1.2000,3.1682,1.274942
1.4000,3.1682,1.751294
1.6000,3.1682,2.226651
1.8000,3.1682,2.548352
2.0000,3.1682,2.578574
2.2000,3.1682,2.290857
2.4000,3.1682,1.793202
2.6000,3.1682,1.251617
2.8000,3.1682,0.792917
3.0000,3.1682,0.465455
3.2000,3.1682,0.258587
3.4000,3.1682,0.138683
3.6000,3.1682,0.073058
3.8000,3.1682,0.038352
4.0000,3.1682,0.020291
4.2000,3.1682,0.010913
4.4000,3.1682,0.006002
4.6000,3.1682,0.003389
4.8000,3.1682,0.001970
5.0000,3.1682,0.001180
5.2000,3.1682,0.000728
5.4000,3.1682,0.000463
5.6000,3.1682,0.000303
5.8000,3.1682,0.000204
6.0000,3.1682,0.000141
6.2000,3.1682,0.000100
6.4000,3.1682,0.000072
6.6000,3.1682,0.000053
6.8000,3.1682,0.000040
7.0000,3.1682,0.000031
7.2000,3.1682,0.000024
7.4000,3.1682,0.000019
7.6000,3.1682,0.000016
7.8000,3.1682,0.000013
8.0000,3.1682,0.000011
8.2000,3.1682,0.000009
8.4000,3.1682,0.000008
8.6000,3.1682,0.000007
8.8000,3.1682,0.000006
9.0000,3.1682,0.000005
9.2000,3.1682,0.000004
9.4000,3.1682,0.000004
9.6000,3.1682,0.000003
9.8000,3.1682,0.000003
10.0000,3.1682,0.000003
10.2000,3.1682,0.000003
10.4000,3.1682,0.000002
10.6000,3.1682,0.000002
10.8000,3.1682,0.000002
11.0000,3.1682,0.000002
11.2000,3.1682,0.000002
11.4000,3.1682,0.000002
11.6000,3.1682,0.000002
11.8000,3.1682,0.000001
12.0000,3.1682,0.000001
12.2000,3.1682,0.000001
12.4000,3.1682,0.000001
12.6000,3.1682,0.000001
12.8000,3.1682,0.000001
13.0000,3.1682,0.000001
13.2000,3.1682,0.000001
13.4000,3.1682,0.000001
13.6000,3.1682,0.000001
13.8000,3.1682,0.000001
14.0000,3.1682,0.000001
14.2000,3.1682,0.000001
14.4000,3.1682,0.000001
14.6000,3.1682,0.000001
14.8000,3.1682,0.000001
15.0000,3.1682,0.000001
15.2000,3.1682,0.000001
15.4000,3.1682,0.000001
15.6000,3.1682,0.000001
15.8000,3.1682,0.000001
16.0000,3.1682,0.000001
16.2000,3.1682,0.000001
16.4000,3.1682,0.000001
16.6000,3.1682,0.000001
16.8000,3.1682,0.000001
17.0000,3.1682,0.000001
17.2000,3.1682,0.000001
17.4000,3.1682,0.000001
17.6000,3.1682,0.000001
17.8000,3.1682,0.000001
18.0000,3.1682,0.000001
18.2000,3.1682,0.000001
18.4000,3.1682,0.000001
18.6000,3.1682,0.000001
18.8000,3.1682,0.000001
19.0000,3.1682,0.000001
19.2000,3.1682,0.000001
19.4000,3.1682,0.000001
19.6000,3.1682,0.000001
19.8000,3.1682,0.000001
20.0000,3.1682,0.000000
-20.0000,3.2704,0.000001
-19.8000,3.2704,0.000001
-19.6000,3.2704,0.000001
-19.4000,3.2704,0.000001
-19.2000,3.2704,0.000001
-19.0000,3.2704,0.000001
-18.8000,3.2704,0.000001
-18.6000,3.2704,0.000001
-18.4000,3.2704,0.000001
-18.2000,3.2704,0.000001
-18.0000,3.2704,0.000001
-17.8000,3.2704,0.000001
-17.6000,3.2704,0.000001
-17.4000,3.2704,0.000001
-17.2000,3.2704,0.000001
-17.0000,3.2704,0.000001
-16.8000,3.2704,0.000001
-16.6000,3.2704,0.000001
-16.4000,3.2704,0.000001
-16.2000,3.2704,0.000001
-16.0000,3.2704,0.000001
-15.8000,3.2704,0.000001
-15.6000,3.2704,0.000001
-15.4000,3.2704,0.000001
-15.2000,3.2704,0.000001
-15.0000,3.2704,0.000001
-14.8000,3.2704,0.000001
-14.6000,3.2704,0.000001
-14.4000,3.2704,0.000001
-14.2000,3.2704,0.000001
-14.0000,3.2704,0.000001
-13.8000,3.2704,0.000001
-13.6000,3.2704,0.000001
-13.4000,3.2704,0.000001
-13.2000,3.2704,0.000001
-13.0000,3.2704,0.000001
-12.8000,3.2704,0.000001
-12.6000,3.2704,0.000001
-12.4000,3.2704,0.000001
-12.2000,3.2704,0.000001
-12.0000,3.2704,0.000001
-11.8000,3.2704,0.000001
-11.6000,3.2704,0.000002
-11.4000,3.2704,0.000002
-11.2000,3.2704,0.000002
-11.0000,3.2704,0.000002
-10.8000,3.2704,0.000002
-10.6000,3.2704,0.000002
-10.4000,3.2704,0.000002
-10.2000,3.2704,0.000003
-10.0000,3.2704,0.000003
-9.8000,3.2704,0.000003
-9.6000,3.2704,0.000004
-9.4000,3.2704,0.000004
-9.2000,3.2704,0.000004
-9.0000,3.2704,0.000005
-8.8000,3.2704,0.000006
-8.6000,3.2704,0.000007
-8.4000,3.2704,0.000008
-8.2000,3.2704,0.000009
-8.0000,3.2704,0.000011
-7.8000,3.2704,0.000013
-7.6000,3.2704,0.000016
-7.4000,3.2704,0.000020
-7.2000,3.2704,0.000026
-7.0000,3.2704,0.000033
-6.8000,3.2704,0.000043
-6.6000,3.2704,0.000057
-6.4000,3.2704,0.000078
-6.2000,3.2704,0.000108
-6.0000,3.2704,0.000154
-5.8000,3.2704,0.000225
-5.6000,3.2704,0.000336
-5.4000,3.2704,0.000519
-5.2000,3.2704,0.000823
-5.0000,3.2704,0.001347
-4.8000,3.2704,0.002272
-4.6000,3.2704,0.003948
-4.4000,3.2704,0.007059
-4.2000,3.2704,0.012949
-4.0000,3.2704,0.024255
-3.8000,3.2704,0.046081
-3.6000,3.2704,0.087966
-3.4000,3.2704,0.166645
-3.2000,3.2704,0.308504
-3.0000,3.2704,0.547976
-2.8000,3.2704,0.914937
-2.6000,3.2704,1.405668
-2.4000,3.2704,1.947535
-2.2000,3.2704,2.393813
-2.0000,3.2704,2.584962
-1.8000,3.2704,2.450615
-1.6000,3.2704,2.059936
-1.4000,3.2704,1.567159
-1.2000,3.2704,1.111488
-1.0000,3.2704,0.761578
-0.8000,3.2704,0.523626
-0.6000,3.2704,0.374648
-0.4000,3.2704,0.287867
-0.2000,3.2704,0.243319
0.0000,3.2704,0.229668
0.2000,3.2704,0.243319
0.4000,3.2704,0.287867
0.6000,3.2704,0.374648
0.8000,3.2704,0.523626
1.0000,3.2704,0.761578
1.2000,3.2704,1.111488
1.4000,3.2704,1.567159
1.6000,3.2704,2.059936
1.8000,3.2704,2.450615
2.0000,3.2704,2.584962
2.2000,3.2704,2.393813
2.4000,3.2704,1.947535
2.6000,3.2704,1.405668
2.8000,3.2704,0.914937
3.0000,3.2704,0.547976
3.2000,3.2704,0.308504
3.4000,3.2704,0.166645
3.6000,3.2704,0.087966
3.8000,3.2704,0.046081
4.0000,3.2704,0.024255
4.2000,3.2704,0.012949
4.4000,3.2704,0.007059
4.6000,3.2704,0.003948
4.8000,3.2704,0.002272
5.0000,3.2704,0.001347
5.2000,3.2704,0.000823
5.4000,3.2704,0.000519
5.6000,3.2704,0.000336
5.8000,3.2704,0.000225
6.0000,3.2704,0.000154
6.2000,3.2704,0.000108
6.4000,3.2704,0.000078
6.6000,3.2704,0.000057
6.8000,3.2704,0.000043
7.0000,3.2704,0.000033
7.2000,3.2704,0.000026
7.4000,3.2704,0.000020
7.6000,3.2704,0.000016
7.8000,3.2704,0.000013
8.0000,3.2704,0.000011
8.2000,3.2704,0.000009
8.4000,3.2704,0.000008
8.6000,3.2704,0.000007
8.8000,3.2704,0.000006
9.0000,3.2704,0.000005
9.2000,3.2704,0.000004
9.4000,3.2704,0.000004
9.6000,3.2704,0.000004
9.8000,3.2704,0.000003
10.0000,3.2704,0.000003
10.2000,3.2704,0.000003
10.4000,3.2704,0.000002
10.6000,3.2704,0.000002
10.8000,3.2704,0.000002
11.0000,3.2704,0.000002
11.2000,3.2704,0.000002
11.4000,3.2704,0.000002
11.6000,3.2704,0.000002
11.8000,3.2704,0.000001
12.0000,3.2704,0.000001
12.2000,3.2704,0.000001
12.4000,3.2704,0.000001
12.6000,3.2704,0.000001
12.8000,3.2704,0.000001
13.0000,3.2704,0.000001
13.2000,3.2704,0.000001
13.4000,3.2704,0.000001
13.6000,3.2704,0.000001
13.8000,3.2704,0.000001
14.0000,3.2704,0.000001
14.2000,3.2704,0.000001
14.4000,3.2704,0.000001
14.6000,3.2704,0.000001
14.8000,3.2704,0.000001
15.0000,3.2704,0.000001
15.2000,3.2704,0.000001
15.4000,3.2704,0.000001
15.6000,3.2704,0.000001
15.8000,3.2704,0.000001
16.0000,3.2704,0.000001
16.2000,3.2704,0.000001
16.4000,3.2704,0.000001
16.6000,3.2704,0.000001
16.8000,3.2704,0.000001
17.0000,3.2704,0.000001
17.2000,3.2704,0.000001
17.4000,3.2704,0.000001
17.6000,3.2704,0.000001
17.8000,3.2704,0.000001
18.0000,3.2704,0.000001
18.2000,3.2704,0.000001
18.4000,3.2704,0.000001
18.6000,3.2704,0.000001
18.8000,3.2704,0.000001
19.0000,3.2704,0.000001
19.2000,3.2704,0.000001
19.4000,3.2704,0.000001
19.6000,3.2704,0.000001
19.8000,3.2704,0.000001
20.0000,3.2704,0.000001
-20.0000,3.3726,0.000001
-19.8000,3.3726,0.000001
-19.6000,3.3726,0.000001
-19.4000,3.3726,0.000001
-19.2000,3.3726,0.000001
-19.0000,3.3726,0.000001
-18.8000,3.3726,0.000001
-18.6000,3.3726,0.000001
-18.4000,3.3726,0.000001
-18.2000,3.3726,0.000001
-18.0000,3.3726,0.000001
-17.8000,3.3726,0.000001
-17.6000,3.3726,0.000001
-17.4000,3.3726,0.000001
-17.2000,3.3726,0.000001
-17.0000,3.3726,0.000001
-16.8000,3.3726,0.000001
-16.6000,3.3726,0.000001
-16.4000,3.3726,0.000001
-16.2000,3.3726,0.000001
-16.0000,3.3726,0.000001
-15.8000,3.3726,0.000001
-15.6000,3.3726,0.000001
-15.4000,3.3726,0.000001
-15.2000,3.3726,0.000001
-15.0000,3.3726,0.000001
-14.8000,3.3726,0.000001
-14.6000,3.3726,0.000001
-14.4000,3.3726,0.000001
-14.2000,3.3726,0.000001
-14.0000,3.3726,0.000001
-13.8000,3.3726,0.000001
-13.6000,3.3726,0.000001
-13.4000,3.3726,0.000001
-13.2000,3.3726,0.000001
-13.0000,3.3726,0.000001
-12.8000,3.3726,0.000001
-12.6000,3.3726,0.000001
-12.4000,3.3726,0.000001
-12.2000,3.3726,0.000001
-12.0000,3.3726,0.000001
-11.8000,3.3726,0.000001
-11.6000,3.3726,0.000002
-11.4000,3.3726,0.000002
-11.2000,3.3726,0.000002
-11.0000,3.3726,0.000002
-10.8000,3.3726,0.000002
-10.6000,3.3726,0.000002
-10.4000,3.3726,0.000002
-10.2000,3.3726,0.000003
-10.0000,3.3726,0.000003
-9.8000,3.3726,0.000003
-9.6000,3.3726,0.000004
-9.4000,3.3726,0.000004
-9.2000,3.3726,0.000005
-9.0000,3.3726,0.000005
-8.8000,3.3726,0.000006
-8.6000,3.3726,0.000007
-8.4000,3.3726,0.000008
-8.2000,3.3726,0.000010
-8.0000,3.3726,0.000012
-7.8000,3.3726,0.000014
-7.6000,3.3726,0.000017
-7.4000,3.3726,0.000021
-7.2000,3.3726,0.000027
-7.0000,3.3726,0.000035
-6.8000,3.3726,0.000046
-6.6000,3.3726,0.000062
-6.4000,3.3726,0.000084
-6.2000,3.3726,0.000118
-6.0000,3.3726,0.000169
-5.8000,3.3726,0.000248
-5.6000,3.3726,0.000375
-5.4000,3.3726,0.000584
-5.2000,3.3726,0.000935
-5.0000,3.3726,0.001545
-4.8000,3.3726,0.002633
-4.6000,3.3726,0.004621
-4.4000,3.3726,0.008341
-4.2000,3.3726,0.015430
-4.0000,3.3726,0.029099
-3.8000,3.3726,0.055523
-3.6000,3.3726,0.106080
-3.4000,3.3726,0.200237
-3.2000,3.3726,0.367327
-3.0000,3.3726,0.642413
-2.8000,3.3726,1.048797
-2.6000,3.3726,1.564697
-2.4000,3.3726,2.092289
-2.2000,3.3726,2.470985
-2.0000,3.3726,2.558453
-1.8000,3.3726,2.327518
-1.6000,3.3726,1.884380
-1.4000,3.3726,1.389144
-1.2000,3.3726,0.961796
-1.0000,3.3726,0.648267
-0.8000,3.3726,0.441426
-0.6000,3.3726,0.314400
-0.4000,3.3726,0.241239
-0.2000,3.3726,0.203907
0.0000,3.3726,0.192495
0.2000,3.3726,0.203907
0.4000,3.3726,0.241239
0.6000,3.3726,0.314400
0.8000,3.3726,0.441426
1.0000,3.3726,0.648267
1.2000,3.3726,0.961796
1.4000,3.3726,1.389144
1.6000,3.3726,1.884380
1.8000,3.3726,2.327518
2.0000,3.3726,2.558453
2.2000,3.3726,2.470985
2.4000,3.3726,2.092289
2.6000,3.3726,1.564697
2.8000,3.3726,1.048797
3.0000,3.3726,0.642413
3.2000,3.3726,0.367327
3.4000,3.3726,0.200237
3.6000,3.3726,0.106080
3.8000,3.3726,0.055523
4.0000,3.3726,0.029099
4.2000,3.3726,0.015430
4.4000,3.3726,0.008341
4.6000,3.3726,0.004621
4.8000,3.3726,0.002633
5.0000,3.3726,0.001545
5.2000,3.3726,0.000935
5.4000,3.3726,0.000584
5.6000,3.3726,0.000375
5.8000,3.3726,0.000248
6.0000,3.3726,0.000169
6.2000,3.3726,0.000118
6.4000,3.3726,0.000084
6.6000,3.3726,0.000062
6.8000,3.3726,0.000046
7.0000,3.3726,0.000035
7.2000,3.3726,0.000027
7.4000,3.3726,0.000021
7.6000,3.3726,0.000017
7.8000,3.3726,0.000014
8.0000,3.3726,0.000012
8.2000,3.3726,0.000010
8.4000,3.3726,0.000008
8.6000,3.3726,0.000007
8.8000,3.3726,0.000006
9.0000,3.3726,0.000005
9.2000,3.3726,0.000005
9.4000,3.3726,0.000004
9.6000,3.3726,0.000004
9.8000,3.3726,0.000003
10.0000,3.3726,0.000003
10.2000,3.3726,0.000003
10.4000,3.3726,0.000002
10.6000,3.3726,0.000002
10.8000,3.3726,0.000002
11.0000,3.3726,0.000002
11.2000,3.3726,0.000002
11.4000,3.3726,0.000002
11.6000,3.3726,0.000002
11.8000,3.3726,0.000001
12.0000,3.3726,0.000001
12.2000,3.3726,0.000001
12.4000,3.3726,0.000001
12.6000,3.3726,0.000001
12.8000,3.3726,0.000001
13.0000,3.3726,0.000001
13.2000,3.3726,0.000001
13.4000,3.3726,0.000001
13.6000,3.3726,0.000001
13.8000,3.3726,0.000001
14.0000,3.3726,0.000001
14.2000,3.3726,0.000001
14.4000,3.3726,0.000001
14.6000,3.3726,0.000001
14.8000,3.3726,0.000001
15.0000,3.3726,0.000001
15.2000,3.3726,0.000001
15.4000,3.3726,0.000001
15.6000,3.3726,0.000001
15.8000,3.3726,0.000001
16.0000,3.3726,0.000001
16.2000,3.3726,0.000001
16.4000,3.3726,0.000001
16.6000,3.3726,0.000001
16.8000,3.3726,0.000001
17.0000,3.3726,0.000001
17.2000,3.3726,0.000001
17.4000,3.3726,0.000001
17.6000,3.3726,0.000001
17.8000,3.3726,0.000001
18.0000,3.3726,0.000001
18.2000,3.3726,0.000001
18.4000,3.3726,0.000001
18.6000,3.3726,0.000001
18.8000,3.3726,0.000001
19.0000,3.3726,0.000001
19.2000,3.3726,0.000001
19.4000,3.3726,0.000001
19.6000,3.3726,0.000001
19.8000,3.3726,0.000001
20.0000,3.3726,0.000001
-20.0000,3.4748,0.000001
-19.8000,3.4748,0.000001
-19.6000,3.4748,0.000001
-19.4000,3.4748,0.000001
-19.2000,3.4748,0.000001
-19.0000,3.4748,0.000001
-18.8000,3.4748,0.000001
-18.6000,3.4748,0.000001
-18.4000,3.4748,0.000001
-18.2000,3.4748,0.000001
-18.0000,3.4748,0.000001
-17.8000,3.4748,0.000001
-17.6000,3.4748,0.000001
-17.4000,3.4748,0.000001
-17.2000,3.4748,0.000001
-17.0000,3.4748,0.000001
-16.8000,3.4748,0.000001
-16.6000,3.4748,0.000001
-16.4000,3.4748,0.000001
-16.2000,3.4748,0.000001
-16.0000,3.4748,0.000001
-15.8000,3.4748,0.000001
-15.6000,3.4748,0.000001
-15.4000,3.4748,0.000001
-15.2000,3.4748,0.000001
-15.0000,3.4748,0.000001
-14.8000,3.4748,0.000001
-14.6000,3.4748,0.000001
-14.4000,3.4748,0.000001
-14.2000,3.4748,0.000001
-14.0000,3.4748,0.000001
-13.8000,3.4748,0.000001
-13.6000,3.4748,0.000001
-13.4000,3.4748,0.000001
-13.2000,3.4748,0.000001
-13.0000,3.4748,0.000001
-12.8000,3.4748,0.000001
-12.6000,3.4748,0.000001
-12.4000,3.4748,0.000001
-12.2000,3.4748,0.000001
-12.0000,3.4748,0.000001
-11.8000,3.4748,0.000001
-11.6000,3.4748,0.000002
-11.4000,3.4748,0.000002
-11.2000,3.4748,0.000002
-11.0000,3.4748,0.000002
-10.8000,3.4748,0.000002
-10.6000,3.4748,0.000002
-10.4000,3.4748,0.000002
-10.2000,3.4748,0.000003
-10.0000,3.4748,0.000003
-9.8000,3.4748,0.000003
-9.6000,3.4748,0.000004
-9.4000,3.4748,0.000004
-9.2000,3.4748,0.000005
-9.0000,3.4748,0.000005
-8.8000,3.4748,0.000006
-8.6000,3.4748,0.000007
-8.4000,3.4748,0.000008
-8.2000,3.4748,0.000010
-8.0000,3.4748,0.000012
-7.8000,3.4748,0.000015
-7.6000,3.4748,0.000018
-7.4000,3.4748,0.000023
-7.2000,3.4748,0.000029
-7.0000,3.4748,0.000037
-6.8000,3.4748,0.000049
-6.6000,3.4748,0.000066
-6.4000,3.4748,0.000091
-6.2000,3.4748,0.000129
-6.0000,3.4748,0.000186
-5.8000,3.4748,0.000275
-5.6000,3.4748,0.000420
-5.4000,3.4748,0.000659
-5.2000,3.4748,0.001067
-5.0000,3.4748,0.001781
-4.8000,3.4748,0.003065
-4.6000,3.4748,0.005434
-4.4000,3.4748,0.009899
-4.2000,3.4748,0.018460
-4.0000,3.4748,0.035026
-3.8000,3.4748,0.067053
-3.6000,3.4748,0.128048
-3.4000,3.4748,0.240421
-3.2000,3.4748,0.436142
-3.0000,3.4748,0.749296
-2.8000,3.4748,1.193296
-2.6000,3.4748,1.724924
-2.4000,3.4748,2.222135
-2.2000,3.4748,2.518706
-2.0000,3.4748,2.499856
-1.8000,3.4748,2.183730
-1.6000,3.4748,1.705204
-1.4000,3.4748,1.220387
-1.2000,3.4748,0.826561
-1.0000,3.4748,0.549096
-0.8000,3.4748,0.370889
-0.6000,3.4748,0.263268
-0.4000,3.4748,0.201878
-0.2000,3.4748,0.170706
0.0000,3.4748,0.161196
0.2000,3.4748,0.170706
0.4000,3.4748,0.201878
0.6000,3.4748,0.263268
0.8000,3.4748,0.370889
1.0000,3.4748,0.549096
1.2000,3.4748,0.826561
1.4000,3.4748,1.220387
1.6000,3.4748,1.705204
1.8000,3.4748,2.183730
2.0000,3.4748,2.499856
2.2000,3.4748,2.518706
2.4000,3.4748,2.222135
2.6000,3.4748,1.724924
2.8000,3.4748,1.193296
3.0000,3.4748,0.749296
3.2000,3.4748,0.436142
3.4000,3.4748,0.240421
3.6000,3.4748,0.128048
3.8000,3.4748,0.067053
4.0000,3.4748,0.035026
4.2000,3.4748,0.018460
4.4000,3.4748,0.009899
4.6000,3.4748,0.005434
4.8000,3.4748,0.003065
5.0000,3.4748,0.001781
5.2000,3.4748,0.001067
5.4000,3.4748,0.000659
5.6000,3.4748,0.000420
5.8000,3.4748,0.000275
6.0000,3.4748,0.000186
6.2000,3.4748,0.000129
6.4000,3.4748,0.000091
6.6000,3.4748,0.000066
6.8000,3.4748,0.000049
7.0000,3.4748,0.000037
7.2000,3.4748,0.000029
7.4000,3.4748,0.000023
7.6000,3.4748,0.000018
7.8000,3.4748,0.000015
8.0000,3.4748,0.000012
8.2000,3.4748,0.000010
8.4000,3.4748,0.000008
8.6000,3.4748,0.000007
8.8000,3.4748,0.000006
9.0000,3.4748,0.000005
9.2000,3.4748,0.000005
9.4000,3.4748,0.000004
9.6000,3.4748,0.000004
9.8000,3.4748,0.000003
10.0000,3.4748,0.000003
10.2000,3.4748,0.000003
10.4000,3.4748,0.000002
10.6000,3.4748,0.000002
10.8000,3.4748,0.000002
11.0000,3.4748,0.000002
11.2000,3.4748,0.000002
11.4000,3.4748,0.000002
11.6000,3.4748,0.000002
11.8000,3.4748,0.000001
12.0000,3.4748,0.000001
12.2000,3.4748,0.000001
12.4000,3.4748,0.000001
12.6000,3.4748,0.000001
12.8000,3.4748,0.000001
13.0000,3.4748,0.000001
13.2000,3.4748,0.000001
13.4000,3.4748,0.000001
13.6000,3.4748,0.000001
13.8000,3.4748,0.000001
14.0000,3.4748,0.000001
14.2000,3.4748,0.000001
14.4000,3.4748,0.000001
14.6000,3.4748,0.000001
14.8000,3.4748,0.000001
15.0000,3.4748,0.000001
15.2000,3.4748,0.000001
15.4000,3.4748,0.000001
15.6000,3.4748,0.000001
15.8000,3.4748,0.000001
16.0000,3.4748,0.000001
16.2000,3.4748,0.000001
16.4000,3.4748,0.000001
16.6000,3.4748,0.000001
16.8000,3.4748,0.000001
17.0000,3.4748,0.000001
17.2000,3.4748,0.000001
17.4000,3.4748,0.000001
17.6000,3.4748,0.000001
17.8000,3.4748,0.000001
18.0000,3.4748,0.000001
18.2000,3.4748,0.000001
18.4000,3.4748,0.000001
18.6000,3.4748,0.000001
18.8000,3.4748,0.000001
19.0000,3.4748,0.000001
19.2000,3.4748,0.000001
19.4000,3.4748,0.000001
19.6000,3.4748,0.000001
19.8000,3.4748,0.000001
20.0000,3.4748,0.000001
-20.0000,3.5770,0.000001
-19.8000,3.5770,0.000001
-19.6000,3.5770,0.000001
-19.4000,3.5770,0.000001
-19.2000,3.5770,0.000001
-19.0000,3.5770,0.000001
-18.8000,3.5770,0.000001
-18.6000,3.5770,0.000001
-18.4000,3.5770,0.000001
-18.2000,3.5770,0.000001
-18.0000,3.5770,0.000001
-17.8000,3.5770,0.000001
-17.6000,3.5770,0.000001
-17.4000,3.5770,0.000001
-17.2000,3.5770,0.000001
-17.0000,3.5770,0.000001
-16.8000,3.5770,0.000001
-16.6000,3.5770,0.000001
-16.4000,3.5770,0.000001
-16.2000,3.5770,0.000001
-16.0000,3.5770,0.000001
-15.8000,3.5770,0.000001
-15.6000,3.5770,0.000001
-15.4000,3.5770,0.000001
-15.2000,3.5770,0.000001
-15.0000,3.5770,0.000001
-14.8000,3.5770,0.000001
-14.6000,3.5770,0.000001
-14.4000,3.5770,0.000001
-14.2000,3.5770,0.000001
-14.0000,3.5770,0.000001
-13.8000,3.5770,0.000001
-13.6000,3.5770,0.000001
-13.4000,3.5770,0.000001
-13.2000,3.5770,0.000001
-13.0000,3.5770,0.000001
-12.8000,3.5770,0.000001
-12.6000,3.5770,0.000001
-12.4000,3.5770,0.000001
-12.2000,3.5770,0.000001
-12.0000,3.5770,0.000001
-11.8000,3.5770,0.000001
-11.6000,3.5770,0.000002
-11.4000,3.5770,0.000002
-11.2000,3.5770,0.000002
-11.0000,3.5770,0.000002
-10.8000,3.5770,0.000002
-10.6000,3.5770,0.000002
-10.4000,3.5770,0.000003
-10.2000,3.5770,0.000003
-10.0000,3.5770,0.000003
-9.8000,3.5770,0.000003
-9.6000,3.5770,0.000004
-9.4000,3.5770,0.000004
-9.2000,3.5770,0.000005
-9.0000,3.5770,0.000006
-8.8000,3.5770,0.000006
-8.6000,3.5770,0.000007
-8.4000,3.5770,0.000009
-8.2000,3.5770,0.000010
-8.0000,3.5770,0.000013
-7.8000,3.5770,0.000015
-7.6000,3.5770,0.000019
-7.4000,3.5770,0.000024
-7.2000,3.5770,0.000031
-7.0000,3.5770,0.000040
-6.8000,3.5770,0.000053
-6.6000,3.5770,0.000072
-6.4000,3.5770,0.000099
-6.2000,3.5770,0.000141
-6.0000,3.5770,0.000205
-5.8000,3.5770,0.000307
-5.6000,3.5770,0.000472
-5.4000,3.5770,0.000748
-5.2000,3.5770,0.001223
-5.0000,3.5770,0.002062
-4.8000,3.5770,0.003585
-4.6000,3.5770,0.006418
-4.4000,3.5770,0.011798
-4.2000,3.5770,0.022167
-4.0000,3.5770,0.042285
-3.8000,3.5770,0.081126
-3.6000,3.5770,0.154619
-3.4000,3.5770,0.288238
-3.2000,3.5770,0.515970
-3.0000,3.5770,0.868758
-2.8000,3.5770,1.346457
-2.6000,3.5770,1.881841
-2.4000,3.5770,2.331842
-2.2000,3.5770,2.534517
-2.0000,3.5770,2.411433
-1.8000,3.5770,2.024485
-1.6000,3.5770,1.527152
-1.4000,3.5770,1.063190
-1.2000,3.5770,0.705882
-1.0000,3.5770,0.463047
-0.8000,3.5770,0.310721
-0.6000,3.5770,0.220051
-0.4000,3.5770,0.168749
-0.2000,3.5770,0.142802
0.0000,3.5770,0.134898
0.2000,3.5770,0.142802
0.4000,3.5770,0.168749
0.6000,3.5770,0.220051
0.8000,3.5770,0.310721
1.0000,3.5770,0.463047
1.2000,3.5770,0.705882
1.4000,3.5770,1.063190
1.6000,3.5770,1.527152
1.8000,3.5770,2.024485
2.0000,3.5770,2.411433
2.2000,3.5770,2.534517
2.4000,3.5770,2.331842
2.6000,3.5770,1.881841
2.8000,3.5770,1.346457
3.0000,3.5770,0.868758
3.2000,3.5770,0.515970
3.4000,3.5770,0.288238
3.6000,3.5770,0.154619
3.8000,3.5770,0.081126
4.0000,3.5770,0.042285
4.2000,3.5770,0.022167
4.4000,3.5770,0.011798
4.6000,3.5770,0.006418
4.8000,3.5770,0.003585
5.0000,3.5770,0.002062
5.2000,3.5770,0.001223
5.4000,3.5770,0.000748
5.6000,3.5770,0.000472
5.8000,3.5770,0.000307
6.0000,3.5770,0.000205
6.2000,3.5770,0.000141
6.4000,3.5770,0.000099
6.6000,3.5770,0.000072
6.8000,3.5770,0.000053
7.0000,3.5770,0.000040
7.2000,3.5770,0.000031
7.4000,3.5770,0.000024
7.6000,3.5770,0.000019
7.8000,3.5770,0.000015
8.0000,3.5770,0.000013
8.2000,3.5770,0.000010
8.4000,3.5770,0.000009
8.6000,3.5770,0.000007
8.8000,3.5770,0.000006
9.0000,3.5770,0.000006
9.2000,3.5770,0.000005
9.4000,3.5770,0.000004
9.6000,3.5770,0.000004
9.8000,3.5770,0.000003
10.0000,3.5770,0.000003
10.2000,3.5770,0.000003
10.4000,3.5770,0.000003
10.6000,3.5770,0.000002
10.8000,3.5770,0.000002
11.0000,3.5770,0.000002
11.2000,3.5770,0.000002
11.4000,3.5770,0.000002
11.6000,3.5770,0.000002
11.8000,3.5770,0.000001
12.0000,3.5770,0.000001
12.2000,3.5770,0.000001
12.4000,3.5770,0.000001
12.6000,3.5770,0.000001
12.8000,3.5770,0.000001
13.0000,3.5770,0.000001
13.2000,3.5770,0.000001
13.4000,3.5770,0.000001
13.6000,3.5770,0.000001
13.8000,3.5770,0.000001
14.0000,3.5770,0.000001
14.2000,3.5770,0.000001
14.4000,3.5770,0.000001
14.6000,3.5770,0.000001
14.8000,3.5770,0.000001
15.0000,3.5770,0.000001
15.2000,3.5770,0.000001
15.4000,3.5770,0.000001
15.6000,3.5770,0.000001
15.8000,3.5770,0.000001
16.0000,3.5770,0.000001
16.2000,3.5770,0.000001
16.4000,3.5770,0.000001
16.6000,3.5770,0.000001
16.8000,3.5770,0.000001
17.0000,3.5770,0.000001
17.2000,3.5770,0.000001
17.4000,3.5770,0.000001
17.6000,3.5770,0.000001
17.8000,3.5770,0.000001
18.0000,3.5770,0.000001
18.2000,3.5770,0.000001
18.4000,3.5770,0.000001
18.6000,3.5770,0.000001
18.8000,3.5770,0.000001
19.0000,3.5770,0.000001
19.2000,3.5770,0.000001
19.4000,3.5770,0.000001
19.6000,3.5770,0.000001
19.8000,3.5770,0.000001
20.0000,3.5770,0.000001
-20.0000,3.6792,0.000001
-19.8000,3.6792,0.000001
-19.6000,3.6792,0.000001
-19.4000,3.6792,0.000001
-19.2000,3.6792,0.000001
-19.0000,3.6792,0.000001
-18.8000,3.6792,0.000001
-18.6000,3.6792,0.000001
-18.4000,3.6792,0.000001
-18.2000,3.6792,0.000001
-18.0000,3.6792,0.000001
-17.8000,3.6792,0.000001
-17.6000,3.6792,0.000001
-17.4000,3.6792,0.000001
-17.2000,3.6792,0.000001
-17.0000,3.6792,0.000001
-16.8000,3.6792,0.000001
-16.6000,3.6792,0.000001
-16.4000,3.6792,0.000001
-16.2000,3.6792,0.000001
-16.0000,3.6792,0.000001
-15.8000,3.6792,0.000001
-15.6000,3.6792,0.000001
-15.4000,3.6792,0.000001
-15.2000,3.6792,0.000001
-15.0000,3.6792,0.000001
-14.8000,3.6792,0.000001
-14.6000,3.6792,0.000001
-14.4000,3.6792,0.000001
-14.2000,3.6792,0.000001
-14.0000,3.6792,0.000001
-13.8000,3.6792,0.000001
-13.6000,3.6792,0.000001
-13.4000,3.6792,0.000001
-13.2000,3.6792,0.000001
-13.0000,3.6792,0.000001
-12.8000,3.6792,0.000001
-12.6000,3.6792,0.000001
-12.4000,3.6792,0.000001
-12.2000,3.6792,0.000001
-12.0000,3.6792,0.000001
-11.8000,3.6792,0.000002
-11.6000,3.6792,0.000002
-11.4000,3.6792,0.000002
-11.2000,3.6792,0.000002
-11.0000,3.6792,0.000002
-10.8000,3.6792,0.000002
-10.6000,3.6792,0.000002
-10.4000,3.6792,0.000003
-10.2000,3.6792,0.000003
-10.0000,3.6792,0.000003
-9.8000,3.6792,0.000003
-9.6000,3.6792,0.000004
-9.4000,3.6792,0.000004
-9.2000,3.6792,0.000005
-9.0000,3.6792,0.000006
-8.8000,3.6792,0.000007
-8.6000,3.6792,0.000008
-8.4000,3.6792,0.000009
-8.2000,3.6792,0.000011
-8.0000,3.6792,0.000013
-7.8000,3.6792,0.000016
-7.6000,3.6792,0.000020
-7.4000,3.6792,0.000025
-7.2000,3.6792,0.000033
-7.0000,3.6792,0.000043
-6.8000,3.6792,0.000057
-6.6000,3.6792,0.000078
-6.4000,3.6792,0.000108
-6.2000,3.6792,0.000155
-6.0000,3.6792,0.000227
-5.8000,3.6792,0.000343
-5.6000,3.6792,0.000533
-5.4000,3.6792,0.000853
-5.2000,3.6792,0.001408
-5.0000,3.6792,0.002399
-4.8000,3.6792,0.004213
-4.6000,3.6792,0.007615
-4.4000,3.6792,0.014118
-4.2000,3.6792,0.026710
-4.0000,3.6792,0.051177
-3.8000,3.6792,0.098280
-3.6000,3.6792,0.186645
-3.4000,3.6792,0.344788
-3.2000,3.6792,0.607681
-3.0000,3.6792,1.000400
-2.8000,3.6792,1.505469
-2.6000,3.6792,2.030387
-2.4000,3.6792,2.416656
-2.2000,3.6792,2.517386
-2.0000,3.6792,2.296717
-1.8000,3.6792,1.855219
-1.6000,3.6792,1.354294
-1.4000,3.6792,0.919061
-1.2000,3.6792,0.599384
-1.0000,3.6792,0.388961
-0.8000,3.6792,0.259668
-0.6000,3.6792,0.183657
-0.4000,3.6792,0.140935
-0.2000,3.6792,0.119396
0.0000,3.6792,0.112842
0.2000,3.6792,0.119396
0.4000,3.6792,0.140935
0.6000,3.6792,0.183657
0.8000,3.6792,0.259668
1.0000,3.6792,0.388961
1.2000,3.6792,0.599384
1.4000,3.6792,0.919061
1.6000,3.6792,1.354294
1.8000,3.6792,1.855219
2.0000,3.6792,2.296717
2.2000,3.6792,2.517386
2.4000,3.6792,2.416656
2.6000,3.6792,2.030387
2.8000,3.6792,1.505469
3.0000,3.6792,1.000400
3.2000,3.6792,0.607681
3.4000,3.6792,0.344788
3.6000,3.6792,0.186645
3.8000,3.6792,0.098280
4.0000,3.6792,0.051177
4.2000,3.6792,0.026710
4.4000,3.6792,0.014118
4.6000,3.6792,0.007615
4.8000,3.6792,0.004213
5.0000,3.6792,0.002399
5.2000,3.6792,0.001408
5.4000,3.6792,0.000853
5.6000,3.6792,0.000533
5.8000,3.6792,0.000343
6.0000,3.6792,0.000227
6.2000,3.6792,0.000155
6.4000,3.6792,0.000108
6.6000,3.6792,0.000078
6.8000,3.6792,0.000057
7.0000,3.6792,0.000043
7.2000,3.6792,0.000033
7.4000,3.6792,0.000025
7.6000,3.6792,0.000020
7.8000,3.6792,0.000016
8.0000,3.6792,0.000013
8.2000,3.6792,0.000011
8.4000,3.6792,0.000009
8.6000,3.6792,0.000008
8.8000,3.6792,0.000007
9.0000,3.6792,0.000006
9.2000,3.6792,0.000005
9.4000,3.6792,0.000004
9.6000,3.6792,0.000004
9.8000,3.6792,0.000003
10.0000,3.6792,0.000003
10.2000,3.6792,0.000003
10.4000,3.6792,0.000003
10.6000,3.6792,0.000002
10.8000,3.6792,0.000002
11.0000,3.6792,0.000002
11.2000,3.6792,0.000002
11.4000,3.6792,0.000002
11.6000,3.6792,0.000002
11.8000,3.6792,0.000002
12.0000,3.6792,0.000001
12.2000,3.6792,0.000001
12.4000,3.6792,0.000001
12.6000,3.6792,0.000001
12.8000,3.6792,0.000001
13.0000,3.6792,0.000001
13.2000,3.6792,0.000001
13.4000,3.6792,0.000001
13.6000,3.6792,0.000001
13.8000,3.6792,0.000001
14.0000,3.6792,0.000001
14.2000,3.6792,0.000001
14.4000,3.6792,0.000001
14.6000,3.6792,0.000001
14.8000,3.6792,0.000001
15.0000,3.6792,0.000001
15.2000,3.6792,0.000001
15.4000,3.6792,0.000001
15.6000,3.6792,0.000001
15.8000,3.6792,0.000001
16.0000,3.6792,0.000001
16.2000,3.6792,0.000001
16.4000,3.6792,0.000001
16.6000,3.6792,0.000001
16.8000,3.6792,0.000001
17.0000,3.6792,0.000001
17.2000,3.6792,0.000001
17.4000,3.6792,0.000001
17.6000,3.6792,0.000001
17.8000,3.6792,0.000001
18.0000,3.6792,0.000001
18.2000,3.6792,0.000001
18.4000,3.6792,0.000001
18.6000,3.6792,0.000001
18.8000,3.6792,0.000001
19.0000,3.6792,0.000001
19.2000,3.6792,0.000001
19.4000,3.6792,0.000001
19.6000,3.6792,0.000001
19.8000,3.6792,0.000001
20.0000,3.6792,0.000001
-20.0000,3.7814,0.000001
-19.8000,3.7814,0.000001
-19.6000,3.7814,0.000001
-19.4000,3.7814,0.000001
-19.2000,3.7814,0.000001
-19.0000,3.7814,0.000001
-18.8000,3.7814,0.000001
-18.6000,3.7814,0.000001
-18.4000,3.7814,0.000001
-18.2000,3.7814,0.000001
-18.0000,3.7814,0.000001
-17.8000,3.7814,0.000001
-17.6000,3.7814,0.000001
-17.4000,3.7814,0.000001
-17.2000,3.7814,0.000001
-17.0000,3.7814,0.000001
-16.8000,3.7814,0.000001
-16.6000,3.7814,0.000001
-16.4000,3.7814,0.000001
-16.2000,3.7814,0.000001
-16.0000,3.7814,0.000001
-15.8000,3.7814,0.000001
-15.6000,3.7814,0.000001
-15.4000,3.7814,0.000001
-15.2000,3.7814,0.000001
-15.0000,3.7814,0.000001
-14.8000,3.7814,0.000001
-14.6000,3.7814,0.000001
-14.4000,3.7814,0.000001
-14.2000,3.7814,0.000001
-14.0000,3.7814,0.000001
-13.8000,3.7814,0.000001
-13.6000,3.7814,0.000001
-13.4000,3.7814,0.000001
-13.2000,3.7814,0.000001
-13.0000,3.7814,0.000001
-12.8000,3.7814,0.000001
-12.6000,3.7814,0.000001
-12.4000,3.7814,0.000001
-12.2000,3.7814,0.000001
-12.0000,3.7814,0.000001
-11.8000,3.7814,0.000002
-11.6000,3.7814,0.000002
-11.4000,3.7814,0.000002
-11.2000,3.7814,0.000002
-11.0000,3.7814,0.000002
-10.8000,3.7814,0.000002
-10.6000,3.7814,0.000002
-10.4000,3.7814,0.000003
-10.2000,3.7814,0.000003
-10.0000,3.7814,0.000003
-9.8000,3.7814,0.000004
-9.6000,3.7814,0.000004
-9.4000,3.7814,0.000004
-9.2000,3.7814,0.000005
-9.0000,3.7814,0.000006
-8.8000,3.7814,0.000007
-8.6000,3.7814,0.000008
-8.4000,3.7814,0.000009
-8.2000,3.7814,0.000011
-8.0000,3.7814,0.000014
-7.8000,3.7814,0.000017
-7.6000,3.7814,0.000021
-7.4000,3.7814,0.000027
-7.2000,3.7814,0.000035
-7.0000,3.7814,0.000046
-6.8000,3.7814,0.000061
-6.6000,3.7814,0.000084
-6.4000,3.7814,0.000119
-6.2000,3.7814,0.000171
-6.0000,3.7814,0.000253
-5.8000,3.7814,0.000385
-5.6000,3.7814,0.000604
-5.4000,3.7814,0.000976
-5.2000,3.7814,0.001628
-5.0000,3.7814,0.002803
-4.8000,3.7814,0.004972
-4.6000,3.7814,0.009072
-4.4000,3.7814,0.016958
-4.2000,3.7814,0.032285
-4.0000,3.7814,0.062068
-3.8000,3.7814,0.119146
-3.6000,3.7814,0.225081
-3.4000,3.7814,0.411177
-3.2000,3.7814,0.711890
-3.0000,3.7814,1.143170
-2.8000,3.7814,1.666691
-2.6000,3.7814,2.165207
-2.4000,3.7814,2.472660
-2.2000,3.7814,2.467804
-2.0000,3.7814,2.160231
-1.8000,3.7814,1.681221
-1.6000,3.7814,1.189901
-1.4000,3.7814,0.788787
-1.2000,3.7814,0.506339
-1.0000,3.7814,0.325616
-0.8000,3.7814,0.216553
-0.6000,3.7814,0.153104
-0.4000,3.7814,0.117635
-0.2000,3.7814,0.099796
0.0000,3.7814,0.094372
0.2000,3.7814,0.099796
0.4000,3.7814,0.117635
0.6000,3.7814,0.153104
0.8000,3.7814,0.216553
1.0000,3.7814,0.325616
1.2000,3.7814,0.506339
1.4000,3.7814,0.788787
1.6000,3.7814,1.189901
1.8000,3.7814,1.681221
2.0000,3.7814,2.160231
2.2000,3.7814,2.467804
2.4000,3.7814,2.472660
2.6000,3.7814,2.165207
2.8000,3.7814,1.666691
3.0000,3.7814,1.143170
3.2000,3.7814,0.711890
3.4000,3.7814,0.411177
3.6000,3.7814,0.225081
3.8000,3.7814,0.119146
4.0000,3.7814,0.062068
4.2000,3.7814,0.032285
4.4000,3.7814,0.016958
4.6000,3.7814,0.009072
4.8000,3.7814,0.004972
5.0000,3.7814,0.002803
5.2000,3.7814,0.001628
5.4000,3.7814,0.000976
5.6000,3.7814,0.000604
5.8000,3.7814,0.000385
6.0000,3.7814,0.000253
6.2000,3.7814,0.000171
6.4000,3.7814,0.000119
6.6000,3.7814,0.000084
6.8000,3.7814,0.000061
7.0000,3.7814,0.000046
7.2000,3.7814,0.000035
7.4000,3.7814,0.000027
7.6000,3.7814,0.000021
7.8000,3.7814,0.000017
8.0000,3.7814,0.000014
8.2000,3.7814,0.000011
8.4000,3.7814,0.000009
8.6000,3.7814,0.000008
8.8000,3.7814,0.000007
9.0000,3.7814,0.000006
9.2000,3.7814,0.000005
9.4000,3.7814,0.000004
9.6000,3.7814,0.000004
9.8000,3.7814,0.000004
10.0000,3.7814,0.000003
10.2000,3.7814,0.000003
10.4000,3.7814,0.000003
10.6000,3.7814,0.000002
10.8000,3.7814,0.000002
11.0000,3.7814,0.000002
11.2000,3.7814,0.000002
11.4000,3.7814,0.000002
11.6000,3.7814,0.000002
11.8000,3.7814,0.000002
12.0000,3.7814,0.000001
12.2000,3.7814,0.000001
12.4000,3.7814,0.000001
12.6000,3.7814,0.000001
12.8000,3.7814,0.000001
13.0000,3.7814,0.000001
13.2000,3.7814,0.000001
13.4000,3.7814,0.000001
13.6000,3.7814,0.000001
13.8000,3.7814,0.000001
14.0000,3.7814,0.000001
14.2000,3.7814,0.000001
14.4000,3.7814,0.000001
14.6000,3.7814,0.000001
14.8000,3.7814,0.000001
15.0000,3.7814,0.000001
15.2000,3.7814,0.000001
15.4000,3.7814,0.000001
15.6000,3.7814,0.000001
15.8000,3.7814,0.000001
16.0000,3.7814,0.000001
16.2000,3.7814,0.000001
16.4000,3.7814,0.000001
16.6000,3.7814,0.000001
16.8000,3.7814,0.000001
17.0000,3.7814,0.000001
17.2000,3.7814,0.000001
17.4000,3.7814,0.000001
17.6000,3.7814,0.000001
17.8000,3.7814,0.000001
18.0000,3.7814,0.000001
18.2000,3.7814,0.000001
18.4000,3.7814,0.000001
18.6000,3.7814,0.000001
18.8000,3.7814,0.000001
19.0000,3.7814,0.000001
19.2000,3.7814,0.000001
19.4000,3.7814,0.000001
19.6000,3.7814,0.000001
19.8000,3.7814,0.000001
20.0000,3.7814,0.000001
-20.0000,3.8836,0.000001
-19.8000,3.8836,0.000001
-19.6000,3.8836,0.000001
-19.4000,3.8836,0.000001
-19.2000,3.8836,0.000001
-19.0000,3.8836,0.000001
-18.8000,3.8836,0.000001
-18.6000,3.8836,0.000001
-18.4000,3.8836,0.000001
-18.2000,3.8836,0.000001
-18.0000,3.8836,0.000001
-17.8000,3.8836,0.000001
-17.6000,3.8836,0.000001
-17.4000,3.8836,0.000001
-17.2000,3.8836,0.000001
-17.0000,3.8836,0.000001
-16.8000,3.8836,0.000001
-16.6000,3.8836,0.000001
-16.4000,3.8836,0.000001
-16.2000,3.8836,0.000001
-16.0000,3.8836,0.000001
-15.8000,3.8836,0.000001
-15.6000,3.8836,0.000001
-15.4000,3.8836,0.000001
-15.2000,3.8836,0.000001
-15.0000,3.8836,0.000001
-14.8000,3.8836,0.000001
-14.6000,3.8836,0.000001
-14.4000,3.8836,0.000001
-14.2000,3.8836,0.000001
-14.0000,3.8836,0.000001
-13.8000,3.8836,0.000001
-13.6000,3.8836,0.000001
-13.4000,3.8836,0.000001
-13.2000,3.8836,0.000001
-13.0000,3.8836,0.000001
-12.8000,3.8836,0.000001
-12.6000,3.8836,0.000001
-12.4000,3.8836,0.000001
-12.2000,3.8836,0.000001
-12.0000,3.8836,0.000001
-11.8000,3.8836,0.000002
-11.6000,3.8836,0.000002
-11.4000,3.8836,0.000002
-11.2000,3.8836,0.000002
-11.0000,3.8836,0.000002
-10.8000,3.8836,0.000002
-10.6000,3.8836,0.000002
-10.4000,3.8836,0.000003
-10.2000,3.8836,0.000003
-10.0000,3.8836,0.000003
-9.8000,3.8836,0.000004
-9.6000,3.8836,0.000004
-9.4000,3.8836,0.000005
-9.2000,3.8836,0.000005
-9.0000,3.8836,0.000006
-8.8000,3.8836,0.000007
-8.6000,3.8836,0.000008
-8.4000,3.8836,0.000010
-8.2000,3.8836,0.000012
-8.0000,3.8836,0.000014
-7.8000,3.8836,0.000018
-7.6000,3.8836,0.000022
-7.4000,3.8836,0.000029
-7.2000,3.8836,0.000037
-7.0000,3.8836,0.000049
-6.8000,3.8836,0.000066
-6.6000,3.8836,0.000092
-6.4000,3.8836,0.000130
-6.2000,3.8836,0.000189
-6.0000,3.8836,0.000282
-5.8000,3.8836,0.000434
-5.6000,3.8836,0.000687
-5.4000,3.8836,0.001122
-5.2000,3.8836,0.001891
-5.0000,3.8836,0.003289
-4.8000,3.8836,0.005894
-4.6000,3.8836,0.010852
-4.4000,3.8836,0.020442
-4.2000,3.8836,0.039129
-4.0000,3.8836,0.075398
-3.8000,3.8836,0.144459
-3.6000,3.8836,0.270967
-3.4000,3.8836,0.488466
-3.2000,3.8836,0.828835
-3.0000,3.8836,1.295251
-2.8000,3.8836,1.825718
-2.6000,3.8836,2.280979
-2.4000,3.8836,2.497099
-2.2000,3.8836,2.387748
-2.0000,3.8836,2.007138
-1.8000,3.8836,1.507345
-1.6000,3.8836,1.036410
-1.4000,3.8836,0.672545
-1.2000,3.8836,0.425780
-1.0000,3.8836,0.271788
-0.8000,3.8836,0.180291
-0.6000,3.8836,0.127525
-0.4000,3.8836,0.098153
-0.2000,3.8836,0.083405
0.0000,3.8836,0.078924
0.2000,3.8836,0.083405
0.4000,3.8836,0.098153
0.6000,3.8836,0.127525
0.8000,3.8836,0.180291
1.0000,3.8836,0.271788
1.2000,3.8836,0.425780
1.4000,3.8836,0.672545
1.6000,3.8836,1.036410
1.8000,3.8836,1.507345
2.0000,3.8836,2.007138
2.2000,3.8836,2.387748
2.4000,3.8836,2.497099
2.6000,3.8836,2.280979
2.8000,3.8836,1.825718
3.0000,3.8836,1.295251
3.2000,3.8836,0.828835
3.4000,3.8836,0.488466
3.6000,3.8836,0.270967
3.8000,3.8836,0.144459
4.0000,3.8836,0.075398
4.2000,3.8836,0.039129
4.4000,3.8836,0.020442
4.6000,3.8836,0.010852
4.8000,3.8836,0.005894
5.0000,3.8836,0.003289
5.2000,3.8836,0.001891
5.4000,3.8836,0.001122
5.6000,3.8836,0.000687
5.8000,3.8836,0.000434
6.0000,3.8836,0.000282
6.2000,3.8836,0.000189
6.4000,3.8836,0.000130
6.6000,3.8836,0.000092
6.8000,3.8836,0.000066
7.0000,3.8836,0.000049
7.2000,3.8836,0.000037
7.4000,3.8836,0.000029
7.6000,3.8836,0.000022
7.8000,3.8836,0.000018
8.0000,3.8836,0.000014
8.2000,3.8836,0.000012
8.4000,3.8836,0.000010
8.6000,3.8836,0.000008
8.8000,3.8836,0.000007
9.0000,3.8836,0.000006
9.2000,3.8836,0.000005
9.4000,3.8836,0.000005
9.6000,3.8836,0.000004
9.8000,3.8836,0.000004
10.0000,3.8836,0.000003
10.2000,3.8836,0.000003
10.4000,3.8836,0.000003
10.6000,3.8836,0.000002
10.8000,3.8836,0.000002
11.0000,3.8836,0.000002
11.2000,3.8836,0.000002
11.4000,3.8836,0.000002
11.6000,3.8836,0.000002
11.8000,3.8836,0.000002
12.0000,3.8836,0.000001
12.2000,3.8836,0.000001
12.4000,3.8836,0.000001
12.6000,3.8836,0.000001
12.8000,3.8836,0.000001
13.0000,3.8836,0.000001
13.2000,3.8836,0.000001
13.4000,3.8836,0.000001
13.6000,3.8836,0.000001
13.8000,3.8836,0.000001
14.0000,3.8836,0.000001
14.2000,3.8836,0.000001
14.4000,3.8836,0.000001
14.6000,3.8836,0.000001
14.8000,3.8836,0.000001
15.0000,3.8836,0.000001
15.2000,3.8836,0.000001
15.4000,3.8836,0.000001
15.6000,3.8836,0.000001
15.8000,3.8836,0.000001
16.0000,3.8836,0.000001
16.2000,3.8836,0.000001
16.4000,3.8836,0.000001
16.6000,3.8836,0.000001
16.8000,3.8836,0.000001
17.0000,3.8836,0.000001
17.2000,3.8836,0.000001
17.4000,3.8836,0.000001
17.6000,3.8836,0.000001
17.8000,3.8836,0.000001
18.0000,3.8836,0.000001
18.2000,3.8836,0.000001
18.4000,3.8836,0.000001
18.6000,3.8836,0.000001
18.8000,3.8836,0.000001
19.0000,3.8836,0.000001
19.2000,3.8836,0.000001
19.4000,3.8836,0.000001
19.6000,3.8836,0.000001
19.8000,3.8836,0.000001
20.0000,3.8836,0.000001
-20.0000,3.9858,0.000001
-19.8000,3.9858,0.000001
-19.6000,3.9858,0.000001
-19.4000,3.9858,0.000001
-19.2000,3.9858,0.000001
-19.0000,3.9858,0.000001
-18.8000,3.9858,0.000001
-18.6000,3.9858,0.000001
-18.4000,3.9858,0.000001
-18.2000,3.9858,0.000001
-18.0000,3.9858,0.000001
-17.8000,3.9858,0.000001
-17.6000,3.9858,0.000001
-17.4000,3.9858,0.000001
-17.2000,3.9858,0.000001
-17.0000,3.9858,0.000001
-16.8000,3.9858,0.000001
-16.6000,3.9858,0.000001
-16.4000,3.9858,0.000001
-16.2000,3.9858,0.000001
-16.0000,3.9858,0.000001
-15.8000,3.9858,0.000001
-15.6000,3.9858,0.000001
-15.4000,3.9858,0.000001
-15.2000,3.9858,0.000001
-15.0000,3.9858,0.000001
-14.8000,3.9858,0.000001
-14.6000,3.9858,0.000001
-14.4000,3.9858,0.000001
-14.2000,3.9858,0.000001
-14.0000,3.9858,0.000001
-13.8000,3.9858,0.000001
-13.6000,3.9858,0.000001
-13.4000,3.9858,0.000001
-13.2000,3.9858,0.000001
-13.0000,3.9858,0.000001
-12.8000,3.9858,0.000001
-12.6000,3.9858,0.000001
-12.4000,3.9858,0.000001
-12.2000,3.9858,0.000001
-12.0000,3.9858,0.000001
-11.8000,3.9858,0.000002
-11.6000,3.9858,0.000002
-11.4000,3.9858,0.000002
-11.2000,3.9858,0.000002
-11.0000,3.9858,0.000002
-10.8000,3.9858,0.000002
-10.6000,3.9858,0.000002
-10.4000,3.9858,0.000003
-10.2000,3.9858,0.000003
-10.0000,3.9858,0.000003
-9.8000,3.9858,0.000004
-9.6000,3.9858,0.000004
-9.4000,3.9858,0.000005
-9.2000,3.9858,0.000005
-9.0000,3.9858,0.000006
-8.8000,3.9858,0.000007
-8.6000,3.9858,0.000009
-8.4000,3.9858,0.000010
-8.2000,3.9858,0.000012
-8.0000,3.9858,0.000015
-7.8000,3.9858,0.000019
-7.6000,3.9858,0.000024
-7.4000,3.9858,0.000030
-7.2000,3.9858,0.000040
-7.0000,3.9858,0.000053
-6.8000,3.9858,0.000072
-6.6000,3.9858,0.000100
-6.4000,3.9858,0.000143
-6.2000,3.9858,0.000210
-6.0000,3.9858,0.000316
-5.8000,3.9858,0.000491
-5.6000,3.9858,0.000785
-5.4000,3.9858,0.001295
-5.2000,3.9858,0.002207
-5.0000,3.9858,0.003877
-4.8000,3.9858,0.007016
-4.6000,3.9858,0.013032
-4.4000,3.9858,0.024721
-4.2000,3.9858,0.047534
-4.0000,3.9858,0.091689
-3.8000,3.9858,0.175060
-3.6000,3.9858,0.325406
-3.4000,3.9858,0.577579
-3.2000,3.9858,0.958246
-3.0000,3.9858,1.453992
-2.8000,3.9858,1.977550
-2.6000,3.9858,2.372779
-2.4000,3.9858,2.488622
-2.2000,3.9858,2.280522
-2.0000,3.9858,1.842873
-1.8000,3.9858,1.337791
-1.6000,3.9858,0.895448
-1.4000,3.9858,0.570022
-1.2000,3.9858,0.356593
-1.0000,3.9858,0.226296
-0.8000,3.9858,0.149901
-0.6000,3.9858,0.106158
-0.4000,3.9858,0.081888
-0.2000,3.9858,0.069714
0.0000,3.9858,0.066016
0.2000,3.9858,0.069714
0.4000,3.9858,0.081888
0.6000,3.9858,0.106158
0.8000,3.9858,0.149901
1.0000,3.9858,0.226296
1.2000,3.9858,0.356593
1.4000,3.9858,0.570022
1.6000,3.9858,0.895448
1.8000,3.9858,1.337791
2.0000,3.9858,1.842873
2.2000,3.9858,2.280522
2.4000,3.9858,2.488622
2.6000,3.9858,2.372779
2.8000,3.9858,1.977550
3.0000,3.9858,1.453992
3.2000,3.9858,0.958246
3.4000,3.9858,0.577579
3.6000,3.9858,0.325406
3.8000,3.9858,0.175060
4.0000,3.9858,0.091689
4.2000,3.9858,0.047534
4.4000,3.9858,0.024721
4.6000,3.9858,0.013032
4.8000,3.9858,0.007016
5.0000,3.9858,0.003877
5.2000,3.9858,0.002207
5.4000,3.9858,0.001295
5.6000,3.9858,0.000785
5.8000,3.9858,0.000491
6.0000,3.9858,0.000316
6.2000,3.9858,0.000210
6.4000,3.9858,0.000143
6.6000,3.9858,0.000100
6.8000,3.9858,0.000072
7.0000,3.9858,0.000053
7.2000,3.9858,0.000040
7.4000,3.9858,0.000030
7.6000,3.9858,0.000024
7.8000,3.9858,0.000019
8.0000,3.9858,0.000015
8.2000,3.9858,0.000012
8.4000,3.9858,0.000010
8.6000,3.9858,0.000009
8.8000,3.9858,0.000007
9.0000,3.9858,0.000006
9.2000,3.9858,0.000005
9.4000,3.9858,0.000005
9.6000,3.9858,0.000004
9.8000,3.9858,0.000004
10.0000,3.9858,0.000003
10.2000,3.9858,0.000003
10.4000,3.9858,0.000003
10.6000,3.9858,0.000002
10.8000,3.9858,0.000002
11.0000,3.9858,0.000002
11.2000,3.9858,0.000002
11.4000,3.9858,0.000002
11.6000,3.9858,0.000002
11.8000,3.9858,0.000002
12.0000,3.9858,0.000001
12.2000,3.9858,0.000001
12.4000,3.9858,0.000001
12.6000,3.9858,0.000001
12.8000,3.9858,0.000001
13.0000,3.9858,0.000001
13.2000,3.9858,0.000001
13.4000,3.9858,0.000001
13.6000,3.9858,0.000001
13.8000,3.9858,0.000001
14.0000,3.9858,0.000001
14.2000,3.9858,0.000001
14.4000,3.9858,0.000001
14.6000,3.9858,0.000001
14.8000,3.9858,0.000001
15.0000,3.9858,0.000001
15.2000,3.9858,0.000001
15.4000,3.9858,0.000001
15.6000,3.9858,0.000001
15.8000,3.9858,0.000001
16.0000,3.9858,0.000001
16.2000,3.9858,0.000001
16.4000,3.9858,0.000001
16.6000,3.9858,0.000001
16.8000,3.9858,0.000001
17.0000,3.9858,0.000001
17.2000,3.9858,0.000001
17.4000,3.9858,0.000001
17.6000,3.9858,0.000001
17.8000,3.9858,0.000001
18.0000,3.9858,0.000001
18.2000,3.9858,0.000001
18.4000,3.9858,0.000001
18.6000,3.9858,0.000001
18.8000,3.9858,0.000001
19.0000,3.9858,0.000001
19.2000,3.9858,0.000001
19.4000,3.9858,0.000001
19.6000,3.9858,0.000001
19.8000,3.9858,0.000001
20.0000,3.9858,0.000001
-20.0000,4.0880,0.000001
-19.8000,4.0880,0.000001
-19.6000,4.0880,0.000001
-19.4000,4.0880,0.000001
-19.2000,4.0880,0.000001
-19.0000,4.0880,0.000001
-18.8000,4.0880,0.000001
-18.6000,4.0880,0.000001
-18.4000,4.0880,0.000001
-18.2000,4.0880,0.000001
-18.0000,4.0880,0.000001
-17.8000,4.0880,0.000001
-17.6000,4.0880,0.000001
-17.4000,4.0880,0.000001
-17.2000,4.0880,0.000001
-17.0000,4.0880,0.000001
-16.8000,4.0880,0.000001
-16.6000,4.0880,0.000001
-16.4000,4.0880,0.000001
-16.2000,4.0880,0.000001
-16.0000,4.0880,0.000001
-15.8000,4.0880,0.000001
-15.6000,4.0880,0.000001
-15.4000,4.0880,0.000001
-15.2000,4.0880,0.000001
-15.0000,4.0880,0.000001
-14.8000,4.0880,0.000001
-14.6000,4.0880,0.000001
-14.4000,4.0880,0.000001
-14.2000,4.0880,0.000001
-14.0000,4.0880,0.000001
-13.8000,4.0880,0.000001
-13.6000,4.0880,0.000001
-13.4000,4.0880,0.000001
-13.2000,4.0880,0.000001
-13.0000,4.0880,0.000001
-12.8000,4.0880,0.000001
-12.6000,4.0880,0.000001
-12.4000,4.0880,0.000001
-12.2000,4.0880,0.000001
-12.0000,4.0880,0.000001
-11.8000,4.0880,0.000002
-11.6000,4.0880,0.000002
-11.4000,4.0880,0.000002
-11.2000,4.0880,0.000002
-11.0000,4.0880,0.000002
-10.8000,4.0880,0.000002
-10.6000,4.0880,0.000003
-10.4000,4.0880,0.000003
-10.2000,4.0880,0.000003
-10.0000,4.0880,0.000003
-9.8000,4.0880,0.000004
-9.6000,4.0880,0.000004
-9.4000,4.0880,0.000005
-9.2000,4.0880,0.000006
-9.0000,4.0880,0.000006
-8.8000,4.0880,0.000008
-8.6000,4.0880,0.000009
-8.4000,4.0880,0.000011
-8.2000,4.0880,0.000013
-8.0000,4.0880,0.000016
-7.8000,4.0880,0.000020
-7.6000,4.0880,0.000025
-7.4000,4.0880,0.000033
-7.2000,4.0880,0.000043
-7.0000,4.0880,0.000057
-6.8000,4.0880,0.000079
-6.6000,4.0880,0.000110
-6.4000,4.0880,0.000159
-6.2000,4.0880,0.000234
-6.0000,4.0880,0.000356
-5.8000,4.0880,0.000558
-5.6000,4.0880,0.000901
-5.4000,4.0880,0.001502
-5.2000,4.0880,0.002586
-5.0000,4.0880,0.004590
-4.8000,4.0880,0.008385
-4.6000,4.0880,0.015706
-4.4000,4.0880,0.029983
-4.2000,4.0880,0.057854
-4.0000,4.0880,0.111559
-3.8000,4.0880,0.211892
-3.6000,4.0880,0.389525
-3.4000,4.0880,0.679208
-3.2000,4.0880,1.099216
-3.0000,4.0880,1.615896
-2.8000,4.0880,2.116826
-2.6000,4.0880,2.436457
-2.4000,4.0880,2.447397
-2.2000,4.0880,2.150485
-2.0000,4.0880,1.672783
-1.8000,4.0880,1.175980
-1.6000,4.0880,0.767905
-1.4000,4.0880,0.480543
-1.2000,4.0880,0.297600
-1.0000,4.0880,0.188033
-0.8000,4.0880,0.124510
-0.6000,4.0880,0.088345
-0.4000,4.0880,0.068325
-0.2000,4.0880,0.058288
0.0000,4.0880,0.055239
0.2000,4.0880,0.058288
0.4000,4.0880,0.068325
0.6000,4.0880,0.088345
0.8000,4.0880,0.124510
1.0000,4.0880,0.188033
1.2000,4.0880,0.297600
1.4000,4.0880,0.480543
1.6000,4.0880,0.767905
1.8000,4.0880,1.175980
2.0000,4.0880,1.672783
2.2000,4.0880,2.150485
2.4000,4.0880,2.447397
2.6000,4.0880,2.436457
2.8000,4.0880,2.116826
3.0000,4.0880,1.615896
3.2000,4.0880,1.099216
3.4000,4.0880,0.679208
3.6000,4.0880,0.389525
3.8000,4.0880,0.211892
4.0000,4.0880,0.111559
4.2000,4.0880,0.057854
4.4000,4.0880,0.029983
4.6000,4.0880,0.015706
4.8000,4.0880,0.008385
5.0000,4.0880,0.004590
5.2000,4.0880,0.002586
5.4000,4.0880,0.001502
5.6000,4.0880,0.000901
5.8000,4.0880,0.000558
6.0000,4.0880,0.000356
6.2000,4.0880,0.000234
6.4000,4.0880,0.000159
6.6000,4.0880,0.000110
6.8000,4.0880,0.000079
7.0000,4.0880,0.000057
7.2000,4.0880,0.000043
7.4000,4.0880,0.000033
7.6000,4.0880,0.000025
7.8000,4.0880,0.000020
8.0000,4.0880,0.000016
8.2000,4.0880,0.000013
8.4000,4.0880,0.000011
8.6000,4.0880,0.000009
8.8000,4.0880,0.000008
9.0000,4.0880,0.000006
9.2000,4.0880,0.000006
9.4000,4.0880,0.000005
9.6000,4.0880,0.000004
9.8000,4.0880,0.000004
10.0000,4.0880,0.000003
10.2000,4.0880,0.000003
10.4000,4.0880,0.000003
10.6000,4.0880,0.000003
10.8000,4.0880,0.000002
11.0000,4.0880,0.000002
11.2000,4.0880,0.000002
11.4000,4.0880,0.000002
11.6000,4.0880,0.000002
11.8000,4.0880,0.000002
12.0000,4.0880,0.000001
12.2000,4.0880,0.000001
12.4000,4.0880,0.000001
12.6000,4.0880,0.000001
12.8000,4.0880,0.000001
13.0000,4.0880,0.000001
13.2000,4.0880,0.000001
13.4000,4.0880,0.000001
13.6000,4.0880,0.000001
13.8000,4.0880,0.000001
14.0000,4.0880,0.000001
14.2000,4.0880,0.000001
14.4000,4.0880,0.000001
14.6000,4.0880,0.000001
14.8000,4.0880,0.000001
15.0000,4.0880,0.000001
15.2000,4.0880,0.000001
15.4000,4.0880,0.000001
15.6000,4.0880,0.000001
15.8000,4.0880,0.000001
16.0000,4.0880,0.000001
16.2000,4.0880,0.000001
16.4000,4.0880,0.000001
16.6000,4.0880,0.000001
16.8000,4.0880,0.000001
17.0000,4.0880,0.000001
17.2000,4.0880,0.000001
17.4000,4.0880,0.000001
17.6000,4.0880,0.000001
17.8000,4.0880,0.000001
18.0000,4.0880,0.000001
18.2000,4.0880,0.000001
18.4000,4.0880,0.000001
18.6000,4.0880,0.000001
18.8000,4.0880,0.000001
19.0000,4.0880,0.000001
19.2000,4.0880,0.000001
19.4000,4.0880,0.000001
19.6000,4.0880,0.000001
19.8000,4.0880,0.000001
20.0000,4.0880,0.000001
-20.0000,4.1902,0.000001
-19.8000,4.1902,0.000001
-19.6000,4.1902,0.000001
-19.4000,4.1902,0.000001
-19.2000,4.1902,0.000001
-19.0000,4.1902,0.000001
-18.8000,4.1902,0.000001
-18.6000,4.1902,0.000001
-18.4000,4.1902,0.000001
-18.2000,4.1902,0.000001
-18.0000,4.1902,0.000001
-17.8000,4.1902,0.000001
-17.6000,4.1902,0.000001
-17.4000,4.1902,0.000001
-17.2000,4.1902,0.000001
-17.0000,4.1902,0.000001
-16.8000,4.1902,0.000001
-16.6000,4.1902,0.000001
-16.4000,4.1902,0.000001
-16.2000,4.1902,0.000001
-16.0000,4.1902,0.000001
-15.8000,4.1902,0.000001
-15.6000,4.1902,0.000001
-15.4000,4.1902,0.000001
-15.2000,4.1902,0.000001
-15.0000,4.1902,0.000001
-14.8000,4.1902,0.000001
-14.6000,4.1902,0.000001
-14.4000,4.1902,0.000001
-14.2000,4.1902,0.000001
-14.0000,4.1902,0.000001
-13.8000,4.1902,0.000001
-13.6000,4.1902,0.000001
-13.4000,4.1902,0.000001
-13.2000,4.1902,0.000001
-13.0000,4.1902,0.000001
-12.8000,4.1902,0.000001
-12.6000,4.1902,0.000001
-12.4000,4.1902,0.000001
-12.2000,4.1902,0.000001
-12.0000,4.1902,0.000001
-11.8000,4.1902,0.000002
-11.6000,4.1902,0.000002
-11.4000,4.1902,0.000002
-11.2000,4.1902,0.000002
-11.0000,4.1902,0.000002
-10.8000,4.1902,0.000002
-10.6000,4.1902,0.000003
-10.4000,4.1902,0.000003
-10.2000,4.1902,0.000003
-10.0000,4.1902,0.000003
-9.8000,4.1902,0.000004
-9.6000,4.1902,0.000004
-9.4000,4.1902,0.000005
-9.2000,4.1902,0.000006
-9.0000,4.1902,0.000007
-8.8000,4.1902,0.000008
-8.6000,4.1902,0.000009
-8.4000,4.1902,0.000011
-8.2000,4.1902,0.000014
-8.0000,4.1902,0.000017
-7.8000,4.1902,0.000021
-7.6000,4.1902,0.000027
-7.4000,4.1902,0.000035
-7.2000,4.1902,0.000046
-7.0000,4.1902,0.000062
-6.8000,4.1902,0.000086
-6.6000,4.1902,0.000121
-6.4000,4.1902,0.000176
-6.2000,4.1902,0.000262
-6.0000,4.1902,0.000402
-5.8000,4.1902,0.000636
-5.6000,4.1902,0.001038
-5.4000,4.1902,0.001749
-5.2000,4.1902,0.003043
-5.0000,4.1902,0.005457
-4.8000,4.1902,0.010061
-4.6000,4.1902,0.018992
-4.4000,4.1902,0.036458
-4.2000,4.1902,0.070515
-4.0000,4.1902,0.135728
-3.8000,4.1902,0.255991
-3.6000,4.1902,0.464414
-3.4000,4.1902,0.793691
-3.2000,4.1902,1.250086
-3.0000,4.1902,1.776676
-2.8000,4.1902,2.238148
-2.6000,4.1902,2.468974
-2.4000,4.1902,2.375108
-2.2000,4.1902,2.002712
-2.0000,4.1902,1.501828
-1.8000,4.1902,1.024489
-1.6000,4.1902,0.654043
-1.4000,4.1902,0.403179
-1.2000,4.1902,0.247619
-1.0000,4.1902,0.155983
-0.8000,4.1902,0.103350
-0.6000,4.1902,0.073517
-0.4000,4.1902,0.057025
-0.2000,4.1902,0.048758
0.0000,4.1902,0.046246
0.2000,4.1902,0.048758
0.4000,4.1902,0.057025
0.6000,4.1902,0.073517
0.8000,4.1902,0.103350
1.0000,4.1902,0.155983
1.2000,4.1902,0.247619
1.4000,4.1902,0.403179
1.6000,4.1902,0.654043
1.8000,4.1902,1.024489
2.0000,4.1902,1.501828
2.2000,4.1902,2.002712
2.4000,4.1902,2.375108
2.6000,4.1902,2.468974
2.8000,4.1902,2.238148
3.0000,4.1902,1.776676
3.2000,4.1902,1.250086
3.4000,4.1902,0.793691
3.6000,4.1902,0.464414
3.8000,4.1902,0.255991
4.0000,4.1902,0.135728
4.2000,4.1902,0.070515
4.4000,4.1902,0.036458
4.6000,4.1902,0.018992
4.8000,4.1902,0.010061
5.0000,4.1902,0.005457
5.2000,4.1902,0.003043
5.4000,4.1902,0.001749
5.6000,4.1902,0.001038
5.8000,4.1902,0.000636
6.0000,4.1902,0.000402
6.2000,4.1902,0.000262
6.4000,4.1902,0.000176
6.6000,4.1902,0.000121
6.8000,4.1902,0.000086
7.0000,4.1902,0.000062
7.2000,4.1902,0.000046
7.4000,4.1902,0.000035
7.6000,4.1902,0.000027
7.8000,4.1902,0.000021
8.0000,4.1902,0.000017
8.2000,4.1902,0.000014
8.4000,4.1902,0.000011
8.6000,4.1902,0.000009
8.8000,4.1902,0.000008
9.0000,4.1902,0.000007
9.2000,4.1902,0.000006
9.4000,4.1902,0.000005
9.6000,4.1902,0.000004
9.8000,4.1902,0.000004
10.0000,4.1902,0.000003
10.2000,4.1902,0.000003
10.4000,4.1902,0.000003
10.6000,4.1902,0.000003
10.8000,4.1902,0.000002
11.0000,4.1902,0.000002
11.2000,4.1902,0.000002
11.4000,4.1902,0.000002
11.6000,4.1902,0.000002
11.8000,4.1902,0.000002
12.0000,4.1902,0.000001
12.2000,4.1902,0.000001
12.4000,4.1902,0.000001
12.6000,4.1902,0.000001
12.8000,4.1902,0.000001
13.0000,4.1902,0.000001
13.2000,4.1902,0.000001
13.4000,4.1902,0.000001
13.6000,4.1902,0.000001
13.8000,4.1902,0.000001
14.0000,4.1902,0.000001
14.2000,4.1902,0.000001
14.4000,4.1902,0.000001
14.6000,4.1902,0.000001
14.8000,4.1902,0.000001
15.0000,4.1902,0.000001
15.2000,4.1902,0.000001
15.4000,4.1902,0.000001
15.6000,4.1902,0.000001
15.8000,4.1902,0.000001
16.0000,4.1902,0.000001
16.2000,4.1902,0.000001
16.4000,4.1902,0.000001
16.6000,4.1902,0.000001
16.8000,4.1902,0.000001
17.0000,4.1902,0.000001
17.2000,4.1902,0.000001
17.4000,4.1902,0.000001
17.6000,4.1902,0.000001
17.8000,4.1902,0.000001
18.0000,4.1902,0.000001
18.2000,4.1902,0.000001
18.4000,4.1902,0.000001
18.6000,4.1902,0.000001
18.8000,4.1902,0.000001
19.0000,4.1902,0.000001
19.2000,4.1902,0.000001
19.4000,4.1902,0.000001
19.6000,4.1902,0.000001
19.8000,4.1902,0.000001
20.0000,4.1902,0.000001
-20.0000,4.2924,0.000001
-19.8000,4.2924,0.000001
-19.6000,4.2924,0.000001
-19.4000,4.2924,0.000001
-19.2000,4.2924,0.000001
-19.0000,4.2924,0.000001
-18.8000,4.2924,0.000001
-18.6000,4.2924,0.000001
-18.4000,4.2924,0.000001
-18.2000,4.2924,0.000001
-18.0000,4.2924,0.000001
-17.8000,4.2924,0.000001
-17.6000,4.2924,0.000001
-17.4000,4.2924,0.000001
-17.2000,4.2924,0.000001
-17.0000,4.2924,0.000001
-16.8000,4.2924,0.000001
-16.6000,4.2924,0.000001
-16.4000,4.2924,0.000001
-16.2000,4.2924,0.000001
-16.0000,4.2924,0.000001
-15.8000,4.2924,0.000001
-15.6000,4.2924,0.000001
-15.4000,4.2924,0.000001
-15.2000,4.2924,0.000001
-15.0000,4.2924,0.000001
-14.8000,4.2924,0.000001
-14.6000,4.2924,0.000001
-14.4000,4.2924,0.000001
-14.2000,4.2924,0.000001
-14.0000,4.2924,0.000001
-13.8000,4.2924,0.000001
-13.6000,4.2924,0.000001
-13.4000,4.2924,0.000001
-13.2000,4.2924,0.000001
-13.0000,4.2924,0.000001
-12.8000,4.2924,0.000001
-12.6000,4.2924,0.000001
-12.4000,4.2924,0.000001
-12.2000,4.2924,0.000001
-12.0000,4.2924,0.000002
-11.8000,4.2924,0.000002
-11.6000,4.2924,0.000002
-11.4000,4.2924,0.000002
-11.2000,4.2924,0.000002
-11.0000,4.2924,0.000002
-10.8000,4.2924,0.000002
-10.6000,4.2924,0.000003
-10.4000,4.2924,0.000003
-10.2000,4.2924,0.000003
-10.0000,4.2924,0.000004
-9.8000,4.2924,0.000004
-9.6000,4.2924,0.000005
-9.4000,4.2924,0.000005
-9.2000,4.2924,0.000006
-9.0000,4.2924,0.000007
-8.8000,4.2924,0.000008
-8.6000,4.2924,0.000010
-8.4000,4.2924,0.000012
-8.2000,4.2924,0.000014
-8.0000,4.2924,0.000018
-7.8000,4.2924,0.000022
-7.6000,4.2924,0.000029
-7.4000,4.2924,0.000037
-7.2000,4.2924,0.000050
-7.0000,4.2924,0.000068
-6.8000,4.2924,0.000094
-6.6000,4.2924,0.000134
-6.4000,4.2924,0.000196
-6.2000,4.2924,0.000294
-6.0000,4.2924,0.000456
-5.8000,4.2924,0.000729
-5.6000,4.2924,0.001202
-5.4000,4.2924,0.002046
-5.2000,4.2924,0.003596
-5.0000,4.2924,0.006513
-4.8000,4.2924,0.012117
-4.6000,4.2924,0.023037
-4.4000,4.2924,0.044427
-4.2000,4.2924,0.086026
-4.0000,4.2924,0.165022
-3.8000,4.2924,0.308464
-3.6000,4.2924,0.551048
-3.4000,4.2924,0.920878
-3.2000,4.2924,1.408367
-3.0000,4.2924,1.931401
-2.8000,4.2924,2.336445
-2.6000,4.2924,2.468659
-2.4000,4.2924,2.274814
-2.2000,4.2924,1.842622
-2.0000,4.2924,1.334347
-1.8000,4.2924,0.885078
-1.6000,4.2924,0.553619
-1.4000,4.2924,0.336852
-1.2000,4.2924,0.205513
-1.0000,4.2924,0.129234
-0.8000,4.2924,0.085755
-0.6000,4.2924,0.061189
-0.4000,4.2924,0.047618
-0.2000,4.2924,0.040813
0.0000,4.2924,0.038744
0.2000,4.2924,0.040813
0.4000,4.2924,0.047618
0.6000,4.2924,0.061189
0.8000,4.2924,0.085755
1.0000,4.2924,0.129234
1.2000,4.2924,0.205513
1.4000,4.2924,0.336852
1.6000,4.2924,0.553619
1.8000,4.2924,0.885078
2.0000,4.2924,1.334347
2.2000,4.2924,1.842622
2.4000,4.2924,2.274814
2.6000,4.2924,2.468659
2.8000,4.2924,2.336445
3.0000,4.2924,1.931401
3.2000,4.2924,1.408367
3.4000,4.2924,0.920878
3.6000,4.2924,0.551048
3.8000,4.2924,0.308464
4.0000,4.2924,0.165022
4.2000,4.2924,0.086026
4.4000,4.2924,0.044427
4.6000,4.2924,0.023037
4.8000,4.2924,0.012117
5.0000,4.2924,0.006513
5.2000,4.2924,0.003596
5.4000,4.2924,0.002046
5.6000,4.2924,0.001202
5.8000,4.2924,0.000729
6.0000,4.2924,0.000456
6.2000,4.2924,0.000294
6.4000,4.2924,0.000196
6.6000,4.2924,0.000134
6.8000,4.2924,0.000094
7.0000,4.2924,0.000068
7.2000,4.2924,0.000050
7.4000,4.2924,0.000037
7.6000,4.2924,0.000029
7.8000,4.2924,0.000022
8.0000,4.2924,0.000018
8.2000,4.2924,0.000014
8.4000,4.2924,0.000012
8.6000,4.2924,0.000010
8.8000,4.2924,0.000008
9.0000,4.2924,0.000007
9.2000,4.2924,0.000006
9.4000,4.2924,0.000005
9.6000,4.2924,0.000005
9.8000,4.2924,0.000004
10.0000,4.2924,0.000004
10.2000,4.2924,0.000003
10.4000,4.2924,0.000003
10.6000,4.2924,0.000003
10.8000,4.2924,0.000002
11.0000,4.2924,0.000002
11.2000,4.2924,0.000002
11.4000,4.2924,0.000002
11.6000,4.2924,0.000002
11.8000,4.2924,0.000002
12.0000,4.2924,0.000002
12.2000,4.2924,0.000001
12.4000,4.2924,0.000001
12.6000,4.2924,0.000001
12.8000,4.2924,0.000001
13.0000,4.2924,0.000001
13.2000,4.2924,0.000001
13.4000,4.2924,0.000001
13.6000,4.2924,0.000001
13.8000,4.2924,0.000001
14.0000,4.2924,0.000001
14.2000,4.2924,0.000001
14.4000,4.2924,0.000001
14.6000,4.2924,0.000001
14.8000,4.2924,0.000001
15.0000,4.2924,0.000001
15.2000,4.2924,0.000001
15.4000,4.2924,0.000001
15.6000,4.2924,0.000001
15.8000,4.2924,0.000001
16.0000,4.2924,0.000001
16.2000,4.2924,0.000001
16.4000,4.2924,0.000001
16.6000,4.2924,0.000001
16.8000,4.2924,0.000001
17.0000,4.2924,0.000001
17.2000,4.2924,0.000001
17.4000,4.2924,0.000001
17.6000,4.2924,0.000001
17.8000,4.2924,0.000001
18.0000,4.2924,0.000001
18.2000,4.2924,0.000001
18.4000,4.2924,0.000001
18.6000,4.2924,0.000001
18.8000,4.2924,0.000001
19.0000,4.2924,0.000001
19.2000,4.2924,0.000001
19.4000,4.2924,0.000001
19.6000,4.2924,0.000001
19.8000,4.2924,0.000001
20.0000,4.2924,0.000001
-20.0000,4.3946,0.000001
-19.8000,4.3946,0.000001
-19.6000,4.3946,0.000001
-19.4000,4.3946,0.000001
-19.2000,4.3946,0.000001
-19.0000,4.3946,0.000001
-18.8000,4.3946,0.000001
-18.6000,4.3946,0.000001
-18.4000,4.3946,0.000001
-18.2000,4.3946,0.000001
-18.0000,4.3946,0.000001
-17.8000,4.3946,0.000001
-17.6000,4.3946,0.000001
-17.4000,4.3946,0.000001
-17.2000,4.3946,0.000001
-17.0000,4.3946,0.000001
-16.8000,4.3946,0.000001
-16.6000,4.3946,0.000001
-16.4000,4.3946,0.000001
-16.2000,4.3946,0.000001
-16.0000,4.3946,0.000001
-15.8000,4.3946,0.000001
-15.6000,4.3946,0.000001
-15.4000,4.3946,0.000001
-15.2000,4.3946,0.000001
-15.0000,4.3946,0.000001
-14.8000,4.3946,0.000001
-14.6000,4.3946,0.000001
-14.4000,4.3946,0.000001
-14.2000,4.3946,0.000001
-14.0000,4.3946,0.000001
-13.8000,4.3946,0.000001
-13.6000,4.3946,0.000001
-13.4000,4.3946,0.000001
-13.2000,4.3946,0.000001
-13.0000,4.3946,0.000001
-12.8000,4.3946,0.000001
-12.6000,4.3946,0.000001
-12.4000,4.3946,0.000001
-12.2000,4.3946,0.000001
-12.0000,4.3946,0.000002
-11.8000,4.3946,0.000002
-11.6000,4.3946,0.000002
-11.4000,4.3946,0.000002
-11.2000,4.3946,0.000002
-11.0000,4.3946,0.000002
-10.8000,4.3946,0.000002
-10.6000,4.3946,0.000003
-10.4000,4.3946,0.000003
-10.2000,4.3946,0.000003
-10.0000,4.3946,0.000004
-9.8000,4.3946,0.000004
-9.6000,4.3946,0.000005
-9.4000,4.3946,0.000005
-9.2000,4.3946,0.000006
-9.0000,4.3946,0.000007
-8.8000,4.3946,0.000009
-8.6000,4.3946,0.000010
-8.4000,4.3946,0.000012
-8.2000,4.3946,0.000015
-8.0000,4.3946,0.000019
-7.8000,4.3946,0.000024
-7.6000,4.3946,0.000031
-7.4000,4.3946,0.000040
-7.2000,4.3946,0.000054
-7.0000,4.3946,0.000074
-6.8000,4.3946,0.000103
-6.6000,4.3946,0.000148
-6.4000,4.3946,0.000219
-6.2000,4.3946,0.000332
-6.0000,4.3946,0.000519
-5.8000,4.3946,0.000838
-5.6000,4.3946,0.001396
-5.4000,4.3946,0.002403
-5.2000,4.3946,0.004268
-5.0000,4.3946,0.007805
-4.8000,4.3946,0.014643
-4.6000,4.3946,0.028020
-4.4000,4.3946,0.054233
-4.2000,4.3946,0.104989
-4.0000,4.3946,0.200373
-3.8000,4.3946,0.370449
-3.6000,4.3946,0.650189
-3.4000,4.3946,1.060005
-3.2000,4.3946,1.570709
-3.0000,4.3946,2.074726
-2.8000,4.3946,2.407349
-2.6000,4.3946,2.435361
-2.4000,4.3946,2.150696
-2.2000,4.3946,1.675615
-2.0000,4.3946,1.173912
-1.8000,4.3946,0.758751
-1.6000,4.3946,0.466004
-1.4000,4.3946,0.280411
-1.2000,4.3946,0.170214
-1.0000,4.3946,0.106977
-0.8000,4.3946,0.071149
-0.6000,4.3946,0.050949
-0.4000,4.3946,0.039790
-0.2000,4.3946,0.034189
0.0000,4.3946,0.032486
0.2000,4.3946,0.034189
0.4000,4.3946,0.039790
0.6000,4.3946,0.050949
0.8000,4.3946,0.071149
1.0000,4.3946,0.106977
1.2000,4.3946,0.170214
1.4000,4.3946,0.280411
1.6000,4.3946,0.466004
1.8000,4.3946,0.758751
2.0000,4.3946,1.173912
2.2000,4.3946,1.675615
2.4000,4.3946,2.150696
2.6000,4.3946,2.435361
2.8000,4.3946,2.407349
3.0000,4.3946,2.074726
3.2000,4.3946,1.570709
3.4000,4.3946,1.060005
3.6000,4.3946,0.650189
3.8000,4.3946,0.370449
4.0000,4.3946,0.200373
4.2000,4.3946,0.104989
4.4000,4.3946,0.054233
4.6000,4.3946,0.028020
4.8000,4.3946,0.014643
5.0000,4.3946,0.007805
5.2000,4.3946,0.004268
5.4000,4.3946,0.002403
5.6000,4.3946,0.001396
5.8000,4.3946,0.000838
6.0000,4.3946,0.000519
6.2000,4.3946,0.000332
6.4000,4.3946,0.000219
6.6000,4.3946,0.000148
6.8000,4.3946,0.000103
7.0000,4.3946,0.000074
7.2000,4.3946,0.000054
7.4000,4.3946,0.000040
7.6000,4.3946,0.000031
7.8000,4.3946,0.000024
8.0000,4.3946,0.000019
8.2000,4.3946,0.000015
8.4000,4.3946,0.000012
8.6000,4.3946,0.000010
8.8000,4.3946,0.000009
9.0000,4.3946,0.000007
9.2000,4.3946,0.000006
9.4000,4.3946,0.000005
9.6000,4.3946,0.000005
9.8000,4.3946,0.000004
10.0000,4.3946,0.000004
10.2000,4.3946,0.000003
10.4000,4.3946,0.000003
10.6000,4.3946,0.000003
10.8000,4.3946,0.000002
11.0000,4.3946,0.000002
11.2000,4.3946,0.000002
11.4000,4.3946,0.000002
11.6000,4.3946,0.000002
11.8000,4.3946,0.000002
12.0000,4.3946,0.000002
12.2000,4.3946,0.000001
12.4000,4.3946,0.000001
12.6000,4.3946,0.000001
12.8000,4.3946,0.000001
13.0000,4.3946,0.000001
13.2000,4.3946,0.000001
13.4000,4.3946,0.000001
13.6000,4.3946,0.000001
13.8000,4.3946,0.000001
14.0000,4.3946,0.000001
14.2000,4.3946,0.000001
14.4000,4.3946,0.000001
14.6000,4.3946,0.000001
14.8000,4.3946,0.000001
15.0000,4.3946,0.000001
15.2000,4.3946,0.000001
15.4000,4.3946,0.000001
15.6000,4.3946,0.000001
15.8000,4.3946,0.000001
16.0000,4.3946,0.000001
16.2000,4.3946,0.000001
16.4000,4.3946,0.000001
16.6000,4.3946,0.000001
16.8000,4.3946,0.000001
17.0000,4.3946,0.000001
17.2000,4.3946,0.000001
17.4000,4.3946,0.000001
17.6000,4.3946,0.000001
17.8000,4.3946,0.000001
18.0000,4.3946,0.000001
18.2000,4.3946,0.000001
18.4000,4.3946,0.000001
18.6000,4.3946,0.000001
18.8000,4.3946,0.000001
19.0000,4.3946,0.000001
19.2000,4.3946,0.000001
19.4000,4.3946,0.000001
19.6000,4.3946,0.000001
19.8000,4.3946,0.000001
20.0000,4.3946,0.000001
-20.0000,4.4968,0.000001
-19.8000,4.4968,0.000001
-19.6000,4.4968,0.000001
-19.4000,4.4968,0.000001
-19.2000,4.4968,0.000001
-19.0000,4.4968,0.000001
-18.8000,4.4968,0.000001
-18.6000,4.4968,0.000001
-18.4000,4.4968,0.000001
-18.2000,4.4968,0.000001
-18.0000,4.4968,0.000001
-17.8000,4.4968,0.000001
-17.6000,4.4968,0.000001
-17.4000,4.4968,0.000001
-17.2000,4.4968,0.000001
-17.0000,4.4968,0.000001
-16.8000,4.4968,0.000001
-16.6000,4.4968,0.000001
-16.4000,4.4968,0.000001
-16.2000,4.4968,0.000001
-16.0000,4.4968,0.000001
-15.8000,4.4968,0.000001
-15.6000,4.4968,0.000001
-15.4000,4.4968,0.000001
-15.2000,4.4968,0.000001
-15.0000,4.4968,0.000001
-14.8000,4.4968,0.000001
-14.6000,4.4968,0.000001
-14.4000,4.4968,0.000001
-14.2000,4.4968,0.000001
-14.0000,4.4968,0.000001
-13.8000,4.4968,0.000001
-13.6000,4.4968,0.000001
-13.4000,4.4968,0.000001
-13.2000,4.4968,0.000001
-13.0000,4.4968,0.000001
-12.8000,4.4968,0.000001
-12.6000,4.4968,0.000001
-12.4000,4.4968,0.000001
-12.2000,4.4968,0.000001
-12.0000,4.4968,0.000002
-11.8000,4.4968,0.000002
-11.6000,4.4968,0.000002
-11.4000,4.4968,0.000002
-11.2000,4.4968,0.000002
-11.0000,4.4968,0.000002
-10.8000,4.4968,0.000002
-10.6000,4.4968,0.000003
-10.4000,4.4968,0.000003
-10.2000,4.4968,0.000003
-10.0000,4.4968,0.000004
-9.8000,4.4968,0.000004
-9.6000,4.4968,0.000005
-9.4000,4.4968,0.000006
-9.2000,4.4968,0.000006
-9.0000,4.4968,0.000008
-8.8000,4.4968,0.000009
-8.6000,4.4968,0.000011
-8.4000,4.4968,0.000013
-8.2000,4.4968,0.000016
-8.0000,4.4968,0.000020
-7.8000,4.4968,0.000025
-7.6000,4.4968,0.000033
-7.4000,4.4968,0.000043
-7.2000,4.4968,0.000059
-7.0000,4.4968,0.000081
-6.8000,4.4968,0.000114
-6.6000,4.4968,0.000165
-6.4000,4.4968,0.000245
-6.2000,4.4968,0.000376
-6.0000,4.4968,0.000593
-5.8000,4.4968,0.000968
-5.6000,4.4968,0.001630
-5.4000,4.4968,0.002835
-5.2000,4.4968,0.005086
-5.0000,4.4968,0.009389
-4.8000,4.4968,0.017754
-4.6000,4.4968,0.034164
-4.4000,4.4968,0.066289
-4.2000,4.4968,0.128110
-4.0000,4.4968,0.242811
-3.8000,4.4968,0.443064
-3.6000,4.4968,0.762267
-3.4000,4.4968,1.209567
-3.2000,4.4968,1.732954
-3.0000,4.4968,2.201194
-2.8000,4.4968,2.447545
-2.6000,4.4968,2.370460
-2.4000,4.4968,2.007726
-2.2000,4.4968,1.506754
-2.0000,4.4968,1.023253
-1.8000,4.4968,0.645862
-1.6000,4.4968,0.390311
-1.4000,4.4968,0.232701
-1.2000,4.4968,0.140748
-1.0000,4.4968,0.088505
-0.8000,4.4968,0.059041
-0.6000,4.4968,0.042448
-0.4000,4.4968,0.033276
-0.2000,4.4968,0.028668
0.0000,4.4968,0.027265
0.2000,4.4968,0.028668
0.4000,4.4968,0.033276
0.6000,4.4968,0.042448
0.8000,4.4968,0.059041
1.0000,4.4968,0.088505
1.2000,4.4968,0.140748
1.4000,4.4968,0.232701
1.6000,4.4968,0.390311
1.8000,4.4968,0.645862
2.0000,4.4968,1.023253
2.2000,4.4968,1.506754
2.4000,4.4968,2.007726
2.6000,4.4968,2.370460
2.8000,4.4968,2.447545
3.0000,4.4968,2.201194
3.2000,4.4968,1.732954
3.4000,4.4968,1.209567
3.6000,4.4968,0.762267
3.8000,4.4968,0.443064
4.0000,4.4968,0.242811
4.2000,4.4968,0.128110
4.4000,4.4968,0.066289
4.6000,4.4968,0.034164
4.8000,4.4968,0.017754
5.0000,4.4968,0.009389
5.2000,4.4968,0.005086
5.4000,4.4968,0.002835
5.6000,4.4968,0.001630
5.8000,4.4968,0.000968
6.0000,4.4968,0.000593
6.2000,4.4968,0.000376
6.4000,4.4968,0.000245
6.6000,4.4968,0.000165
6.8000,4.4968,0.000114
7.0000,4.4968,0.000081
7.2000,4.4968,0.000059
7.4000,4.4968,0.000043
7.6000,4.4968,0.000033
7.8000,4.4968,0.000025
8.0000,4.4968,0.000020
8.2000,4.4968,0.000016
8.4000,4.4968,0.000013
8.6000,4.4968,0.000011
8.8000,4.4968,0.000009
9.0000,4.4968,0.000008
9.2000,4.4968,0.000006
9.4000,4.4968,0.000006
9.6000,4.4968,0.000005
9.8000,4.4968,0.000004
10.0000,4.4968,0.000004
10.2000,4.4968,0.000003
10.4000,4.4968,0.000003
10.6000,4.4968,0.000003
10.8000,4.4968,0.000002
11.0000,4.4968,0.000002
11.2000,4.4968,0.000002
11.4000,4.4968,0.000002
11.6000,4.4968,0.000002
11.8000,4.4968,0.000002
12.0000,4.4968,0.000002
12.2000,4.4968,0.000001
12.4000,4.4968,0.000001
12.6000,4.4968,0.000001
12.8000,4.4968,0.000001
13.0000,4.4968,0.000001
13.2000,4.4968,0.000001
13.4000,4.4968,0.000001
13.6000,4.4968,0.000001
13.8000,4.4968,0.000001
14.0000,4.4968,0.000001
14.2000,4.4968,0.000001
14.4000,4.4968,0.000001
14.6000,4.4968,0.000001
14.8000,4.4968,0.000001
15.0000,4.4968,0.000001
15.2000,4.4968,0.000001
15.4000,4.4968,0.000001
15.6000,4.4968,0.000001
15.8000,4.4968,0.000001
16.0000,4.4968,0.000001
16.2000,4.4968,0.000001
16.4000,4.4968,0.000001
16.6000,4.4968,0.000001
16.8000,4.4968,0.000001
17.0000,4.4968,0.000001
17.2000,4.4968,0.000001
17.4000,4.4968,0.000001
17.6000,4.4968,0.000001
17.8000,4.4968,0.000001
18.0000,4.4968,0.000001
18.2000,4.4968,0.000001
18.4000,4.4968,0.000001
18.6000,4.4968,0.000001
18.8000,4.4968,0.000001
19.0000,4.4968,0.000001
19.2000,4.4968,0.000001
19.4000,4.4968,0.000001
19.6000,4.4968,0.000001
19.8000,4.4968,0.000001
20.0000,4.4968,0.000001
-20.0000,4.5990,0.000001
-19.8000,4.5990,0.000001
-19.6000,4.5990,0.000001
-19.4000,4.5990,0.000001
-19.2000,4.5990,0.000001
-19.0000,4.5990,0.000001
-18.8000,4.5990,0.000001
-18.6000,4.5990,0.000001
-18.4000,4.5990,0.000001
-18.2000,4.5990,0.000001
-18.0000,4.5990,0.000001
-17.8000,4.5990,0.000001
-17.6000,4.5990,0.000001
-17.4000,4.5990,0.000001
-17.2000,4.5990,0.000001
-17.0000,4.5990,0.000001
-16.8000,4.5990,0.000001
-16.6000,4.5990,0.000001
-16.4000,4.5990,0.000001
-16.2000,4.5990,0.000001
-16.0000,4.5990,0.000001
-15.8000,4.5990,0.000001
-15.6000,4.5990,0.000001
-15.4000,4.5990,0.000001
-15.2000,4.5990,0.000001
-15.0000,4.5990,0.000001
-14.8000,4.5990,0.000001
-14.6000,4.5990,0.000001
-14.4000,4.5990,0.000001
-14.2000,4.5990,0.000001
-14.0000,4.5990,0.000001
-13.8000,4.5990,0.000001
-13.6000,4.5990,0.000001
-13.4000,4.5990,0.000001
-13.2000,4.5990,0.000001
-13.0000,4.5990,0.000001
-12.8000,4.5990,0.000001
-12.6000,4.5990,0.000001
-12.4000,4.5990,0.000001
-12.2000,4.5990,0.000001
-12.0000,4.5990,0.000002
-11.8000,4.5990,0.000002
-11.6000,4.5990,0.000002
-11.4000,4.5990,0.000002
-11.2000,4.5990,0.000002
-11.0000,4.5990,0.000002
-10.8000,4.5990,0.000003
-10.6000,4.5990,0.000003
-10.4000,4.5990,0.000003
-10.2000,4.5990,0.000003
-10.0000,4.5990,0.000004
-9.8000,4.5990,0.000004
-9.6000,4.5990,0.000005
-9.4000,4.5990,0.000006
-9.2000,4.5990,0.000007
-9.0000,4.5990,0.000008
-8.8000,4.5990,0.000009
-8.6000,4.5990,0.000011
-8.4000,4.5990,0.000014
-8.2000,4.5990,0.000017
-8.0000,4.5990,0.000021
-7.8000,4.5990,0.000027
-7.6000,4.5990,0.000035
-7.4000,4.5990,0.000047
-7.2000,4.5990,0.000064
-7.0000,4.5990,0.000088
-6.8000,4.5990,0.000126
-6.6000,4.5990,0.000184
-6.4000,4.5990,0.000276
-6.2000,4.5990,0.000427
-6.0000,4.5990,0.000681
-5.8000,4.5990,0.001122
-5.6000,4.5990,0.001910
-5.4000,4.5990,0.003358
-5.2000,4.5990,0.006086
-5.0000,4.5990,0.011334
-4.8000,4.5990,0.021588
-4.6000,4.5990,0.041740
-4.4000,4.5990,0.081090
-4.2000,4.5990,0.156199
-4.0000,4.5990,0.293442
-3.8000,4.5990,0.527327
-3.6000,4.5990,0.887247
-3.4000,4.5990,1.367235
-3.2000,4.5990,1.890253
-3.0000,4.5990,2.305605
-2.8000,4.5990,2.455053
-2.6000,4.5990,2.276758
-2.4000,4.5990,1.851294
-2.2000,4.5990,1.340516
-2.0000,4.5990,0.884270
-1.8000,4.5990,0.546241
-1.6000,4.5990,0.325485
-1.4000,4.5990,0.192605
-1.2000,4.5990,0.116240
-1.0000,4.5990,0.073205
-0.8000,4.5990,0.049014
-0.6000,4.5990,0.035394
-0.4000,4.5990,0.027857
-0.2000,4.5990,0.024065
0.0000,4.5990,0.022909
0.2000,4.5990,0.024065
0.4000,4.5990,0.027857
0.6000,4.5990,0.035394
0.8000,4.5990,0.049014
1.0000,4.5990,0.073205
1.2000,4.5990,0.116240
1.4000,4.5990,0.192605
1.6000,4.5990,0.325485
1.8000,4.5990,0.546241
2.0000,4.5990,0.884270
2.2000,4.5990,1.340516
2.4000,4.5990,1.851294
2.6000,4.5990,2.276758
2.8000,4.5990,2.455053
3.0000,4.5990,2.305605
3.2000,4.5990,1.890253
3.4000,4.5990,1.367235
3.6000,4.5990,0.887247
3.8000,4.5990,0.527327
4.0000,4.5990,0.293442
4.2000,4.5990,0.156199
4.4000,4.5990,0.081090
4.6000,4.5990,0.041740
4.8000,4.5990,0.021588
5.0000,4.5990,0.011334
5.2000,4.5990,0.006086
5.4000,4.5990,0.003358
5.6000,4.5990,0.001910
5.8000,4.5990,0.001122
6.0000,4.5990,0.000681
6.2000,4.5990,0.000427
6.4000,4.5990,0.000276
6.6000,4.5990,0.000184
6.8000,4.5990,0.000126
7.0000,4.5990,0.000088
7.2000,4.5990,0.000064
7.4000,4.5990,0.000047
7.6000,4.5990,0.000035
7.8000,4.5990,0.000027
8.0000,4.5990,0.000021
8.2000,4.5990,0.000017
8.4000,4.5990,0.000014
8.6000,4.5990,0.000011
8.8000,4.5990,0.000009
9.0000,4.5990,0.000008
9.2000,4.5990,0.000007
9.4000,4.5990,0.000006
9.6000,4.5990,0.000005
9.8000,4.5990,0.000004
10.0000,4.5990,0.000004
10.2000,4.5990,0.000003
10.4000,4.5990,0.000003
10.6000,4.5990,0.000003
10.8000,4.5990,0.000003
11.0000,4.5990,0.000002
11.2000,4.5990,0.000002
11.4000,4.5990,0.000002
11.6000,4.5990,0.000002
11.8000,4.5990,0.000002
12.0000,4.5990,0.000002
12.2000,4.5990,0.000001
12.4000,4.5990,0.000001
12.6000,4.5990,0.000001
12.8000,4.5990,0.000001
13.0000,4.5990,0.000001
13.2000,4.5990,0.000001
13.4000,4.5990,0.000001
13.6000,4.5990,0.000001
13.8000,4.5990,0.000001
14.0000,4.5990,0.000001
14.2000,4.5990,0.000001
14.4000,4.5990,0.000001
14.6000,4.5990,0.000001
14.8000,4.5990,0.000001
15.0000,4.5990,0.000001
15.2000,4.5990,0.000001
15.4000,4.5990,0.000001
15.6000,4.5990,0.000001
15.8000,4.5990,0.000001
16.0000,4.5990,0.000001
16.2000,4.5990,0.000001
16.4000,4.5990,0.000001
16.6000,4.5990,0.000001
16.8000,4.5990,0.000001
17.0000,4.5990,0.000001
17.2000,4.5990,0.000001
17.4000,4.5990,0.000001
17.6000,4.5990,0.000001
17.8000,4.5990,0.000001
18.0000,4.5990,0.000001
18.2000,4.5990,0.000001
18.4000,4.5990,0.000001
18.6000,4.5990,0.000001
18.8000,4.5990,0.000001
19.0000,4.5990,0.000001
19.2000,4.5990,0.000001
19.4000,4.5990,0.000001
19.6000,4.5990,0.000001
19.8000,4.5990,0.000001
20.0000,4.5990,0.000001
-20.0000,4.7012,0.000001
-19.8000,4.7012,0.000001
-19.6000,4.7012,0.000001
-19.4000,4.7012,0.000001
-19.2000,4.7012,0.000001
-19.0000,4.7012,0.000001
-18.8000,4.7012,0.000001
-18.6000,4.7012,0.000001
-18.4000,4.7012,0.000001
-18.2000,4.7012,0.000001
-18.0000,4.7012,0.000001
-17.8000,4.7012,0.000001
-17.6000,4.7012,0.000001
-17.4000,4.7012,0.000001
-17.2000,4.7012,0.000001
-17.0000,4.7012,0.000001
-16.8000,4.7012,0.000001
-16.6000,4.7012,0.000001
-16.4000,4.7012,0.000001
-16.2000,4.7012,0.000001
-16.0000,4.7012,0.000001
-15.8000,4.7012,0.000001
-15.6000,4.7012,0.000001
-15.4000,4.7012,0.000001
-15.2000,4.7012,0.000001
-15.0000,4.7012,0.000001
-14.8000,4.7012,0.000001
-14.6000,4.7012,0.000001
-14.4000,4.7012,0.000001
-14.2000,4.7012,0.000001
-14.0000,4.7012,0.000001
-13.8000,4.7012,0.000001
-13.6000,4.7012,0.000001
-13.4000,4.7012,0.000001
-13.2000,4.7012,0.000001
-13.0000,4.7012,0.000001
-12.8000,4.7012,0.000001
-12.6000,4.7012,0.000001
-12.4000,4.7012,0.000001
-12.2000,4.7012,0.000002
-12.0000,4.7012,0.000002
-11.8000,4.7012,0.000002
-11.6000,4.7012,0.000002
-11.4000,4.7012,0.000002
-11.2000,4.7012,0.000002
-11.0000,4.7012,0.000002
-10.8000,4.7012,0.000003
-10.6000,4.7012,0.000003
-10.4000,4.7012,0.000003
-10.2000,4.7012,0.000004
-10.0000,4.7012,0.000004
-9.8000,4.7012,0.000005
-9.6000,4.7012,0.000005
-9.4000,4.7012,0.000006
-9.2000,4.7012,0.000007
-9.0000,4.7012,0.000008
-8.8000,4.7012,0.000010
-8.6000,4.7012,0.000012
-8.4000,4.7012,0.000014
-8.2000,4.7012,0.000018
-8.0000,4.7012,0.000023
-7.8000,4.7012,0.000029
-7.6000,4.7012,0.000038
-7.4000,4.7012,0.000051
-7.2000,4.7012,0.000070
-7.0000,4.7012,0.000097
-6.8000,4.7012,0.000139
-6.6000,4.7012,0.000205
-6.4000,4.7012,0.000311
-6.2000,4.7012,0.000486
-6.0000,4.7012,0.000784
-5.8000,4.7012,0.001307
-5.6000,4.7012,0.002248
-5.4000,4.7012,0.003994
-5.2000,4.7012,0.007309
-5.0000,4.7012,0.013729
-4.8000,4.7012,0.026321
-4.6000,4.7012,0.051079
-4.4000,4.7012,0.099222
-4.2000,4.7012,0.190175
-4.0000,4.7012,0.353413
-3.8000,4.7012,0.624065
-3.6000,4.7012,1.024501
-3.4000,4.7012,1.529816
-3.2000,4.7012,2.037290
-3.0000,4.7012,2.383386
-2.8000,4.7012,2.429395
-2.6000,4.7012,2.158244
-2.4000,4.7012,1.686842
-2.2000,4.7012,1.180628
-2.0000,4.7012,0.758093
-1.8000,4.7012,0.459314
-1.6000,4.7012,0.270397
-1.4000,4.7012,0.159080
-1.2000,4.7012,0.095920
-1.0000,4.7012,0.060554
-0.8000,4.7012,0.040715
-0.6000,4.7012,0.029541
-0.4000,4.7012,0.023347
-0.2000,4.7012,0.020225
0.0000,4.7012,0.019272
0.2000,4.7012,0.020225
0.4000,4.7012,0.023347
0.6000,4.7012,0.029541
0.8000,4.7012,0.040715
1.0000,4.7012,0.060554
1.2000,4.7012,0.095920
1.4000,4.7012,0.159080
1.6000,4.7012,0.270397
1.8000,4.7012,0.459314
2.0000,4.7012,0.758093
2.2000,4.7012,1.180628
2.4000,4.7012,1.686842
2.6000,4.7012,2.158244
2.8000,4.7012,2.429395
3.0000,4.7012,2.383386
3.2000,4.7012,2.037290
3.4000,4.7012,1.529816
3.6000,4.7012,1.024501
3.8000,4.7012,0.624065
4.0000,4.7012,0.353413
4.2000,4.7012,0.190175
4.4000,4.7012,0.099222
4.6000,4.7012,0.051079
4.8000,4.7012,0.026321
5.0000,4.7012,0.013729
5.2000,4.7012,0.007309
5.4000,4.7012,0.003994
5.6000,4.7012,0.002248
5.8000,4.7012,0.001307
6.0000,4.7012,0.000784
6.2000,4.7012,0.000486
6.4000,4.7012,0.000311
6.6000,4.7012,0.000205
6.8000,4.7012,0.000139
7.0000,4.7012,0.000097
7.2000,4.7012,0.000070
7.4000,4.7012,0.000051
7.6000,4.7012,0.000038
7.8000,4.7012,0.000029
8.0000,4.7012,0.000023
8.2000,4.7012,0.000018
8.4000,4.7012,0.000014
8.6000,4.7012,0.000012
8.8000,4.7012,0.000010
9.0000,4.7012,0.000008
9.2000,4.7012,0.000007
9.4000,4.7012,0.000006
9.6000,4.7012,0.000005
9.8000,4.7012,0.000005
10.0000,4.7012,0.000004
10.2000,4.7012,0.000004
10.4000,4.7012,0.000003
10.6000,4.7012,0.000003
10.8000,4.7012,0.000003
11.0000,4.7012,0.000002
11.2000,4.7012,0.000002
11.4000,4.7012,0.000002
11.6000,4.7012,0.000002
11.8000,4.7012,0.000002
12.0000,4.7012,0.000002
12.2000,4.7012,0.000002
12.4000,4.7012,0.000001
12.6000,4.7012,0.000001
12.8000,4.7012,0.000001
13.0000,4.7012,0.000001
13.2000,4.7012,0.000001
13.4000,4.7012,0.000001
13.6000,4.7012,0.000001
13.8000,4.7012,0.000001
14.0000,4.7012,0.000001
14.2000,4.7012,0.000001
14.4000,4.7012,0.000001
14.6000,4.7012,0.000001
14.8000,4.7012,0.000001
15.0000,4.7012,0.000001
15.2000,4.7012,0.000001
15.4000,4.7012,0.000001
15.6000,4.7012,0.000001
15.8000,4.7012,0.000001
16.0000,4.7012,0.000001
16.2000,4.7012,0.000001
16.4000,4.7012,0.000001
16.6000,4.7012,0.000001
16.8000,4.7012,0.000001
17.0000,4.7012,0.000001
17.2000,4.7012,0.000001
17.4000,4.7012,0.000001
17.6000,4.7012,0.000001
17.8000,4.7012,0.000001
18.0000,4.7012,0.000001
18.2000,4.7012,0.000001
18.4000,4.7012,0.000001
18.6000,4.7012,0.000001
18.8000,4.7012,0.000001
19.0000,4.7012,0.000001
19.2000,4.7012,0.000001
19.4000,4.7012,0.000001
19.6000,4.7012,0.000001
19.8000,4.7012,0.000001
20.0000,4.7012,0.000001
-20.0000,4.8034,0.000001
-19.8000,4.8034,0.000001
-19.6000,4.8034,0.000001
-19.4000,4.8034,0.000001
-19.2000,4.8034,0.000001
-19.0000,4.8034,0.000001
-18.8000,4.8034,0.000001
-18.6000,4.8034,0.000001
-18.4000,4.8034,0.000001
-18.2000,4.8034,0.000001
-18.0000,4.8034,0.000001
-17.8000,4.8034,0.000001
-17.6000,4.8034,0.000001
-17.4000,4.8034,0.000001
-17.2000,4.8034,0.000001
-17.0000,4.8034,0.000001
-16.8000,4.8034,0.000001
-16.6000,4.8034,0.000001
-16.4000,4.8034,0.000001
-16.2000,4.8034,0.000001
-16.0000,4.8034,0.000001
-15.8000,4.8034,0.000001
-15.6000,4.8034,0.000001
-15.4000,4.8034,0.000001
-15.2000,4.8034,0.000001
-15.0000,4.8034,0.000001
-14.8000,4.8034,0.000001
-14.6000,4.8034,0.000001
-14.4000,4.8034,0.000001
-14.2000,4.8034,0.000001
-14.0000,4.8034,0.000001
-13.8000,4.8034,0.000001
-13.6000,4.8034,0.000001
-13.4000,4.8034,0.000001
-13.2000,4.8034,0.000001
-13.0000,4.8034,0.000001
-12.8000,4.8034,0.000001
-12.6000,4.8034,0.000001
-12.4000,4.8034,0.000001
-12.2000,4.8034,0.000002
-12.0000,4.8034,0.000002
-11.8000,4.8034,0.000002
-11.6000,4.8034,0.000002
-11.4000,4.8034,0.000002
-11.2000,4.8034,0.000002
-11.0000,4.8034,0.000002
-10.8000,4.8034,0.000003
-10.6000,4.8034,0.000003
-10.4000,4.8034,0.000003
-10.2000,4.8034,0.000004
-10.0000,4.8034,0.000004
-9.8000,4.8034,0.000005
-9.6000,4.8034,0.000005
-9.4000,4.8034,0.000006
-9.2000,4.8034,0.000007
-9.0000,4.8034,0.000009
-8.8000,4.8034,0.000010
-8.6000,4.8034,0.000012
-8.4000,4.8034,0.000015
-8.2000,4.8034,0.000019
-8.0000,4.8034,0.000024
-7.8000,4.8034,0.000031
-7.6000,4.8034,0.000041
-7.4000,4.8034,0.000055
-7.2000,4.8034,0.000076
-7.0000,4.8034,0.000107
-6.8000,4.8034,0.000155
-6.6000,4.8034,0.000231
-6.4000,4.8034,0.000353
-6.2000,4.8034,0.000557
-6.0000,4.8034,0.000908
-5.8000,4.8034,0.001528
-5.6000,4.8034,0.002657
-5.4000,4.8034,0.004769
-5.2000,4.8034,0.008810
-5.0000,4.8034,0.016682
-4.8000,4.8034,0.032166
-4.6000,4.8034,0.062583
-4.4000,4.8034,0.121375
-4.2000,4.8034,0.231060
-4.0000,4.8034,0.423864
-3.8000,4.8034,0.733791
-3.6000,4.8034,1.172676
-3.4000,4.8034,1.693282
-3.2000,4.8034,2.168570
-3.0000,4.8034,2.430962
-2.8000,4.8034,2.371648
-2.6000,4.8034,2.019769
-2.4000,4.8034,1.519531
-2.2000,4.8034,1.029982
-2.0000,4.8034,0.645179
-1.8000,4.8034,0.384230
-1.6000,4.8034,0.223906
-1.4000,4.8034,0.131172
-1.2000,4.8034,0.079114
-1.0000,4.8034,0.050106
-0.8000,4.8034,0.033851
-0.6000,4.8034,0.024684
-0.4000,4.8034,0.019592
-0.2000,4.8034,0.017020
0.0000,4.8034,0.016235
0.2000,4.8034,0.017020
0.4000,4.8034,0.019592
0.6000,4.8034,0.024684
0.8000,4.8034,0.033851
1.0000,4.8034,0.050106
1.2000,4.8034,0.079114
1.4000,4.8034,0.131172
1.6000,4.8034,0.223906
1.8000,4.8034,0.384230
2.0000,4.8034,0.645179
2.2000,4.8034,1.029982
2.4000,4.8034,1.519531
2.6000,4.8034,2.019769
2.8000,4.8034,2.371648
3.0000,4.8034,2.430962
3.2000,4.8034,2.168570
3.4000,4.8034,1.693282
3.6000,4.8034,1.172676
3.8000,4.8034,0.733791
4.0000,4.8034,0.423864
4.2000,4.8034,0.231060
4.4000,4.8034,0.121375
4.6000,4.8034,0.062583
4.8000,4.8034,0.032166
5.0000,4.8034,0.016682
5.2000,4.8034,0.008810
5.4000,4.8034,0.004769
5.6000,4.8034,0.002657
5.8000,4.8034,0.001528
6.0000,4.8034,0.000908
6.2000,4.8034,0.000557
6.4000,4.8034,0.000353
6.6000,4.8034,0.000231
6.8000,4.8034,0.000155
7.0000,4.8034,0.000107
7.2000,4.8034,0.000076
7.4000,4.8034,0.000055
7.6000,4.8034,0.000041
7.8000,4.8034,0.000031
8.0000,4.8034,0.000024
8.2000,4.8034,0.000019
8.4000,4.8034,0.000015
8.6000,4.8034,0.000012
8.8000,4.8034,0.000010
9.0000,4.8034,0.000009
9.2000,4.8034,0.000007
9.4000,4.8034,0.000006
9.6000,4.8034,0.000005
9.8000,4.8034,0.000005
10.0000,4.8034,0.000004
10.2000,4.8034,0.000004
10.4000,4.8034,0.000003
10.6000,4.8034,0.000003
10.8000,4.8034,0.000003
11.0000,4.8034,0.000002
11.2000,4.8034,0.000002
11.4000,4.8034,0.000002
11.6000,4.8034,0.000002
11.8000,4.8034,0.000002
12.0000,4.8034,0.000002
12.2000,4.8034,0.000002
12.4000,4.8034,0.000001
12.6000,4.8034,0.000001
12.8000,4.8034,0.000001
13.0000,4.8034,0.000001
13.2000,4.8034,0.000001
13.4000,4.8034,0.000001
13.6000,4.8034,0.000001
13.8000,4.8034,0.000001
14.0000,4.8034,0.000001
14.2000,4.8034,0.000001
14.4000,4.8034,0.000001
14.6000,4.8034,0.000001
14.8000,4.8034,0.000001
15.0000,4.8034,0.000001
15.2000,4.8034,0.000001
15.4000,4.8034,0.000001
15.6000,4.8034,0.000001
15.8000,4.8034,0.000001
16.0000,4.8034,0.000001
16.2000,4.8034,0.000001
16.4000,4.8034,0.000001
16.6000,4.8034,0.000001
16.8000,4.8034,0.000001
17.0000,4.8034,0.000001
17.2000,4.8034,0.000001
17.4000,4.8034,0.000001
17.6000,4.8034,0.000001
17.8000,4.8034,0.000001
18.0000,4.8034,0.000001
18.2000,4.8034,0.000001
18.4000,4.8034,0.000001
18.6000,4.8034,0.000001
18.8000,4.8034,0.000001
19.0000,4.8034,0.000001
19.2000,4.8034,0.000001
19.4000,4.8034,0.000001
19.6000,4.8034,0.000001
19.8000,4.8034,0.000001
20.0000,4.8034,0.000001
-20.0000,4.9056,0.000001
-19.8000,4.9056,0.000001
-19.6000,4.9056,0.000001
-19.4000,4.9056,0.000001
-19.2000,4.9056,0.000001
-19.0000,4.9056,0.000001
-18.8000,4.9056,0.000001
-18.6000,4.9056,0.000001
-18.4000,4.9056,0.000001
-18.2000,4.9056,0.000001
-18.0000,4.9056,0.000001
-17.8000,4.9056,0.000001
-17.6000,4.9056,0.000001
-17.4000,4.9056,0.000001
-17.2000,4.9056,0.000001
-17.0000,4.9056,0.000001
-16.8000,4.9056,0.000001
-16.6000,4.9056,0.000001
-16.4000,4.9056,0.000001
-16.2000,4.9056,0.000001
-16.0000,4.9056,0.000001
-15.8000,4.9056,0.000001
-15.6000,4.9056,0.000001
-15.4000,4.9056,0.000001
-15.2000,4.9056,0.000001
-15.0000,4.9056,0.000001
-14.8000,4.9056,0.000001
-14.6000,4.9056,0.000001
-14.4000,4.9056,0.000001
-14.2000,4.9056,0.000001
-14.0000,4.9056,0.000001
-13.8000,4.9056,0.000001
-13.6000,4.9056,0.000001
-13.4000,4.9056,0.000001
-13.2000,4.9056,0.000001
-13.0000,4.9056,0.000001
-12.8000,4.9056,0.000001
-12.6000,4.9056,0.000001
-12.4000,4.9056,0.000001
-12.2000,4.9056,0.000002
-12.0000,4.9056,0.000002
-11.8000,4.9056,0.000002
-11.6000,4.9056,0.000002
-11.4000,4.9056,0.000002
-11.2000,4.9056,0.000002
-11.0000,4.9056,0.000002
-10.8000,4.9056,0.000003
-10.6000,4.9056,0.000003
-10.4000,4.9056,0.000003
-10.2000,4.9056,0.000004
-10.0000,4.9056,0.000004
-9.8000,4.9056,0.000005
-9.6000,4.9056,0.000006
-9.4000,4.9056,0.000006
-9.2000,4.9056,0.000008
-9.0000,4.9056,0.000009
-8.8000,4.9056,0.000011
-8.6000,4.9056,0.000013
-8.4000,4.9056,0.000016
-8.2000,4.9056,0.000020
-8.0000,4.9056,0.000026
-7.8000,4.9056,0.000034
-7.6000,4.9056,0.000045
-7.4000,4.9056,0.000060
-7.2000,4.9056,0.000084
-7.0000,4.9056,0.000119
-6.8000,4.9056,0.000173
-6.6000,4.9056,0.000260
-6.4000,4.9056,0.000401
-6.2000,4.9056,0.000640
-6.0000,4.9056,0.001054
-5.8000,4.9056,0.001794
-5.6000,4.9056,0.003153
-5.4000,4.9056,0.005717
-5.2000,4.9056,0.010657
-5.0000,4.9056,0.020327
-4.8000,4.9056,0.039384
-4.6000,4.9056,0.076731
-4.4000,4.9056,0.148345
-4.2000,4.9056,0.279957
-4.0000,4.9056,0.505854
-3.8000,4.9056,0.856583
-3.6000,4.9056,1.329605
-3.4000,4.9056,1.852882
-3.2000,4.9056,2.278777
-3.0000,4.9056,2.446047
-2.8000,4.9056,2.284343
-2.6000,4.9056,1.866685
-2.4000,4.9056,1.353975
-2.2000,4.9056,0.890631
-2.0000,4.9056,0.545435
-1.8000,4.9056,0.319959
-1.6000,4.9056,0.184907
-1.4000,4.9056,0.108027
-1.2000,4.9056,0.065243
-1.0000,4.9056,0.041485
-0.8000,4.9056,0.028173
-0.6000,4.9056,0.020652
-0.4000,4.9056,0.016464
-0.2000,4.9056,0.014344
0.0000,4.9056,0.013696
0.2000,4.9056,0.014344
0.4000,4.9056,0.016464
0.6000,4.9056,0.020652
0.8000,4.9056,0.028173
1.0000,4.9056,0.041485
1.2000,4.9056,0.065243
1.4000,4.9056,0.108027
1.6000,4.9056,0.184907
1.8000,4.9056,0.319959
2.0000,4.9056,0.545435
2.2000,4.9056,0.890631
2.4000,4.9056,1.353975
2.6000,4.9056,1.866685
2.8000,4.9056,2.284343
3.0000,4.9056,2.446047
3.2000,4.9056,2.278777
3.4000,4.9056,1.852882
3.6000,4.9056,1.329605
3.8000,4.9056,0.856583
4.0000,4.9056,0.505854
4.2000,4.9056,0.279957
4.4000,4.9056,0.148345
4.6000,4.9056,0.076731
4.8000,4.9056,0.039384
5.0000,4.9056,0.020327
5.2000,4.9056,0.010657
5.4000,4.9056,0.005717
5.6000,4.9056,0.003153
5.8000,4.9056,0.001794
6.0000,4.9056,0.001054
6.2000,4.9056,0.000640
6.4000,4.9056,0.000401
6.6000,4.9056,0.000260
6.8000,4.9056,0.000173
7.0000,4.9056,0.000119
7.2000,4.9056,0.000084
7.4000,4.9056,0.000060
7.6000,4.9056,0.000045
7.8000,4.9056,0.000034
8.0000,4.9056,0.000026
8.2000,4.9056,0.000020
8.4000,4.9056,0.000016
8.6000,4.9056,0.000013
8.8000,4.9056,0.000011
9.0000,4.9056,0.000009
9.2000,4.9056,0.000008
9.4000,4.9056,0.000006
9.6000,4.9056,0.000006
9.8000,4.9056,0.000005
10.0000,4.9056,0.000004
10.2000,4.9056,0.000004
10.4000,4.9056,0.000003
10.6000,4.9056,0.000003
10.8000,4.9056,0.000003
11.0000,4.9056,0.000002
11.2000,4.9056,0.000002
11.4000,4.9056,0.000002
11.6000,4.9056,0.000002
11.8000,4.9056,0.000002
12.0000,4.9056,0.000002
12.2000,4.9056,0.000002
12.4000,4.9056,0.000001
12.6000,4.9056,0.000001
12.8000,4.9056,0.000001
13.0000,4.9056,0.000001
13.2000,4.9056,0.000001
13.4000,4.9056,0.000001
13.6000,4.9056,0.000001
13.8000,4.9056,0.000001
14.0000,4.9056,0.000001
14.2000,4.9056,0.000001
14.4000,4.9056,0.000001
14.6000,4.9056,0.000001
14.8000,4.9056,0.000001
15.0000,4.9056,0.000001
15.2000,4.9056,0.000001
15.4000,4.9056,0.000001
15.6000,4.9056,0.000001
15.8000,4.9056,0.000001
16.0000,4.9056,0.000001
16.2000,4.9056,0.000001
16.4000,4.9056,0.000001
16.6000,4.9056,0.000001
16.8000,4.9056,0.000001
17.0000,4.9056,0.000001
17.2000,4.9056,0.000001
17.4000,4.9056,0.000001
17.6000,4.9056,0.000001
17.8000,4.9056,0.000001
18.0000,4.9056,0.000001
18.2000,4.9056,0.000001
18.4000,4.9056,0.000001
18.6000,4.9056,0.000001
18.8000,4.9056,0.000001
19.0000,4.9056,0.000001
19.2000,4.9056,0.000001
19.4000,4.9056,0.000001
19.6000,4.9056,0.000001
19.8000,4.9056,0.000001
20.0000,4.9056,0.000001
-20.0000,5.0078,0.000001
-19.8000,5.0078,0.000001
-19.6000,5.0078,0.000001
-19.4000,5.0078,0.000001
-19.2000,5.0078,0.000001
-19.0000,5.0078,0.000001
-18.8000,5.0078,0.000001
-18.6000,5.0078,0.000001
-18.4000,5.0078,0.000001
-18.2000,5.0078,0.000001
-18.0000,5.0078,0.000001
-17.8000,5.0078,0.000001
-17.6000,5.0078,0.000001
-17.4000,5.0078,0.000001
-17.2000,5.0078,0.000001
-17.0000,5.0078,0.000001
-16.8000,5.0078,0.000001
-16.6000,5.0078,0.000001
-16.4000,5.0078,0.000001
-16.2000,5.0078,0.000001
-16.0000,5.0078,0.000001
-15.8000,5.0078,0.000001
-15.6000,5.0078,0.000001
-15.4000,5.0078,0.000001
-15.2000,5.0078,0.000001
-15.0000,5.0078,0.000001
-14.8000,5.0078,0.000001
-14.6000,5.0078,0.000001
-14.4000,5.0078,0.000001
-14.2000,5.0078,0.000001
-14.0000,5.0078,0.000001
-13.8000,5.0078,0.000001
-13.6000,5.0078,0.000001
-13.4000,5.0078,0.000001
-13.2000,5.0078,0.000001
-13.0000,5.0078,0.000001
-12.8000,5.0078,0.000001
-12.6000,5.0078,0.000001
-12.4000,5.0078,0.000001
-12.2000,5.0078,0.000002
-12.0000,5.0078,0.000002
-11.8000,5.0078,0.000002
-11.6000,5.0078,0.000002
-11.4000,5.0078,0.000002
-11.2000,5.0078,0.000002
-11.0000,5.0078,0.000003
-10.8000,5.0078,0.000003
-10.6000,5.0078,0.000003
-10.4000,5.0078,0.000003
-10.2000,5.0078,0.000004
-10.0000,5.0078,0.000004
-9.8000,5.0078,0.000005
-9.6000,5.0078,0.000006
-9.4000,5.0078,0.000007
-9.2000,5.0078,0.000008
-9.0000,5.0078,0.000009
-8.8000,5.0078,0.000011
-8.6000,5.0078,0.000014
-8.4000,5.0078,0.000017
-8.2000,5.0078,0.000022
-8.0000,5.0078,0.000028
-7.8000,5.0078,0.000036
-7.6000,5.0078,0.000048
-7.4000,5.0078,0.000066
-7.2000,5.0078,0.000092
-7.0000,5.0078,0.000132
-6.8000,5.0078,0.000194
-6.6000,5.0078,0.000294
-6.4000,5.0078,0.000458
-6.2000,5.0078,0.000739
-6.0000,5.0078,0.001229
-5.8000,5.0078,0.002115
-5.6000,5.0078,0.003757
-5.4000,5.0078,0.006878
-5.2000,5.0078,0.012932
-5.0000,5.0078,0.024832
-4.8000,5.0078,0.048297
-4.6000,5.0078,0.094097
-4.4000,5.0078,0.181039
-4.2000,5.0078,0.338019
-4.0000,5.0078,0.600263
-3.8000,5.0078,0.991941
-3.6000,5.0078,1.492251
-3.4000,5.0078,2.003342
-3.2000,5.0078,2.363154
-3.0000,5.0078,2.427843
-2.8000,5.0078,2.171262
-2.6000,5.0078,1.704463
-2.4000,5.0078,1.194062
-2.2000,5.0078,0.763835
-2.0000,5.0078,0.458348
-1.8000,5.0078,0.265387
-1.6000,5.0078,0.152364
-1.4000,5.0078,0.088892
-1.2000,5.0078,0.053813
-1.0000,5.0078,0.034376
-0.8000,5.0078,0.023476
-0.6000,5.0078,0.017303
-0.4000,5.0078,0.013856
-0.2000,5.0078,0.012107
0.0000,5.0078,0.011572
0.2000,5.0078,0.012107
0.4000,5.0078,0.013856
0.6000,5.0078,0.017303
0.8000,5.0078,0.023476
1.0000,5.0078,0.034376
1.2000,5.0078,0.053813
1.4000,5.0078,0.088892
1.6000,5.0078,0.152364
1.8000,5.0078,0.265387
2.0000,5.0078,0.458348
2.2000,5.0078,0.763835
2.4000,5.0078,1.194062
2.6000,5.0078,1.704463
2.8000,5.0078,2.171262
3.0000,5.0078,2.427843
3.2000,5.0078,2.363154
3.4000,5.0078,2.003342
3.6000,5.0078,1.492251
3.8000,5.0078,0.991941
4.0000,5.0078,0.600263
4.2000,5.0078,0.338019
4.4000,5.0078,0.181039
4.6000,5.0078,0.094097
4.8000,5.0078,0.048297
5.0000,5.0078,0.024832
5.2000,5.0078,0.012932
5.4000,5.0078,0.006878
5.6000,5.0078,0.003757
5.8000,5.0078,0.002115
6.0000,5.0078,0.001229
6.2000,5.0078,0.000739
6.4000,5.0078,0.000458
6.6000,5.0078,0.000294
6.8000,5.0078,0.000194
7.0000,5.0078,0.000132
7.2000,5.0078,0.000092
7.4000,5.0078,0.000066
7.6000,5.0078,0.000048
7.8000,5.0078,0.000036
8.0000,5.0078,0.000028
8.2000,5.0078,0.000022
8.4000,5.0078,0.000017
8.6000,5.0078,0.000014
8.8000,5.0078,0.000011
9.0000,5.0078,0.000009
9.2000,5.0078,0.000008
9.4000,5.0078,0.000007
9.6000,5.0078,0.000006
9.8000,5.0078,0.000005
10.0000,5.0078,0.000004
10.2000,5.0078,0.000004
10.4000,5.0078,0.000003
10.6000,5.0078,0.000003
10.8000,5.0078,0.000003
11.0000,5.0078,0.000003
11.2000,5.0078,0.000002
11.4000,5.0078,0.000002
11.6000,5.0078,0.000002
11.8000,5.0078,0.000002
12.0000,5.0078,0.000002
12.2000,5.0078,0.000002
12.4000,5.0078,0.000001
12.6000,5.0078,0.000001
12.8000,5.0078,0.000001
13.0000,5.0078,0.000001
13.2000,5.0078,0.000001
13.4000,5.0078,0.000001
13.6000,5.0078,0.000001
13.8000,5.0078,0.000001
14.0000,5.0078,0.000001
14.2000,5.0078,0.000001
14.4000,5.0078,0.000001
14.6000,5.0078,0.000001
14.8000,5.0078,0.000001
15.0000,5.0078,0.000001
15.2000,5.0078,0.000001
15.4000,5.0078,0.000001
15.6000,5.0078,0.000001
15.8000,5.0078,0.000001
16.0000,5.0078,0.000001
16.2000,5.0078,0.000001
16.4000,5.0078,0.000001
16.6000,5.0078,0.000001
16.8000,5.0078,0.000001
17.0000,5.0078,0.000001
17.2000,5.0078,0.000001
17.4000,5.0078,0.000001
17.6000,5.0078,0.000001
17.8000,5.0078,0.000001
18.0000,5.0078,0.000001
18.2000,5.0078,0.000001
18.4000,5.0078,0.000001
18.6000,5.0078,0.000001
18.8000,5.0078,0.000001
19.0000,5.0078,0.000001
19.2000,5.0078,0.000001
19.4000,5.0078,0.000001
19.6000,5.0078,0.000001
19.8000,5.0078,0.000001
20.0000,5.0078,0.000001
-20.0000,5.1100,0.000001
-19.8000,5.1100,0.000001
-19.6000,5.1100,0.000001
-19.4000,5.1100,0.000001
-19.2000,5.1100,0.000001
-19.0000,5.1100,0.000001
-18.8000,5.1100,0.000001
-18.6000,5.1100,0.000001
-18.4000,5.1100,0.000001
-18.2000,5.1100,0.000001
-18.0000,5.1100,0.000001
-17.8000,5.1100,0.000001
-17.6000,5.1100,0.000001
-17.4000,5.1100,0.000001
-17.2000,5.1100,0.000001
-17.0000,5.1100,0.000001
-16.8000,5.1100,0.000001
-16.6000,5.1100,0.000001
-16.4000,5.1100,0.000001
-16.2000,5.1100,0.000001
-16.0000,5.1100,0.000001
-15.8000,5.1100,0.000001
-15.6000,5.1100,0.000001
-15.4000,5.1100,0.000001
-15.2000,5.1100,0.000001
-15.0000,5.1100,0.000001
-14.8000,5.1100,0.000001
-14.6000,5.1100,0.000001
-14.4000,5.1100,0.000001
-14.2000,5.1100,0.000001
-14.0000,5.1100,0.000001
-13.8000,5.1100,0.000001
-13.6000,5.1100,0.000001
-13.4000,5.1100,0.000001
-13.2000,5.1100,0.000001
-13.0000,5.1100,0.000001
-12.8000,5.1100,0.000001
-12.6000,5.1100,0.000001
-12.4000,5.1100,0.000001
-12.2000,5.1100,0.000002
-12.0000,5.1100,0.000002
-11.8000,5.1100,0.000002
-11.6000,5.1100,0.000002
-11.4000,5.1100,0.000002
-11.2000,5.1100,0.000002
-11.0000,5.1100,0.000003
-10.8000,5.1100,0.000003
-10.6000,5.1100,0.000003
-10.4000,5.1100,0.000004
-10.2000,5.1100,0.000004
-10.0000,5.1100,0.000005
-9.8000,5.1100,0.000005
-9.6000,5.1100,0.000006
-9.4000,5.1100,0.000007
-9.2000,5.1100,0.000008
-9.0000,5.1100,0.000010
-8.8000,5.1100,0.000012
-8.6000,5.1100,0.000015
-8.4000,5.1100,0.000018
-8.2000,5.1100,0.000023
-8.0000,5.1100,0.000030
-7.8000,5.1100,0.000039
-7.6000,5.1100,0.000053
-7.4000,5.1100,0.000072
-7.2000,5.1100,0.000102
-7.0000,5.1100,0.000147
-6.8000,5.1100,0.000218
-6.6000,5.1100,0.000333
-6.4000,5.1100,0.000526
-6.2000,5.1100,0.000856
-6.0000,5.1100,0.001440
-5.8000,5.1100,0.002503
-5.6000,5.1100,0.004493
-5.4000,5.1100,0.008305
-5.2000,5.1100,0.015742
-5.0000,5.1100,0.030404
-4.8000,5.1100,0.059293
-4.6000,5.1100,0.115352
-4.4000,5.1100,0.220464
-4.2000,5.1100,0.406405
-4.0000,5.1100,0.707689
-3.8000,5.1100,1.138663
-3.6000,5.1100,1.656725
-3.4000,5.1100,2.139143
-3.2000,5.1100,2.417874
-3.0000,5.1100,2.377110
-2.8000,5.1100,2.037123
-2.6000,5.1100,1.538354
-2.4000,5.1100,1.042850
-2.2000,5.1100,0.650164
-2.0000,5.1100,0.383104
-1.8000,5.1100,0.219379
-1.6000,5.1100,0.125332
-1.4000,5.1100,0.073114
-1.2000,5.1100,0.044405
-1.0000,5.1100,0.028515
-0.8000,5.1100,0.019589
-0.6000,5.1100,0.014519
-0.4000,5.1100,0.011680
-0.2000,5.1100,0.010236
0.0000,5.1100,0.009793
0.2000,5.1100,0.010236
0.4000,5.1100,0.011680
0.6000,5.1100,0.014519
0.8000,5.1100,0.019589
1.0000,5.1100,0.028515
1.2000,5.1100,0.044405
1.4000,5.1100,0.073114
1.6000,5.1100,0.125332
1.8000,5.1100,0.219379
2.0000,5.1100,0.383104
2.2000,5.1100,0.650164
2.4000,5.1100,1.042850
2.6000,5.1100,1.538354
2.8000,5.1100,2.037123
3.0000,5.1100,2.377110
3.2000,5.1100,2.417874
3.4000,5.1100,2.139143
3.6000,5.1100,1.656725
3.8000,5.1100,1.138663
4.0000,5.1100,0.707689
4.2000,5.1100,0.406405
4.4000,5.1100,0.220464
4.6000,5.1100,0.115352
4.8000,5.1100,0.059293
5.0000,5.1100,0.030404
5.2000,5.1100,0.015742
5.4000,5.1100,0.008305
5.6000,5.1100,0.004493
5.8000,5.1100,0.002503
6.0000,5.1100,0.001440
6.2000,5.1100,0.000856
6.4000,5.1100,0.000526
6.6000,5.1100,0.000333
6.8000,5.1100,0.000218
7.0000,5.1100,0.000147
7.2000,5.1100,0.000102
7.4000,5.1100,0.000072
7.6000,5.1100,0.000053
7.8000,5.1100,0.000039
8.0000,5.1100,0.000030
8.2000,5.1100,0.000023
8.4000,5.1100,0.000018
8.6000,5.1100,0.000015
8.8000,5.1100,0.000012
9.0000,5.1100,0.000010
9.2000,5.1100,0.000008
9.4000,5.1100,0.000007
9.6000,5.1100,0.000006
9.8000,5.1100,0.000005
10.0000,5.1100,0.000005
10.2000,5.1100,0.000004
10.4000,5.1100,0.000004
10.6000,5.1100,0.000003
10.8000,5.1100,0.000003
11.0000,5.1100,0.000003
11.2000,5.1100,0.000002
11.4000,5.1100,0.000002
11.6000,5.1100,0.000002
11.8000,5.1100,0.000002
12.0000,5.1100,0.000002
12.2000,5.1100,0.000002
12.4000,5.1100,0.000001
12.6000,5.1100,0.000001
12.8000,5.1100,0.000001
13.0000,5.1100,0.000001
13.2000,5.1100,0.000001
13.4000,5.1100,0.000001
13.6000,5.1100,0.000001
13.8000,5.1100,0.000001
14.0000,5.1100,0.000001
14.2000,5.1100,0.000001
14.4000,5.1100,0.000001
14.6000,5.1100,0.000001
14.8000,5.1100,0.000001
15.0000,5.1100,0.000001
15.2000,5.1100,0.000001
15.4000,5.1100,0.000001
15.6000,5.1100,0.000001
15.8000,5.1100,0.000001
16.0000,5.1100,0.000001
16.2000,5.1100,0.000001
16.4000,5.1100,0.000001
16.6000,5.1100,0.000001
16.8000,5.1100,0.000001
17.0000,5.1100,0.000001
17.2000,5.1100,0.000001
17.4000,5.1100,0.000001
17.6000,5.1100,0.000001
17.8000,5.1100,0.000001
18.0000,5.1100,0.000001
18.2000,5.1100,0.000001
18.4000,5.1100,0.000001
18.6000,5.1100,0.000001
18.8000,5.1100,0.000001
19.0000,5.1100,0.000001
19.2000,5.1100,0.000001
19.4000,5.1100,0.000001
19.6000,5.1100,0.000001
19.8000,5.1100,0.000001
20.0000,5.1100,0.000001
-20.0000,5.2122,0.000001
-19.8000,5.2122,0.000001
-19.6000,5.2122,0.000001
-19.4000,5.2122,0.000001
-19.2000,5.2122,0.000001
-19.0000,5.2122,0.000001
-18.8000,5.2122,0.000001
-18.6000,5.2122,0.000001
-18.4000,5.2122,0.000001
-18.2000,5.2122,0.000001
-18.0000,5.2122,0.000001
-17.8000,5.2122,0.000001
-17.6000,5.2122,0.000001
-17.4000,5.2122,0.000001
-17.2000,5.2122,0.000001
-17.0000,5.2122,0.000001
-16.8000,5.2122,0.000001
-16.6000,5.2122,0.000001
-16.4000,5.2122,0.000001
-16.2000,5.2122,0.000001
-16.0000,5.2122,0.000001
-15.8000,5.2122,0.000001
-15.6000,5.2122,0.000001
-15.4000,5.2122,0.000001
-15.2000,5.2122,0.000001
-15.0000,5.2122,0.000001
-14.8000,5.2122,0.000001
-14.6000,5.2122,0.000001
-14.4000,5.2122,0.000001
-14.2000,5.2122,0.000001
-14.0000,5.2122,0.000001
-13.8000,5.2122,0.000001
-13.6000,5.2122,0.000001
-13.4000,5.2122,0.000001
-13.2000,5.2122,0.000001
-13.0000,5.2122,0.000001
-12.8000,5.2122,0.000001
-12.6000,5.2122,0.000001
-12.4000,5.2122,0.000002
-12.2000,5.2122,0.000002
-12.0000,5.2122,0.000002
-11.8000,5.2122,0.000002
-11.6000,5.2122,0.000002
-11.4000,5.2122,0.000002
-11.2000,5.2122,0.000002
-11.0000,5.2122,0.000003
-10.8000,5.2122,0.000003
-10.6000,5.2122,0.000003
-10.4000,5.2122,0.000004
-10.2000,5.2122,0.000004
-10.0000,5.2122,0.000005
-9.8000,5.2122,0.000005
-9.6000,5.2122,0.000006
-9.4000,5.2122,0.000007
-9.2000,5.2122,0.000009
-9.0000,5.2122,0.000010
-8.8000,5.2122,0.000013
-8.6000,5.2122,0.000016
-8.4000,5.2122,0.000019
-8.2000,5.2122,0.000025
-8.0000,5.2122,0.000032
-7.8000,5.2122,0.000043
-7.6000,5.2122,0.000058
-7.4000,5.2122,0.000080
-7.2000,5.2122,0.000113
-7.0000,5.2122,0.000164
-6.8000,5.2122,0.000246
-6.6000,5.2122,0.000380
-6.4000,5.2122,0.000605
-6.2000,5.2122,0.000995
-6.0000,5.2122,0.001693
-5.8000,5.2122,0.002975
-5.6000,5.2122,0.005394
-5.4000,5.2122,0.010062
-5.2000,5.2122,0.019215
-5.0000,5.2122,0.037295
-4.8000,5.2122,0.072840
-4.6000,5.2122,0.141279
-4.4000,5.2122,0.267721
-4.2000,5.2122,0.486205
-4.0000,5.2122,0.828310
-3.8000,5.2122,1.294740
-3.6000,5.2122,1.818383
-3.4000,5.2122,2.254872
-3.2000,5.2122,2.440354
-3.0000,5.2122,2.296104
-2.8000,5.2122,1.887221
-2.6000,5.2122,1.373109
-2.4000,5.2122,0.902550
-2.2000,5.2122,0.549614
-2.0000,5.2122,0.318699
-1.8000,5.2122,0.180835
-1.6000,5.2122,0.102965
-1.4000,5.2122,0.060130
-1.2000,5.2122,0.036668
-1.0000,5.2122,0.023682
-0.8000,5.2122,0.016370
-0.6000,5.2122,0.012203
-0.4000,5.2122,0.009862
-0.2000,5.2122,0.008669
0.0000,5.2122,0.008302
0.2000,5.2122,0.008669
0.4000,5.2122,0.009862
0.6000,5.2122,0.012203
0.8000,5.2122,0.016370
1.0000,5.2122,0.023682
1.2000,5.2122,0.036668
1.4000,5.2122,0.060130
1.6000,5.2122,0.102965
1.8000,5.2122,0.180835
2.0000,5.2122,0.318699
2.2000,5.2122,0.549614
2.4000,5.2122,0.902550
2.6000,5.2122,1.373109
2.8000,5.2122,1.887221
3.0000,5.2122,2.296104
3.2000,5.2122,2.440354
3.4000,5.2122,2.254872
3.6000,5.2122,1.818383
3.8000,5.2122,1.294740
4.0000,5.2122,0.828310
4.2000,5.2122,0.486205
4.4000,5.2122,0.267721
4.6000,5.2122,0.141279
4.8000,5.2122,0.072840
5.0000,5.2122,0.037295
5.2000,5.2122,0.019215
5.4000,5.2122,0.010062
5.6000,5.2122,0.005394
5.8000,5.2122,0.002975
6.0000,5.2122,0.001693
6.2000,5.2122,0.000995
6.4000,5.2122,0.000605
6.6000,5.2122,0.000380
6.8000,5.2122,0.000246
7.0000,5.2122,0.000164
7.2000,5.2122,0.000113
7.4000,5.2122,0.000080
7.6000,5.2122,0.000058
7.8000,5.2122,0.000043
8.0000,5.2122,0.000032
8.2000,5.2122,0.000025
8.4000,5.2122,0.000019
8.6000,5.2122,0.000016
8.8000,5.2122,0.000013
9.0000,5.2122,0.000010
9.2000,5.2122,0.000009
9.4000,5.2122,0.000007
9.6000,5.2122,0.000006
9.8000,5.2122,0.000005
10.0000,5.2122,0.000005
10.2000,5.2122,0.000004
10.4000,5.2122,0.000004
10.6000,5.2122,0.000003
10.8000,5.2122,0.000003
11.0000,5.2122,0.000003
11.2000,5.2122,0.000002
11.4000,5.2122,0.000002
11.6000,5.2122,0.000002
11.8000,5.2122,0.000002
12.0000,5.2122,0.000002
12.2000,5.2122,0.000002
12.4000,5.2122,0.000002
12.6000,5.2122,0.000001
12.8000,5.2122,0.000001
13.0000,5.2122,0.000001
13.2000,5.2122,0.000001
13.4000,5.2122,0.000001
13.6000,5.2122,0.000001
13.8000,5.2122,0.000001
14.0000,5.2122,0.000001
14.2000,5.2122,0.000001
14.4000,5.2122,0.000001
14.6000,5.2122,0.000001
14.8000,5.2122,0.000001
15.0000,5.2122,0.000001
15.2000,5.2122,0.000001
15.4000,5.2122,0.000001
15.6000,5.2122,0.000001
15.8000,5.2122,0.000001
16.0000,5.2122,0.000001
16.2000,5.2122,0.000001
16.4000,5.2122,0.000001
16.6000,5.2122,0.000001
16.8000,5.2122,0.000001
17.0000,5.2122,0.000001
17.2000,5.2122,0.000001
17.4000,5.2122,0.000001
17.6000,5.2122,0.000001
17.8000,5.2122,0.000001
18.0000,5.2122,0.000001
18.2000,5.2122,0.000001
18.4000,5.2122,0.000001
18.6000,5.2122,0.000001
18.8000,5.2122,0.000001
19.0000,5.2122,0.000001
19.2000,5.2122,0.000001
19.4000,5.2122,0.000001
19.6000,5.2122,0.000001
19.8000,5.2122,0.000001
20.0000,5.2122,0.000001
-20.0000,5.3144,0.000001
-19.8000,5.3144,0.000001
-19.6000,5.3144,0.000001
-19.4000,5.3144,0.000001
-19.2000,5.3144,0.000001
-19.0000,5.3144,0.000001
-18.8000,5.3144,0.000001
-18.6000,5.3144,0.000001
-18.4000,5.3144,0.000001
-18.2000,5.3144,0.000001
-18.0000,5.3144,0.000001
-17.8000,5.3144,0.000001
-17.6000,5.3144,0.000001
-17.4000,5.3144,0.000001
-17.2000,5.3144,0.000001
-17.0000,5.3144,0.000001
-16.8000,5.3144,0.000001
-16.6000,5.3144,0.000001
-16.4000,5.3144,0.000001
-16.2000,5.3144,0.000001
-16.0000,5.3144,0.000001
-15.8000,5.3144,0.000001
-15.6000,5.3144,0.000001
-15.4000,5.3144,0.000001
-15.2000,5.3144,0.000001
-15.0000,5.3144,0.000001
-14.8000,5.3144,0.000001
-14.6000,5.3144,0.000001
-14.4000,5.3144,0.000001
-14.2000,5.3144,0.000001
-14.0000,5.3144,0.000001
-13.8000,5.3144,0.000001
-13.6000,5.3144,0.000001
-13.4000,5.3144,0.000001
-13.2000,5.3144,0.000001
-13.0000,5.3144,0.000001
-12.8000,5.3144,0.000001
-12.6000,5.3144,0.000001
-12.4000,5.3144,0.000002
-12.2000,5.3144,0.000002
-12.0000,5.3144,0.000002
-11.8000,5.3144,0.000002
-11.6000,5.3144,0.000002
-11.4000,5.3144,0.000002
-11.2000,5.3144,0.000002
-11.0000,5.3144,0.000003
-10.8000,5.3144,0.000003
-10.6000,5.3144,0.000003
-10.4000,5.3144,0.000004
-10.2000,5.3144,0.000004
-10.0000,5.3144,0.000005
-9.8000,5.3144,0.000006
-9.6000,5.3144,0.000007
-9.4000,5.3144,0.000008
-9.2000,5.3144,0.000009
-9.0000,5.3144,0.000011
-8.8000,5.3144,0.000013
-8.6000,5.3144,0.000017
-8.4000,5.3144,0.000021
-8.2000,5.3144,0.000027
-8.0000,5.3144,0.000035
-7.8000,5.3144,0.000046
-7.6000,5.3144,0.000063
-7.4000,5.3144,0.000088
-7.2000,5.3144,0.000125
-7.0000,5.3144,0.000184
-6.8000,5.3144,0.000278
-6.6000,5.3144,0.000434
-6.4000,5.3144,0.000699
-6.2000,5.3144,0.001162
-6.0000,5.3144,0.001998
-5.8000,5.3144,0.003549
-5.6000,5.3144,0.006500
-5.4000,5.3144,0.012230
-5.2000,5.3144,0.023513
-5.0000,5.3144,0.045816
-4.8000,5.3144,0.089493
-4.6000,5.3144,0.172767
-4.4000,5.3144,0.323967
-4.2000,5.3144,0.578355
-4.0000,5.3144,0.961753
-3.8000,5.3144,1.457295
-3.6000,5.3144,1.972004
-3.4000,5.3144,2.345604
-3.2000,5.3144,2.429477
-3.0000,5.3144,2.188385
-2.8000,5.3144,1.727046
-2.6000,5.3144,1.212775
-2.4000,5.3144,0.774568
-2.2000,5.3144,0.461733
-2.0000,5.3144,0.264031
-1.8000,5.3144,0.148719
-1.6000,5.3144,0.084518
-1.4000,5.3144,0.049463
-1.2000,5.3144,0.030308
-1.0000,5.3144,0.019695
-0.8000,5.3144,0.013702
-0.6000,5.3144,0.010275
-0.4000,5.3144,0.008342
-0.2000,5.3144,0.007354
0.0000,5.3144,0.007051
0.2000,5.3144,0.007354
0.4000,5.3144,0.008342
0.6000,5.3144,0.010275
0.8000,5.3144,0.013702
1.0000,5.3144,0.019695
1.2000,5.3144,0.030308
1.4000,5.3144,0.049463
1.6000,5.3144,0.084518
1.8000,5.3144,0.148719
2.0000,5.3144,0.264031
2.2000,5.3144,0.461733
2.4000,5.3144,0.774568
2.6000,5.3144,1.212775
2.8000,5.3144,1.727046
3.0000,5.3144,2.188385
3.2000,5.3144,2.429477
3.4000,5.3144,2.345604
3.6000,5.3144,1.972004
3.8000,5.3144,1.457295
4.0000,5.3144,0.961753
4.2000,5.3144,0.578355
4.4000,5.3144,0.323967
4.6000,5.3144,0.172767
4.8000,5.3144,0.089493
5.0000,5.3144,0.045816
5.2000,5.3144,0.023513
5.4000,5.3144,0.012230
5.6000,5.3144,0.006500
5.8000,5.3144,0.003549
6.0000,5.3144,0.001998
6.2000,5.3144,0.001162
6.4000,5.3144,0.000699
6.6000,5.3144,0.000434
6.8000,5.3144,0.000278
7.0000,5.3144,0.000184
7.2000,5.3144,0.000125
7.4000,5.3144,0.000088
7.6000,5.3144,0.000063
7.8000,5.3144,0.000046
8.0000,5.3144,0.000035
8.2000,5.3144,0.000027
8.4000,5.3144,0.000021
8.6000,5.3144,0.000017
8.8000,5.3144,0.000013
9.0000,5.3144,0.000011
9.2000,5.3144,0.000009
9.4000,5.3144,0.000008
9.6000,5.3144,0.000007
9.8000,5.3144,0.000006
10.0000,5.3144,0.000005
10.2000,5.3144,0.000004
10.4000,5.3144,0.000004
10.6000,5.3144,0.000003
10.8000,5.3144,0.000003
11.0000,5.3144,0.000003
11.2000,5.3144,0.000002
11.4000,5.3144,0.000002
11.6000,5.3144,0.000002
11.8000,5.3144,0.000002
12.0000,5.3144,0.000002
12.2000,5.3144,0.000002
12.4000,5.3144,0.000002
12.6000,5.3144,0.000001
12.8000,5.3144,0.000001
13.0000,5.3144,0.000001
13.2000,5.3144,0.000001
13.4000,5.3144,0.000001
13.6000,5.3144,0.000001
13.8000,5.3144,0.000001
14.0000,5.3144,0.000001
14.2000,5.3144,0.000001
14.4000,5.3144,0.000001
14.6000,5.3144,0.000001
14.8000,5.3144,0.000001
15.0000,5.3144,0.000001
15.2000,5.3144,0.000001
15.4000,5.3144,0.000001
15.6000,5.3144,0.000001
15.8000,5.3144,0.000001
16.0000,5.3144,0.000001
16.2000,5.3144,0.000001
16.4000,5.3144,0.000001
16.6000,5.3144,0.000001
16.8000,5.3144,0.000001
17.0000,5.3144,0.000001
17.2000,5.3144,0.000001
17.4000,5.3144,0.000001
17.6000,5.3144,0.000001
17.8000,5.3144,0.000001
18.0000,5.3144,0.000001
18.2000,5.3144,0.000001
18.4000,5.3144,0.000001
18.6000,5.3144,0.000001
18.8000,5.3144,0.000001
19.0000,5.3144,0.000001
19.2000,5.3144,0.000001
19.4000,5.3144,0.000001
19.6000,5.3144,0.000001
19.8000,5.3144,0.000001
20.0000,5.3144,0.000001
-20.0000,5.4166,0.000001
-19.8000,5.4166,0.000001
-19.6000,5.4166,0.000001
-19.4000,5.4166,0.000001
-19.2000,5.4166,0.000001
-19.0000,5.4166,0.000001
-18.8000,5.4166,0.000001
-18.6000,5.4166,0.000001
-18.4000,5.4166,0.000001
-18.2000,5.4166,0.000001
-18.0000,5.4166,0.000001
-17.8000,5.4166,0.000001
-17.6000,5.4166,0.000001
-17.4000,5.4166,0.000001
-17.2000,5.4166,0.000001
-17.0000,5.4166,0.000001
-16.8000,5.4166,0.000001
-16.6000,5.4166,0.000001
-16.4000,5.4166,0.000001
-16.2000,5.4166,0.000001
-16.0000,5.4166,0.000001
-15.8000,5.4166,0.000001
-15.6000,5.4166,0.000001
-15.4000,5.4166,0.000001
-15.2000,5.4166,0.000001
-15.0000,5.4166,0.000001
-14.8000,5.4166,0.000001
-14.6000,5.4166,0.000001
-14.4000,5.4166,0.000001
-14.2000,5.4166,0.000001
-14.0000,5.4166,0.000001
-13.8000,5.4166,0.000001
-13.6000,5.4166,0.000001
-13.4000,5.4166,0.000001
-13.2000,5.4166,0.000001
-13.0000,5.4166,0.000001
-12.8000,5.4166,0.000001
-12.6000,5.4166,0.000001
-12.4000,5.4166,0.000002
-12.2000,5.4166,0.000002
-12.0000,5.4166,0.000002
-11.8000,5.4166,0.000002
-11.6000,5.4166,0.000002
-11.4000,5.4166,0.000002
-11.2000,5.4166,0.000003
-11.0000,5.4166,0.000003
-10.8000,5.4166,0.000003
-10.6000,5.4166,0.000003
-10.4000,5.4166,0.000004
-10.2000,5.4166,0.000004
-10.0000,5.4166,0.000005
-9.8000,5.4166,0.000006
-9.6000,5.4166,0.000007
-9.4000,5.4166,0.000008
-9.2000,5.4166,0.000010
-9.0000,5.4166,0.000012
-8.8000,5.4166,0.000014
-8.6000,5.4166,0.000018
-8.4000,5.4166,0.000022
-8.2000,5.4166,0.000029
-8.0000,5.4166,0.000038
-7.8000,5.4166,0.000050
-7.6000,5.4166,0.000069
-7.4000,5.4166,0.000097
-7.2000,5.4166,0.000140
-7.0000,5.4166,0.000207
-6.8000,5.4166,0.000316
-6.6000,5.4166,0.000498
-6.4000,5.4166,0.000810
-6.2000,5.4166,0.001363
-6.0000,5.4166,0.002369
-5.8000,5.4166,0.004251
-5.6000,5.4166,0.007860
-5.4000,5.4166,0.014909
-5.2000,5.4166,0.028834
-5.0000,5.4166,0.056343
-4.8000,5.4166,0.109912
-4.6000,5.4166,0.210816
-4.4000,5.4166,0.390373
-4.2000,5.4166,0.683524
-4.0000,5.4166,1.106961
-3.8000,5.4166,1.622583
-3.6000,5.4166,2.112065
-3.4000,5.4166,2.407272
-3.2000,5.4166,2.385685
-3.0000,5.4166,2.058522
-2.8000,5.4166,1.561932
-2.6000,5.4166,1.060584
-2.4000,5.4166,0.659593
-2.2000,5.4166,0.385752
-2.0000,5.4166,0.217969
-1.8000,5.4166,0.122087
-1.6000,5.4166,0.069344
-1.4000,5.4166,0.040709
-1.2000,5.4166,0.025081
-1.0000,5.4166,0.016406
-0.8000,5.4166,0.011490
-0.6000,5.4166,0.008667
-0.4000,5.4166,0.007070
-0.2000,5.4166,0.006251
0.0000,5.4166,0.005999
0.2000,5.4166,0.006251
0.4000,5.4166,0.007070
0.6000,5.4166,0.008667
0.8000,5.4166,0.011490
1.0000,5.4166,0.016406
1.2000,5.4166,0.025081
1.4000,5.4166,0.040709
1.6000,5.4166,0.069344
1.8000,5.4166,0.122087
2.0000,5.4166,0.217969
2.2000,5.4166,0.385752
2.4000,5.4166,0.659593
2.6000,5.4166,1.060584
2.8000,5.4166,1.561932
3.0000,5.4166,2.058522
3.2000,5.4166,2.385685
3.4000,5.4166,2.407272
3.6000,5.4166,2.112065
3.8000,5.4166,1.622583
4.0000,5.4166,1.106961
4.2000,5.4166,0.683524
4.4000,5.4166,0.390373
4.6000,5.4166,0.210816
4.8000,5.4166,0.109912
5.0000,5.4166,0.056343
5.2000,5.4166,0.028834
5.4000,5.4166,0.014909
5.6000,5.4166,0.007860
5.8000,5.4166,0.004251
6.0000,5.4166,0.002369
6.2000,5.4166,0.001363
6.4000,5.4166,0.000810
6.6000,5.4166,0.000498
6.8000,5.4166,0.000316
7.0000,5.4166,0.000207
7.2000,5.4166,0.000140
7.4000,5.4166,0.000097
7.6000,5.4166,0.000069
7.8000,5.4166,0.000050
8.0000,5.4166,0.000038
8.2000,5.4166,0.000029
8.4000,5.4166,0.000022
8.6000,5.4166,0.000018
8.8000,5.4166,0.000014
9.0000,5.4166,0.000012
9.2000,5.4166,0.000010
9.4000,5.4166,0.000008
9.6000,5.4166,0.000007
9.8000,5.4166,0.000006
10.0000,5.4166,0.000005
10.2000,5.4166,0.000004
10.4000,5.4166,0.000004
10.6000,5.4166,0.000003
10.8000,5.4166,0.000003
11.0000,5.4166,0.000003
11.2000,5.4166,0.000003
11.4000,5.4166,0.000002
11.6000,5.4166,0.000002
11.8000,5.4166,0.000002
12.0000,5.4166,0.000002
12.2000,5.4166,0.000002
12.4000,5.4166,0.000002
12.6000,5.4166,0.000001
12.8000,5.4166,0.000001
13.0000,5.4166,0.000001
13.2000,5.4166,0.000001
13.4000,5.4166,0.000001
13.6000,5.4166,0.000001
13.8000,5.4166,0.000001
14.0000,5.4166,0.000001
14.2000,5.4166,0.000001
14.4000,5.4166,0.000001
14.6000,5.4166,0.000001
14.8000,5.4166,0.000001
15.0000,5.4166,0.000001
15.2000,5.4166,0.000001
15.4000,5.4166,0.000001
15.6000,5.4166,0.000001
15.8000,5.4166,0.000001
16.0000,5.4166,0.000001
16.2000,5.4166,0.000001
16.4000,5.4166,0.000001
16.6000,5.4166,0.000001
16.8000,5.4166,0.000001
17.0000,5.4166,0.000001
17.2000,5.4166,0.000001
17.4000,5.4166,0.000001
17.6000,5.4166,0.000001
17.8000,5.4166,0.000001
18.0000,5.4166,0.000001
18.2000,5.4166,0.000001
18.4000,5.4166,0.000001
18.6000,5.4166,0.000001
18.8000,5.4166,0.000001
19.0000,5.4166,0.000001
19.2000,5.4166,0.000001
19.4000,5.4166,0.000001
19.6000,5.4166,0.000001
19.8000,5.4166,0.000001
20.0000,5.4166,0.000001
-20.0000,5.5188,0.000001
-19.8000,5.5188,0.000001
-19.6000,5.5188,0.000001
-19.4000,5.5188,0.000001
-19.2000,5.5188,0.000001
-19.0000,5.5188,0.000001
-18.8000,5.5188,0.000001
-18.6000,5.5188,0.000001
-18.4000,5.5188,0.000001
-18.2000,5.5188,0.000001
-18.0000,5.5188,0.000001
-17.8000,5.5188,0.000001
-17.6000,5.5188,0.000001
-17.4000,5.5188,0.000001
-17.2000,5.5188,0.000001
-17.0000,5.5188,0.000001
-16.8000,5.5188,0.000001
-16.6000,5.5188,0.000001
-16.4000,5.5188,0.000001
-16.2000,5.5188,0.000001
-16.0000,5.5188,0.000001
-15.8000,5.5188,0.000001
-15.6000,5.5188,0.000001
-15.4000,5.5188,0.000001
-15.2000,5.5188,0.000001
-15.0000,5.5188,0.000001
-14.8000,5.5188,0.000001
-14.6000,5.5188,0.000001
-14.4000,5.5188,0.000001
-14.2000,5.5188,0.000001
-14.0000,5.5188,0.000001
-13.8000,5.5188,0.000001
-13.6000,5.5188,0.000001
-13.4000,5.5188,0.000001
-13.2000,5.5188,0.000001
-13.0000,5.5188,0.000001
-12.8000,5.5188,0.000001
-12.6000,5.5188,0.000001
-12.4000,5.5188,0.000002
-12.2000,5.5188,0.000002
-12.0000,5.5188,0.000002
-11.8000,5.5188,0.000002
-11.6000,5.5188,0.000002
-11.4000,5.5188,0.000002
-11.2000,5.5188,0.000003
-11.0000,5.5188,0.000003
-10.8000,5.5188,0.000003
-10.6000,5.5188,0.000004
-10.4000,5.5188,0.000004
-10.2000,5.5188,0.000005
-10.0000,5.5188,0.000005
-9.8000,5.5188,0.000006
-9.6000,5.5188,0.000007
-9.4000,5.5188,0.000008
-9.2000,5.5188,0.000010
-9.0000,5.5188,0.000012
-8.8000,5.5188,0.000015
-8.6000,5.5188,0.000019
-8.4000,5.5188,0.000024
-8.2000,5.5188,0.000031
-8.0000,5.5188,0.000041
-7.8000,5.5188,0.000055
-7.6000,5.5188,0.000076
-7.4000,5.5188,0.000107
-7.2000,5.5188,0.000156
-7.0000,5.5188,0.000234
-6.8000,5.5188,0.000361
-6.6000,5.5188,0.000574
-6.4000,5.5188,0.000944
-6.2000,5.5188,0.001604
-6.0000,5.5188,0.002818
-5.8000,5.5188,0.005110
-5.6000,5.5188,0.009535
-5.4000,5.5188,0.018225
-5.2000,5.5188,0.035424
-5.0000,5.5188,0.069330
-4.8000,5.5188,0.134859
-4.6000,5.5188,0.256516
-4.4000,5.5188,0.468060
-4.2000,5.5188,0.801990
-4.0000,5.5188,1.262084
-3.8000,5.5188,1.786075
-3.6000,5.5188,2.233072
-3.4000,5.5188,2.437006
-3.2000,5.5188,2.310947
-3.0000,5.5188,1.911739
-2.8000,5.5188,1.396760
-2.6000,5.5188,0.918912
-2.4000,5.5188,0.557715
-2.2000,5.5188,0.320693
-2.0000,5.5188,0.179410
-1.8000,5.5188,0.100089
-1.6000,5.5188,0.056889
-1.4000,5.5188,0.033532
-1.2000,5.5188,0.020784
-1.0000,5.5188,0.013689
-0.8000,5.5188,0.009653
-0.6000,5.5188,0.007325
-0.4000,5.5188,0.006003
-0.2000,5.5188,0.005323
0.0000,5.5188,0.005113
0.2000,5.5188,0.005323
0.4000,5.5188,0.006003
0.6000,5.5188,0.007325
0.8000,5.5188,0.009653
1.0000,5.5188,0.013689
1.2000,5.5188,0.020784
1.4000,5.5188,0.033532
1.6000,5.5188,0.056889
1.8000,5.5188,0.100089
2.0000,5.5188,0.179410
2.2000,5.5188,0.320693
2.4000,5.5188,0.557715
2.6000,5.5188,0.918912
2.8000,5.5188,1.396760
3.0000,5.5188,1.911739
3.2000,5.5188,2.310947
3.4000,5.5188,2.437006
3.6000,5.5188,2.233072
3.8000,5.5188,1.786075
4.0000,5.5188,1.262084
4.2000,5.5188,0.801990
4.4000,5.5188,0.468060
4.6000,5.5188,0.256516
4.8000,5.5188,0.134859
5.0000,5.5188,0.069330
5.2000,5.5188,0.035424
5.4000,5.5188,0.018225
5.6000,5.5188,0.009535
5.8000,5.5188,0.005110
6.0000,5.5188,0.002818
6.2000,5.5188,0.001604
6.4000,5.5188,0.000944
6.6000,5.5188,0.000574
6.8000,5.5188,0.000361
7.0000,5.5188,0.000234
7.2000,5.5188,0.000156
7.4000,5.5188,0.000107
7.6000,5.5188,0.000076
7.8000,5.5188,0.000055
8.0000,5.5188,0.000041
8.2000,5.5188,0.000031
8.4000,5.5188,0.000024
8.6000,5.5188,0.000019
8.8000,5.5188,0.000015
9.0000,5.5188,0.000012
9.2000,5.5188,0.000010
9.4000,5.5188,0.000008
9.6000,5.5188,0.000007
9.8000,5.5188,0.000006
10.0000,5.5188,0.000005
10.2000,5.5188,0.000005
10.4000,5.5188,0.000004
10.6000,5.5188,0.000004
10.8000,5.5188,0.000003
11.0000,5.5188,0.000003
11.2000,5.5188,0.000003
11.4000,5.5188,0.000002
11.6000,5.5188,0.000002
11.8000,5.5188,0.000002
12.0000,5.5188,0.000002
12.2000,5.5188,0.000002
12.4000,5.5188,0.000002
12.6000,5.5188,0.000001
12.8000,5.5188,0.000001
13.0000,5.5188,0.000001
13.2000,5.5188,0.000001
13.4000,5.5188,0.000001
13.6000,5.5188,0.000001
13.8000,5.5188,0.000001
14.0000,5.5188,0.000001
14.2000,5.5188,0.000001
14.4000,5.5188,0.000001
14.6000,5.5188,0.000001
14.8000,5.5188,0.000001
15.0000,5.5188,0.000001
15.2000,5.5188,0.000001
15.4000,5.5188,0.000001
15.6000,5.5188,0.000001
15.8000,5.5188,0.000001
16.0000,5.5188,0.000001
16.2000,5.5188,0.000001
16.4000,5.5188,0.000001
16.6000,5.5188,0.000001
16.8000,5.5188,0.000001
17.0000,5.5188,0.000001
17.2000,5.5188,0.000001
17.4000,5.5188,0.000001
17.6000,5.5188,0.000001
17.8000,5.5188,0.000001
18.0000,5.5188,0.000001
18.2000,5.5188,0.000001
18.4000,5.5188,0.000001
18.6000,5.5188,0.000001
18.8000,5.5188,0.000001
19.0000,5.5188,0.000001
19.2000,5.5188,0.000001
19.4000,5.5188,0.000001
19.6000,5.5188,0.000001
19.8000,5.5188,0.000001
20.0000,5.5188,0.000001
-20.0000,5.6210,0.000001
-19.8000,5.6210,0.000001
-19.6000,5.6210,0.000001
-19.4000,5.6210,0.000001
-19.2000,5.6210,0.000001
-19.0000,5.6210,0.000001
-18.8000,5.6210,0.000001
-18.6000,5.6210,0.000001
-18.4000,5.6210,0.000001
-18.2000,5.6210,0.000001
-18.0000,5.6210,0.000001
-17.8000,5.6210,0.000001
-17.6000,5.6210,0.000001
-17.4000,5.6210,0.000001
-17.2000,5.6210,0.000001
-17.0000,5.6210,0.000001
-16.8000,5.6210,0.000001
-16.6000,5.6210,0.000001
-16.4000,5.6210,0.000001
-16.2000,5.6210,0.000001
-16.0000,5.6210,0.000001
-15.8000,5.6210,0.000001
-15.6000,5.6210,0.000001
-15.4000,5.6210,0.000001
-15.2000,5.6210,0.000001
-15.0000,5.6210,0.000001
-14.8000,5.6210,0.000001
-14.6000,5.6210,0.000001
-14.4000,5.6210,0.000001
-14.2000,5.6210,0.000001
-14.0000,5.6210,0.000001
-13.8000,5.6210,0.000001
-13.6000,5.6210,0.000001
-13.4000,5.6210,0.000001
-13.2000,5.6210,0.000001
-13.0000,5.6210,0.000001
-12.8000,5.6210,0.000001
-12.6000,5.6210,0.000002
-12.4000,5.6210,0.000002
-12.2000,5.6210,0.000002
-12.0000,5.6210,0.000002
-11.8000,5.6210,0.000002
-11.6000,5.6210,0.000002
-11.4000,5.6210,0.000002
-11.2000,5.6210,0.000003
-11.0000,5.6210,0.000003
-10.8000,5.6210,0.000003
-10.6000,5.6210,0.000004
-10.4000,5.6210,0.000004
-10.2000,5.6210,0.000005
-10.0000,5.6210,0.000005
-9.8000,5.6210,0.000006
-9.6000,5.6210,0.000007
-9.4000,5.6210,0.000009
-9.2000,5.6210,0.000011
-9.0000,5.6210,0.000013
-8.8000,5.6210,0.000016
-8.6000,5.6210,0.000020
-8.4000,5.6210,0.000026
-8.2000,5.6210,0.000033
-8.0000,5.6210,0.000044
-7.8000,5.6210,0.000060
-7.6000,5.6210,0.000084
-7.4000,5.6210,0.000120
-7.2000,5.6210,0.000175
-7.0000,5.6210,0.000265
-6.8000,5.6210,0.000413
-6.6000,5.6210,0.000664
-6.4000,5.6210,0.001103
-6.2000,5.6210,0.001896
-6.0000,5.6210,0.003366
-5.8000,5.6210,0.006165
-5.6000,5.6210,0.011605
-5.4000,5.6210,0.022332
-5.2000,5.6210,0.043582
-5.0000,5.6210,0.085320
-4.8000,5.6210,0.165211
-4.6000,5.6210,0.311026
-4.4000,5.6210,0.558010
-4.2000,5.6210,0.933499
-4.0000,5.6210,1.424402
-3.8000,5.6210,1.942618
-3.6000,5.6210,2.329943
-3.4000,5.6210,2.433370
-3.2000,5.6210,2.208588
-3.0000,5.6210,1.753532
-2.8000,5.6210,1.235740
-2.6000,5.6210,0.789318
-2.4000,5.6210,0.468554
-2.2000,5.6210,0.265464
-2.0000,5.6210,0.147315
-1.8000,5.6210,0.081981
-1.6000,5.6210,0.046683
-1.4000,5.6210,0.027649
-1.2000,5.6210,0.017250
-1.0000,5.6210,0.011443
-0.8000,5.6210,0.008125
-0.6000,5.6210,0.006203
-0.4000,5.6210,0.005107
-0.2000,5.6210,0.004542
0.0000,5.6210,0.004367
0.2000,5.6210,0.004542
0.4000,5.6210,0.005107
0.6000,5.6210,0.006203
0.8000,5.6210,0.008125
1.0000,5.6210,0.011443
1.2000,5.6210,0.017250
1.4000,5.6210,0.027649
1.6000,5.6210,0.046683
1.8000,5.6210,0.081981
2.0000,5.6210,0.147315
2.2000,5.6210,0.265464
2.4000,5.6210,0.468554
2.6000,5.6210,0.789318
2.8000,5.6210,1.235740
3.0000,5.6210,1.753532
3.2000,5.6210,2.208588
3.4000,5.6210,2.433370
3.6000,5.6210,2.329943
3.8000,5.6210,1.942618
4.0000,5.6210,1.424402
4.2000,5.6210,0.933499
4.4000,5.6210,0.558010
4.6000,5.6210,0.311026
4.8000,5.6210,0.165211
5.0000,5.6210,0.085320
5.2000,5.6210,0.043582
5.4000,5.6210,0.022332
5.6000,5.6210,0.011605
5.8000,5.6210,0.006165
6.0000,5.6210,0.003366
6.2000,5.6210,0.001896
6.4000,5.6210,0.001103
6.6000,5.6210,0.000664
6.8000,5.6210,0.000413
7.0000,5.6210,0.000265
7.2000,5.6210,0.000175
7.4000,5.6210,0.000120
7.6000,5.6210,0.000084
7.8000,5.6210,0.000060
8.0000,5.6210,0.000044
8.2000,5.6210,0.000033
8.4000,5.6210,0.000026
8.6000,5.6210,0.000020
8.8000,5.6210,0.000016
9.0000,5.6210,0.000013
9.2000,5.6210,0.000011
9.4000,5.6210,0.000009
9.6000,5.6210,0.000007
9.8000,5.6210,0.000006
10.0000,5.6210,0.000005
10.2000,5.6210,0.000005
10.4000,5.6210,0.000004
10.6000,5.6210,0.000004
10.8000,5.6210,0.000003
11.0000,5.6210,0.000003
11.2000,5.6210,0.000003
11.4000,5.6210,0.000002
11.6000,5.6210,0.000002
11.8000,5.6210,0.000002
12.0000,5.6210,0.000002
12.2000,5.6210,0.000002
12.4000,5.6210,0.000002
12.6000,5.6210,0.000002
12.8000,5.6210,0.000001
13.0000,5.6210,0.000001
13.2000,5.6210,0.000001
13.4000,5.6210,0.000001
13.6000,5.6210,0.000001
13.8000,5.6210,0.000001
14.0000,5.6210,0.000001
14.2000,5.6210,0.000001
14.4000,5.6210,0.000001
14.6000,5.6210,0.000001
14.8000,5.6210,0.000001
15.0000,5.6210,0.000001
15.2000,5.6210,0.000001
15.4000,5.6210,0.000001
15.6000,5.6210,0.000001
15.8000,5.6210,0.000001
16.0000,5.6210,0.000001
16.2000,5.6210,0.000001
16.4000,5.6210,0.000001
16.6000,5.6210,0.000001
16.8000,5.6210,0.000001
17.0000,5.6210,0.000001
17.2000,5.6210,0.000001
17.4000,5.6210,0.000001
17.6000,5.6210,0.000001
17.8000,5.6210,0.000001
18.0000,5.6210,0.000001
18.2000,5.6210,0.000001
18.4000,5.6210,0.000001
18.6000,5.6210,0.000001
18.8000,5.6210,0.000001
19.0000,5.6210,0.000001
19.2000,5.6210,0.000001
19.4000,5.6210,0.000001
19.6000,5.6210,0.000001
19.8000,5.6210,0.000001
20.0000,5.6210,0.000001
-20.0000,5.7232,0.000001
-19.8000,5.7232,0.000001
-19.6000,5.7232,0.000001
-19.4000,5.7232,0.000001
-19.2000,5.7232,0.000001
-19.0000,5.7232,0.000001
-18.8000,5.7232,0.000001
-18.6000,5.7232,0.000001
-18.4000,5.7232,0.000001
-18.2000,5.7232,0.000001
-18.0000,5.7232,0.000001
-17.8000,5.7232,0.000001
-17.6000,5.7232,0.000001
-17.4000,5.7232,0.000001
-17.2000,5.7232,0.000001
-17.0000,5.7232,0.000001
-16.8000,5.7232,0.000001
-16.6000,5.7232,0.000001
-16.4000,5.7232,0.000001
-16.2000,5.7232,0.000001
-16.0000,5.7232,0.000001
-15.8000,5.7232,0.000001
-15.6000,5.7232,0.000001
-15.4000,5.7232,0.000001
-15.2000,5.7232,0.000001
-15.0000,5.7232,0.000001
-14.8000,5.7232,0.000001
-14.6000,5.7232,0.000001
-14.4000,5.7232,0.000001
-14.2000,5.7232,0.000001
-14.0000,5.7232,0.000001
-13.8000,5.7232,0.000001
-13.6000,5.7232,0.000001
-13.4000,5.7232,0.000001
-13.2000,5.7232,0.000001
-13.0000,5.7232,0.000001
-12.8000,5.7232,0.000001
-12.6000,5.7232,0.000002
-12.4000,5.7232,0.000002
-12.2000,5.7232,0.000002
-12.0000,5.7232,0.000002
-11.8000,5.7232,0.000002
-11.6000,5.7232,0.000002
-11.4000,5.7232,0.000002
-11.2000,5.7232,0.000003
-11.0000,5.7232,0.000003
-10.8000,5.7232,0.000003
-10.6000,5.7232,0.000004
-10.4000,5.7232,0.000004
-10.2000,5.7232,0.000005
-10.0000,5.7232,0.000006
-9.8000,5.7232,0.000007
-9.6000,5.7232,0.000008
-9.4000,5.7232,0.000009
-9.2000,5.7232,0.000011
-9.0000,5.7232,0.000014
-8.8000,5.7232,0.000017
-8.6000,5.7232,0.000021
-8.4000,5.7232,0.000028
-8.2000,5.7232,0.000036
-8.0000,5.7232,0.000048
-7.8000,5.7232,0.000066
-7.6000,5.7232,0.000093
-7.4000,5.7232,0.000133
-7.2000,5.7232,0.000198
-7.0000,5.7232,0.000301
-6.8000,5.7232,0.000474
-6.6000,5.7232,0.000771
-6.4000,5.7232,0.001295
-6.2000,5.7232,0.002249
-6.0000,5.7232,0.004036
-5.8000,5.7232,0.007463
-5.6000,5.7232,0.014164
-5.4000,5.7232,0.027422
-5.2000,5.7232,0.053673
-5.0000,5.7232,0.104952
-4.8000,5.7232,0.201955
-4.6000,5.7232,0.375529
-4.4000,5.7232,0.660962
-4.2000,5.7232,1.077137
-4.0000,5.7232,1.590324
-3.8000,5.7232,2.086696
-3.6000,5.7232,2.398389
-3.4000,5.7232,2.396488
-3.2000,5.7232,2.083015
-3.0000,5.7232,1.589308
-2.8000,5.7232,1.082277
-2.6000,5.7232,0.672618
-2.4000,5.7232,0.391388
-2.2000,5.7232,0.218937
-2.0000,5.7232,0.120731
-1.8000,5.7232,0.067117
-1.6000,5.7232,0.038329
-1.4000,5.7232,0.022827
-1.2000,5.7232,0.014341
-1.0000,5.7232,0.009584
-0.8000,5.7232,0.006853
-0.6000,5.7232,0.005264
-0.4000,5.7232,0.004354
-0.2000,5.7232,0.003883
0.0000,5.7232,0.003738
0.2000,5.7232,0.003883
0.4000,5.7232,0.004354
0.6000,5.7232,0.005264
0.8000,5.7232,0.006853
1.0000,5.7232,0.009584
1.2000,5.7232,0.014341
1.4000,5.7232,0.022827
1.6000,5.7232,0.038329
1.8000,5.7232,0.067117
2.0000,5.7232,0.120731
2.2000,5.7232,0.218937
2.4000,5.7232,0.391388
2.6000,5.7232,0.672618
2.8000,5.7232,1.082277
3.0000,5.7232,1.589308
3.2000,5.7232,2.083015
3.4000,5.7232,2.396488
3.6000,5.7232,2.398389
3.8000,5.7232,2.086696
4.0000,5.7232,1.590324
4.2000,5.7232,1.077137
4.4000,5.7232,0.660962
4.6000,5.7232,0.375529
4.8000,5.7232,0.201955
5.0000,5.7232,0.104952
5.2000,5.7232,0.053673
5.4000,5.7232,0.027422
5.6000,5.7232,0.014164
5.8000,5.7232,0.007463
6.0000,5.7232,0.004036
6.2000,5.7232,0.002249
6.4000,5.7232,0.001295
6.6000,5.7232,0.000771
6.8000,5.7232,0.000474
7.0000,5.7232,0.000301
7.2000,5.7232,0.000198
7.4000,5.7232,0.000133
7.6000,5.7232,0.000093
7.8000,5.7232,0.000066
8.0000,5.7232,0.000048
8.2000,5.7232,0.000036
8.4000,5.7232,0.000028
8.6000,5.7232,0.000021
8.8000,5.7232,0.000017
9.0000,5.7232,0.000014
9.2000,5.7232,0.000011
9.4000,5.7232,0.000009
9.6000,5.7232,0.000008
9.8000,5.7232,0.000007
10.0000,5.7232,0.000006
10.2000,5.7232,0.000005
10.4000,5.7232,0.000004
10.6000,5.7232,0.000004
10.8000,5.7232,0.000003
11.0000,5.7232,0.000003
11.2000,5.7232,0.000003
11.4000,5.7232,0.000002
11.6000,5.7232,0.000002
11.8000,5.7232,0.000002
12.0000,5.7232,0.000002
12.2000,5.7232,0.000002
12.4000,5.7232,0.000002
12.6000,5.7232,0.000002
12.8000,5.7232,0.000001
13.0000,5.7232,0.000001
13.2000,5.7232,0.000001
13.4000,5.7232,0.000001
13.6000,5.7232,0.000001
13.8000,5.7232,0.000001
14.0000,5.7232,0.000001
14.2000,5.7232,0.000001
14.4000,5.7232,0.000001
14.6000,5.7232,0.000001
14.8000,5.7232,0.000001
15.0000,5.7232,0.000001
15.2000,5.7232,0.000001
15.4000,5.7232,0.000001
15.6000,5.7232,0.000001
15.8000,5.7232,0.000001
16.0000,5.7232,0.000001
16.2000,5.7232,0.000001
16.4000,5.7232,0.000001
16.6000,5.7232,0.000001
16.8000,5.7232,0.000001
17.0000,5.7232,0.000001
17.2000,5.7232,0.000001
17.4000,5.7232,0.000001
17.6000,5.7232,0.000001
17.8000,5.7232,0.000001
18.0000,5.7232,0.000001
18.2000,5.7232,0.000001
18.4000,5.7232,0.000001
18.6000,5.7232,0.000001
18.8000,5.7232,0.000001
19.0000,5.7232,0.000001
19.2000,5.7232,0.000001
19.4000,5.7232,0.000001
19.6000,5.7232,0.000001
19.8000,5.7232,0.000001
20.0000,5.7232,0.000001
-20.0000,5.8254,0.000001
-19.8000,5.8254,0.000001
-19.6000,5.8254,0.000001
-19.4000,5.8254,0.000001
-19.2000,5.8254,0.000001
-19.0000,5.8254,0.000001
-18.8000,5.8254,0.000001
-18.6000,5.8254,0.000001
-18.4000,5.8254,0.000001
-18.2000,5.8254,0.000001
-18.0000,5.8254,0.000001
-17.8000,5.8254,0.000001
-17.6000,5.8254,0.000001
-17.4000,5.8254,0.000001
-17.2000,5.8254,0.000001
-17.0000,5.8254,0.000001
-16.8000,5.8254,0.000001
-16.6000,5.8254,0.000001
-16.4000,5.8254,0.000001
-16.2000,5.8254,0.000001
-16.0000,5.8254,0.000001
-15.8000,5.8254,0.000001
-15.6000,5.8254,0.000001
-15.4000,5.8254,0.000001
-15.2000,5.8254,0.000001
-15.0000,5.8254,0.000001
-14.8000,5.8254,0.000001
-14.6000,5.8254,0.000001
-14.4000,5.8254,0.000001
-14.2000,5.8254,0.000001
-14.0000,5.8254,0.000001
-13.8000,5.8254,0.000001
-13.6000,5.8254,0.000001
-13.4000,5.8254,0.000001
-13.2000,5.8254,0.000001
-13.0000,5.8254,0.000001
-12.8000,5.8254,0.000001
-12.6000,5.8254,0.000002
-12.4000,5.8254,0.000002
-12.2000,5.8254,0.000002
-12.0000,5.8254,0.000002
-11.8000,5.8254,0.000002
-11.6000,5.8254,0.000002
-11.4000,5.8254,0.000003
-11.2000,5.8254,0.000003
-11.0000,5.8254,0.000003
-10.8000,5.8254,0.000003
-10.6000,5.8254,0.000004
-10.4000,5.8254,0.000004
-10.2000,5.8254,0.000005
-10.0000,5.8254,0.000006
-9.8000,5.8254,0.000007
-9.6000,5.8254,0.000008
-9.4000,5.8254,0.000010
-9.2000,5.8254,0.000012
-9.0000,5.8254,0.000014
-8.8000,5.8254,0.000018
-8.6000,5.8254,0.000023
-8.4000,5.8254,0.000030
-8.2000,5.8254,0.000039
-8.0000,5.8254,0.000053
-7.8000,5.8254,0.000073
-7.6000,5.8254,0.000103
-7.4000,5.8254,0.000149
-7.2000,5.8254,0.000223
-7.0000,5.8254,0.000344
-6.8000,5.8254,0.000547
-6.6000,5.8254,0.000898
-6.4000,5.8254,0.001526
-6.2000,5.8254,0.002679
-6.0000,5.8254,0.004856
-5.8000,5.8254,0.009064
-5.6000,5.8254,0.017335
-5.4000,5.8254,0.033732
-5.2000,5.8254,0.066138
-5.0000,5.8254,0.128977
-4.8000,5.8254,0.246171
-4.6000,5.8254,0.451169
-4.4000,5.8254,0.777285
-4.2000,5.8254,1.231208
-4.0000,5.8254,1.755439
-3.8000,5.8254,2.212752
-3.6000,5.8254,2.435260
-3.4000,5.8254,2.328032
-3.2000,5.8254,1.939363
-3.0000,5.8254,1.424073
-2.8000,5.8254,0.938923
-2.6000,5.8254,0.569007
-2.4000,5.8254,0.325266
-2.2000,5.8254,0.180005
-2.0000,5.8254,0.098804
-1.8000,5.8254,0.054941
-1.6000,5.8254,0.031497
-1.4000,5.8254,0.018874
-1.2000,5.8254,0.011945
-1.0000,5.8254,0.008044
-0.8000,5.8254,0.005793
-0.6000,5.8254,0.004476
-0.4000,5.8254,0.003719
-0.2000,5.8254,0.003327
0.0000,5.8254,0.003205
0.2000,5.8254,0.003327
0.4000,5.8254,0.003719
0.6000,5.8254,0.004476
0.8000,5.8254,0.005793
1.0000,5.8254,0.008044
1.2000,5.8254,0.011945
1.4000,5.8254,0.018874
1.6000,5.8254,0.031497
1.8000,5.8254,0.054941
2.0000,5.8254,0.098804
2.2000,5.8254,0.180005
2.4000,5.8254,0.325266
2.6000,5.8254,0.569007
2.8000,5.8254,0.938923
3.0000,5.8254,1.424073
3.2000,5.8254,1.939363
3.4000,5.8254,2.328032
3.6000,5.8254,2.435260
3.8000,5.8254,2.212752
4.0000,5.8254,1.755439
4.2000,5.8254,1.231208
4.4000,5.8254,0.777285
4.6000,5.8254,0.451169
4.8000,5.8254,0.246171
5.0000,5.8254,0.128977
5.2000,5.8254,0.066138
5.4000,5.8254,0.033732
5.6000,5.8254,0.017335
5.8000,5.8254,0.009064
6.0000,5.8254,0.004856
6.2000,5.8254,0.002679
6.4000,5.8254,0.001526
6.6000,5.8254,0.000898
6.8000,5.8254,0.000547
7.0000,5.8254,0.000344
7.2000,5.8254,0.000223
7.4000,5.8254,0.000149
7.6000,5.8254,0.000103
7.8000,5.8254,0.000073
8.0000,5.8254,0.000053
8.2000,5.8254,0.000039
8.4000,5.8254,0.000030
8.6000,5.8254,0.000023
8.8000,5.8254,0.000018
9.0000,5.8254,0.000014
9.2000,5.8254,0.000012
9.4000,5.8254,0.000010
9.6000,5.8254,0.000008
9.8000,5.8254,0.000007
10.0000,5.8254,0.000006
10.2000,5.8254,0.000005
10.4000,5.8254,0.000004
10.6000,5.8254,0.000004
10.8000,5.8254,0.000003
11.0000,5.8254,0.000003
11.2000,5.8254,0.000003
11.4000,5.8254,0.000003
11.6000,5.8254,0.000002
11.8000,5.8254,0.000002
12.0000,5.8254,0.000002
12.2000,5.8254,0.000002
12.4000,5.8254,0.000002
12.6000,5.8254,0.000002
12.8000,5.8254,0.000001
13.0000,5.8254,0.000001
13.2000,5.8254,0.000001
13.4000,5.8254,0.000001
13.6000,5.8254,0.000001
13.8000,5.8254,0.000001
14.0000,5.8254,0.000001
14.2000,5.8254,0.000001
14.4000,5.8254,0.000001
14.6000,5.8254,0.000001
14.8000,5.8254,0.000001
15.0000,5.8254,0.000001
15.2000,5.8254,0.000001
15.4000,5.8254,0.000001
15.6000,5.8254,0.000001
15.8000,5.8254,0.000001
16.0000,5.8254,0.000001
16.2000,5.8254,0.000001
16.4000,5.8254,0.000001
16.6000,5.8254,0.000001
16.8000,5.8254,0.000001
17.0000,5.8254,0.000001
17.2000,5.8254,0.000001
17.4000,5.8254,0.000001
17.6000,5.8254,0.000001
17.8000,5.8254,0.000001
18.0000,5.8254,0.000001
18.2000,5.8254,0.000001
18.4000,5.8254,0.000001
18.6000,5.8254,0.000001
18.8000,5.8254,0.000001
19.0000,5.8254,0.000001
19.2000,5.8254,0.000001
19.4000,5.8254,0.000001
19.6000,5.8254,0.000001
19.8000,5.8254,0.000001
20.0000,5.8254,0.000001
-20.0000,5.9276,0.000001
-19.8000,5.9276,0.000001
-19.6000,5.9276,0.000001
-19.4000,5.9276,0.000001
-19.2000,5.9276,0.000001
-19.0000,5.9276,0.000001
-18.8000,5.9276,0.000001
-18.6000,5.9276,0.000001
-18.4000,5.9276,0.000001
-18.2000,5.9276,0.000001
-18.0000,5.9276,0.000001
-17.8000,5.9276,0.000001
-17.6000,5.9276,0.000001
-17.4000,5.9276,0.000001
-17.2000,5.9276,0.000001
-17.0000,5.9276,0.000001
-16.8000,5.9276,0.000001
-16.6000,5.9276,0.000001
-16.4000,5.9276,0.000001
-16.2000,5.9276,0.000001
-16.0000,5.9276,0.000001
-15.8000,5.9276,0.000001
-15.6000,5.9276,0.000001
-15.4000,5.9276,0.000001
-15.2000,5.9276,0.000001
-15.0000,5.9276,0.000001
-14.8000,5.9276,0.000001
-14.6000,5.9276,0.000001
-14.4000,5.9276,0.000001
-14.2000,5.9276,0.000001
-14.0000,5.9276,0.000001
-13.8000,5.9276,0.000001
-13.6000,5.9276,0.000001
-13.4000,5.9276,0.000001
-13.2000,5.9276,0.000001
-13.0000,5.9276,0.000001
-12.8000,5.9276,0.000001
-12.6000,5.9276,0.000002
-12.4000,5.9276,0.000002
-12.2000,5.9276,0.000002
-12.0000,5.9276,0.000002
-11.8000,5.9276,0.000002
-11.6000,5.9276,0.000002
-11.4000,5.9276,0.000003
-11.2000,5.9276,0.000003
-11.0000,5.9276,0.000003
-10.8000,5.9276,0.000004
-10.6000,5.9276,0.000004
-10.4000,5.9276,0.000005
-10.2000,5.9276,0.000005
-10.0000,5.9276,0.000006
-9.8000,5.9276,0.000007
-9.6000,5.9276,0.000009
-9.4000,5.9276,0.000010
-9.2000,5.9276,0.000012
-9.0000,5.9276,0.000015
-8.8000,5.9276,0.000019
-8.6000,5.9276,0.000025
-8.4000,5.9276,0.000032
-8.2000,5.9276,0.000043
-8.0000,5.9276,0.000058
-7.8000,5.9276,0.000080
-7.6000,5.9276,0.000114
-7.4000,5.9276,0.000168
-7.2000,5.9276,0.000253
-7.0000,5.9276,0.000394
-6.8000,5.9276,0.000633
-6.6000,5.9276,0.001051
-6.4000,5.9276,0.001804
-6.2000,5.9276,0.003203
-6.0000,5.9276,0.005865
-5.8000,5.9276,0.011043
-5.6000,5.9276,0.021265
-5.4000,5.9276,0.041552
-5.2000,5.9276,0.081504
-5.0000,5.9276,0.158254
-4.8000,5.9276,0.299017
-4.6000,5.9276,0.538973
-4.4000,5.9276,0.906842
-4.2000,5.9276,1.393155
-4.0000,5.9276,1.914678
-3.8000,5.9276,2.315564
-3.6000,5.9276,2.438807
-3.4000,5.9276,2.231082
-3.2000,5.9276,1.783122
-3.0000,5.9276,1.262197
-2.8000,5.9276,0.807393
-2.6000,5.9276,0.478182
-2.4000,5.9276,0.269110
-2.2000,5.9276,0.147619
-2.0000,5.9276,0.080781
-1.8000,5.9276,0.044986
-1.6000,5.9276,0.025911
-1.4000,5.9276,0.015632
-1.2000,5.9276,0.009969
-1.0000,5.9276,0.006765
-0.8000,5.9276,0.004907
-0.6000,5.9276,0.003815
-0.4000,5.9276,0.003184
-0.2000,5.9276,0.002856
0.0000,5.9276,0.002754
0.2000,5.9276,0.002856
0.4000,5.9276,0.003184
0.6000,5.9276,0.003815
0.8000,5.9276,0.004907
1.0000,5.9276,0.006765
1.2000,5.9276,0.009969
1.4000,5.9276,0.015632
1.6000,5.9276,0.025911
1.8000,5.9276,0.044986
2.0000,5.9276,0.080781
2.2000,5.9276,0.147619
2.4000,5.9276,0.269110
2.6000,5.9276,0.478182
2.8000,5.9276,0.807393
3.0000,5.9276,1.262197
3.2000,5.9276,1.783122
3.4000,5.9276,2.231082
3.6000,5.9276,2.438807
3.8000,5.9276,2.315564
4.0000,5.9276,1.914678
4.2000,5.9276,1.393155
4.4000,5.9276,0.906842
4.6000,5.9276,0.538973
4.8000,5.9276,0.299017
5.0000,5.9276,0.158254
5.2000,5.9276,0.081504
5.4000,5.9276,0.041552
5.6000,5.9276,0.021265
5.8000,5.9276,0.011043
6.0000,5.9276,0.005865
6.2000,5.9276,0.003203
6.4000,5.9276,0.001804
6.6000,5.9276,0.001051
6.8000,5.9276,0.000633
7.0000,5.9276,0.000394
7.2000,5.9276,0.000253
7.4000,5.9276,0.000168
7.6000,5.9276,0.000114
7.8000,5.9276,0.000080
8.0000,5.9276,0.000058
8.2000,5.9276,0.000043
8.4000,5.9276,0.000032
8.6000,5.9276,0.000025
8.8000,5.9276,0.000019
9.0000,5.9276,0.000015
9.2000,5.9276,0.000012
9.4000,5.9276,0.000010
9.6000,5.9276,0.000009
9.8000,5.9276,0.000007
10.0000,5.9276,0.000006
10.2000,5.9276,0.000005
10.4000,5.9276,0.000005
10.6000,5.9276,0.000004
10.8000,5.9276,0.000004
11.0000,5.9276,0.000003
11.2000,5.9276,0.000003
11.4000,5.9276,0.000003
11.6000,5.9276,0.000002
11.8000,5.9276,0.000002
12.0000,5.9276,0.000002
12.2000,5.9276,0.000002
12.4000,5.9276,0.000002
12.6000,5.9276,0.000002
12.8000,5.9276,0.000001
13.0000,5.9276,0.000001
13.2000,5.9276,0.000001
13.4000,5.9276,0.000001
13.6000,5.9276,0.000001
13.8000,5.9276,0.000001
14.0000,5.9276,0.000001
14.2000,5.9276,0.000001
14.4000,5.9276,0.000001
14.6000,5.9276,0.000001
14.8000,5.9276,0.000001
15.0000,5.9276,0.000001
15.2000,5.9276,0.000001
15.4000,5.9276,0.000001
15.6000,5.9276,0.000001
15.8000,5.9276,0.000001
16.0000,5.9276,0.000001
16.2000,5.9276,0.000001
16.4000,5.9276,0.000001
16.6000,5.9276,0.000001
16.8000,5.9276,0.000001
17.0000,5.9276,0.000001
17.2000,5.9276,0.000001
17.4000,5.9276,0.000001
17.6000,5.9276,0.000001
17.8000,5.9276,0.000001
18.0000,5.9276,0.000001
18.2000,5.9276,0.000001
18.4000,5.9276,0.000001
18.6000,5.9276,0.000001
18.8000,5.9276,0.000001
19.0000,5.9276,0.000001
19.2000,5.9276,0.000001
19.4000,5.9276,0.000001
19.6000,5.9276,0.000001
19.8000,5.9276,0.000001
20.0000,5.9276,0.000001
-20.0000,6.0298,0.000001
-19.8000,6.0298,0.000001
-19.6000,6.0298,0.000001
-19.4000,6.0298,0.000001
-19.2000,6.0298,0.000001
-19.0000,6.0298,0.000001
-18.8000,6.0298,0.000001
-18.6000,6.0298,0.000001
-18.4000,6.0298,0.000001
-18.2000,6.0298,0.000001
-18.0000,6.0298,0.000001
-17.8000,6.0298,0.000001
-17.6000,6.0298,0.000001
-17.4000,6.0298,0.000001
-17.2000,6.0298,0.000001
-17.0000,6.0298,0.000001
-16.8000,6.0298,0.000001
-16.6000,6.0298,0.000001
-16.4000,6.0298,0.000001
-16.2000,6.0298,0.000001
-16.0000,6.0298,0.000001
-15.8000,6.0298,0.000001
-15.6000,6.0298,0.000001
-15.4000,6.0298,0.000001
-15.2000,6.0298,0.000001
-15.0000,6.0298,0.000001
-14.8000,6.0298,0.000001
-14.6000,6.0298,0.000001
-14.4000,6.0298,0.000001
-14.2000,6.0298,0.000001
-14.0000,6.0298,0.000001
-13.8000,6.0298,0.000001
-13.6000,6.0298,0.000001
-13.4000,6.0298,0.000001
-13.2000,6.0298,0.000001
-13.0000,6.0298,0.000001
-12.8000,6.0298,0.000002
-12.6000,6.0298,0.000002
-12.4000,6.0298,0.000002
-12.2000,6.0298,0.000002
-12.0000,6.0298,0.000002
-11.8000,6.0298,0.000002
-11.6000,6.0298,0.000002
-11.4000,6.0298,0.000003
-11.2000,6.0298,0.000003
-11.0000,6.0298,0.000003
-10.8000,6.0298,0.000004
-10.6000,6.0298,0.000004
-10.4000,6.0298,0.000005
-10.2000,6.0298,0.000005
-10.0000,6.0298,0.000006
-9.8000,6.0298,0.000008
-9.6000,6.0298,0.000009
-9.4000,6.0298,0.000011
-9.2000,6.0298,0.000013
-9.0000,6.0298,0.000016
-8.8000,6.0298,0.000021
-8.6000,6.0298,0.000027
-8.4000,6.0298,0.000035
-8.2000,6.0298,0.000046
-8.0000,6.0298,0.000063
-7.8000,6.0298,0.000089
-7.6000,6.0298,0.000128
-7.4000,6.0298,0.000189
-7.2000,6.0298,0.000288
-7.0000,6.0298,0.000453
-6.8000,6.0298,0.000735
-6.6000,6.0298,0.001234
-6.4000,6.0298,0.002143
-6.2000,6.0298,0.003843
-6.0000,6.0298,0.007106
-5.8000,6.0298,0.013492
-5.6000,6.0298,0.026141
-5.4000,6.0298,0.051236
-5.2000,6.0298,0.100397
-5.0000,6.0298,0.193755
-4.8000,6.0298,0.361683
-4.6000,6.0298,0.639742
-4.4000,6.0298,1.048855
-4.2000,6.0298,1.559537
-4.0000,6.0298,2.062543
-3.8000,6.0298,2.390633
-3.6000,6.0298,2.408831
-3.4000,6.0298,2.109863
-3.2000,6.0298,1.619759
-3.0000,6.0298,1.107262
-2.8000,6.0298,0.688642
-2.6000,6.0298,0.399471
-2.4000,6.0298,0.221794
-2.2000,6.0298,0.120815
-2.0000,6.0298,0.066009
-1.8000,6.0298,0.036855
-1.6000,6.0298,0.021345
-1.4000,6.0298,0.012970
-1.2000,6.0298,0.008338
-1.0000,6.0298,0.005703
-0.8000,6.0298,0.004166
-0.6000,6.0298,0.003258
-0.4000,6.0298,0.002732
-0.2000,6.0298,0.002457
0.0000,6.0298,0.002372
0.2000,6.0298,0.002457
0.4000,6.0298,0.002732
0.6000,6.0298,0.003258
0.8000,6.0298,0.004166
1.0000,6.0298,0.005703
1.2000,6.0298,0.008338
1.4000,6.0298,0.012970
1.6000,6.0298,0.021345
1.8000,6.0298,0.036855
2.0000,6.0298,0.066009
2.2000,6.0298,0.120815
2.4000,6.0298,0.221794
2.6000,6.0298,0.399471
2.8000,6.0298,0.688642
3.0000,6.0298,1.107262
3.2000,6.0298,1.619759
3.4000,6.0298,2.109863
3.6000,6.0298,2.408831
3.8000,6.0298,2.390633
4.0000,6.0298,2.062543
4.2000,6.0298,1.559537
4.4000,6.0298,1.048855
4.6000,6.0298,0.639742
4.8000,6.0298,0.361683
5.0000,6.0298,0.193755
5.2000,6.0298,0.100397
5.4000,6.0298,0.051236
5.6000,6.0298,0.026141
5.8000,6.0298,0.013492
6.0000,6.0298,0.007106
6.2000,6.0298,0.003843
6.4000,6.0298,0.002143
6.6000,6.0298,0.001234
6.8000,6.0298,0.000735
7.0000,6.0298,0.000453
7.2000,6.0298,0.000288
7.4000,6.0298,0.000189
7.6000,6.0298,0.000128
7.8000,6.0298,0.000089
8.0000,6.0298,0.000063
8.2000,6.0298,0.000046
8.4000,6.0298,0.000035
8.6000,6.0298,0.000027
8.8000,6.0298,0.000021
9.0000,6.0298,0.000016
9.2000,6.0298,0.000013
9.4000,6.0298,0.000011
9.6000,6.0298,0.000009
9.8000,6.0298,0.000008
10.0000,6.0298,0.000006
10.2000,6.0298,0.000005
10.4000,6.0298,0.000005
10.6000,6.0298,0.000004
10.8000,6.0298,0.000004
11.0000,6.0298,0.000003
11.2000,6.0298,0.000003
11.4000,6.0298,0.000003
11.6000,6.0298,0.000002
11.8000,6.0298,0.000002
12.0000,6.0298,0.000002
12.2000,6.0298,0.000002
12.4000,6.0298,0.000002
12.6000,6.0298,0.000002
12.8000,6.0298,0.000002
13.0000,6.0298,0.000001
13.2000,6.0298,0.000001
13.4000,6.0298,0.000001
13.6000,6.0298,0.000001
13.8000,6.0298,0.000001
14.0000,6.0298,0.000001
14.2000,6.0298,0.000001
14.4000,6.0298,0.000001
14.6000,6.0298,0.000001
14.8000,6.0298,0.000001
15.0000,6.0298,0.000001
15.2000,6.0298,0.000001
15.4000,6.0298,0.000001
15.6000,6.0298,0.000001
15.8000,6.0298,0.000001
16.0000,6.0298,0.000001
16.2000,6.0298,0.000001
16.4000,6.0298,0.000001
16.6000,6.0298,0.000001
16.8000,6.0298,0.000001
17.0000,6.0298,0.000001
17.2000,6.0298,0.000001
17.4000,6.0298,0.000001
17.6000,6.0298,0.000001
17.8000,6.0298,0.000001
18.0000,6.0298,0.000001
18.2000,6.0298,0.000001
18.4000,6.0298,0.000001
18.6000,6.0298,0.000001
18.8000,6.0298,0.000001
19.0000,6.0298,0.000001
19.2000,6.0298,0.000001
19.4000,6.0298,0.000001
19.6000,6.0298,0.000001
19.8000,6.0298,0.000001
20.0000,6.0298,0.000001
-20.0000,6.1320,0.000001
-19.8000,6.1320,0.000001
-19.6000,6.1320,0.000001
-19.4000,6.1320,0.000001
-19.2000,6.1320,0.000001
-19.0000,6.1320,0.000001
-18.8000,6.1320,0.000001
-18.6000,6.1320,0.000001
-18.4000,6.1320,0.000001
-18.2000,6.1320,0.000001
-18.0000,6.1320,0.000001
-17.8000,6.1320,0.000001
-17.6000,6.1320,0.000001
-17.4000,6.1320,0.000001
-17.2000,6.1320,0.000001
-17.0000,6.1320,0.000001
-16.8000,6.1320,0.000001
-16.6000,6.1320,0.000001
-16.4000,6.1320,0.000001
-16.2000,6.1320,0.000001
-16.0000,6.1320,0.000001
-15.8000,6.1320,0.000001
-15.6000,6.1320,0.000001
-15.4000,6.1320,0.000001
-15.2000,6.1320,0.000001
-15.0000,6.1320,0.000001
-14.8000,6.1320,0.000001
-14.6000,6.1320,0.000001
-14.4000,6.1320,0.000001
-14.2000,6.1320,0.000001
-14.0000,6.1320,0.000001
-13.8000,6.1320,0.000001
-13.6000,6.1320,0.000001
-13.4000,6.1320,0.000001
-13.2000,6.1320,0.000001
-13.0000,6.1320,0.000001
-12.8000,6.1320,0.000002
-12.6000,6.1320,0.000002
-12.4000,6.1320,0.000002
-12.2000,6.1320,0.000002
-12.0000,6.1320,0.000002
-11.8000,6.1320,0.000002
-11.6000,6.1320,0.000002
-11.4000,6.1320,0.000003
-11.2000,6.1320,0.000003
-11.0000,6.1320,0.000003
-10.8000,6.1320,0.000004
-10.6000,6.1320,0.000004
-10.4000,6.1320,0.000005
-10.2000,6.1320,0.000006
-10.0000,6.1320,0.000007
-9.8000,6.1320,0.000008
-9.6000,6.1320,0.000009
-9.4000,6.1320,0.000011
-9.2000,6.1320,0.000014
-9.0000,6.1320,0.000017
-8.8000,6.1320,0.000022
-8.6000,6.1320,0.000029
-8.4000,6.1320,0.000038
-8.2000,6.1320,0.000051
-8.0000,6.1320,0.000070
-7.8000,6.1320,0.000099
-7.6000,6.1320,0.000143
-7.4000,6.1320,0.000214
-7.2000,6.1320,0.000329
-7.0000,6.1320,0.000522
-6.8000,6.1320,0.000857
-6.6000,6.1320,0.001455
-6.4000,6.1320,0.002554
-6.2000,6.1320,0.004628
-6.0000,6.1320,0.008638
-5.8000,6.1320,0.016527
-5.6000,6.1320,0.032190
-5.4000,6.1320,0.063211
-5.2000,6.1320,0.123548
-5.0000,6.1320,0.236552
-4.8000,6.1320,0.435337
-4.6000,6.1320,0.753932
-4.4000,6.1320,1.201782
-4.2000,6.1320,1.726076
-4.0000,6.1320,2.193429
-3.8000,6.1320,2.434539
-3.6000,6.1320,2.346703
-3.4000,6.1320,1.969410
-3.2000,6.1320,1.454400
-3.0000,6.1320,0.961998
-2.8000,6.1320,0.582975
-2.6000,6.1320,0.331958
-2.4000,6.1320,0.182203
-2.2000,6.1320,0.098728
-2.0000,6.1320,0.053931
-1.8000,6.1320,0.030221
-1.6000,6.1320,0.017611
-1.4000,6.1320,0.010783
-1.2000,6.1320,0.006989
-1.0000,6.1320,0.004818
-0.8000,6.1320,0.003545
-0.6000,6.1320,0.002789
-0.4000,6.1320,0.002349
-0.2000,6.1320,0.002118
0.0000,6.1320,0.002046
0.2000,6.1320,0.002118
0.4000,6.1320,0.002349
0.6000,6.1320,0.002789
0.8000,6.1320,0.003545
1.0000,6.1320,0.004818
1.2000,6.1320,0.006989
1.4000,6.1320,0.010783
1.6000,6.1320,0.017611
1.8000,6.1320,0.030221
2.0000,6.1320,0.053931
2.2000,6.1320,0.098728
2.4000,6.1320,0.182203
2.6000,6.1320,0.331958
2.8000,6.1320,0.582975
3.0000,6.1320,0.961998
3.2000,6.1320,1.454400
3.4000,6.1320,1.969410
3.6000,6.1320,2.346703
3.8000,6.1320,2.434539
4.0000,6.1320,2.193429
4.2000,6.1320,1.726076
4.4000,6.1320,1.201782
4.6000,6.1320,0.753932
4.8000,6.1320,0.435337
5.0000,6.1320,0.236552
5.2000,6.1320,0.123548
5.4000,6.1320,0.063211
5.6000,6.1320,0.032190
5.8000,6.1320,0.016527
6.0000,6.1320,0.008638
6.2000,6.1320,0.004628
6.4000,6.1320,0.002554
6.6000,6.1320,0.001455
6.8000,6.1320,0.000857
7.0000,6.1320,0.000522
7.2000,6.1320,0.000329
7.4000,6.1320,0.000214
7.6000,6.1320,0.000143
7.8000,6.1320,0.000099
8.0000,6.1320,0.000070
8.2000,6.1320,0.000051
8.4000,6.1320,0.000038
8.6000,6.1320,0.000029
8.8000,6.1320,0.000022
9.0000,6.1320,0.000017
9.2000,6.1320,0.000014
9.4000,6.1320,0.000011
9.6000,6.1320,0.000009
9.8000,6.1320,0.000008
10.0000,6.1320,0.000007
10.2000,6.1320,0.000006
10.4000,6.1320,0.000005
10.6000,6.1320,0.000004
10.8000,6.1320,0.000004
11.0000,6.1320,0.000003
11.2000,6.1320,0.000003
11.4000,6.1320,0.000003
11.6000,6.1320,0.000002
11.8000,6.1320,0.000002
12.0000,6.1320,0.000002
12.2000,6.1320,0.000002
12.4000,6.1320,0.000002
12.6000,6.1320,0.000002
12.8000,6.1320,0.000002
13.0000,6.1320,0.000001
13.2000,6.1320,0.000001
13.4000,6.1320,0.000001
13.6000,6.1320,0.000001
13.8000,6.1320,0.000001
14.0000,6.1320,0.000001
14.2000,6.1320,0.000001
14.4000,6.1320,0.000001
14.6000,6.1320,0.000001
14.8000,6.1320,0.000001
15.0000,6.1320,0.000001
15.2000,6.1320,0.000001
15.4000,6.1320,0.000001
15.6000,6.1320,0.000001
15.8000,6.1320,0.000001
16.0000,6.1320,0.000001
16.2000,6.1320,0.000001
16.4000,6.1320,0.000001
16.6000,6.1320,0.000001
16.8000,6.1320,0.000001
17.0000,6.1320,0.000001
17.2000,6.1320,0.000001
17.4000,6.1320,0.000001
17.6000,6.1320,0.000001
17.8000,6.1320,0.000001
18.0000,6.1320,0.000001
18.2000,6.1320,0.000001
18.4000,6.1320,0.000001
18.6000,6.1320,0.000001
18.8000,6.1320,0.000001
19.0000,6.1320,0.000001
19.2000,6.1320,0.000001
19.4000,6.1320,0.000001
19.6000,6.1320,0.000001
19.8000,6.1320,0.000001
20.0000,6.1320,0.000001
-20.0000,6.2342,0.000001
-19.8000,6.2342,0.000001
-19.6000,6.2342,0.000001
-19.4000,6.2342,0.000001
-19.2000,6.2342,0.000001
-19.0000,6.2342,0.000001
-18.8000,6.2342,0.000001
-18.6000,6.2342,0.000001
-18.4000,6.2342,0.000001
-18.2000,6.2342,0.000001
-18.0000,6.2342,0.000001
-17.8000,6.2342,0.000001
-17.6000,6.2342,0.000001
-17.4000,6.2342,0.000001
-17.2000,6.2342,0.000001
-17.0000,6.2342,0.000001
-16.8000,6.2342,0.000001
-16.6000,6.2342,0.000001
-16.4000,6.2342,0.000001
-16.2000,6.2342,0.000001
-16.0000,6.2342,0.000001
-15.8000,6.2342,0.000001
-15.6000,6.2342,0.000001
-15.4000,6.2342,0.000001
-15.2000,6.2342,0.000001
-15.0000,6.2342,0.000001
-14.8000,6.2342,0.000001
-14.6000,6.2342,0.000001
-14.4000,6.2342,0.000001
-14.2000,6.2342,0.000001
-14.0000,6.2342,0.000001
-13.8000,6.2342,0.000001
-13.6000,6.2342,0.000001
-13.4000,6.2342,0.000001
-13.2000,6.2342,0.000001
-13.0000,6.2342,0.000001
-12.8000,6.2342,0.000002
-12.6000,6.2342,0.000002
-12.4000,6.2342,0.000002
-12.2000,6.2342,0.000002
-12.0000,6.2342,0.000002
-11.8000,6.2342,0.000002
-11.6000,6.2342,0.000003
-11.4000,6.2342,0.000003
-11.2000,6.2342,0.000003
-11.0000,6.2342,0.000003
-10.8000,6.2342,0.000004
-10.6000,6.2342,0.000004
-10.4000,6.2342,0.000005
-10.2000,6.2342,0.000006
-10.0000,6.2342,0.000007
-9.8000,6.2342,0.000008
-9.6000,6.2342,0.000010
-9.4000,6.2342,0.000012
-9.2000,6.2342,0.000015
-9.0000,6.2342,0.000019
-8.8000,6.2342,0.000024
-8.6000,6.2342,0.000031
-8.4000,6.2342,0.000041
-8.2000,6.2342,0.000056
-8.0000,6.2342,0.000077
-7.8000,6.2342,0.000110
-7.6000,6.2342,0.000161
-7.4000,6.2342,0.000243
-7.2000,6.2342,0.000377
-7.0000,6.2342,0.000605
-6.8000,6.2342,0.001004
-6.6000,6.2342,0.001722
-6.4000,6.2342,0.003056
-6.2000,6.2342,0.005594
-6.0000,6.2342,0.010533
-5.8000,6.2342,0.020294
-5.6000,6.2342,0.039694
-5.4000,6.2342,0.077990
-5.2000,6.2342,0.151803
-5.0000,6.2342,0.287797
-4.8000,6.2342,0.521041
-4.6000,6.2342,0.881518
-4.4000,6.2342,1.363227
-4.2000,6.2342,1.887791
-4.0000,6.2342,2.301992
-3.8000,6.2342,2.445224
-3.6000,6.2342,2.255242
-3.4000,6.2342,1.815190
-3.2000,6.2342,1.291571
-3.0000,6.2342,0.828286
-2.8000,6.2342,0.490173
-2.6000,6.2342,0.274577
-2.4000,6.2342,0.149278
-2.2000,6.2342,0.080594
-2.0000,6.2342,0.044073
-1.8000,6.2342,0.024808
-1.6000,6.2342,0.014555
-1.4000,6.2342,0.008984
-1.2000,6.2342,0.005871
-1.0000,6.2342,0.004080
-0.8000,6.2342,0.003024
-0.6000,6.2342,0.002393
-0.4000,6.2342,0.002024
-0.2000,6.2342,0.001830
0.0000,6.2342,0.001770
0.2000,6.2342,0.001830
0.4000,6.2342,0.002024
0.6000,6.2342,0.002393
0.8000,6.2342,0.003024
1.0000,6.2342,0.004080
1.2000,6.2342,0.005871
1.4000,6.2342,0.008984
1.6000,6.2342,0.014555
1.8000,6.2342,0.024808
2.0000,6.2342,0.044073
2.2000,6.2342,0.080594
2.4000,6.2342,0.149278
2.6000,6.2342,0.274577
2.8000,6.2342,0.490173
3.0000,6.2342,0.828286
3.2000,6.2342,1.291571
3.4000,6.2342,1.815190
3.6000,6.2342,2.255242
3.8000,6.2342,2.445224
4.0000,6.2342,2.301992
4.2000,6.2342,1.887791
4.4000,6.2342,1.363227
4.6000,6.2342,0.881518
4.8000,6.2342,0.521041
5.0000,6.2342,0.287797
5.2000,6.2342,0.151803
5.4000,6.2342,0.077990
5.6000,6.2342,0.039694
5.8000,6.2342,0.020294
6.0000,6.2342,0.010533
6.2000,6.2342,0.005594
6.4000,6.2342,0.003056
6.6000,6.2342,0.001722
6.8000,6.2342,0.001004
7.0000,6.2342,0.000605
7.2000,6.2342,0.000377
7.4000,6.2342,0.000243
7.6000,6.2342,0.000161
7.8000,6.2342,0.000110
8.0000,6.2342,0.000077
8.2000,6.2342,0.000056
8.4000,6.2342,0.000041
8.6000,6.2342,0.000031
8.8000,6.2342,0.000024
9.0000,6.2342,0.000019
9.2000,6.2342,0.000015
9.4000,6.2342,0.000012
9.6000,6.2342,0.000010
9.8000,6.2342,0.000008
10.0000,6.2342,0.000007
10.2000,6.2342,0.000006
10.4000,6.2342,0.000005
10.6000,6.2342,0.000004
10.8000,6.2342,0.000004
11.0000,6.2342,0.000003
11.2000,6.2342,0.000003
11.4000,6.2342,0.000003
11.6000,6.2342,0.000003
11.8000,6.2342,0.000002
12.0000,6.2342,0.000002
12.2000,6.2342,0.000002
12.4000,6.2342,0.000002
12.6000,6.2342,0.000002
12.8000,6.2342,0.000002
13.0000,6.2342,0.000001
13.2000,6.2342,0.000001
13.4000,6.2342,0.000001
13.6000,6.2342,0.000001
13.8000,6.2342,0.000001
14.0000,6.2342,0.000001
14.2000,6.2342,0.000001
14.4000,6.2342,0.000001
14.6000,6.2342,0.000001
14.8000,6.2342,0.000001
15.0000,6.2342,0.000001
15.2000,6.2342,0.000001
15.4000,6.2342,0.000001
15.6000,6.2342,0.000001
15.8000,6.2342,0.000001
16.0000,6.2342,0.000001
16.2000,6.2342,0.000001
16.4000,6.2342,0.000001
16.6000,6.2342,0.000001
16.8000,6.2342,0.000001
17.0000,6.2342,0.000001
17.2000,6.2342,0.000001
17.4000,6.2342,0.000001
17.6000,6.2342,0.000001
17.8000,6.2342,0.000001
18.0000,6.2342,0.000001
18.2000,6.2342,0.000001
18.4000,6.2342,0.000001
18.6000,6.2342,0.000001
18.8000,6.2342,0.000001
19.0000,6.2342,0.000001
19.2000,6.2342,0.000001
19.4000,6.2342,0.000001
19.6000,6.2342,0.000001
19.8000,6.2342,0.000001
20.0000,6.2342,0.000001
-20.0000,6.3364,0.000001
-19.8000,6.3364,0.000001
-19.6000,6.3364,0.000001
-19.4000,6.3364,0.000001
-19.2000,6.3364,0.000001
-19.0000,6.3364,0.000001
-18.8000,6.3364,0.000001
-18.6000,6.3364,0.000001
-18.4000,6.3364,0.000001
-18.2000,6.3364,0.000001
-18.0000,6.3364,0.000001
-17.8000,6.3364,0.000001
-17.6000,6.3364,0.000001
-17.4000,6.3364,0.000001
-17.2000,6.3364,0.000001
-17.0000,6.3364,0.000001
-16.8000,6.3364,0.000001
-16.6000,6.3364,0.000001
-16.4000,6.3364,0.000001
-16.2000,6.3364,0.000001
-16.0000,6.3364,0.000001
-15.8000,6.3364,0.000001
-15.6000,6.3364,0.000001
-15.4000,6.3364,0.000001
-15.2000,6.3364,0.000001
-15.0000,6.3364,0.000001
-14.8000,6.3364,0.000001
-14.6000,6.3364,0.000001
-14.4000,6.3364,0.000001
-14.2000,6.3364,0.000001
-14.0000,6.3364,0.000001
-13.8000,6.3364,0.000001
-13.6000,6.3364,0.000001
-13.4000,6.3364,0.000001
-13.2000,6.3364,0.000001
-13.0000,6.3364,0.000001
-12.8000,6.3364,0.000002
-12.6000,6.3364,0.000002
-12.4000,6.3364,0.000002
-12.2000,6.3364,0.000002
-12.0000,6.3364,0.000002
-11.8000,6.3364,0.000002
-11.6000,6.3364,0.000003
-11.4000,6.3364,0.000003
-11.2000,6.3364,0.000003
-11.0000,6.3364,0.000004
-10.8000,6.3364,0.000004
-10.6000,6.3364,0.000005
-10.4000,6.3364,0.000005
-10.2000,6.3364,0.000006
-10.0000,6.3364,0.000007
-9.8000,6.3364,0.000009
-9.6000,6.3364,0.000010
-9.4000,6.3364,0.000013
-9.2000,6.3364,0.000016
-9.0000,6.3364,0.000020
-8.8000,6.3364,0.000026
-8.6000,6.3364,0.000034
-8.4000,6.3364,0.000045
-8.2000,6.3364,0.000061
-8.0000,6.3364,0.000086
-7.8000,6.3364,0.000123
-7.6000,6.3364,0.000181
-7.4000,6.3364,0.000276
-7.2000,6.3364,0.000434
-7.0000,6.3364,0.000703
-6.8000,6.3364,0.001180
-6.6000,6.3364,0.002047
-6.4000,6.3364,0.003669
-6.2000,6.3364,0.006783
-6.0000,6.3364,0.012880
-5.8000,6.3364,0.024969
-5.6000,6.3364,0.048995
-5.4000,6.3364,0.096183
-5.2000,6.3364,0.186117
-5.0000,6.3364,0.348688
-4.8000,6.3364,0.619658
-4.6000,6.3364,1.021853
-4.4000,6.3364,1.529905
-4.2000,6.3364,2.039221
-4.0000,6.3364,2.383537
-3.8000,6.3364,2.422168
-3.6000,6.3364,2.138482
-3.4000,6.3364,1.652720
-3.2000,6.3364,1.135033
-3.0000,6.3364,0.707227
-2.8000,6.3364,0.409625
-2.6000,6.3364,0.226206
-2.4000,6.3364,0.122041
-2.2000,6.3364,0.065751
-2.0000,6.3364,0.036037
-1.8000,6.3364,0.020394
-1.6000,6.3364,0.012053
-1.4000,6.3364,0.007502
-1.2000,6.3364,0.004944
-1.0000,6.3364,0.003464
-0.8000,6.3364,0.002585
-0.6000,6.3364,0.002057
-0.4000,6.3364,0.001748
-0.2000,6.3364,0.001585
0.0000,6.3364,0.001534
0.2000,6.3364,0.001585
0.4000,6.3364,0.001748
0.6000,6.3364,0.002057
0.8000,6.3364,0.002585
1.0000,6.3364,0.003464
1.2000,6.3364,0.004944
1.4000,6.3364,0.007502
1.6000,6.3364,0.012053
1.8000,6.3364,0.020394
2.0000,6.3364,0.036037
2.2000,6.3364,0.065751
2.4000,6.3364,0.122041
2.6000,6.3364,0.226206
2.8000,6.3364,0.409625
3.0000,6.3364,0.707227
3.2000,6.3364,1.135033
3.4000,6.3364,1.652720
3.6000,6.3364,2.138482
3.8000,6.3364,2.422168
4.0000,6.3364,2.383537
4.2000,6.3364,2.039221
4.4000,6.3364,1.529905
4.6000,6.3364,1.021853
4.8000,6.3364,0.619658
5.0000,6.3364,0.348688
5.2000,6.3364,0.186117
5.4000,6.3364,0.096183
5.6000,6.3364,0.048995
5.8000,6.3364,0.024969
6.0000,6.3364,0.012880
6.2000,6.3364,0.006783
6.4000,6.3364,0.003669
6.6000,6.3364,0.002047
6.8000,6.3364,0.001180
7.0000,6.3364,0.000703
7.2000,6.3364,0.000434
7.4000,6.3364,0.000276
7.6000,6.3364,0.000181
7.8000,6.3364,0.000123
8.0000,6.3364,0.000086
8.2000,6.3364,0.000061
8.4000,6.3364,0.000045
8.6000,6.3364,0.000034
8.8000,6.3364,0.000026
9.0000,6.3364,0.000020
9.2000,6.3364,0.000016
9.4000,6.3364,0.000013
9.6000,6.3364,0.000010
9.8000,6.3364,0.000009
10.0000,6.3364,0.000007
10.2000,6.3364,0.000006
10.4000,6.3364,0.000005
10.6000,6.3364,0.000005
10.8000,6.3364,0.000004
11.0000,6.3364,0.000004
11.2000,6.3364,0.000003
11.4000,6.3364,0.000003
11.6000,6.3364,0.000003
11.8000,6.3364,0.000002
12.0000,6.3364,0.000002
12.2000,6.3364,0.000002
12.4000,6.3364,0.000002
12.6000,6.3364,0.000002
12.8000,6.3364,0.000002
13.0000,6.3364,0.000001
13.2000,6.3364,0.000001
13.4000,6.3364,0.000001
13.6000,6.3364,0.000001
13.8000,6.3364,0.000001
14.0000,6.3364,0.000001
14.2000,6.3364,0.000001
14.4000,6.3364,0.000001
14.6000,6.3364,0.000001
14.8000,6.3364,0.000001
15.0000,6.3364,0.000001
15.2000,6.3364,0.000001
15.4000,6.3364,0.000001
15.6000,6.3364,0.000001
15.8000,6.3364,0.000001
16.0000,6.3364,0.000001
16.2000,6.3364,0.000001
16.4000,6.3364,0.000001
16.6000,6.3364,0.000001
16.8000,6.3364,0.000001
17.0000,6.3364,0.000001
17.2000,6.3364,0.000001
17.4000,6.3364,0.000001
17.6000,6.3364,0.000001
17.8000,6.3364,0.000001
18.0000,6.3364,0.000001
18.2000,6.3364,0.000001
18.4000,6.3364,0.000001
18.6000,6.3364,0.000001
18.8000,6.3364,0.000001
19.0000,6.3364,0.000001
19.2000,6.3364,0.000001
19.4000,6.3364,0.000001
19.6000,6.3364,0.000001
19.8000,6.3364,0.000001
20.0000,6.3364,0.000001
-20.0000,6.4386,0.000001
-19.8000,6.4386,0.000001
-19.6000,6.4386,0.000001
-19.4000,6.4386,0.000001
-19.2000,6.4386,0.000001
-19.0000,6.4386,0.000001
-18.8000,6.4386,0.000001
-18.6000,6.4386,0.000001
-18.4000,6.4386,0.000001
-18.2000,6.4386,0.000001
-18.0000,6.4386,0.000001
-17.8000,6.4386,0.000001
-17.6000,6.4386,0.000001
-17.4000,6.4386,0.000001
-17.2000,6.4386,0.000001
-17.0000,6.4386,0.000001
-16.8000,6.4386,0.000001
-16.6000,6.4386,0.000001
-16.4000,6.4386,0.000001
-16.2000,6.4386,0.000001
-16.0000,6.4386,0.000001
-15.8000,6.4386,0.000001
-15.6000,6.4386,0.000001
-15.4000,6.4386,0.000001
-15.2000,6.4386,0.000001
-15.0000,6.4386,0.000001
-14.8000,6.4386,0.000001
-14.6000,6.4386,0.000001
-14.4000,6.4386,0.000001
-14.2000,6.4386,0.000001
-14.0000,6.4386,0.000001
-13.8000,6.4386,0.000001
-13.6000,6.4386,0.000001
-13.4000,6.4386,0.000001
-13.2000,6.4386,0.000001
-13.0000,6.4386,0.000002
-12.8000,6.4386,0.000002
-12.6000,6.4386,0.000002
-12.4000,6.4386,0.000002
-12.2000,6.4386,0.000002
-12.0000,6.4386,0.000002
-11.8000,6.4386,0.000002
-11.6000,6.4386,0.000003
-11.4000,6.4386,0.000003
-11.2000,6.4386,0.000003
-11.0000,6.4386,0.000004
-10.8000,6.4386,0.000004
-10.6000,6.4386,0.000005
-10.4000,6.4386,0.000006
-10.2000,6.4386,0.000007
-10.0000,6.4386,0.000008
-9.8000,6.4386,0.000009
-9.6000,6.4386,0.000011
-9.4000,6.4386,0.000014
-9.2000,6.4386,0.000017
-9.0000,6.4386,0.000021
-8.8000,6.4386,0.000028
-8.6000,6.4386,0.000036
-8.4000,6.4386,0.000049
-8.2000,6.4386,0.000067
-8.0000,6.4386,0.000095
-7.8000,6.4386,0.000138
-7.6000,6.4386,0.000205
-7.4000,6.4386,0.000315
-7.2000,6.4386,0.000500
-7.0000,6.4386,0.000821
-6.8000,6.4386,0.001392
-6.6000,6.4386,0.002441
-6.4000,6.4386,0.004422
-6.2000,6.4386,0.008251
-6.0000,6.4386,0.015790
-5.8000,6.4386,0.030775
-5.6000,6.4386,0.060508
-5.4000,6.4386,0.118506
-5.2000,6.4386,0.227552
-5.0000,6.4386,0.420408
-4.8000,6.4386,0.731724
-4.6000,6.4386,1.173547
-4.4000,6.4386,1.697675
-4.2000,6.4386,2.174727
-4.0000,6.4386,2.434383
-3.8000,6.4386,2.366433
-3.6000,6.4386,2.001338
-3.4000,6.4386,1.487236
-3.2000,6.4386,0.987697
-3.0000,6.4386,0.599244
-2.8000,6.4386,0.340446
-2.6000,6.4386,0.185723
-2.4000,6.4386,0.099611
-2.2000,6.4386,0.053630
-2.0000,6.4386,0.029491
-1.8000,6.4386,0.016792
-1.6000,6.4386,0.010002
-1.4000,6.4386,0.006278
-1.2000,6.4386,0.004174
-1.0000,6.4386,0.002947
-0.8000,6.4386,0.002215
-0.6000,6.4386,0.001773
-0.4000,6.4386,0.001513
-0.2000,6.4386,0.001375
0.0000,6.4386,0.001332
0.2000,6.4386,0.001375
0.4000,6.4386,0.001513
0.6000,6.4386,0.001773
0.8000,6.4386,0.002215
1.0000,6.4386,0.002947
1.2000,6.4386,0.004174
1.4000,6.4386,0.006278
1.6000,6.4386,0.010002
1.8000,6.4386,0.016792
2.0000,6.4386,0.029491
2.2000,6.4386,0.053630
2.4000,6.4386,0.099611
2.6000,6.4386,0.185723
2.8000,6.4386,0.340446
3.0000,6.4386,0.599244
3.2000,6.4386,0.987697
3.4000,6.4386,1.487236
3.6000,6.4386,2.001338
3.8000,6.4386,2.366433
4.0000,6.4386,2.434383
4.2000,6.4386,2.174727
4.4000,6.4386,1.697675
4.6000,6.4386,1.173547
4.8000,6.4386,0.731724
5.0000,6.4386,0.420408
5.2000,6.4386,0.227552
5.4000,6.4386,0.118506
5.6000,6.4386,0.060508
5.8000,6.4386,0.030775
6.0000,6.4386,0.015790
6.2000,6.4386,0.008251
6.4000,6.4386,0.004422
6.6000,6.4386,0.002441
6.8000,6.4386,0.001392
7.0000,6.4386,0.000821
7.2000,6.4386,0.000500
7.4000,6.4386,0.000315
7.6000,6.4386,0.000205
7.8000,6.4386,0.000138
8.0000,6.4386,0.000095
8.2000,6.4386,0.000067
8.4000,6.4386,0.000049
8.6000,6.4386,0.000036
8.8000,6.4386,0.000028
9.0000,6.4386,0.000021
9.2000,6.4386,0.000017
9.4000,6.4386,0.000014
9.6000,6.4386,0.000011
9.8000,6.4386,0.000009
10.0000,6.4386,0.000008
10.2000,6.4386,0.000007
10.4000,6.4386,0.000006
10.6000,6.4386,0.000005
10.8000,6.4386,0.000004
11.0000,6.4386,0.000004
11.2000,6.4386,0.000003
11.4000,6.4386,0.000003
11.6000,6.4386,0.000003
11.8000,6.4386,0.000002
12.0000,6.4386,0.000002
12.2000,6.4386,0.000002
12.4000,6.4386,0.000002
12.6000,6.4386,0.000002
12.8000,6.4386,0.000002
13.0000,6.4386,0.000002
13.2000,6.4386,0.000001
13.4000,6.4386,0.000001
13.6000,6.4386,0.000001
13.8000,6.4386,0.000001
14.0000,6.4386,0.000001
14.2000,6.4386,0.000001
14.4000,6.4386,0.000001
14.6000,6.4386,0.000001
14.8000,6.4386,0.000001
15.0000,6.4386,0.000001
15.2000,6.4386,0.000001
15.4000,6.4386,0.000001
15.6000,6.4386,0.000001
15.8000,6.4386,0.000001
16.0000,6.4386,0.000001
16.2000,6.4386,0.000001
16.4000,6.4386,0.000001
16.6000,6.4386,0.000001
16.8000,6.4386,0.000001
17.0000,6.4386,0.000001
17.2000,6.4386,0.000001
17.4000,6.4386,0.000001
17.6000,6.4386,0.000001
17.8000,6.4386,0.000001
18.0000,6.4386,0.000001
18.2000,6.4386,0.000001
18.4000,6.4386,0.000001
18.6000,6.4386,0.000001
18.8000,6.4386,0.000001
19.0000,6.4386,0.000001
19.2000,6.4386,0.000001
19.4000,6.4386,0.000001
19.6000,6.4386,0.000001
19.8000,6.4386,0.000001
20.0000,6.4386,0.000001
-20.0000,6.5408,0.000001
-19.8000,6.5408,0.000001
-19.6000,6.5408,0.000001
-19.4000,6.5408,0.000001
-19.2000,6.5408,0.000001
-19.0000,6.5408,0.000001
-18.8000,6.5408,0.000001
-18.6000,6.5408,0.000001
-18.4000,6.5408,0.000001
-18.2000,6.5408,0.000001
-18.0000,6.5408,0.000001
-17.8000,6.5408,0.000001
-17.6000,6.5408,0.000001
-17.4000,6.5408,0.000001
-17.2000,6.5408,0.000001
-17.0000,6.5408,0.000001
-16.8000,6.5408,0.000001
-16.6000,6.5408,0.000001
-16.4000,6.5408,0.000001
-16.2000,6.5408,0.000001
-16.0000,6.5408,0.000001
-15.8000,6.5408,0.000001
-15.6000,6.5408,0.000001
-15.4000,6.5408,0.000001
-15.2000,6.5408,0.000001
-15.0000,6.5408,0.000001
-14.8000,6.5408,0.000001
-14.6000,6.5408,0.000001
-14.4000,6.5408,0.000001
-14.2000,6.5408,0.000001
-14.0000,6.5408,0.000001
-13.8000,6.5408,0.000001
-13.6000,6.5408,0.000001
-13.4000,6.5408,0.000001
-13.2000,6.5408,0.000001
-13.0000,6.5408,0.000002
-12.8000,6.5408,0.000002
-12.6000,6.5408,0.000002
-12.4000,6.5408,0.000002
-12.2000,6.5408,0.000002
-12.0000,6.5408,0.000002
-11.8000,6.5408,0.000002
-11.6000,6.5408,0.000003
-11.4000,6.5408,0.000003
-11.2000,6.5408,0.000003
-11.0000,6.5408,0.000004
-10.8000,6.5408,0.000004
-10.6000,6.5408,0.000005
-10.4000,6.5408,0.000006
-10.2000,6.5408,0.000007
-10.0000,6.5408,0.000008
-9.8000,6.5408,0.000010
-9.6000,6.5408,0.000012
-9.4000,6.5408,0.000014
-9.2000,6.5408,0.000018
-9.0000,6.5408,0.000023
-8.8000,6.5408,0.000030
-8.6000,6.5408,0.000040
-8.4000,6.5408,0.000054
-8.2000,6.5408,0.000074
-8.0000,6.5408,0.000106
-7.8000,6.5408,0.000155
-7.6000,6.5408,0.000233
-7.4000,6.5408,0.000362
-7.2000,6.5408,0.000580
-7.0000,6.5408,0.000961
-6.8000,6.5408,0.001648
-6.6000,6.5408,0.002922
-6.4000,6.5408,0.005347
-6.2000,6.5408,0.010068
-6.0000,6.5408,0.019403
-5.8000,6.5408,0.037982
-5.6000,6.5408,0.074732
-5.4000,6.5408,0.145785
-5.2000,6.5408,0.277255
-5.0000,6.5408,0.504057
-4.8000,6.5408,0.857318
-4.6000,6.5408,1.334365
-4.4000,6.5408,1.861655
-4.2000,6.5408,2.288856
-4.0000,6.5408,2.452172
-3.8000,6.5408,2.280569
-3.6000,6.5408,1.849239
-3.4000,6.5408,1.323417
-3.2000,6.5408,0.851618
-3.0000,6.5408,0.504209
-2.8000,6.5408,0.281593
-2.6000,6.5408,0.152054
-2.4000,6.5408,0.081210
-2.2000,6.5408,0.043752
-2.0000,6.5408,0.024163
-1.8000,6.5408,0.013851
-1.6000,6.5408,0.008318
-1.4000,6.5408,0.005267
-1.2000,6.5408,0.003532
-1.0000,6.5408,0.002514
-0.8000,6.5408,0.001903
-0.6000,6.5408,0.001532
-0.4000,6.5408,0.001312
-0.2000,6.5408,0.001196
0.0000,6.5408,0.001159
0.2000,6.5408,0.001196
0.4000,6.5408,0.001312
0.6000,6.5408,0.001532
0.8000,6.5408,0.001903
1.0000,6.5408,0.002514
1.2000,6.5408,0.003532
1.4000,6.5408,0.005267
1.6000,6.5408,0.008318
1.8000,6.5408,0.013851
2.0000,6.5408,0.024163
2.2000,6.5408,0.043752
2.4000,6.5408,0.081210
2.6000,6.5408,0.152054
2.8000,6.5408,0.281593
3.0000,6.5408,0.504209
3.2000,6.5408,0.851618
3.4000,6.5408,1.323417
3.6000,6.5408,1.849239
3.8000,6.5408,2.280569
4.0000,6.5408,2.452172
4.2000,6.5408,2.288856
4.4000,6.5408,1.861655
4.6000,6.5408,1.334365
4.8000,6.5408,0.857318
5.0000,6.5408,0.504057
5.2000,6.5408,0.277255
5.4000,6.5408,0.145785
5.6000,6.5408,0.074732
5.8000,6.5408,0.037982
6.0000,6.5408,0.019403
6.2000,6.5408,0.010068
6.4000,6.5408,0.005347
6.6000,6.5408,0.002922
6.8000,6.5408,0.001648
7.0000,6.5408,0.000961
7.2000,6.5408,0.000580
7.4000,6.5408,0.000362
7.6000,6.5408,0.000233
7.8000,6.5408,0.000155
8.0000,6.5408,0.000106
8.2000,6.5408,0.000074
8.4000,6.5408,0.000054
8.6000,6.5408,0.000040
8.8000,6.5408,0.000030
9.0000,6.5408,0.000023
9.2000,6.5408,0.000018
9.4000,6.5408,0.000014
9.6000,6.5408,0.000012
9.8000,6.5408,0.000010
10.0000,6.5408,0.000008
10.2000,6.5408,0.000007
10.4000,6.5408,0.000006
10.6000,6.5408,0.000005
10.8000,6.5408,0.000004
11.0000,6.5408,0.000004
11.2000,6.5408,0.000003
11.4000,6.5408,0.000003
11.6000,6.5408,0.000003
11.8000,6.5408,0.000002
12.0000,6.5408,0.000002
12.2000,6.5408,0.000002
12.4000,6.5408,0.000002
12.6000,6.5408,0.000002
12.8000,6.5408,0.000002
13.0000,6.5408,0.000002
13.2000,6.5408,0.000001
13.4000,6.5408,0.000001
13.6000,6.5408,0.000001
13.8000,6.5408,0.000001
14.0000,6.5408,0.000001
14.2000,6.5408,0.000001
14.4000,6.5408,0.000001
14.6000,6.5408,0.000001
14.8000,6.5408,0.000001
15.0000,6.5408,0.000001
15.2000,6.5408,0.000001
15.4000,6.5408,0.000001
15.6000,6.5408,0.000001
15.8000,6.5408,0.000001
16.0000,6.5408,0.000001
16.2000,6.5408,0.000001
16.4000,6.5408,0.000001
16.6000,6.5408,0.000001
16.8000,6.5408,0.000001
17.0000,6.5408,0.000001
17.2000,6.5408,0.000001
17.4000,6.5408,0.000001
17.6000,6.5408,0.000001
17.8000,6.5408,0.000001
18.0000,6.5408,0.000001
18.2000,6.5408,0.000001
18.4000,6.5408,0.000001
18.6000,6.5408,0.000001
18.8000,6.5408,0.000001
19.0000,6.5408,0.000001
19.2000,6.5408,0.000001
19.4000,6.5408,0.000001
19.6000,6.5408,0.000001
19.8000,6.5408,0.000001
20.0000,6.5408,0.000001
-20.0000,6.6430,0.000001
-19.8000,6.6430,0.000001
-19.6000,6.6430,0.000001
-19.4000,6.6430,0.000001
-19.2000,6.6430,0.000001
-19.0000,6.6430,0.000001
-18.8000,6.6430,0.000001
-18.6000,6.6430,0.000001
-18.4000,6.6430,0.000001
-18.2000,6.6430,0.000001
-18.0000,6.6430,0.000001
-17.8000,6.6430,0.000001
-17.6000,6.6430,0.000001
-17.4000,6.6430,0.000001
-17.2000,6.6430,0.000001
-17.0000,6.6430,0.000001
-16.8000,6.6430,0.000001
-16.6000,6.6430,0.000001
-16.4000,6.6430,0.000001
-16.2000,6.6430,0.000001
-16.0000,6.6430,0.000001
-15.8000,6.6430,0.000001
-15.6000,6.6430,0.000001
-15.4000,6.6430,0.000001
-15.2000,6.6430,0.000001
-15.0000,6.6430,0.000001
-14.8000,6.6430,0.000001
-14.6000,6.6430,0.000001
-14.4000,6.6430,0.000001
-14.2000,6.6430,0.000001
-14.0000,6.6430,0.000001
-13.8000,6.6430,0.000001
-13.6000,6.6430,0.000001
-13.4000,6.6430,0.000001
-13.2000,6.6430,0.000001
-13.0000,6.6430,0.000002
-12.8000,6.6430,0.000002
-12.6000,6.6430,0.000002
-12.4000,6.6430,0.000002
-12.2000,6.6430,0.000002
-12.0000,6.6430,0.000002
-11.8000,6.6430,0.000003
-11.6000,6.6430,0.000003
-11.4000,6.6430,0.000003
-11.2000,6.6430,0.000004
-11.0000,6.6430,0.000004
-10.8000,6.6430,0.000005
-10.6000,6.6430,0.000005
-10.4000,6.6430,0.000006
-10.2000,6.6430,0.000007
-10.0000,6.6430,0.000008
-9.8000,6.6430,0.000010
-9.6000,6.6430,0.000012
-9.4000,6.6430,0.000015
-9.2000,6.6430,0.000019
-9.0000,6.6430,0.000025
-8.8000,6.6430,0.000032
-8.6000,6.6430,0.000043
-8.4000,6.6430,0.000059
-8.2000,6.6430,0.000083
-8.0000,6.6430,0.000118
-7.8000,6.6430,0.000175
-7.6000,6.6430,0.000265
-7.4000,6.6430,0.000416
-7.2000,6.6430,0.000675
-7.0000,6.6430,0.001130
-6.8000,6.6430,0.001960
-6.6000,6.6430,0.003511
-6.4000,6.6430,0.006488
-6.2000,6.6430,0.012318
-6.0000,6.6430,0.023890
-5.8000,6.6430,0.046922
-5.6000,6.6430,0.092261
-5.4000,6.6430,0.178963
-5.2000,6.6430,0.336425
-5.0000,6.6430,0.600547
-4.8000,6.6430,0.995925
-4.6000,6.6430,1.501179
-4.4000,6.6430,2.016431
-4.2000,6.6430,2.376732
-4.0000,6.6430,2.436061
-3.8000,6.6430,2.168398
-3.6000,6.6430,1.687741
-3.4000,6.6430,1.165200
-3.2000,6.6430,0.728047
-3.0000,6.6430,0.421576
-2.8000,6.6430,0.231942
-2.6000,6.6430,0.124206
-2.4000,6.6430,0.066162
-2.2000,6.6430,0.035712
-2.0000,6.6430,0.019825
-1.8000,6.6430,0.011448
-1.6000,6.6430,0.006934
-1.4000,6.6430,0.004430
-1.2000,6.6430,0.002996
-1.0000,6.6430,0.002150
-0.8000,6.6430,0.001638
-0.6000,6.6430,0.001326
-0.4000,6.6430,0.001141
-0.2000,6.6430,0.001042
0.0000,6.6430,0.001011
0.2000,6.6430,0.001042
0.4000,6.6430,0.001141
0.6000,6.6430,0.001326
0.8000,6.6430,0.001638
1.0000,6.6430,0.002150
1.2000,6.6430,0.002996
1.4000,6.6430,0.004430
1.6000,6.6430,0.006934
1.8000,6.6430,0.011448
2.0000,6.6430,0.019825
2.2000,6.6430,0.035712
2.4000,6.6430,0.066162
2.6000,6.6430,0.124206
2.8000,6.6430,0.231942
3.0000,6.6430,0.421576
3.2000,6.6430,0.728047
3.4000,6.6430,1.165200
3.6000,6.6430,1.687741
3.8000,6.6430,2.168398
4.0000,6.6430,2.436061
4.2000,6.6430,2.376732
4.4000,6.6430,2.016431
4.6000,6.6430,1.501179
4.8000,6.6430,0.995925
5.0000,6.6430,0.600547
5.2000,6.6430,0.336425
5.4000,6.6430,0.178963
5.6000,6.6430,0.092261
5.8000,6.6430,0.046922
6.0000,6.6430,0.023890
6.2000,6.6430,0.012318
6.4000,6.6430,0.006488
6.6000,6.6430,0.003511
6.8000,6.6430,0.001960
7.0000,6.6430,0.001130
7.2000,6.6430,0.000675
7.4000,6.6430,0.000416
7.6000,6.6430,0.000265
7.8000,6.6430,0.000175
8.0000,6.6430,0.000118
8.2000,6.6430,0.000083
8.4000,6.6430,0.000059
8.6000,6.6430,0.000043
8.8000,6.6430,0.000032
9.0000,6.6430,0.000025
9.2000,6.6430,0.000019
9.4000,6.6430,0.000015
9.6000,6.6430,0.000012
9.8000,6.6430,0.000010
10.0000,6.6430,0.000008
10.2000,6.6430,0.000007
10.4000,6.6430,0.000006
10.6000,6.6430,0.000005
10.8000,6.6430,0.000005
11.0000,6.6430,0.000004
11.2000,6.6430,0.000004
11.4000,6.6430,0.000003
11.6000,6.6430,0.000003
11.8000,6.6430,0.000003
12.0000,6.6430,0.000002
12.2000,6.6430,0.000002
12.4000,6.6430,0.000002
12.6000,6.6430,0.000002
12.8000,6.6430,0.000002
13.0000,6.6430,0.000002
13.2000,6.6430,0.000001
13.4000,6.6430,0.000001
13.6000,6.6430,0.000001
13.8000,6.6430,0.000001
14.0000,6.6430,0.000001
14.2000,6.6430,0.000001
14.4000,6.6430,0.000001
14.6000,6.6430,0.000001
14.8000,6.6430,0.000001
15.0000,6.6430,0.000001
15.2000,6.6430,0.000001
15.4000,6.6430,0.000001
15.6000,6.6430,0.000001
15.8000,6.6430,0.000001
16.0000,6.6430,0.000001
16.2000,6.6430,0.000001
16.4000,6.6430,0.000001
16.6000,6.6430,0.000001
16.8000,6.6430,0.000001
17.0000,6.6430,0.000001
17.2000,6.6430,0.000001
17.4000,6.6430,0.000001
17.6000,6.6430,0.000001
17.8000,6.6430,0.000001
18.0000,6.6430,0.000001
18.2000,6.6430,0.000001
18.4000,6.6430,0.000001
18.6000,6.6430,0.000001
18.8000,6.6430,0.000001
19.0000,6.6430,0.000001
19.2000,6.6430,0.000001
19.4000,6.6430,0.000001
19.6000,6.6430,0.000001
19.8000,6.6430,0.000001
20.0000,6.6430,0.000001
-20.0000,6.7452,0.000001
-19.8000,6.7452,0.000001
-19.6000,6.7452,0.000001
-19.4000,6.7452,0.000001
-19.2000,6.7452,0.000001
-19.0000,6.7452,0.000001
-18.8000,6.7452,0.000001
-18.6000,6.7452,0.000001
-18.4000,6.7452,0.000001
-18.2000,6.7452,0.000001
-18.0000,6.7452,0.000001
-17.8000,6.7452,0.000001
-17.6000,6.7452,0.000001
-17.4000,6.7452,0.000001
-17.2000,6.7452,0.000001
-17.0000,6.7452,0.000001
-16.8000,6.7452,0.000001
-16.6000,6.7452,0.000001
-16.4000,6.7452,0.000001
-16.2000,6.7452,0.000001
-16.0000,6.7452,0.000001
-15.8000,6.7452,0.000001
-15.6000,6.7452,0.000001
-15.4000,6.7452,0.000001
-15.2000,6.7452,0.000001
-15.0000,6.7452,0.000001
-14.8000,6.7452,0.000001
-14.6000,6.7452,0.000001
-14.4000,6.7452,0.000001
-14.2000,6.7452,0.000001
-14.0000,6.7452,0.000001
-13.8000,6.7452,0.000001
-13.6000,6.7452,0.000001
-13.4000,6.7452,0.000001
-13.2000,6.7452,0.000001
-13.0000,6.7452,0.000002
-12.8000,6.7452,0.000002
-12.6000,6.7452,0.000002
-12.4000,6.7452,0.000002
-12.2000,6.7452,0.000002
-12.0000,6.7452,0.000002
-11.8000,6.7452,0.000003
-11.6000,6.7452,0.000003
-11.4000,6.7452,0.000003
-11.2000,6.7452,0.000004
-11.0000,6.7452,0.000004
-10.8000,6.7452,0.000005
-10.6000,6.7452,0.000005
-10.4000,6.7452,0.000006
-10.2000,6.7452,0.000007
-10.0000,6.7452,0.000009
-9.8000,6.7452,0.000011
-9.6000,6.7452,0.000013
-9.4000,6.7452,0.000016
-9.2000,6.7452,0.000021
-9.0000,6.7452,0.000027
-8.8000,6.7452,0.000035
-8.6000,6.7452,0.000047
-8.4000,6.7452,0.000065
-8.2000,6.7452,0.000092
-8.0000,6.7452,0.000133
-7.8000,6.7452,0.000198
-7.6000,6.7452,0.000303
-7.4000,6.7452,0.000481
-7.2000,6.7452,0.000787
-7.0000,6.7452,0.001334
-6.8000,6.7452,0.002338
-6.6000,6.7452,0.004233
-6.4000,6.7452,0.007896
-6.2000,6.7452,0.015111
-6.0000,6.7452,0.029467
-5.8000,6.7452,0.057999
-5.6000,6.7452,0.113794
-5.4000,6.7452,0.219088
-5.2000,6.7452,0.406260
-5.0000,6.7452,0.710494
-4.8000,6.7452,1.146300
-4.6000,6.7452,1.669991
-4.4000,6.7452,2.156347
-4.2000,6.7452,2.434427
-4.0000,6.7452,2.386797
-3.8000,6.7452,2.034705
-3.6000,6.7452,1.522178
-3.4000,6.7452,1.015683
-3.2000,6.7452,0.617536
-3.0000,6.7452,0.350502
-2.8000,6.7452,0.190367
-2.6000,6.7452,0.101281
-2.4000,6.7452,0.053888
-2.2000,6.7452,0.029174
-2.0000,6.7452,0.016292
-1.8000,6.7452,0.009482
-1.6000,6.7452,0.005794
-1.4000,6.7452,0.003736
-1.2000,6.7452,0.002549
-1.0000,6.7452,0.001843
-0.8000,6.7452,0.001414
-0.6000,6.7452,0.001151
-0.4000,6.7452,0.000994
-0.2000,6.7452,0.000910
0.0000,6.7452,0.000884
0.2000,6.7452,0.000910
0.4000,6.7452,0.000994
0.6000,6.7452,0.001151
0.8000,6.7452,0.001414
1.0000,6.7452,0.001843
1.2000,6.7452,0.002549
1.4000,6.7452,0.003736
1.6000,6.7452,0.005794
1.8000,6.7452,0.009482
2.0000,6.7452,0.016292
2.2000,6.7452,0.029174
2.4000,6.7452,0.053888
2.6000,6.7452,0.101281
2.8000,6.7452,0.190367
3.0000,6.7452,0.350502
3.2000,6.7452,0.617536
3.4000,6.7452,1.015683
3.6000,6.7452,1.522178
3.8000,6.7452,2.034705
4.0000,6.7452,2.386797
4.2000,6.7452,2.434427
4.4000,6.7452,2.156347
4.6000,6.7452,1.669991
4.8000,6.7452,1.146300
5.0000,6.7452,0.710494
5.2000,6.7452,0.406260
5.4000,6.7452,0.219088
5.6000,6.7452,0.113794
5.8000,6.7452,0.057999
6.0000,6.7452,0.029467
6.2000,6.7452,0.015111
6.4000,6.7452,0.007896
6.6000,6.7452,0.004233
6.8000,6.7452,0.002338
7.0000,6.7452,0.001334
7.2000,6.7452,0.000787
7.4000,6.7452,0.000481
7.6000,6.7452,0.000303
7.8000,6.7452,0.000198
8.0000,6.7452,0.000133
8.2000,6.7452,0.000092
8.4000,6.7452,0.000065
8.6000,6.7452,0.000047
8.8000,6.7452,0.000035
9.0000,6.7452,0.000027
9.2000,6.7452,0.000021
9.4000,6.7452,0.000016
9.6000,6.7452,0.000013
9.8000,6.7452,0.000011
10.0000,6.7452,0.000009
10.2000,6.7452,0.000007
10.4000,6.7452,0.000006
10.6000,6.7452,0.000005
10.8000,6.7452,0.000005
11.0000,6.7452,0.000004
11.2000,6.7452,0.000004
11.4000,6.7452,0.000003
11.6000,6.7452,0.000003
11.8000,6.7452,0.000003
12.0000,6.7452,0.000002
12.2000,6.7452,0.000002
12.4000,6.7452,0.000002
12.6000,6.7452,0.000002
12.8000,6.7452,0.000002
13.0000,6.7452,0.000002
13.2000,6.7452,0.000001
13.4000,6.7452,0.000001
13.6000,6.7452,0.000001
13.8000,6.7452,0.000001
14.0000,6.7452,0.000001
14.2000,6.7452,0.000001
14.4000,6.7452,0.000001
14.6000,6.7452,0.000001
14.8000,6.7452,0.000001
15.0000,6.7452,0.000001
15.2000,6.7452,0.000001
15.4000,6.7452,0.000001
15.6000,6.7452,0.000001
15.8000,6.7452,0.000001
16.0000,6.7452,0.000001
16.2000,6.7452,0.000001
16.4000,6.7452,0.000001
16.6000,6.7452,0.000001
16.8000,6.7452,0.000001
17.0000,6.7452,0.000001
17.2000,6.7452,0.000001
17.4000,6.7452,0.000001
17.6000,6.7452,0.000001
17.8000,6.7452,0.000001
18.0000,6.7452,0.000001
18.2000,6.7452,0.000001
18.4000,6.7452,0.000001
18.6000,6.7452,0.000001
18.8000,6.7452,0.000001
19.0000,6.7452,0.000001
19.2000,6.7452,0.000001
19.4000,6.7452,0.000001
19.6000,6.7452,0.000001
19.8000,6.7452,0.000001
20.0000,6.7452,0.000001
-20.0000,6.8474,0.000001
-19.8000,6.8474,0.000001
-19.6000,6.8474,0.000001
-19.4000,6.8474,0.000001
-19.2000,6.8474,0.000001
-19.0000,6.8474,0.000001
-18.8000,6.8474,0.000001
-18.6000,6.8474,0.000001
-18.4000,6.8474,0.000001
-18.2000,6.8474,0.000001
-18.0000,6.8474,0.000001
-17.8000,6.8474,0.000001
-17.6000,6.8474,0.000001
-17.4000,6.8474,0.000001
-17.2000,6.8474,0.000001
-17.0000,6.8474,0.000001
-16.8000,6.8474,0.000001
-16.6000,6.8474,0.000001
-16.4000,6.8474,0.000001
-16.2000,6.8474,0.000001
-16.0000,6.8474,0.000001
-15.8000,6.8474,0.000001
-15.6000,6.8474,0.000001
-15.4000,6.8474,0.000001
-15.2000,6.8474,0.000001
-15.0000,6.8474,0.000001
-14.8000,6.8474,0.000001
-14.6000,6.8474,0.000001
-14.4000,6.8474,0.000001
-14.2000,6.8474,0.000001
-14.0000,6.8474,0.000001
-13.8000,6.8474,0.000001
-13.6000,6.8474,0.000001
-13.4000,6.8474,0.000001
-13.2000,6.8474,0.000002
-13.0000,6.8474,0.000002
-12.8000,6.8474,0.000002
-12.6000,6.8474,0.000002
-12.4000,6.8474,0.000002
-12.2000,6.8474,0.000002
-12.0000,6.8474,0.000002
-11.8000,6.8474,0.000003
-11.6000,6.8474,0.000003
-11.4000,6.8474,0.000003
-11.2000,6.8474,0.000004
-11.0000,6.8474,0.000004
-10.8000,6.8474,0.000005
-10.6000,6.8474,0.000006
-10.4000,6.8474,0.000007
-10.2000,6.8474,0.000008
-10.0000,6.8474,0.000009
-9.8000,6.8474,0.000011
-9.6000,6.8474,0.000014
-9.4000,6.8474,0.000018
-9.2000,6.8474,0.000022
-9.0000,6.8474,0.000029
-8.8000,6.8474,0.000038
-8.6000,6.8474,0.000052
-8.4000,6.8474,0.000072
-8.2000,6.8474,0.000102
-8.0000,6.8474,0.000149
-7.8000,6.8474,0.000224
-7.6000,6.8474,0.000348
-7.4000,6.8474,0.000557
-7.2000,6.8474,0.000923
-7.0000,6.8474,0.001581
-6.8000,6.8474,0.002800
-6.6000,6.8474,0.005121
-6.4000,6.8474,0.009640
-6.2000,6.8474,0.018580
-6.0000,6.8474,0.036394
-5.8000,6.8474,0.071696
-5.6000,6.8474,0.140141
-5.4000,6.8474,0.267300
-5.2000,6.8474,0.487890
-5.0000,6.8474,0.834078
-4.8000,6.8474,1.306368
-4.6000,6.8474,1.836027
-4.4000,6.8474,2.275859
-4.2000,6.8474,2.459287
-4.0000,6.8474,2.306650
-3.8000,6.8474,1.884863
-3.6000,6.8474,1.357376
-3.4000,6.8474,0.877098
-3.2000,6.8474,0.520055
-3.0000,6.8474,0.289961
-2.8000,6.8474,0.155781
-2.6000,6.8474,0.082484
-2.4000,6.8474,0.043896
-2.2000,6.8474,0.023860
-2.0000,6.8474,0.013414
-1.8000,6.8474,0.007872
-1.6000,6.8474,0.004854
-1.4000,6.8474,0.003158
-1.2000,6.8474,0.002173
-1.0000,6.8474,0.001584
-0.8000,6.8474,0.001224
-0.6000,6.8474,0.001001
-0.4000,6.8474,0.000868
-0.2000,6.8474,0.000797
0.0000,6.8474,0.000774
0.2000,6.8474,0.000797
0.4000,6.8474,0.000868
0.6000,6.8474,0.001001
0.8000,6.8474,0.001224
1.0000,6.8474,0.001584
1.2000,6.8474,0.002173
1.4000,6.8474,0.003158
1.6000,6.8474,0.004854
1.8000,6.8474,0.007872
2.0000,6.8474,0.013414
2.2000,6.8474,0.023860
2.4000,6.8474,0.043896
2.6000,6.8474,0.082484
2.8000,6.8474,0.155781
3.0000,6.8474,0.289961
3.2000,6.8474,0.520055
3.4000,6.8474,0.877098
3.6000,6.8474,1.357376
3.8000,6.8474,1.884863
4.0000,6.8474,2.306650
4.2000,6.8474,2.459287
4.4000,6.8474,2.275859
4.6000,6.8474,1.836027
4.8000,6.8474,1.306368
5.0000,6.8474,0.834078
5.2000,6.8474,0.487890
5.4000,6.8474,0.267300
5.6000,6.8474,0.140141
5.8000,6.8474,0.071696
6.0000,6.8474,0.036394
6.2000,6.8474,0.018580
6.4000,6.8474,0.009640
6.6000,6.8474,0.005121
6.8000,6.8474,0.002800
7.0000,6.8474,0.001581
7.2000,6.8474,0.000923
7.4000,6.8474,0.000557
7.6000,6.8474,0.000348
7.8000,6.8474,0.000224
8.0000,6.8474,0.000149
8.2000,6.8474,0.000102
8.4000,6.8474,0.000072
8.6000,6.8474,0.000052
8.8000,6.8474,0.000038
9.0000,6.8474,0.000029
9.2000,6.8474,0.000022
9.4000,6.8474,0.000018
9.6000,6.8474,0.000014
9.8000,6.8474,0.000011
10.0000,6.8474,0.000009
10.2000,6.8474,0.000008
10.4000,6.8474,0.000007
10.6000,6.8474,0.000006
10.8000,6.8474,0.000005
11.0000,6.8474,0.000004
11.2000,6.8474,0.000004
11.4000,6.8474,0.000003
11.6000,6.8474,0.000003
11.8000,6.8474,0.000003
12.0000,6.8474,0.000002
12.2000,6.8474,0.000002
12.4000,6.8474,0.000002
12.6000,6.8474,0.000002
12.8000,6.8474,0.000002
13.0000,6.8474,0.000002
13.2000,6.8474,0.000002
13.4000,6.8474,0.000001
13.6000,6.8474,0.000001
13.8000,6.8474,0.000001
14.0000,6.8474,0.000001
14.2000,6.8474,0.000001
14.4000,6.8474,0.000001
14.6000,6.8474,0.000001
14.8000,6.8474,0.000001
15.0000,6.8474,0.000001
15.2000,6.8474,0.000001
15.4000,6.8474,0.000001
15.6000,6.8474,0.000001
15.8000,6.8474,0.000001
16.0000,6.8474,0.000001
16.2000,6.8474,0.000001
16.4000,6.8474,0.000001
16.6000,6.8474,0.000001
16.8000,6.8474,0.000001
17.0000,6.8474,0.000001
17.2000,6.8474,0.000001
17.4000,6.8474,0.000001
17.6000,6.8474,0.000001
17.8000,6.8474,0.000001
18.0000,6.8474,0.000001
18.2000,6.8474,0.000001
18.4000,6.8474,0.000001
18.6000,6.8474,0.000001
18.8000,6.8474,0.000001
19.0000,6.8474,0.000001
19.2000,6.8474,0.000001
19.4000,6.8474,0.000001
19.6000,6.8474,0.000001
19.8000,6.8474,0.000001
20.0000,6.8474,0.000001
-20.0000,6.9496,0.000001
-19.8000,6.9496,0.000001
-19.6000,6.9496,0.000001
-19.4000,6.9496,0.000001
-19.2000,6.9496,0.000001
-19.0000,6.9496,0.000001
-18.8000,6.9496,0.000001
-18.6000,6.9496,0.000001
-18.4000,6.9496,0.000001
-18.2000,6.9496,0.000001
-18.0000,6.9496,0.000001
-17.8000,6.9496,0.000001
-17.6000,6.9496,0.000001
-17.4000,6.9496,0.000001
-17.2000,6.9496,0.000001
-17.0000,6.9496,0.000001
-16.8000,6.9496,0.000001
-16.6000,6.9496,0.000001
-16.4000,6.9496,0.000001
-16.2000,6.9496,0.000001
-16.0000,6.9496,0.000001
-15.8000,6.9496,0.000001
-15.6000,6.9496,0.000001
-15.4000,6.9496,0.000001
-15.2000,6.9496,0.000001
-15.0000,6.9496,0.000001
-14.8000,6.9496,0.000001
-14.6000,6.9496,0.000001
-14.4000,6.9496,0.000001
-14.2000,6.9496,0.000001
-14.0000,6.9496,0.000001
-13.8000,6.9496,0.000001
-13.6000,6.9496,0.000001
-13.4000,6.9496,0.000001
-13.2000,6.9496,0.000002
-13.0000,6.9496,0.000002
-12.8000,6.9496,0.000002
-12.6000,6.9496,0.000002
-12.4000,6.9496,0.000002
-12.2000,6.9496,0.000002
-12.0000,6.9496,0.000003
-11.8000,6.9496,0.000003
-11.6000,6.9496,0.000003
-11.4000,6.9496,0.000003
-11.2000,6.9496,0.000004
-11.0000,6.9496,0.000004
-10.8000,6.9496,0.000005
-10.6000,6.9496,0.000006
-10.4000,6.9496,0.000007
-10.2000,6.9496,0.000008
-10.0000,6.9496,0.000010
-9.8000,6.9496,0.000012
-9.6000,6.9496,0.000015
-9.4000,6.9496,0.000019
-9.2000,6.9496,0.000024
-9.0000,6.9496,0.000031
-8.8000,6.9496,0.000042
-8.6000,6.9496,0.000057
-8.4000,6.9496,0.000080
-8.2000,6.9496,0.000114
-8.0000,6.9496,0.000168
-7.8000,6.9496,0.000256
-7.6000,6.9496,0.000401
-7.4000,6.9496,0.000648
-7.2000,6.9496,0.001085
-7.0000,6.9496,0.001880
-6.8000,6.9496,0.003366
-6.6000,6.9496,0.006216
-6.4000,6.9496,0.011801
-6.2000,6.9496,0.022891
-6.0000,6.9496,0.044993
-5.8000,6.9496,0.088592
-5.6000,6.9496,0.172228
-5.4000,6.9496,0.324797
-5.2000,6.9496,0.582279
-5.0000,6.9496,0.970905
-4.8000,6.9496,1.473163
-4.6000,6.9496,1.993935
-4.4000,6.9496,2.369921
-4.2000,6.9496,2.450148
-4.0000,6.9496,2.199221
-3.8000,6.9496,1.724451
-3.6000,6.9496,1.197452
-3.4000,6.9496,0.750856
-3.2000,6.9496,0.435127
-3.0000,6.9496,0.238839
-2.8000,6.9496,0.127172
-2.6000,6.9496,0.067123
-2.4000,6.9496,0.035774
-2.2000,6.9496,0.019542
-2.0000,6.9496,0.011066
-1.8000,6.9496,0.006551
-1.6000,6.9496,0.004077
-1.4000,6.9496,0.002677
-1.2000,6.9496,0.001858
-1.0000,6.9496,0.001365
-0.8000,6.9496,0.001061
-0.6000,6.9496,0.000873
-0.4000,6.9496,0.000760
-0.2000,6.9496,0.000699
0.0000,6.9496,0.000680
0.2000,6.9496,0.000699
0.4000,6.9496,0.000760
0.6000,6.9496,0.000873
0.8000,6.9496,0.001061
1.0000,6.9496,0.001365
1.2000,6.9496,0.001858
1.4000,6.9496,0.002677
1.6000,6.9496,0.004077
1.8000,6.9496,0.006551
2.0000,6.9496,0.011066
2.2000,6.9496,0.019542
2.4000,6.9496,0.035774
2.6000,6.9496,0.067123
2.8000,6.9496,0.127172
3.0000,6.9496,0.238839
3.2000,6.9496,0.435127
3.4000,6.9496,0.750856
3.6000,6.9496,1.197452
3.8000,6.9496,1.724451
4.0000,6.9496,2.199221
4.2000,6.9496,2.450148
4.4000,6.9496,2.369921
4.6000,6.9496,1.993935
4.8000,6.9496,1.473163
5.0000,6.9496,0.970905
5.2000,6.9496,0.582279
5.4000,6.9496,0.324797
5.6000,6.9496,0.172228
5.8000,6.9496,0.088592
6.0000,6.9496,0.044993
6.2000,6.9496,0.022891
6.4000,6.9496,0.011801
6.6000,6.9496,0.006216
6.8000,6.9496,0.003366
7.0000,6.9496,0.001880
7.2000,6.9496,0.001085
7.4000,6.9496,0.000648
7.6000,6.9496,0.000401
7.8000,6.9496,0.000256
8.0000,6.9496,0.000168
8.2000,6.9496,0.000114
8.4000,6.9496,0.000080
8.6000,6.9496,0.000057
8.8000,6.9496,0.000042
9.0000,6.9496,0.000031
9.2000,6.9496,0.000024
9.4000,6.9496,0.000019
9.6000,6.9496,0.000015
9.8000,6.9496,0.000012
10.0000,6.9496,0.000010
10.2000,6.9496,0.000008
10.4000,6.9496,0.000007
10.6000,6.9496,0.000006
10.8000,6.9496,0.000005
11.0000,6.9496,0.000004
11.2000,6.9496,0.000004
11.4000,6.9496,0.000003
11.6000,6.9496,0.000003
11.8000,6.9496,0.000003
12.0000,6.9496,0.000003
12.2000,6.9496,0.000002
12.4000,6.9496,0.000002
12.6000,6.9496,0.000002
12.8000,6.9496,0.000002
13.0000,6.9496,0.000002
13.2000,6.9496,0.000002
13.4000,6.9496,0.000001
13.6000,6.9496,0.000001
13.8000,6.9496,0.000001
14.0000,6.9496,0.000001
14.2000,6.9496,0.000001
14.4000,6.9496,0.000001
14.6000,6.9496,0.000001
14.8000,6.9496,0.000001
15.0000,6.9496,0.000001
15.2000,6.9496,0.000001
15.4000,6.9496,0.000001
15.6000,6.9496,0.000001
15.8000,6.9496,0.000001
16.0000,6.9496,0.000001
16.2000,6.9496,0.000001
16.4000,6.9496,0.000001
16.6000,6.9496,0.000001
16.8000,6.9496,0.000001
17.0000,6.9496,0.000001
17.2000,6.9496,0.000001
17.4000,6.9496,0.000001
17.6000,6.9496,0.000001
17.8000,6.9496,0.000001
18.0000,6.9496,0.000001
18.2000,6.9496,0.000001
18.4000,6.9496,0.000001
18.6000,6.9496,0.000001
18.8000,6.9496,0.000001
19.0000,6.9496,0.000001
19.2000,6.9496,0.000001
19.4000,6.9496,0.000001
19.6000,6.9496,0.000001
19.8000,6.9496,0.000001
20.0000,6.9496,0.000001
-20.0000,7.0518,0.000001
-19.8000,7.0518,0.000001
-19.6000,7.0518,0.000001
-19.4000,7.0518,0.000001
-19.2000,7.0518,0.000001
-19.0000,7.0518,0.000001
-18.8000,7.0518,0.000001
-18.6000,7.0518,0.000001
-18.4000,7.0518,0.000001
-18.2000,7.0518,0.000001
-18.0000,7.0518,0.000001
-17.8000,7.0518,0.000001
-17.6000,7.0518,0.000001
-17.4000,7.0518,0.000001
-17.2000,7.0518,0.000001
-17.0000,7.0518,0.000001
-16.8000,7.0518,0.000001
-16.6000,7.0518,0.000001
-16.4000,7.0518,0.000001
-16.2000,7.0518,0.000001
-16.0000,7.0518,0.000001
-15.8000,7.0518,0.000001
-15.6000,7.0518,0.000001
-15.4000,7.0518,0.000001
-15.2000,7.0518,0.000001
-15.0000,7.0518,0.000001
-14.8000,7.0518,0.000001
-14.6000,7.0518,0.000001
-14.4000,7.0518,0.000001
-14.2000,7.0518,0.000001
-14.0000,7.0518,0.000001
-13.8000,7.0518,0.000001
-13.6000,7.0518,0.000001
-13.4000,7.0518,0.000001
-13.2000,7.0518,0.000002
-13.0000,7.0518,0.000002
-12.8000,7.0518,0.000002
-12.6000,7.0518,0.000002
-12.4000,7.0518,0.000002
-12.2000,7.0518,0.000002
-12.0000,7.0518,0.000003
-11.8000,7.0518,0.000003
-11.6000,7.0518,0.000003
-11.4000,7.0518,0.000004
-11.2000,7.0518,0.000004
-11.0000,7.0518,0.000005
-10.8000,7.0518,0.000005
-10.6000,7.0518,0.000006
-10.4000,7.0518,0.000007
-10.2000,7.0518,0.000009
-10.0000,7.0518,0.000011
-9.8000,7.0518,0.000013
-9.6000,7.0518,0.000016
-9.4000,7.0518,0.000020
-9.2000,7.0518,0.000026
-9.0000,7.0518,0.000034
-8.8000,7.0518,0.000046
-8.6000,7.0518,0.000063
-8.4000,7.0518,0.000089
-8.2000,7.0518,0.000128
-8.0000,7.0518,0.000191
-7.8000,7.0518,0.000292
-7.6000,7.0518,0.000463
-7.4000,7.0518,0.000757
-7.2000,7.0518,0.001282
-7.0000,7.0518,0.002244
-6.8000,7.0518,0.004059
-6.6000,7.0518,0.007569
-6.4000,7.0518,0.014483
-6.2000,7.0518,0.028251
-6.0000,7.0518,0.055655
-5.8000,7.0518,0.109370
-5.6000,7.0518,0.211090
-5.4000,7.0518,0.392792
-5.2000,7.0518,0.690111
-5.0000,7.0518,1.119878
-4.8000,7.0518,1.642832
-4.6000,7.0518,2.138054
-4.4000,7.0518,2.434372
-4.2000,7.0518,2.407440
-4.0000,7.0518,2.069143
-3.8000,7.0518,1.558894
-3.6000,7.0518,1.045687
-3.4000,7.0518,0.637642
-3.2000,7.0518,0.361957
-3.0000,7.0518,0.195999
-2.8000,7.0518,0.103623
-2.6000,7.0518,0.054603
-2.4000,7.0518,0.029179
-2.2000,7.0518,0.016031
-2.0000,7.0518,0.009150
-1.8000,7.0518,0.005466
-1.6000,7.0518,0.003434
-1.4000,7.0518,0.002275
-1.2000,7.0518,0.001593
-1.0000,7.0518,0.001179
-0.8000,7.0518,0.000923
-0.6000,7.0518,0.000763
-0.4000,7.0518,0.000666
-0.2000,7.0518,0.000615
0.0000,7.0518,0.000598
0.2000,7.0518,0.000615
0.4000,7.0518,0.000666
0.6000,7.0518,0.000763
0.8000,7.0518,0.000923
1.0000,7.0518,0.001179
1.2000,7.0518,0.001593
1.4000,7.0518,0.002275
1.6000,7.0518,0.003434
1.8000,7.0518,0.005466
2.0000,7.0518,0.009150
2.2000,7.0518,0.016031
2.4000,7.0518,0.029179
2.6000,7.0518,0.054603
2.8000,7.0518,0.103623
3.0000,7.0518,0.195999
3.2000,7.0518,0.361957
3.4000,7.0518,0.637642
3.6000,7.0518,1.045687
3.8000,7.0518,1.558894
4.0000,7.0518,2.069143
4.2000,7.0518,2.407440
4.4000,7.0518,2.434372
4.6000,7.0518,2.138054
4.8000,7.0518,1.642832
5.0000,7.0518,1.119878
5.2000,7.0518,0.690111
5.4000,7.0518,0.392792
5.6000,7.0518,0.211090
5.8000,7.0518,0.109370
6.0000,7.0518,0.055655
6.2000,7.0518,0.028251
6.4000,7.0518,0.014483
6.6000,7.0518,0.007569
6.8000,7.0518,0.004059
7.0000,7.0518,0.002244
7.2000,7.0518,0.001282
7.4000,7.0518,0.000757
7.6000,7.0518,0.000463
7.8000,7.0518,0.000292
8.0000,7.0518,0.000191
8.2000,7.0518,0.000128
8.4000,7.0518,0.000089
8.6000,7.0518,0.000063
8.8000,7.0518,0.000046
9.0000,7.0518,0.000034
9.2000,7.0518,0.000026
9.4000,7.0518,0.000020
9.6000,7.0518,0.000016
9.8000,7.0518,0.000013
10.0000,7.0518,0.000011
10.2000,7.0518,0.000009
10.4000,7.0518,0.000007
10.6000,7.0518,0.000006
10.8000,7.0518,0.000005
11.0000,7.0518,0.000005
11.2000,7.0518,0.000004
11.4000,7.0518,0.000004
11.6000,7.0518,0.000003
11.8000,7.0518,0.000003
12.0000,7.0518,0.000003
12.2000,7.0518,0.000002
12.4000,7.0518,0.000002
12.6000,7.0518,0.000002
12.8000,7.0518,0.000002
13.0000,7.0518,0.000002
13.2000,7.0518,0.000002
13.4000,7.0518,0.000001
13.6000,7.0518,0.000001
13.8000,7.0518,0.000001
14.0000,7.0518,0.000001
14.2000,7.0518,0.000001
14.4000,7.0518,0.000001
14.6000,7.0518,0.000001
14.8000,7.0518,0.000001
15.0000,7.0518,0.000001
15.2000,7.0518,0.000001
15.4000,7.0518,0.000001
15.6000,7.0518,0.000001
15.8000,7.0518,0.000001
16.0000,7.0518,0.000001
16.2000,7.0518,0.000001
16.4000,7.0518,0.000001
16.6000,7.0518,0.000001
16.8000,7.0518,0.000001
17.0000,7.0518,0.000001
17.2000,7.0518,0.000001
17.4000,7.0518,0.000001
17.6000,7.0518,0.000001
17.8000,7.0518,0.000001
18.0000,7.0518,0.000001
18.2000,7.0518,0.000001
18.4000,7.0518,0.000001
18.6000,7.0518,0.000001
18.8000,7.0518,0.000001
19.0000,7.0518,0.000001
19.2000,7.0518,0.000001
19.4000,7.0518,0.000001
19.6000,7.0518,0.000001
19.8000,7.0518,0.000001
20.0000,7.0518,0.000001
-20.0000,7.1540,0.000001
-19.8000,7.1540,0.000001
-19.6000,7.1540,0.000001
-19.4000,7.1540,0.000001
-19.2000,7.1540,0.000001
-19.0000,7.1540,0.000001
-18.8000,7.1540,0.000001
-18.6000,7.1540,0.000001
-18.4000,7.1540,0.000001
-18.2000,7.1540,0.000001
-18.0000,7.1540,0.000001
-17.8000,7.1540,0.000001
-17.6000,7.1540,0.000001
-17.4000,7.1540,0.000001
-17.2000,7.1540,0.000001
-17.0000,7.1540,0.000001
-16.8000,7.1540,0.000001
-16.6000,7.1540,0.000001
-16.4000,7.1540,0.000001
-16.2000,7.1540,0.000001
-16.0000,7.1540,0.000001
-15.8000,7.1540,0.000001
-15.6000,7.1540,0.000001
-15.4000,7.1540,0.000001
-15.2000,7.1540,0.000001
-15.0000,7.1540,0.000001
-14.8000,7.1540,0.000001
-14.6000,7.1540,0.000001
-14.4000,7.1540,0.000001
-14.2000,7.1540,0.000001
-14.0000,7.1540,0.000001
-13.8000,7.1540,0.000001
-13.6000,7.1540,0.000001
-13.4000,7.1540,0.000002
-13.2000,7.1540,0.000002
-13.0000,7.1540,0.000002
-12.8000,7.1540,0.000002
-12.6000,7.1540,0.000002
-12.4000,7.1540,0.000002
-12.2000,7.1540,0.000002
-12.0000,7.1540,0.000003
-11.8000,7.1540,0.000003
-11.6000,7.1540,0.000003
-11.4000,7.1540,0.000004
-11.2000,7.1540,0.000004
-11.0000,7.1540,0.000005
-10.8000,7.1540,0.000006
-10.6000,7.1540,0.000007
-10.4000,7.1540,0.000008
-10.2000,7.1540,0.000009
-10.0000,7.1540,0.000011
-9.8000,7.1540,0.000014
-9.6000,7.1540,0.000017
-9.4000,7.1540,0.000022
-9.2000,7.1540,0.000028
-9.0000,7.1540,0.000037
-8.8000,7.1540,0.000050
-8.6000,7.1540,0.000070
-8.4000,7.1540,0.000099
-8.2000,7.1540,0.000144
-8.0000,7.1540,0.000217
-7.8000,7.1540,0.000335
-7.6000,7.1540,0.000536
-7.4000,7.1540,0.000887
-7.2000,7.1540,0.001519
-7.0000,7.1540,0.002688
-6.8000,7.1540,0.004913
-6.6000,7.1540,0.009244
-6.4000,7.1540,0.017816
-6.2000,7.1540,0.034913
-6.0000,7.1540,0.068851
-5.8000,7.1540,0.134823
-5.6000,7.1540,0.257858
-5.4000,7.1540,0.472438
-5.2000,7.1540,0.811663
-5.0000,7.1540,1.279078
-4.8000,7.1540,1.810721
-4.6000,7.1540,2.262763
-4.4000,7.1540,2.466269
-4.2000,7.1540,2.333142
-4.0000,7.1540,1.921721
-3.8000,7.1540,1.393159
-3.6000,7.1540,0.904496
-3.4000,7.1540,0.537533
-3.2000,7.1540,0.299543
-3.0000,7.1540,0.160343
-2.8000,7.1540,0.084319
-2.6000,7.1540,0.044421
-2.4000,7.1540,0.023826
-2.2000,7.1540,0.013176
-2.0000,7.1540,0.007583
-1.8000,7.1540,0.004572
-1.6000,7.1540,0.002899
-1.4000,7.1540,0.001939
-1.2000,7.1540,0.001369
-1.0000,7.1540,0.001021
-0.8000,7.1540,0.000804
-0.6000,7.1540,0.000668
-0.4000,7.1540,0.000586
-0.2000,7.1540,0.000541
0.0000,7.1540,0.000527
0.2000,7.1540,0.000541
0.4000,7.1540,0.000586
0.6000,7.1540,0.000668
0.8000,7.1540,0.000804
1.0000,7.1540,0.001021
1.2000,7.1540,0.001369
1.4000,7.1540,0.001939
1.6000,7.1540,0.002899
1.8000,7.1540,0.004572
2.0000,7.1540,0.007583
2.2000,7.1540,0.013176
2.4000,7.1540,0.023826
2.6000,7.1540,0.044421
2.8000,7.1540,0.084319
3.0000,7.1540,0.160343
3.2000,7.1540,0.299543
3.4000,7.1540,0.537533
3.6000,7.1540,0.904496
3.8000,7.1540,1.393159
4.0000,7.1540,1.921721
4.2000,7.1540,2.333142
4.4000,7.1540,2.466269
4.6000,7.1540,2.262763
4.8000,7.1540,1.810721
5.0000,7.1540,1.279078
5.2000,7.1540,0.811663
5.4000,7.1540,0.472438
5.6000,7.1540,0.257858
5.8000,7.1540,0.134823
6.0000,7.1540,0.068851
6.2000,7.1540,0.034913
6.4000,7.1540,0.017816
6.6000,7.1540,0.009244
6.8000,7.1540,0.004913
7.0000,7.1540,0.002688
7.2000,7.1540,0.001519
7.4000,7.1540,0.000887
7.6000,7.1540,0.000536
7.8000,7.1540,0.000335
8.0000,7.1540,0.000217
8.2000,7.1540,0.000144
8.4000,7.1540,0.000099
8.6000,7.1540,0.000070
8.8000,7.1540,0.000050
9.0000,7.1540,0.000037
9.2000,7.1540,0.000028
9.4000,7.1540,0.000022
9.6000,7.1540,0.000017
9.8000,7.1540,0.000014
10.0000,7.1540,0.000011
10.2000,7.1540,0.000009
10.4000,7.1540,0.000008
10.6000,7.1540,0.000007
10.8000,7.1540,0.000006
11.0000,7.1540,0.000005
11.2000,7.1540,0.000004
11.4000,7.1540,0.000004
11.6000,7.1540,0.000003
11.8000,7.1540,0.000003
12.0000,7.1540,0.000003
12.2000,7.1540,0.000002
12.4000,7.1540,0.000002
12.6000,7.1540,0.000002
12.8000,7.1540,0.000002
13.0000,7.1540,0.000002
13.2000,7.1540,0.000002
13.4000,7.1540,0.000002
13.6000,7.1540,0.000001
13.8000,7.1540,0.000001
14.0000,7.1540,0.000001
14.2000,7.1540,0.000001
14.4000,7.1540,0.000001
14.6000,7.1540,0.000001
14.8000,7.1540,0.000001
15.0000,7.1540,0.000001
15.2000,7.1540,0.000001
15.4000,7.1540,0.000001
15.6000,7.1540,0.000001
15.8000,7.1540,0.000001
16.0000,7.1540,0.000001
16.2000,7.1540,0.000001
16.4000,7.1540,0.000001
16.6000,7.1540,0.000001
16.8000,7.1540,0.000001
17.0000,7.1540,0.000001
17.2000,7.1540,0.000001
17.4000,7.1540,0.000001
17.6000,7.1540,0.000001
17.8000,7.1540,0.000001
18.0000,7.1540,0.000001
18.2000,7.1540,0.000001
18.4000,7.1540,0.000001
18.6000,7.1540,0.000001
18.8000,7.1540,0.000001
19.0000,7.1540,0.000001
19.2000,7.1540,0.000001
19.4000,7.1540,0.000001
19.6000,7.1540,0.000001
19.8000,7.1540,0.000001
20.0000,7.1540,0.000001
-20.0000,7.2562,0.000001
-19.8000,7.2562,0.000001
-19.6000,7.2562,0.000001
-19.4000,7.2562,0.000001
-19.2000,7.2562,0.000001
-19.0000,7.2562,0.000001
-18.8000,7.2562,0.000001
-18.6000,7.2562,0.000001
-18.4000,7.2562,0.000001
-18.2000,7.2562,0.000001
-18.0000,7.2562,0.000001
-17.8000,7.2562,0.000001
-17.6000,7.2562,0.000001
-17.4000,7.2562,0.000001
-17.2000,7.2562,0.000001
-17.0000,7.2562,0.000001
-16.8000,7.2562,0.000001
-16.6000,7.2562,0.000001
-16.4000,7.2562,0.000001
-16.2000,7.2562,0.000001
-16.0000,7.2562,0.000001
-15.8000,7.2562,0.000001
-15.6000,7.2562,0.000001
-15.4000,7.2562,0.000001
-15.2000,7.2562,0.000001
-15.0000,7.2562,0.000001
-14.8000,7.2562,0.000001
-14.6000,7.2562,0.000001
-14.4000,7.2562,0.000001
-14.2000,7.2562,0.000001
-14.0000,7.2562,0.000001
-13.8000,7.2562,0.000001
-13.6000,7.2562,0.000001
-13.4000,7.2562,0.000002
-13.2000,7.2562,0.000002
-13.0000,7.2562,0.000002
-12.8000,7.2562,0.000002
-12.6000,7.2562,0.000002
-12.4000,7.2562,0.000002
-12.2000,7.2562,0.000002
-12.0000,7.2562,0.000003
-11.8000,7.2562,0.000003
-11.6000,7.2562,0.000003
-11.4000,7.2562,0.000004
-11.2000,7.2562,0.000004
-11.0000,7.2562,0.000005
-10.8000,7.2562,0.000006
-10.6000,7.2562,0.000007
-10.4000,7.2562,0.000008
-10.2000,7.2562,0.000010
-10.0000,7.2562,0.000012
-9.8000,7.2562,0.000015
-9.6000,7.2562,0.000018
-9.4000,7.2562,0.000023
-9.2000,7.2562,0.000031
-9.0000,7.2562,0.000041
-8.8000,7.2562,0.000055
-8.6000,7.2562,0.000077
-8.4000,7.2562,0.000111
-8.2000,7.2562,0.000163
-8.0000,7.2562,0.000247
-7.8000,7.2562,0.000386
-7.6000,7.2562,0.000624
-7.4000,7.2562,0.001044
-7.2000,7.2562,0.001807
-7.0000,7.2562,0.003232
-6.8000,7.2562,0.005965
-6.6000,7.2562,0.011321
-6.4000,7.2562,0.021961
-6.2000,7.2562,0.043189
-6.0000,7.2562,0.085144
-5.8000,7.2562,0.165860
-5.6000,7.2562,0.313728
-5.4000,7.2562,0.564746
-5.2000,7.2562,0.946663
-5.0000,7.2562,1.445702
-4.8000,7.2562,1.971547
-4.6000,7.2562,2.362865
-4.4000,7.2562,2.464131
-4.2000,7.2562,2.230620
-4.0000,7.2562,1.762542
-3.8000,7.2562,1.231534
-3.6000,7.2562,0.775458
-3.4000,7.2562,0.450130
-3.2000,7.2562,0.246777
-3.0000,7.2562,0.130840
-2.8000,7.2562,0.068551
-2.6000,7.2562,0.036153
-2.4000,7.2562,0.019482
-2.2000,7.2562,0.010851
-2.0000,7.2562,0.006300
-1.8000,7.2562,0.003834
-1.6000,7.2562,0.002455
-1.4000,7.2562,0.001657
-1.2000,7.2562,0.001180
-1.0000,7.2562,0.000887
-0.8000,7.2562,0.000702
-0.6000,7.2562,0.000587
-0.4000,7.2562,0.000516
-0.2000,7.2562,0.000478
0.0000,7.2562,0.000466
0.2000,7.2562,0.000478
0.4000,7.2562,0.000516
0.6000,7.2562,0.000587
0.8000,7.2562,0.000702
1.0000,7.2562,0.000887
1.2000,7.2562,0.001180
1.4000,7.2562,0.001657
1.6000,7.2562,0.002455
1.8000,7.2562,0.003834
2.0000,7.2562,0.006300
2.2000,7.2562,0.010851
2.4000,7.2562,0.019482
2.6000,7.2562,0.036153
2.8000,7.2562,0.068551
3.0000,7.2562,0.130840
3.2000,7.2562,0.246777
3.4000,7.2562,0.450130
3.6000,7.2562,0.775458
3.8000,7.2562,1.231534
4.0000,7.2562,1.762542
4.2000,7.2562,2.230620
4.4000,7.2562,2.464131
4.6000,7.2562,2.362865
4.8000,7.2562,1.971547
5.0000,7.2562,1.445702
5.2000,7.2562,0.946663
5.4000,7.2562,0.564746
5.6000,7.2562,0.313728
5.8000,7.2562,0.165860
6.0000,7.2562,0.085144
6.2000,7.2562,0.043189
6.4000,7.2562,0.021961
6.6000,7.2562,0.011321
6.8000,7.2562,0.005965
7.0000,7.2562,0.003232
7.2000,7.2562,0.001807
7.4000,7.2562,0.001044
7.6000,7.2562,0.000624
7.8000,7.2562,0.000386
8.0000,7.2562,0.000247
8.2000,7.2562,0.000163
8.4000,7.2562,0.000111
8.6000,7.2562,0.000077
8.8000,7.2562,0.000055
9.0000,7.2562,0.000041
9.2000,7.2562,0.000031
9.4000,7.2562,0.000023
9.6000,7.2562,0.000018
9.8000,7.2562,0.000015
10.0000,7.2562,0.000012
10.2000,7.2562,0.000010
10.4000,7.2562,0.000008
10.6000,7.2562,0.000007
10.8000,7.2562,0.000006
11.0000,7.2562,0.000005
11.2000,7.2562,0.000004
11.4000,7.2562,0.000004
11.6000,7.2562,0.000003
11.8000,7.2562,0.000003
12.0000,7.2562,0.000003
12.2000,7.2562,0.000002
12.4000,7.2562,0.000002
12.6000,7.2562,0.000002
12.8000,7.2562,0.000002
13.0000,7.2562,0.000002
13.2000,7.2562,0.000002
13.4000,7.2562,0.000002
13.6000,7.2562,0.000001
13.8000,7.2562,0.000001
14.0000,7.2562,0.000001
14.2000,7.2562,0.000001
14.4000,7.2562,0.000001
14.6000,7.2562,0.000001
14.8000,7.2562,0.000001
15.0000,7.2562,0.000001
15.2000,7.2562,0.000001
15.4000,7.2562,0.000001
15.6000,7.2562,0.000001
15.8000,7.2562,0.000001
16.0000,7.2562,0.000001
16.2000,7.2562,0.000001
16.4000,7.2562,0.000001
16.6000,7.2562,0.000001
16.8000,7.2562,0.000001
17.0000,7.2562,0.000001
17.2000,7.2562,0.000001
17.4000,7.2562,0.000001
17.6000,7.2562,0.000001
17.8000,7.2562,0.000001
18.0000,7.2562,0.000001
18.2000,7.2562,0.000001
18.4000,7.2562,0.000001
18.6000,7.2562,0.000001
18.8000,7.2562,0.000001
19.0000,7.2562,0.000001
19.2000,7.2562,0.000001
19.4000,7.2562,0.000001
19.6000,7.2562,0.000001
19.8000,7.2562,0.000001
20.0000,7.2562,0.000001
-20.0000,7.3584,0.000001
-19.8000,7.3584,0.000001
-19.6000,7.3584,0.000001
-19.4000,7.3584,0.000001
-19.2000,7.3584,0.000001
-19.0000,7.3584,0.000001
-18.8000,7.3584,0.000001
-18.6000,7.3584,0.000001
-18.4000,7.3584,0.000001
-18.2000,7.3584,0.000001
-18.0000,7.3584,0.000001
-17.8000,7.3584,0.000001
-17.6000,7.3584,0.000001
-17.4000,7.3584,0.000001
-17.2000,7.3584,0.000001
-17.0000,7.3584,0.000001
-16.8000,7.3584,0.000001
-16.6000,7.3584,0.000001
-16.4000,7.3584,0.000001
-16.2000,7.3584,0.000001
-16.0000,7.3584,0.000001
-15.8000,7.3584,0.000001
-15.6000,7.3584,0.000001
-15.4000,7.3584,0.000001
-15.2000,7.3584,0.000001
-15.0000,7.3584,0.000001
-14.8000,7.3584,0.000001
-14.6000,7.3584,0.000001
-14.4000,7.3584,0.000001
-14.2000,7.3584,0.000001
-14.0000,7.3584,0.000001
-13.8000,7.3584,0.000001
-13.6000,7.3584,0.000001
-13.4000,7.3584,0.000002
-13.2000,7.3584,0.000002
-13.0000,7.3584,0.000002
-12.8000,7.3584,0.000002
-12.6000,7.3584,0.000002
-12.4000,7.3584,0.000002
-12.2000,7.3584,0.000003
-12.0000,7.3584,0.000003
-11.8000,7.3584,0.000003
-11.6000,7.3584,0.000004
-11.4000,7.3584,0.000004
-11.2000,7.3584,0.000005
-11.0000,7.3584,0.000005
-10.8000,7.3584,0.000006
-10.6000,7.3584,0.000007
-10.4000,7.3584,0.000009
-10.2000,7.3584,0.000010
-10.0000,7.3584,0.000013
-9.8000,7.3584,0.000016
-9.6000,7.3584,0.000020
-9.4000,7.3584,0.000025
-9.2000,7.3584,0.000033
-9.0000,7.3584,0.000045
-8.8000,7.3584,0.000061
-8.6000,7.3584,0.000086
-8.4000,7.3584,0.000124
-8.2000,7.3584,0.000184
-8.0000,7.3584,0.000282
-7.8000,7.3584,0.000446
-7.6000,7.3584,0.000729
-7.4000,7.3584,0.001233
-7.2000,7.3584,0.002157
-7.0000,7.3584,0.003899
-6.8000,7.3584,0.007266
-6.6000,7.3584,0.013899
-6.4000,7.3584,0.027116
-6.2000,7.3584,0.053456
-6.0000,7.3584,0.105199
-5.8000,7.3584,0.203502
-5.6000,7.3584,0.379922
-5.4000,7.3584,0.670467
-5.2000,7.3584,1.094152
-5.0000,7.3584,1.616048
-4.8000,7.3584,2.119661
-4.6000,7.3584,2.433975
-4.4000,7.3584,2.428065
-4.2000,7.3584,2.104342
-4.0000,7.3584,1.597107
-3.8000,7.3584,1.077490
-3.6000,7.3584,0.659399
-3.4000,7.3584,0.374688
-3.2000,7.3584,0.202520
-3.0000,7.3584,0.106553
-2.8000,7.3584,0.055706
-2.6000,7.3584,0.029446
-2.4000,7.3584,0.015956
-2.2000,7.3584,0.008957
-2.0000,7.3584,0.005248
-1.8000,7.3584,0.003225
-1.6000,7.3584,0.002085
-1.4000,7.3584,0.001420
-1.2000,7.3584,0.001020
-1.0000,7.3584,0.000772
-0.8000,7.3584,0.000615
-0.6000,7.3584,0.000516
-0.4000,7.3584,0.000456
-0.2000,7.3584,0.000423
0.0000,7.3584,0.000413
0.2000,7.3584,0.000423
0.4000,7.3584,0.000456
0.6000,7.3584,0.000516
0.8000,7.3584,0.000615
1.0000,7.3584,0.000772
1.2000,7.3584,0.001020
1.4000,7.3584,0.001420
1.6000,7.3584,0.002085
1.8000,7.3584,0.003225
2.0000,7.3584,0.005248
2.2000,7.3584,0.008957
2.4000,7.3584,0.015956
2.6000,7.3584,0.029446
2.8000,7.3584,0.055706
3.0000,7.3584,0.106553
3.2000,7.3584,0.202520
3.4000,7.3584,0.374688
3.6000,7.3584,0.659399
3.8000,7.3584,1.077490
4.0000,7.3584,1.597107
4.2000,7.3584,2.104342
4.4000,7.3584,2.428065
4.6000,7.3584,2.433975
4.8000,7.3584,2.119661
5.0000,7.3584,1.616048
5.2000,7.3584,1.094152
5.4000,7.3584,0.670467
5.6000,7.3584,0.379922
5.8000,7.3584,0.203502
6.0000,7.3584,0.105199
6.2000,7.3584,0.053456
6.4000,7.3584,0.027116
6.6000,7.3584,0.013899
6.8000,7.3584,0.007266
7.0000,7.3584,0.003899
7.2000,7.3584,0.002157
7.4000,7.3584,0.001233
7.6000,7.3584,0.000729
7.8000,7.3584,0.000446
8.0000,7.3584,0.000282
8.2000,7.3584,0.000184
8.4000,7.3584,0.000124
8.6000,7.3584,0.000086
8.8000,7.3584,0.000061
9.0000,7.3584,0.000045
9.2000,7.3584,0.000033
9.4000,7.3584,0.000025
9.6000,7.3584,0.000020
9.8000,7.3584,0.000016
10.0000,7.3584,0.000013
10.2000,7.3584,0.000010
10.4000,7.3584,0.000009
10.6000,7.3584,0.000007
10.8000,7.3584,0.000006
11.0000,7.3584,0.000005
11.2000,7.3584,0.000005
11.4000,7.3584,0.000004
11.6000,7.3584,0.000004
11.8000,7.3584,0.000003
12.0000,7.3584,0.000003
12.2000,7.3584,0.000003
12.4000,7.3584,0.000002
12.6000,7.3584,0.000002
12.8000,7.3584,0.000002
13.0000,7.3584,0.000002
13.2000,7.3584,0.000002
13.4000,7.3584,0.000002
13.6000,7.3584,0.000001
13.8000,7.3584,0.000001
14.0000,7.3584,0.000001
14.2000,7.3584,0.000001
14.4000,7.3584,0.000001
14.6000,7.3584,0.000001
14.8000,7.3584,0.000001
15.0000,7.3584,0.000001
15.2000,7.3584,0.000001
15.4000,7.3584,0.000001
15.6000,7.3584,0.000001
15.8000,7.3584,0.000001
16.0000,7.3584,0.000001
16.2000,7.3584,0.000001
16.4000,7.3584,0.000001
16.6000,7.3584,0.000001
16.8000,7.3584,0.000001
17.0000,7.3584,0.000001
17.2000,7.3584,0.000001
17.4000,7.3584,0.000001
17.6000,7.3584,0.000001
17.8000,7.3584,0.000001
18.0000,7.3584,0.000001
18.2000,7.3584,0.000001
18.4000,7.3584,0.000001
18.6000,7.3584,0.000001
18.8000,7.3584,0.000001
19.0000,7.3584,0.000001
19.2000,7.3584,0.000001
19.4000,7.3584,0.000001
19.6000,7.3584,0.000001
19.8000,7.3584,0.000001
20.0000,7.3584,0.000001
-20.0000,7.4606,0.000001
-19.8000,7.4606,0.000001
-19.6000,7.4606,0.000001
-19.4000,7.4606,0.000001
-19.2000,7.4606,0.000001
-19.0000,7.4606,0.000001
-18.8000,7.4606,0.000001
-18.6000,7.4606,0.000001
-18.4000,7.4606,0.000001
-18.2000,7.4606,0.000001
-18.0000,7.4606,0.000001
-17.8000,7.4606,0.000001
-17.6000,7.4606,0.000001
-17.4000,7.4606,0.000001
-17.2000,7.4606,0.000001
-17.0000,7.4606,0.000001
-16.8000,7.4606,0.000001
-16.6000,7.4606,0.000001
-16.4000,7.4606,0.000001
-16.2000,7.4606,0.000001
-16.0000,7.4606,0.000001
-15.8000,7.4606,0.000001
-15.6000,7.4606,0.000001
-15.4000,7.4606,0.000001
-15.2000,7.4606,0.000001
-15.0000,7.4606,0.000001
-14.8000,7.4606,0.000001
-14.6000,7.4606,0.000001
-14.4000,7.4606,0.000001
-14.2000,7.4606,0.000001
-14.0000,7.4606,0.000001
-13.8000,7.4606,0.000001
-13.6000,7.4606,0.000001
-13.4000,7.4606,0.000002
-13.2000,7.4606,0.000002
-13.0000,7.4606,0.000002
-12.8000,7.4606,0.000002
-12.6000,7.4606,0.000002
-12.4000,7.4606,0.000002
-12.2000,7.4606,0.000003
-12.0000,7.4606,0.000003
-11.8000,7.4606,0.000003
-11.6000,7.4606,0.000004
-11.4000,7.4606,0.000004
-11.2000,7.4606,0.000005
-11.0000,7.4606,0.000005
-10.8000,7.4606,0.000006
-10.6000,7.4606,0.000008
-10.4000,7.4606,0.000009
-10.2000,7.4606,0.000011
-10.0000,7.4606,0.000013
-9.8000,7.4606,0.000017
-9.6000,7.4606,0.000021
-9.4000,7.4606,0.000027
-9.2000,7.4606,0.000036
-9.0000,7.4606,0.000049
-8.8000,7.4606,0.000068
-8.6000,7.4606,0.000096
-8.4000,7.4606,0.000140
-8.2000,7.4606,0.000209
-8.0000,7.4606,0.000324
-7.8000,7.4606,0.000517
-7.6000,7.4606,0.000855
-7.4000,7.4606,0.001462
-7.2000,7.4606,0.002584
-7.0000,7.4606,0.004720
-6.8000,7.4606,0.008876
-6.6000,7.4606,0.017104
-6.4000,7.4606,0.033526
-6.2000,7.4606,0.066174
-6.0000,7.4606,0.129793
-5.8000,7.4606,0.248868
-5.6000,7.4606,0.457617
-5.4000,7.4606,0.789969
-5.2000,7.4606,1.252370
-5.0000,7.4606,1.785587
-4.8000,7.4606,2.249380
-4.6000,7.4606,2.472872
-4.4000,7.4606,2.359755
-4.2000,7.4606,1.959524
-4.0000,7.4606,1.430519
-3.8000,7.4606,0.933629
-3.6000,7.4606,0.556509
-3.4000,7.4606,0.310235
-3.2000,7.4606,0.165658
-3.0000,7.4606,0.086645
-2.8000,7.4606,0.045267
-2.6000,7.4606,0.024009
-2.4000,7.4606,0.013093
-2.2000,7.4606,0.007411
-2.0000,7.4606,0.004383
-1.8000,7.4606,0.002720
-1.6000,7.4606,0.001775
-1.4000,7.4606,0.001220
-1.2000,7.4606,0.000883
-1.0000,7.4606,0.000673
-0.8000,7.4606,0.000540
-0.6000,7.4606,0.000455
-0.4000,7.4606,0.000403
-0.2000,7.4606,0.000375
0.0000,7.4606,0.000366
0.2000,7.4606,0.000375
0.4000,7.4606,0.000403
0.6000,7.4606,0.000455
0.8000,7.4606,0.000540
1.0000,7.4606,0.000673
1.2000,7.4606,0.000883
1.4000,7.4606,0.001220
1.6000,7.4606,0.001775
1.8000,7.4606,0.002720
2.0000,7.4606,0.004383
2.2000,7.4606,0.007411
2.4000,7.4606,0.013093
2.6000,7.4606,0.024009
2.8000,7.4606,0.045267
3.0000,7.4606,0.086645
3.2000,7.4606,0.165658
3.4000,7.4606,0.310235
3.6000,7.4606,0.556509
3.8000,7.4606,0.933629
4.0000,7.4606,1.430519
4.2000,7.4606,1.959524
4.4000,7.4606,2.359755
4.6000,7.4606,2.472872
4.8000,7.4606,2.249380
5.0000,7.4606,1.785587
5.2000,7.4606,1.252370
5.4000,7.4606,0.789969
5.6000,7.4606,0.457617
5.8000,7.4606,0.248868
6.0000,7.4606,0.129793
6.2000,7.4606,0.066174
6.4000,7.4606,0.033526
6.6000,7.4606,0.017104
6.8000,7.4606,0.008876
7.0000,7.4606,0.004720
7.2000,7.4606,0.002584
7.4000,7.4606,0.001462
7.6000,7.4606,0.000855
7.8000,7.4606,0.000517
8.0000,7.4606,0.000324
8.2000,7.4606,0.000209
8.4000,7.4606,0.000140
8.6000,7.4606,0.000096
8.8000,7.4606,0.000068
9.0000,7.4606,0.000049
9.2000,7.4606,0.000036
9.4000,7.4606,0.000027
9.6000,7.4606,0.000021
9.8000,7.4606,0.000017
10.0000,7.4606,0.000013
10.2000,7.4606,0.000011
10.4000,7.4606,0.000009
10.6000,7.4606,0.000008
10.8000,7.4606,0.000006
11.0000,7.4606,0.000005
11.2000,7.4606,0.000005
11.4000,7.4606,0.000004
11.6000,7.4606,0.000004
11.8000,7.4606,0.000003
12.0000,7.4606,0.000003
12.2000,7.4606,0.000003
12.4000,7.4606,0.000002
12.6000,7.4606,0.000002
12.8000,7.4606,0.000002
13.0000,7.4606,0.000002
13.2000,7.4606,0.000002
13.4000,7.4606,0.000002
13.6000,7.4606,0.000001
13.8000,7.4606,0.000001
14.0000,7.4606,0.000001
14.2000,7.4606,0.000001
14.4000,7.4606,0.000001
14.6000,7.4606,0.000001
14.8000,7.4606,0.000001
15.0000,7.4606,0.000001
15.2000,7.4606,0.000001
15.4000,7.4606,0.000001
15.6000,7.4606,0.000001
15.8000,7.4606,0.000001
16.0000,7.4606,0.000001
16.2000,7.4606,0.000001
16.4000,7.4606,0.000001
16.6000,7.4606,0.000001
16.8000,7.4606,0.000001
17.0000,7.4606,0.000001
17.2000,7.4606,0.000001
17.4000,7.4606,0.000001
17.6000,7.4606,0.000001
17.8000,7.4606,0.000001
18.0000,7.4606,0.000001
18.2000,7.4606,0.000001
18.4000,7.4606,0.000001
18.6000,7.4606,0.000001
18.8000,7.4606,0.000001
19.0000,7.4606,0.000001
19.2000,7.4606,0.000001
19.4000,7.4606,0.000001
19.6000,7.4606,0.000001
19.8000,7.4606,0.000001
20.0000,7.4606,0.000001
-20.0000,7.5628,0.000001
-19.8000,7.5628,0.000001
-19.6000,7.5628,0.000001
-19.4000,7.5628,0.000001
-19.2000,7.5628,0.000001
-19.0000,7.5628,0.000001
-18.8000,7.5628,0.000001
-18.6000,7.5628,0.000001
-18.4000,7.5628,0.000001
-18.2000,7.5628,0.000001
-18.0000,7.5628,0.000001
-17.8000,7.5628,0.000001
-17.6000,7.5628,0.000001
-17.4000,7.5628,0.000001
-17.2000,7.5628,0.000001
-17.0000,7.5628,0.000001
-16.8000,7.5628,0.000001
-16.6000,7.5628,0.000001
-16.4000,7.5628,0.000001
-16.2000,7.5628,0.000001
-16.0000,7.5628,0.000001
-15.8000,7.5628,0.000001
-15.6000,7.5628,0.000001
-15.4000,7.5628,0.000001
-15.2000,7.5628,0.000001
-15.0000,7.5628,0.000001
-14.8000,7.5628,0.000001
-14.6000,7.5628,0.000001
-14.4000,7.5628,0.000001
-14.2000,7.5628,0.000001
-14.0000,7.5628,0.000001
-13.8000,7.5628,0.000001
-13.6000,7.5628,0.000002
-13.4000,7.5628,0.000002
-13.2000,7.5628,0.000002
-13.0000,7.5628,0.000002
-12.8000,7.5628,0.000002
-12.6000,7.5628,0.000002
-12.4000,7.5628,0.000002
-12.2000,7.5628,0.000003
-12.0000,7.5628,0.000003
-11.8000,7.5628,0.000003
-11.6000,7.5628,0.000004
-11.4000,7.5628,0.000004
-11.2000,7.5628,0.000005
-11.0000,7.5628,0.000006
-10.8000,7.5628,0.000007
-10.6000,7.5628,0.000008
-10.4000,7.5628,0.000010
-10.2000,7.5628,0.000012
-10.0000,7.5628,0.000014
-9.8000,7.5628,0.000018
-9.6000,7.5628,0.000023
-9.4000,7.5628,0.000030
-9.2000,7.5628,0.000040
-9.0000,7.5628,0.000054
-8.8000,7.5628,0.000075
-8.6000,7.5628,0.000107
-8.4000,7.5628,0.000158
-8.2000,7.5628,0.000239
-8.0000,7.5628,0.000373
-7.8000,7.5628,0.000602
-7.6000,7.5628,0.001006
-7.4000,7.5628,0.001739
-7.2000,7.5628,0.003108
-7.0000,7.5628,0.005732
-6.8000,7.5628,0.010873
-6.6000,7.5628,0.021090
-6.4000,7.5628,0.041494
-6.2000,7.5628,0.081888
-6.0000,7.5628,0.159817
-5.8000,7.5628,0.303154
-5.6000,7.5628,0.547864
-5.4000,7.5628,0.923094
-5.2000,7.5628,1.418675
-5.0000,7.5628,1.949120
-4.8000,7.5628,2.355370
-4.6000,7.5628,2.477760
-4.4000,7.5628,2.262315
-4.2000,7.5628,1.801748
-4.0000,7.5628,1.267235
-3.8000,7.5628,0.801700
-3.6000,7.5628,0.466473
-3.4000,7.5628,0.255672
-3.2000,7.5628,0.135142
-3.0000,7.5628,0.070386
-2.8000,7.5628,0.036797
-2.6000,7.5628,0.019603
-2.4000,7.5628,0.010766
-2.2000,7.5628,0.006147
-2.0000,7.5628,0.003670
-1.8000,7.5628,0.002300
-1.6000,7.5628,0.001516
-1.4000,7.5628,0.001051
-1.2000,7.5628,0.000767
-1.0000,7.5628,0.000589
-0.8000,7.5628,0.000475
-0.6000,7.5628,0.000402
-0.4000,7.5628,0.000358
-0.2000,7.5628,0.000333
0.0000,7.5628,0.000326
0.2000,7.5628,0.000333
0.4000,7.5628,0.000358
0.6000,7.5628,0.000402
0.8000,7.5628,0.000475
1.0000,7.5628,0.000589
1.2000,7.5628,0.000767
1.4000,7.5628,0.001051
1.6000,7.5628,0.001516
1.8000,7.5628,0.002300
2.0000,7.5628,0.003670
2.2000,7.5628,0.006147
2.4000,7.5628,0.010766
2.6000,7.5628,0.019603
2.8000,7.5628,0.036797
3.0000,7.5628,0.070386
3.2000,7.5628,0.135142
3.4000,7.5628,0.255672
3.6000,7.5628,0.466473
3.8000,7.5628,0.801700
4.0000,7.5628,1.267235
4.2000,7.5628,1.801748
4.4000,7.5628,2.262315
4.6000,7.5628,2.477760
4.8000,7.5628,2.355370
5.0000,7.5628,1.949120
5.2000,7.5628,1.418675
5.4000,7.5628,0.923094
5.6000,7.5628,0.547864
5.8000,7.5628,0.303154
6.0000,7.5628,0.159817
6.2000,7.5628,0.081888
6.4000,7.5628,0.041494
6.6000,7.5628,0.021090
6.8000,7.5628,0.010873
7.0000,7.5628,0.005732
7.2000,7.5628,0.003108
7.4000,7.5628,0.001739
7.6000,7.5628,0.001006
7.8000,7.5628,0.000602
8.0000,7.5628,0.000373
8.2000,7.5628,0.000239
8.4000,7.5628,0.000158
8.6000,7.5628,0.000107
8.8000,7.5628,0.000075
9.0000,7.5628,0.000054
9.2000,7.5628,0.000040
9.4000,7.5628,0.000030
9.6000,7.5628,0.000023
9.8000,7.5628,0.000018
10.0000,7.5628,0.000014
10.2000,7.5628,0.000012
10.4000,7.5628,0.000010
10.6000,7.5628,0.000008
10.8000,7.5628,0.000007
11.0000,7.5628,0.000006
11.2000,7.5628,0.000005
11.4000,7.5628,0.000004
11.6000,7.5628,0.000004
11.8000,7.5628,0.000003
12.0000,7.5628,0.000003
12.2000,7.5628,0.000003
12.4000,7.5628,0.000002
12.6000,7.5628,0.000002
12.8000,7.5628,0.000002
13.0000,7.5628,0.000002
13.2000,7.5628,0.000002
13.4000,7.5628,0.000002
13.6000,7.5628,0.000002
13.8000,7.5628,0.000001
14.0000,7.5628,0.000001
14.2000,7.5628,0.000001
14.4000,7.5628,0.000001
14.6000,7.5628,0.000001
14.8000,7.5628,0.000001
15.0000,7.5628,0.000001
15.2000,7.5628,0.000001
15.4000,7.5628,0.000001
15.6000,7.5628,0.000001
15.8000,7.5628,0.000001
16.0000,7.5628,0.000001
16.2000,7.5628,0.000001
16.4000,7.5628,0.000001
16.6000,7.5628,0.000001
16.8000,7.5628,0.000001
17.0000,7.5628,0.000001
17.2000,7.5628,0.000001
17.4000,7.5628,0.000001
17.6000,7.5628,0.000001
17.8000,7.5628,0.000001
18.0000,7.5628,0.000001
18.2000,7.5628,0.000001
18.4000,7.5628,0.000001
18.6000,7.5628,0.000001
18.8000,7.5628,0.000001
19.0000,7.5628,0.000001
19.2000,7.5628,0.000001
19.4000,7.5628,0.000001
19.6000,7.5628,0.000001
19.8000,7.5628,0.000001
20.0000,7.5628,0.000001
-20.0000,7.6650,0.000001
-19.8000,7.6650,0.000001
-19.6000,7.6650,0.000001
-19.4000,7.6650,0.000001
-19.2000,7.6650,0.000001
-19.0000,7.6650,0.000001
-18.8000,7.6650,0.000001
-18.6000,7.6650,0.000001
-18.4000,7.6650,0.000001
-18.2000,7.6650,0.000001
-18.0000,7.6650,0.000001
-17.8000,7.6650,0.000001
-17.6000,7.6650,0.000001
-17.4000,7.6650,0.000001
-17.2000,7.6650,0.000001
-17.0000,7.6650,0.000001
-16.8000,7.6650,0.000001
-16.6000,7.6650,0.000001
-16.4000,7.6650,0.000001
-16.2000,7.6650,0.000001
-16.0000,7.6650,0.000001
-15.8000,7.6650,0.000001
-15.6000,7.6650,0.000001
-15.4000,7.6650,0.000001
-15.2000,7.6650,0.000001
-15.0000,7.6650,0.000001
-14.8000,7.6650,0.000001
-14.6000,7.6650,0.000001
-14.4000,7.6650,0.000001
-14.2000,7.6650,0.000001
-14.0000,7.6650,0.000001
-13.8000,7.6650,0.000001
-13.6000,7.6650,0.000002
-13.4000,7.6650,0.000002
-13.2000,7.6650,0.000002
-13.0000,7.6650,0.000002
-12.8000,7.6650,0.000002
-12.6000,7.6650,0.000002
-12.4000,7.6650,0.000003
-12.2000,7.6650,0.000003
-12.0000,7.6650,0.000003
-11.8000,7.6650,0.000003
-11.6000,7.6650,0.000004
-11.4000,7.6650,0.000004
-11.2000,7.6650,0.000005
-11.0000,7.6650,0.000006
-10.8000,7.6650,0.000007
-10.6000,7.6650,0.000008
-10.4000,7.6650,0.000010
-10.2000,7.6650,0.000012
-10.0000,7.6650,0.000015
-9.8000,7.6650,0.000019
-9.6000,7.6650,0.000025
-9.4000,7.6650,0.000032
-9.2000,7.6650,0.000043
-9.0000,7.6650,0.000059
-8.8000,7.6650,0.000083
-8.6000,7.6650,0.000120
-8.4000,7.6650,0.000178
-8.2000,7.6650,0.000273
-8.0000,7.6650,0.000431
-7.8000,7.6650,0.000703
-7.6000,7.6650,0.001188
-7.4000,7.6650,0.002076
-7.2000,7.6650,0.003750
-7.0000,7.6650,0.006983
-6.8000,7.6650,0.013352
-6.6000,7.6650,0.026050
-6.4000,7.6650,0.051385
-6.2000,7.6650,0.101250
-6.0000,7.6650,0.196278
-5.8000,7.6650,0.367584
-5.6000,7.6650,0.651477
-5.4000,7.6650,1.069021
-5.2000,7.6650,1.589520
-5.0000,7.6650,2.101020
-4.8000,7.6650,2.433037
-4.6000,7.6650,2.448422
-4.4000,7.6650,2.140032
-4.2000,7.6650,1.636581
-4.0000,7.6650,1.110912
-3.8000,7.6650,0.682679
-3.6000,7.6650,0.388603
-3.4000,7.6650,0.209858
-3.2000,7.6650,0.110013
-3.0000,7.6650,0.057148
-2.8000,7.6650,0.029933
-2.6000,7.6650,0.016031
-2.4000,7.6650,0.008872
-2.2000,7.6650,0.005112
-2.0000,7.6650,0.003083
-1.8000,7.6650,0.001951
-1.6000,7.6650,0.001298
-1.4000,7.6650,0.000908
-1.2000,7.6650,0.000668
-1.0000,7.6650,0.000516
-0.8000,7.6650,0.000419
-0.6000,7.6650,0.000356
-0.4000,7.6650,0.000318
-0.2000,7.6650,0.000297
0.0000,7.6650,0.000290
0.2000,7.6650,0.000297
0.4000,7.6650,0.000318
0.6000,7.6650,0.000356
0.8000,7.6650,0.000419
1.0000,7.6650,0.000516
1.2000,7.6650,0.000668
1.4000,7.6650,0.000908
1.6000,7.6650,0.001298
1.8000,7.6650,0.001951
2.0000,7.6650,0.003083
2.2000,7.6650,0.005112
2.4000,7.6650,0.008872
2.6000,7.6650,0.016031
2.8000,7.6650,0.029933
3.0000,7.6650,0.057148
3.2000,7.6650,0.110013
3.4000,7.6650,0.209858
3.6000,7.6650,0.388603
3.8000,7.6650,0.682679
4.0000,7.6650,1.110912
4.2000,7.6650,1.636581
4.4000,7.6650,2.140032
4.6000,7.6650,2.448422
4.8000,7.6650,2.433037
5.0000,7.6650,2.101020
5.2000,7.6650,1.589520
5.4000,7.6650,1.069021
5.6000,7.6650,0.651477
5.8000,7.6650,0.367584
6.0000,7.6650,0.196278
6.2000,7.6650,0.101250
6.4000,7.6650,0.051385
6.6000,7.6650,0.026050
6.8000,7.6650,0.013352
7.0000,7.6650,0.006983
7.2000,7.6650,0.003750
7.4000,7.6650,0.002076
7.6000,7.6650,0.001188
7.8000,7.6650,0.000703
8.0000,7.6650,0.000431
8.2000,7.6650,0.000273
8.4000,7.6650,0.000178
8.6000,7.6650,0.000120
8.8000,7.6650,0.000083
9.0000,7.6650,0.000059
9.2000,7.6650,0.000043
9.4000,7.6650,0.000032
9.6000,7.6650,0.000025
9.8000,7.6650,0.000019
10.0000,7.6650,0.000015
10.2000,7.6650,0.000012
10.4000,7.6650,0.000010
10.6000,7.6650,0.000008
10.8000,7.6650,0.000007
11.0000,7.6650,0.000006
11.2000,7.6650,0.000005
11.4000,7.6650,0.000004
11.6000,7.6650,0.000004
11.8000,7.6650,0.000003
12.0000,7.6650,0.000003
12.2000,7.6650,0.000003
12.4000,7.6650,0.000003
12.6000,7.6650,0.000002
12.8000,7.6650,0.000002
13.0000,7.6650,0.000002
13.2000,7.6650,0.000002
13.4000,7.6650,0.000002
13.6000,7.6650,0.000002
13.8000,7.6650,0.000001
14.0000,7.6650,0.000001
14.2000,7.6650,0.000001
14.4000,7.6650,0.000001
14.6000,7.6650,0.000001
14.8000,7.6650,0.000001
15.0000,7.6650,0.000001
15.2000,7.6650,0.000001
15.4000,7.6650,0.000001
15.6000,7.6650,0.000001
15.8000,7.6650,0.000001
16.0000,7.6650,0.000001
16.2000,7.6650,0.000001
16.4000,7.6650,0.000001
16.6000,7.6650,0.000001
16.8000,7.6650,0.000001
17.0000,7.6650,0.000001
17.2000,7.6650,0.000001
17.4000,7.6650,0.000001
17.6000,7.6650,0.000001
17.8000,7.6650,0.000001
18.0000,7.6650,0.000001
18.2000,7.6650,0.000001
18.4000,7.6650,0.000001
18.6000,7.6650,0.000001
18.8000,7.6650,0.000001
19.0000,7.6650,0.000001
19.2000,7.6650,0.000001
19.4000,7.6650,0.000001
19.6000,7.6650,0.000001
19.8000,7.6650,0.000001
20.0000,7.6650,0.000001
-20.0000,7.7672,0.000001
-19.8000,7.7672,0.000001
-19.6000,7.7672,0.000001
-19.4000,7.7672,0.000001
-19.2000,7.7672,0.000001
-19.0000,7.7672,0.000001
-18.8000,7.7672,0.000001
-18.6000,7.7672,0.000001
-18.4000,7.7672,0.000001
-18.2000,7.7672,0.000001
-18.0000,7.7672,0.000001
-17.8000,7.7672,0.000001
-17.6000,7.7672,0.000001
-17.4000,7.7672,0.000001
-17.2000,7.7672,0.000001
-17.0000,7.7672,0.000001
-16.8000,7.7672,0.000001
-16.6000,7.7672,0.000001
-16.4000,7.7672,0.000001
-16.2000,7.7672,0.000001
-16.0000,7.7672,0.000001
-15.8000,7.7672,0.000001
-15.6000,7.7672,0.000001
-15.4000,7.7672,0.000001
-15.2000,7.7672,0.000001
-15.0000,7.7672,0.000001
-14.8000,7.7672,0.000001
-14.6000,7.7672,0.000001
-14.4000,7.7672,0.000001
-14.2000,7.7672,0.000001
-14.0000,7.7672,0.000001
-13.8000,7.7672,0.000001
-13.6000,7.7672,0.000002
-13.4000,7.7672,0.000002
-13.2000,7.7672,0.000002
-13.0000,7.7672,0.000002
-12.8000,7.7672,0.000002
-12.6000,7.7672,0.000002
-12.4000,7.7672,0.000003
-12.2000,7.7672,0.000003
-12.0000,7.7672,0.000003
-11.8000,7.7672,0.000004
-11.6000,7.7672,0.000004
-11.4000,7.7672,0.000005
-11.2000,7.7672,0.000005
-11.0000,7.7672,0.000006
-10.8000,7.7672,0.000007
-10.6000,7.7672,0.000009
-10.4000,7.7672,0.000011
-10.2000,7.7672,0.000013
-10.0000,7.7672,0.000016
-9.8000,7.7672,0.000021
-9.6000,7.7672,0.000027
-9.4000,7.7672,0.000035
-9.2000,7.7672,0.000048
-9.0000,7.7672,0.000066
-8.8000,7.7672,0.000093
-8.6000,7.7672,0.000135
-8.4000,7.7672,0.000203
-8.2000,7.7672,0.000313
-8.0000,7.7672,0.000500
-7.8000,7.7672,0.000825
-7.6000,7.7672,0.001408
-7.4000,7.7672,0.002488
-7.2000,7.7672,0.004540
-7.0000,7.7672,0.008532
-6.8000,7.7672,0.016436
-6.6000,7.7672,0.032221
-6.4000,7.7672,0.063645
-6.2000,7.7672,0.125016
-6.0000,7.7672,0.240283
-5.8000,7.7672,0.443358
-5.6000,7.7672,0.768909
-5.4000,7.7672,1.226145
-5.2000,7.7672,1.760510
-5.0000,7.7672,2.235558
-4.8000,7.7672,2.478889
-4.6000,7.7672,2.386237
-4.4000,7.7672,1.998020
-4.2000,7.7672,1.469249
-4.0000,7.7672,0.964343
-3.8000,7.7672,0.576877
-3.6000,7.7672,0.321960
-3.4000,7.7672,0.171666
-3.2000,7.7672,0.089413
-3.0000,7.7672,0.046394
-2.8000,7.7672,0.024375
-2.6000,7.7672,0.013135
-2.4000,7.7672,0.007329
-2.2000,7.7672,0.004263
-2.0000,7.7672,0.002596
-1.8000,7.7672,0.001660
-1.6000,7.7672,0.001115
-1.4000,7.7672,0.000787
-1.2000,7.7672,0.000583
-1.0000,7.7672,0.000454
-0.8000,7.7672,0.000370
-0.6000,7.7672,0.000316
-0.4000,7.7672,0.000283
-0.2000,7.7672,0.000265
0.0000,7.7672,0.000259
0.2000,7.7672,0.000265
0.4000,7.7672,0.000283
0.6000,7.7672,0.000316
0.8000,7.7672,0.000370
1.0000,7.7672,0.000454
1.2000,7.7672,0.000583
1.4000,7.7672,0.000787
1.6000,7.7672,0.001115
1.8000,7.7672,0.001660
2.0000,7.7672,0.002596
2.2000,7.7672,0.004263
2.4000,7.7672,0.007329
2.6000,7.7672,0.013135
2.8000,7.7672,0.024375
3.0000,7.7672,0.046394
3.2000,7.7672,0.089413
3.4000,7.7672,0.171666
3.6000,7.7672,0.321960
3.8000,7.7672,0.576877
4.0000,7.7672,0.964343
4.2000,7.7672,1.469249
4.4000,7.7672,1.998020
4.6000,7.7672,2.386237
4.8000,7.7672,2.478889
5.0000,7.7672,2.235558
5.2000,7.7672,1.760510
5.4000,7.7672,1.226145
5.6000,7.7672,0.768909
5.8000,7.7672,0.443358
6.0000,7.7672,0.240283
6.2000,7.7672,0.125016
6.4000,7.7672,0.063645
6.6000,7.7672,0.032221
6.8000,7.7672,0.016436
7.0000,7.7672,0.008532
7.2000,7.7672,0.004540
7.4000,7.7672,0.002488
7.6000,7.7672,0.001408
7.8000,7.7672,0.000825
8.0000,7.7672,0.000500
8.2000,7.7672,0.000313
8.4000,7.7672,0.000203
8.6000,7.7672,0.000135
8.8000,7.7672,0.000093
9.0000,7.7672,0.000066
9.2000,7.7672,0.000048
9.4000,7.7672,0.000035
9.6000,7.7672,0.000027
9.8000,7.7672,0.000021
10.0000,7.7672,0.000016
10.2000,7.7672,0.000013
10.4000,7.7672,0.000011
10.6000,7.7672,0.000009
10.8000,7.7672,0.000007
11.0000,7.7672,0.000006
11.2000,7.7672,0.000005
11.4000,7.7672,0.000005
11.6000,7.7672,0.000004
11.8000,7.7672,0.000004
12.0000,7.7672,0.000003
12.2000,7.7672,0.000003
12.4000,7.7672,0.000003
12.6000,7.7672,0.000002
12.8000,7.7672,0.000002
13.0000,7.7672,0.000002
13.2000,7.7672,0.000002
13.4000,7.7672,0.000002
13.6000,7.7672,0.000002
13.8000,7.7672,0.000001
14.0000,7.7672,0.000001
14.2000,7.7672,0.000001
14.4000,7.7672,0.000001
14.6000,7.7672,0.000001
14.8000,7.7672,0.000001
15.0000,7.7672,0.000001
15.2000,7.7672,0.000001
15.4000,7.7672,0.000001
15.6000,7.7672,0.000001
15.8000,7.7672,0.000001
16.0000,7.7672,0.000001
16.2000,7.7672,0.000001
16.4000,7.7672,0.000001
16.6000,7.7672,0.000001
16.8000,7.7672,0.000001
17.0000,7.7672,0.000001
17.2000,7.7672,0.000001
17.4000,7.7672,0.000001
17.6000,7.7672,0.000001
17.8000,7.7672,0.000001
18.0000,7.7672,0.000001
18.2000,7.7672,0.000001
18.4000,7.7672,0.000001
18.6000,7.7672,0.000001
18.8000,7.7672,0.000001
19.0000,7.7672,0.000001
19.2000,7.7672,0.000001
19.4000,7.7672,0.000001
19.6000,7.7672,0.000001
19.8000,7.7672,0.000001
20.0000,7.7672,0.000001
-20.0000,7.8694,0.000001
-19.8000,7.8694,0.000001
-19.6000,7.8694,0.000001
-19.4000,7.8694,0.000001
-19.2000,7.8694,0.000001
-19.0000,7.8694,0.000001
-18.8000,7.8694,0.000001
-18.6000,7.8694,0.000001
-18.4000,7.8694,0.000001
-18.2000,7.8694,0.000001
-18.0000,7.8694,0.000001
-17.8000,7.8694,0.000001
-17.6000,7.8694,0.000001
-17.4000,7.8694,0.000001
-17.2000,7.8694,0.000001
-17.0000,7.8694,0.000001
-16.8000,7.8694,0.000001
-16.6000,7.8694,0.000001
-16.4000,7.8694,0.000001
-16.2000,7.8694,0.000001
-16.0000,7.8694,0.000001
-15.8000,7.8694,0.000001
-15.6000,7.8694,0.000001
-15.4000,7.8694,0.000001
-15.2000,7.8694,0.000001
-15.0000,7.8694,0.000001
-14.8000,7.8694,0.000001
-14.6000,7.8694,0.000001
-14.4000,7.8694,0.000001
-14.2000,7.8694,0.000001
-14.0000,7.8694,0.000001
-13.8000,7.8694,0.000001
-13.6000,7.8694,0.000002
-13.4000,7.8694,0.000002
-13.2000,7.8694,0.000002
-13.0000,7.8694,0.000002
-12.8000,7.8694,0.000002
-12.6000,7.8694,0.000002
-12.4000,7.8694,0.000003
-12.2000,7.8694,0.000003
-12.0000,7.8694,0.000003
-11.8000,7.8694,0.000004
-11.6000,7.8694,0.000004
-11.4000,7.8694,0.000005
-11.2000,7.8694,0.000006
-11.0000,7.8694,0.000007
-10.8000,7.8694,0.000008
-10.6000,7.8694,0.000009
-10.4000,7.8694,0.000011
-10.2000,7.8694,0.000014
-10.0000,7.8694,0.000018
-9.8000,7.8694,0.000022
-9.6000,7.8694,0.000029
-9.4000,7.8694,0.000039
-9.2000,7.8694,0.000052
-9.0000,7.8694,0.000073
-8.8000,7.8694,0.000104
-8.6000,7.8694,0.000153
-8.4000,7.8694,0.000231
-8.2000,7.8694,0.000361
-8.0000,7.8694,0.000582
-7.8000,7.8694,0.000971
-7.6000,7.8694,0.001676
-7.4000,7.8694,0.002992
-7.2000,7.8694,0.005514
-7.0000,7.8694,0.010453
-6.8000,7.8694,0.020272
-6.6000,7.8694,0.039895
-6.4000,7.8694,0.078805
-6.2000,7.8694,0.154063
-6.0000,7.8694,0.293022
-5.8000,7.8694,0.531562
-5.6000,7.8694,0.900113
-5.4000,7.8694,1.391986
-5.2000,7.8694,1.926537
-5.0000,7.8694,2.347279
-4.8000,7.8694,2.490822
-4.6000,7.8694,2.294060
-4.4000,7.8694,1.841839
-4.2000,7.8694,1.304373
-4.0000,7.8694,0.829455
-3.8000,7.8694,0.484069
-3.6000,7.8694,0.265461
-3.4000,7.8694,0.140028
-3.2000,7.8694,0.072589
-3.0000,7.8694,0.037674
-2.8000,7.8694,0.019875
-2.6000,7.8694,0.010784
-2.4000,7.8694,0.006070
-2.2000,7.8694,0.003565
-2.0000,7.8694,0.002193
-1.8000,7.8694,0.001416
-1.6000,7.8694,0.000960
-1.4000,7.8694,0.000683
-1.2000,7.8694,0.000510
-1.0000,7.8694,0.000400
-0.8000,7.8694,0.000328
-0.6000,7.8694,0.000282
-0.4000,7.8694,0.000253
-0.2000,7.8694,0.000237
0.0000,7.8694,0.000232
0.2000,7.8694,0.000237
0.4000,7.8694,0.000253
0.6000,7.8694,0.000282
0.8000,7.8694,0.000328
1.0000,7.8694,0.000400
1.2000,7.8694,0.000510
1.4000,7.8694,0.000683
1.6000,7.8694,0.000960
1.8000,7.8694,0.001416
2.0000,7.8694,0.002193
2.2000,7.8694,0.003565
2.4000,7.8694,0.006070
2.6000,7.8694,0.010784
2.8000,7.8694,0.019875
3.0000,7.8694,0.037674
3.2000,7.8694,0.072589
3.4000,7.8694,0.140028
3.6000,7.8694,0.265461
3.8000,7.8694,0.484069
4.0000,7.8694,0.829455
4.2000,7.8694,1.304373
4.4000,7.8694,1.841839
4.6000,7.8694,2.294060
4.8000,7.8694,2.490822
5.0000,7.8694,2.347279
5.2000,7.8694,1.926537
5.4000,7.8694,1.391986
5.6000,7.8694,0.900113
5.8000,7.8694,0.531562
6.0000,7.8694,0.293022
6.2000,7.8694,0.154063
6.4000,7.8694,0.078805
6.6000,7.8694,0.039895
6.8000,7.8694,0.020272
7.0000,7.8694,0.010453
7.2000,7.8694,0.005514
7.4000,7.8694,0.002992
7.6000,7.8694,0.001676
7.8000,7.8694,0.000971
8.0000,7.8694,0.000582
8.2000,7.8694,0.000361
8.4000,7.8694,0.000231
8.6000,7.8694,0.000153
8.8000,7.8694,0.000104
9.0000,7.8694,0.000073
9.2000,7.8694,0.000052
9.4000,7.8694,0.000039
9.6000,7.8694,0.000029
9.8000,7.8694,0.000022
10.0000,7.8694,0.000018
10.2000,7.8694,0.000014
10.4000,7.8694,0.000011
10.6000,7.8694,0.000009
10.8000,7.8694,0.000008
11.0000,7.8694,0.000007
11.2000,7.8694,0.000006
11.4000,7.8694,0.000005
11.6000,7.8694,0.000004
11.8000,7.8694,0.000004
12.0000,7.8694,0.000003
12.2000,7.8694,0.000003
12.4000,7.8694,0.000003
12.6000,7.8694,0.000002
12.8000,7.8694,0.000002
13.0000,7.8694,0.000002
13.2000,7.8694,0.000002
13.4000,7.8694,0.000002
13.6000,7.8694,0.000002
13.8000,7.8694,0.000001
14.0000,7.8694,0.000001
14.2000,7.8694,0.000001
14.4000,7.8694,0.000001
14.6000,7.8694,0.000001
14.8000,7.8694,0.000001
15.0000,7.8694,0.000001
15.2000,7.8694,0.000001
15.4000,7.8694,0.000001
15.6000,7.8694,0.000001
15.8000,7.8694,0.000001
16.0000,7.8694,0.000001
16.2000,7.8694,0.000001
16.4000,7.8694,0.000001
16.6000,7.8694,0.000001
16.8000,7.8694,0.000001
17.0000,7.8694,0.000001
17.2000,7.8694,0.000001
17.4000,7.8694,0.000001
17.6000,7.8694,0.000001
17.8000,7.8694,0.000001
18.0000,7.8694,0.000001
18.2000,7.8694,0.000001
18.4000,7.8694,0.000001
18.6000,7.8694,0.000001
18.8000,7.8694,0.000001
19.0000,7.8694,0.000001
19.2000,7.8694,0.000001
19.4000,7.8694,0.000001
19.6000,7.8694,0.000001
19.8000,7.8694,0.000001
20.0000,7.8694,0.000001
-20.0000,7.9716,0.000001
-19.8000,7.9716,0.000001
-19.6000,7.9716,0.000001
-19.4000,7.9716,0.000001
-19.2000,7.9716,0.000001
-19.0000,7.9716,0.000001
-18.8000,7.9716,0.000001
-18.6000,7.9716,0.000001
-18.4000,7.9716,0.000001
-18.2000,7.9716,0.000001
-18.0000,7.9716,0.000001
-17.8000,7.9716,0.000001
-17.6000,7.9716,0.000001
-17.4000,7.9716,0.000001
-17.2000,7.9716,0.000001
-17.0000,7.9716,0.000001
-16.8000,7.9716,0.000001
-16.6000,7.9716,0.000001
-16.4000,7.9716,0.000001
-16.2000,7.9716,0.000001
-16.0000,7.9716,0.000001
-15.8000,7.9716,0.000001
-15.6000,7.9716,0.000001
-15.4000,7.9716,0.000001
-15.2000,7.9716,0.000001
-15.0000,7.9716,0.000001
-14.8000,7.9716,0.000001
-14.6000,7.9716,0.000001
-14.4000,7.9716,0.000001
-14.2000,7.9716,0.000001
-14.0000,7.9716,0.000001
-13.8000,7.9716,0.000002
-13.6000,7.9716,0.000002
-13.4000,7.9716,0.000002
-13.2000,7.9716,0.000002
-13.0000,7.9716,0.000002
-12.8000,7.9716,0.000002
-12.6000,7.9716,0.000002
-12.4000,7.9716,0.000003
-12.2000,7.9716,0.000003
-12.0000,7.9716,0.000003
-11.8000,7.9716,0.000004
-11.6000,7.9716,0.000004
-11.4000,7.9716,0.000005
-11.2000,7.9716,0.000006
-11.0000,7.9716,0.000007
-10.8000,7.9716,0.000008
-10.6000,7.9716,0.000010
-10.4000,7.9716,0.000012
-10.2000,7.9716,0.000015
-10.0000,7.9716,0.000019
-9.8000,7.9716,0.000024
-9.6000,7.9716,0.000032
-9.4000,7.9716,0.000042
-9.2000,7.9716,0.000058
-9.0000,7.9716,0.000081
-8.8000,7.9716,0.000117
-8.6000,7.9716,0.000173
-8.4000,7.9716,0.000264
-8.2000,7.9716,0.000417
-8.0000,7.9716,0.000679
-7.8000,7.9716,0.001146
-7.6000,7.9716,0.002001
-7.4000,7.9716,0.003610
-7.2000,7.9716,0.006718
-7.0000,7.9716,0.012839
-6.8000,7.9716,0.025047
-6.6000,7.9716,0.049427
-6.4000,7.9716,0.097499
-6.2000,7.9716,0.189379
-6.0000,7.9716,0.355724
-5.8000,7.9716,0.633069
-5.6000,7.9716,1.044402
-5.4000,7.9716,1.563156
-5.2000,7.9716,2.082012
-5.0000,7.9716,2.431392
-4.8000,7.9716,2.468295
-4.6000,7.9716,2.175979
-4.4000,7.9716,1.677107
-4.2000,7.9716,1.145799
-4.0000,7.9716,0.707378
-3.8000,7.9716,0.403631
-3.6000,7.9716,0.217962
-3.4000,7.9716,0.113962
-3.2000,7.9716,0.058894
-3.0000,7.9716,0.030612
-2.8000,7.9716,0.016232
-2.6000,7.9716,0.008874
-2.4000,7.9716,0.005040
-2.2000,7.9716,0.002990
-2.0000,7.9716,0.001858
-1.8000,7.9716,0.001211
-1.6000,7.9716,0.000829
-1.4000,7.9716,0.000595
-1.2000,7.9716,0.000448
-1.0000,7.9716,0.000353
-0.8000,7.9716,0.000291
-0.6000,7.9716,0.000251
-0.4000,7.9716,0.000226
-0.2000,7.9716,0.000212
0.0000,7.9716,0.000208
0.2000,7.9716,0.000212
0.4000,7.9716,0.000226
0.6000,7.9716,0.000251
0.8000,7.9716,0.000291
1.0000,7.9716,0.000353
1.2000,7.9716,0.000448
1.4000,7.9716,0.000595
1.6000,7.9716,0.000829
1.8000,7.9716,0.001211
2.0000,7.9716,0.001858
2.2000,7.9716,0.002990
2.4000,7.9716,0.005040
2.6000,7.9716,0.008874
2.8000,7.9716,0.016232
3.0000,7.9716,0.030612
3.2000,7.9716,0.058894
3.4000,7.9716,0.113962
3.6000,7.9716,0.217962
3.8000,7.9716,0.403631
4.0000,7.9716,0.707378
4.2000,7.9716,1.145799
4.4000,7.9716,1.677107
4.6000,7.9716,2.175979
4.8000,7.9716,2.468295
5.0000,7.9716,2.431392
5.2000,7.9716,2.082012
5.4000,7.9716,1.563156
5.6000,7.9716,1.044402
5.8000,7.9716,0.633069
6.0000,7.9716,0.355724
6.2000,7.9716,0.189379
6.4000,7.9716,0.097499
6.6000,7.9716,0.049427
6.8000,7.9716,0.025047
7.0000,7.9716,0.012839
7.2000,7.9716,0.006718
7.4000,7.9716,0.003610
7.6000,7.9716,0.002001
7.8000,7.9716,0.001146
8.0000,7.9716,0.000679
8.2000,7.9716,0.000417
8.4000,7.9716,0.000264
8.6000,7.9716,0.000173
8.8000,7.9716,0.000117
9.0000,7.9716,0.000081
9.2000,7.9716,0.000058
9.4000,7.9716,0.000042
9.6000,7.9716,0.000032
9.8000,7.9716,0.000024
10.0000,7.9716,0.000019
10.2000,7.9716,0.000015
10.4000,7.9716,0.000012
10.6000,7.9716,0.000010
10.8000,7.9716,0.000008
11.0000,7.9716,0.000007
11.2000,7.9716,0.000006
11.4000,7.9716,0.000005
11.6000,7.9716,0.000004
11.8000,7.9716,0.000004
12.0000,7.9716,0.000003
12.2000,7.9716,0.000003
12.4000,7.9716,0.000003
12.6000,7.9716,0.000002
12.8000,7.9716,0.000002
13.0000,7.9716,0.000002
13.2000,7.9716,0.000002
13.4000,7.9716,0.000002
13.6000,7.9716,0.000002
13.8000,7.9716,0.000002
14.0000,7.9716,0.000001
14.2000,7.9716,0.000001
14.4000,7.9716,0.000001
14.6000,7.9716,0.000001
14.8000,7.9716,0.000001
15.0000,7.9716,0.000001
15.2000,7.9716,0.000001
15.4000,7.9716,0.000001
15.6000,7.9716,0.000001
15.8000,7.9716,0.000001
16.0000,7.9716,0.000001
16.2000,7.9716,0.000001
16.4000,7.9716,0.000001
16.6000,7.9716,0.000001
16.8000,7.9716,0.000001
17.0000,7.9716,0.000001
17.2000,7.9716,0.000001
17.4000,7.9716,0.000001
17.6000,7.9716,0.000001
17.8000,7.9716,0.000001
18.0000,7.9716,0.000001
18.2000,7.9716,0.000001
18.4000,7.9716,0.000001
18.6000,7.9716,0.000001
18.8000,7.9716,0.000001
19.0000,7.9716,0.000001
19.2000,7.9716,0.000001
19.4000,7.9716,0.000001
19.6000,7.9716,0.000001
19.8000,7.9716,0.000001
20.0000,7.9716,0.000001
-20.0000,8.0738,0.000001
-19.8000,8.0738,0.000001
-19.6000,8.0738,0.000001
-19.4000,8.0738,0.000001
-19.2000,8.0738,0.000001
-19.0000,8.0738,0.000001
-18.8000,8.0738,0.000001
-18.6000,8.0738,0.000001
-18.4000,8.0738,0.000001
-18.2000,8.0738,0.000001
-18.0000,8.0738,0.000001
-17.8000,8.0738,0.000001
-17.6000,8.0738,0.000001
-17.4000,8.0738,0.000001
-17.2000,8.0738,0.000001
-17.0000,8.0738,0.000001
-16.8000,8.0738,0.000001
-16.6000,8.0738,0.000001
-16.4000,8.0738,0.000001
-16.2000,8.0738,0.000001
-16.0000,8.0738,0.000001
-15.8000,8.0738,0.000001
-15.6000,8.0738,0.000001
-15.4000,8.0738,0.000001
-15.2000,8.0738,0.000001
-15.0000,8.0738,0.000001
-14.8000,8.0738,0.000001
-14.6000,8.0738,0.000001
-14.4000,8.0738,0.000001
-14.2000,8.0738,0.000001
-14.0000,8.0738,0.000001
-13.8000,8.0738,0.000002
-13.6000,8.0738,0.000002
-13.4000,8.0738,0.000002
-13.2000,8.0738,0.000002
-13.0000,8.0738,0.000002
-12.8000,8.0738,0.000002
-12.6000,8.0738,0.000003
-12.4000,8.0738,0.000003
-12.2000,8.0738,0.000003
-12.0000,8.0738,0.000004
-11.8000,8.0738,0.000004
-11.6000,8.0738,0.000005
-11.4000,8.0738,0.000005
-11.2000,8.0738,0.000006
-11.0000,8.0738,0.000007
-10.8000,8.0738,0.000009
-10.6000,8.0738,0.000010
-10.4000,8.0738,0.000013
-10.2000,8.0738,0.000016
-10.0000,8.0738,0.000020
-9.8000,8.0738,0.000026
-9.6000,8.0738,0.000034
-9.4000,8.0738,0.000046
-9.2000,8.0738,0.000064
-9.0000,8.0738,0.000090
-8.8000,8.0738,0.000131
-8.6000,8.0738,0.000196
-8.4000,8.0738,0.000303
-8.2000,8.0738,0.000483
-8.0000,8.0738,0.000797
-7.8000,8.0738,0.001359
-7.6000,8.0738,0.002398
-7.4000,8.0738,0.004371
-7.2000,8.0738,0.008209
-7.0000,8.0738,0.015807
-6.8000,8.0738,0.030989
-6.6000,8.0738,0.061247
-6.4000,8.0738,0.120468
-6.2000,8.0738,0.232060
-6.0000,8.0738,0.429605
-5.8000,8.0738,0.748413
-5.6000,8.0738,1.200324
-5.4000,8.0738,1.735399
-5.2000,8.0738,2.221175
-5.0000,8.0738,2.484148
-4.8000,8.0738,2.412374
-4.6000,8.0738,2.036989
-4.4000,8.0738,1.509163
-4.2000,8.0738,0.996510
-4.0000,8.0738,0.598552
-3.8000,8.0738,0.334663
-3.6000,8.0738,0.178325
-3.4000,8.0738,0.092588
-3.2000,8.0738,0.047772
-3.0000,8.0738,0.024899
-2.8000,8.0738,0.013280
-2.6000,8.0738,0.007319
-2.4000,8.0738,0.004197
-2.2000,8.0738,0.002515
-2.0000,8.0738,0.001579
-1.8000,8.0738,0.001039
-1.6000,8.0738,0.000718
-1.4000,8.0738,0.000520
-1.2000,8.0738,0.000394
-1.0000,8.0738,0.000313
-0.8000,8.0738,0.000259
-0.6000,8.0738,0.000224
-0.4000,8.0738,0.000202
-0.2000,8.0738,0.000190
0.0000,8.0738,0.000186
0.2000,8.0738,0.000190
0.4000,8.0738,0.000202
0.6000,8.0738,0.000224
0.8000,8.0738,0.000259
1.0000,8.0738,0.000313
1.2000,8.0738,0.000394
1.4000,8.0738,0.000520
1.6000,8.0738,0.000718
1.8000,8.0738,0.001039
2.0000,8.0738,0.001579
2.2000,8.0738,0.002515
2.4000,8.0738,0.004197
2.6000,8.0738,0.007319
2.8000,8.0738,0.013280
3.0000,8.0738,0.024899
3.2000,8.0738,0.047772
3.4000,8.0738,0.092588
3.6000,8.0738,0.178325
3.8000,8.0738,0.334663
4.0000,8.0738,0.598552
4.2000,8.0738,0.996510
4.4000,8.0738,1.509163
4.6000,8.0738,2.036989
4.8000,8.0738,2.412374
5.0000,8.0738,2.484148
5.2000,8.0738,2.221175
5.4000,8.0738,1.735399
5.6000,8.0738,1.200324
5.8000,8.0738,0.748413
6.0000,8.0738,0.429605
6.2000,8.0738,0.232060
6.4000,8.0738,0.120468
6.6000,8.0738,0.061247
6.8000,8.0738,0.030989
7.0000,8.0738,0.015807
7.2000,8.0738,0.008209
7.4000,8.0738,0.004371
7.6000,8.0738,0.002398
7.8000,8.0738,0.001359
8.0000,8.0738,0.000797
8.2000,8.0738,0.000483
8.4000,8.0738,0.000303
8.6000,8.0738,0.000196
8.8000,8.0738,0.000131
9.0000,8.0738,0.000090
9.2000,8.0738,0.000064
9.4000,8.0738,0.000046
9.6000,8.0738,0.000034
9.8000,8.0738,0.000026
10.0000,8.0738,0.000020
10.2000,8.0738,0.000016
10.4000,8.0738,0.000013
10.6000,8.0738,0.000010
10.8000,8.0738,0.000009
11.0000,8.0738,0.000007
11.2000,8.0738,0.000006
11.4000,8.0738,0.000005
11.6000,8.0738,0.000005
11.8000,8.0738,0.000004
12.0000,8.0738,0.000004
12.2000,8.0738,0.000003
12.4000,8.0738,0.000003
12.6000,8.0738,0.000003
12.8000,8.0738,0.000002
13.0000,8.0738,0.000002
13.2000,8.0738,0.000002
13.4000,8.0738,0.000002
13.6000,8.0738,0.000002
13.8000,8.0738,0.000002
14.0000,8.0738,0.000001
14.2000,8.0738,0.000001
14.4000,8.0738,0.000001
14.6000,8.0738,0.000001
14.8000,8.0738,0.000001
15.0000,8.0738,0.000001
15.2000,8.0738,0.000001
15.4000,8.0738,0.000001
15.6000,8.0738,0.000001
15.8000,8.0738,0.000001
16.0000,8.0738,0.000001
16.2000,8.0738,0.000001
16.4000,8.0738,0.000001
16.6000,8.0738,0.000001
16.8000,8.0738,0.000001
17.0000,8.0738,0.000001
17.2000,8.0738,0.000001
17.4000,8.0738,0.000001
17.6000,8.0738,0.000001
17.8000,8.0738,0.000001
18.0000,8.0738,0.000001
18.2000,8.0738,0.000001
18.4000,8.0738,0.000001
18.6000,8.0738,0.000001
18.8000,8.0738,0.000001
19.0000,8.0738,0.000001
19.2000,8.0738,0.000001
19.4000,8.0738,0.000001
19.6000,8.0738,0.000001
19.8000,8.0738,0.000001
20.0000,8.0738,0.000001
-20.0000,8.1760,0.000001
-19.8000,8.1760,0.000001
-19.6000,8.1760,0.000001
-19.4000,8.1760,0.000001
-19.2000,8.1760,0.000001
-19.0000,8.1760,0.000001
-18.8000,8.1760,0.000001
-18.6000,8.1760,0.000001
-18.4000,8.1760,0.000001
-18.2000,8.1760,0.000001
-18.0000,8.1760,0.000001
-17.8000,8.1760,0.000001
-17.6000,8.1760,0.000001
-17.4000,8.1760,0.000001
-17.2000,8.1760,0.000001
-17.0000,8.1760,0.000001
-16.8000,8.1760,0.000001
-16.6000,8.1760,0.000001
-16.4000,8.1760,0.000001
-16.2000,8.1760,0.000001
-16.0000,8.1760,0.000001
-15.8000,8.1760,0.000001
-15.6000,8.1760,0.000001
-15.4000,8.1760,0.000001
-15.2000,8.1760,0.000001
-15.0000,8.1760,0.000001
-14.8000,8.1760,0.000001
-14.6000,8.1760,0.000001
-14.4000,8.1760,0.000001
-14.2000,8.1760,0.000001
-14.0000,8.1760,0.000001
-13.8000,8.1760,0.000002
-13.6000,8.1760,0.000002
-13.4000,8.1760,0.000002
-13.2000,8.1760,0.000002
-13.0000,8.1760,0.000002
-12.8000,8.1760,0.000002
-12.6000,8.1760,0.000003
-12.4000,8.1760,0.000003
-12.2000,8.1760,0.000003
-12.0000,8.1760,0.000004
-11.8000,8.1760,0.000004
-11.6000,8.1760,0.000005
-11.4000,8.1760,0.000006
-11.2000,8.1760,0.000006
-11.0000,8.1760,0.000008
-10.8000,8.1760,0.000009
-10.6000,8.1760,0.000011
-10.4000,8.1760,0.000014
-10.2000,8.1760,0.000017
-10.0000,8.1760,0.000022
-9.8000,8.1760,0.000028
-9.6000,8.1760,0.000038
-9.4000,8.1760,0.000051
-9.2000,8.1760,0.000071
-9.0000,8.1760,0.000101
-8.8000,8.1760,0.000148
-8.6000,8.1760,0.000224
-8.4000,8.1760,0.000349
-8.2000,8.1760,0.000563
-8.0000,8.1760,0.000937
-7.8000,8.1760,0.001617
-7.6000,8.1760,0.002883
-7.4000,8.1760,0.005309
-7.2000,8.1760,0.010058
-7.0000,8.1760,0.019500
-6.8000,8.1760,0.038382
-6.6000,8.1760,0.075875
-6.4000,8.1760,0.148568
-6.2000,8.1760,0.283288
-6.0000,8.1760,0.515784
-5.8000,8.1760,0.877653
-5.6000,8.1760,1.365560
-5.4000,8.1760,1.903708
-5.2000,8.1760,2.338464
-5.0000,8.1760,2.503139
-4.8000,8.1760,2.325642
-4.6000,8.1760,1.882610
-4.4000,8.1760,1.342790
-4.2000,8.1760,0.858617
-4.0000,8.1760,0.502850
-3.8000,8.1760,0.276098
-3.6000,8.1760,0.145463
-3.4000,8.1760,0.075131
-3.2000,8.1760,0.038758
-3.0000,8.1760,0.020278
-2.8000,8.1760,0.010888
-2.6000,8.1760,0.006053
-2.4000,8.1760,0.003505
-2.2000,8.1760,0.002121
-2.0000,8.1760,0.001345
-1.8000,8.1760,0.000894
-1.6000,8.1760,0.000623
-1.4000,8.1760,0.000455
-1.2000,8.1760,0.000347
-1.0000,8.1760,0.000277
-0.8000,8.1760,0.000231
-0.6000,8.1760,0.000201
-0.4000,8.1760,0.000182
-0.2000,8.1760,0.000171
0.0000,8.1760,0.000168
0.2000,8.1760,0.000171
0.4000,8.1760,0.000182
0.6000,8.1760,0.000201
0.8000,8.1760,0.000231
1.0000,8.1760,0.000277
1.2000,8.1760,0.000347
1.4000,8.1760,0.000455
1.6000,8.1760,0.000623
1.8000,8.1760,0.000894
2.0000,8.1760,0.001345
2.2000,8.1760,0.002121
2.4000,8.1760,0.003505
2.6000,8.1760,0.006053
2.8000,8.1760,0.010888
3.0000,8.1760,0.020278
3.2000,8.1760,0.038758
3.4000,8.1760,0.075131
3.6000,8.1760,0.145463
3.8000,8.1760,0.276098
4.0000,8.1760,0.502850
4.2000,8.1760,0.858617
4.4000,8.1760,1.342790
4.6000,8.1760,1.882610
4.8000,8.1760,2.325642
5.0000,8.1760,2.503139
5.2000,8.1760,2.338464
5.4000,8.1760,1.903708
5.6000,8.1760,1.365560
5.8000,8.1760,0.877653
6.0000,8.1760,0.515784
6.2000,8.1760,0.283288
6.4000,8.1760,0.148568
6.6000,8.1760,0.075875
6.8000,8.1760,0.038382
7.0000,8.1760,0.019500
7.2000,8.1760,0.010058
7.4000,8.1760,0.005309
7.6000,8.1760,0.002883
7.8000,8.1760,0.001617
8.0000,8.1760,0.000937
8.2000,8.1760,0.000563
8.4000,8.1760,0.000349
8.6000,8.1760,0.000224
8.8000,8.1760,0.000148
9.0000,8.1760,0.000101
9.2000,8.1760,0.000071
9.4000,8.1760,0.000051
9.6000,8.1760,0.000038
9.8000,8.1760,0.000028
10.0000,8.1760,0.000022
10.2000,8.1760,0.000017
10.4000,8.1760,0.000014
10.6000,8.1760,0.000011
10.8000,8.1760,0.000009
11.0000,8.1760,0.000008
11.2000,8.1760,0.000006
11.4000,8.1760,0.000006
11.6000,8.1760,0.000005
11.8000,8.1760,0.000004
12.0000,8.1760,0.000004
12.2000,8.1760,0.000003
12.4000,8.1760,0.000003
12.6000,8.1760,0.000003
12.8000,8.1760,0.000002
13.0000,8.1760,0.000002
13.2000,8.1760,0.000002
13.4000,8.1760,0.000002
13.6000,8.1760,0.000002
13.8000,8.1760,0.000002
14.0000,8.1760,0.000001
14.2000,8.1760,0.000001
14.4000,8.1760,0.000001
14.6000,8.1760,0.000001
14.8000,8.1760,0.000001
15.0000,8.1760,0.000001
15.2000,8.1760,0.000001
15.4000,8.1760,0.000001
15.6000,8.1760,0.000001
15.8000,8.1760,0.000001
16.0000,8.1760,0.000001
16.2000,8.1760,0.000001
16.4000,8.1760,0.000001
16.6000,8.1760,0.000001
16.8000,8.1760,0.000001
17.0000,8.1760,0.000001
17.2000,8.1760,0.000001
17.4000,8.1760,0.000001
17.6000,8.1760,0.000001
17.8000,8.1760,0.000001
18.0000,8.1760,0.000001
18.2000,8.1760,0.000001
18.4000,8.1760,0.000001
18.6000,8.1760,0.000001
18.8000,8.1760,0.000001
19.0000,8.1760,0.000001
19.2000,8.1760,0.000001
19.4000,8.1760,0.000001
19.6000,8.1760,0.000001
19.8000,8.1760,0.000001
20.0000,8.1760,0.000001
-20.0000,8.2782,0.000001
-19.8000,8.2782,0.000001
-19.6000,8.2782,0.000001
-19.4000,8.2782,0.000001
-19.2000,8.2782,0.000001
-19.0000,8.2782,0.000001
-18.8000,8.2782,0.000001
-18.6000,8.2782,0.000001
-18.4000,8.2782,0.000001
-18.2000,8.2782,0.000001
-18.0000,8.2782,0.000001
-17.8000,8.2782,0.000001
-17.6000,8.2782,0.000001
-17.4000,8.2782,0.000001
-17.2000,8.2782,0.000001
-17.0000,8.2782,0.000001
-16.8000,8.2782,0.000001
-16.6000,8.2782,0.000001
-16.4000,8.2782,0.000001
-16.2000,8.2782,0.000001
-16.0000,8.2782,0.000001
-15.8000,8.2782,0.000001
-15.6000,8.2782,0.000001
-15.4000,8.2782,0.000001
-15.2000,8.2782,0.000001
-15.0000,8.2782,0.000001
-14.8000,8.2782,0.000001
-14.6000,8.2782,0.000001
-14.4000,8.2782,0.000001
-14.2000,8.2782,0.000001
-14.0000,8.2782,0.000002
-13.8000,8.2782,0.000002
-13.6000,8.2782,0.000002
-13.4000,8.2782,0.000002
-13.2000,8.2782,0.000002
-13.0000,8.2782,0.000002
-12.8000,8.2782,0.000002
-12.6000,8.2782,0.000003
-12.4000,8.2782,0.000003
-12.2000,8.2782,0.000003
-12.0000,8.2782,0.000004
-11.8000,8.2782,0.000004
-11.6000,8.2782,0.000005
-11.4000,8.2782,0.000006
-11.2000,8.2782,0.000007
-11.0000,8.2782,0.000008
-10.8000,8.2782,0.000010
-10.6000,8.2782,0.000012
-10.4000,8.2782,0.000015
-10.2000,8.2782,0.000018
-10.0000,8.2782,0.000024
-9.8000,8.2782,0.000031
-9.6000,8.2782,0.000041
-9.4000,8.2782,0.000056
-9.2000,8.2782,0.000079
-9.0000,8.2782,0.000113
-8.8000,8.2782,0.000168
-8.6000,8.2782,0.000256
-8.4000,8.2782,0.000404
-8.2000,8.2782,0.000657
-8.0000,8.2782,0.001107
-7.8000,8.2782,0.001930
-7.6000,8.2782,0.003479
-7.4000,8.2782,0.006468
-7.2000,8.2782,0.012356
-7.0000,8.2782,0.024098
-6.8000,8.2782,0.047569
-6.6000,8.2782,0.093926
-6.4000,8.2782,0.182774
-6.2000,8.2782,0.344296
-6.0000,8.2782,0.615187
-5.8000,8.2782,1.020232
-5.6000,8.2782,1.536885
-5.4000,8.2782,2.062546
-5.2000,8.2782,2.428907
-5.0000,8.2782,2.487497
-4.8000,8.2782,2.211975
-4.6000,8.2782,1.718500
-4.4000,8.2782,1.182016
-4.2000,8.2782,0.733411
-4.0000,8.2782,0.419718
-3.8000,8.2782,0.226795
-3.6000,8.2782,0.118372
-3.4000,8.2782,0.060920
-3.2000,8.2782,0.031463
-3.0000,8.2782,0.016540
-2.8000,8.2782,0.008947
-2.6000,8.2782,0.005019
-2.4000,8.2782,0.002935
-2.2000,8.2782,0.001795
-2.0000,8.2782,0.001150
-1.8000,8.2782,0.000772
-1.6000,8.2782,0.000543
-1.4000,8.2782,0.000399
-1.2000,8.2782,0.000307
-1.0000,8.2782,0.000247
-0.8000,8.2782,0.000207
-0.6000,8.2782,0.000180
-0.4000,8.2782,0.000163
-0.2000,8.2782,0.000154
0.0000,8.2782,0.000151
0.2000,8.2782,0.000154
0.4000,8.2782,0.000163
0.6000,8.2782,0.000180
0.8000,8.2782,0.000207
1.0000,8.2782,0.000247
1.2000,8.2782,0.000307
1.4000,8.2782,0.000399
1.6000,8.2782,0.000543
1.8000,8.2782,0.000772
2.0000,8.2782,0.001150
2.2000,8.2782,0.001795
2.4000,8.2782,0.002935
2.6000,8.2782,0.005019
2.8000,8.2782,0.008947
3.0000,8.2782,0.016540
3.2000,8.2782,0.031463
3.4000,8.2782,0.060920
3.6000,8.2782,0.118372
3.8000,8.2782,0.226795
4.0000,8.2782,0.419718
4.2000,8.2782,0.733411
4.4000,8.2782,1.182016
4.6000,8.2782,1.718500
4.8000,8.2782,2.211975
5.0000,8.2782,2.487497
5.2000,8.2782,2.428907
5.4000,8.2782,2.062546
5.6000,8.2782,1.536885
5.8000,8.2782,1.020232
6.0000,8.2782,0.615187
6.2000,8.2782,0.344296
6.4000,8.2782,0.182774
6.6000,8.2782,0.093926
6.8000,8.2782,0.047569
7.0000,8.2782,0.024098
7.2000,8.2782,0.012356
7.4000,8.2782,0.006468
7.6000,8.2782,0.003479
7.8000,8.2782,0.001930
8.0000,8.2782,0.001107
8.2000,8.2782,0.000657
8.4000,8.2782,0.000404
8.6000,8.2782,0.000256
8.8000,8.2782,0.000168
9.0000,8.2782,0.000113
9.2000,8.2782,0.000079
9.4000,8.2782,0.000056
9.6000,8.2782,0.000041
9.8000,8.2782,0.000031
10.0000,8.2782,0.000024
10.2000,8.2782,0.000018
10.4000,8.2782,0.000015
10.6000,8.2782,0.000012
10.8000,8.2782,0.000010
11.0000,8.2782,0.000008
11.2000,8.2782,0.000007
11.4000,8.2782,0.000006
11.6000,8.2782,0.000005
11.8000,8.2782,0.000004
12.0000,8.2782,0.000004
12.2000,8.2782,0.000003
12.4000,8.2782,0.000003
12.6000,8.2782,0.000003
12.8000,8.2782,0.000002
13.0000,8.2782,0.000002
13.2000,8.2782,0.000002
13.4000,8.2782,0.000002
13.6000,8.2782,0.000002
13.8000,8.2782,0.000002
14.0000,8.2782,0.000002
14.2000,8.2782,0.000001
14.4000,8.2782,0.000001
14.6000,8.2782,0.000001
14.8000,8.2782,0.000001
15.0000,8.2782,0.000001
15.2000,8.2782,0.000001
15.4000,8.2782,0.000001
15.6000,8.2782,0.000001
15.8000,8.2782,0.000001
16.0000,8.2782,0.000001
16.2000,8.2782,0.000001
16.4000,8.2782,0.000001
16.6000,8.2782,0.000001
16.8000,8.2782,0.000001
17.0000,8.2782,0.000001
17.2000,8.2782,0.000001
17.4000,8.2782,0.000001
17.6000,8.2782,0.000001
17.8000,8.2782,0.000001
18.0000,8.2782,0.000001
18.2000,8.2782,0.000001
18.4000,8.2782,0.000001
18.6000,8.2782,0.000001
18.8000,8.2782,0.000001
19.0000,8.2782,0.000001
19.2000,8.2782,0.000001
19.4000,8.2782,0.000001
19.6000,8.2782,0.000001
19.8000,8.2782,0.000001
20.0000,8.2782,0.000001
-20.0000,8.3804,0.000001
-19.8000,8.3804,0.000001
-19.6000,8.3804,0.000001
-19.4000,8.3804,0.000001
-19.2000,8.3804,0.000001
-19.0000,8.3804,0.000001
-18.8000,8.3804,0.000001
-18.6000,8.3804,0.000001
-18.4000,8.3804,0.000001
-18.2000,8.3804,0.000001
-18.0000,8.3804,0.000001
-17.8000,8.3804,0.000001
-17.6000,8.3804,0.000001
-17.4000,8.3804,0.000001
-17.2000,8.3804,0.000001
-17.0000,8.3804,0.000001
-16.8000,8.3804,0.000001
-16.6000,8.3804,0.000001
-16.4000,8.3804,0.000001
-16.2000,8.3804,0.000001
-16.0000,8.3804,0.000001
-15.8000,8.3804,0.000001
-15.6000,8.3804,0.000001
-15.4000,8.3804,0.000001
-15.2000,8.3804,0.000001
-15.0000,8.3804,0.000001
-14.8000,8.3804,0.000001
-14.6000,8.3804,0.000001
-14.4000,8.3804,0.000001
-14.2000,8.3804,0.000001
-14.0000,8.3804,0.000002
-13.8000,8.3804,0.000002
-13.6000,8.3804,0.000002
-13.4000,8.3804,0.000002
-13.2000,8.3804,0.000002
-13.0000,8.3804,0.000002
-12.8000,8.3804,0.000003
-12.6000,8.3804,0.000003
-12.4000,8.3804,0.000003
-12.2000,8.3804,0.000003
-12.0000,8.3804,0.000004
-11.8000,8.3804,0.000004
-11.6000,8.3804,0.000005
-11.4000,8.3804,0.000006
-11.2000,8.3804,0.000007
-11.0000,8.3804,0.000008
-10.8000,8.3804,0.000010
-10.6000,8.3804,0.000013
-10.4000,8.3804,0.000016
-10.2000,8.3804,0.000020
-10.0000,8.3804,0.000026
-9.8000,8.3804,0.000034
-9.6000,8.3804,0.000045
-9.4000,8.3804,0.000062
-9.2000,8.3804,0.000088
-9.0000,8.3804,0.000128
-8.8000,8.3804,0.000191
-8.6000,8.3804,0.000294
-8.4000,8.3804,0.000468
-8.2000,8.3804,0.000770
-8.0000,8.3804,0.001312
-7.8000,8.3804,0.002313
-7.6000,8.3804,0.004212
-7.4000,8.3804,0.007904
-7.2000,8.3804,0.015213
-7.0000,8.3804,0.029822
-6.8000,8.3804,0.058968
-6.6000,8.3804,0.116125
-6.4000,8.3804,0.224166
-6.2000,8.3804,0.416310
-6.0000,8.3804,0.728426
-5.8000,8.3804,1.174847
-5.6000,8.3804,1.710185
-5.4000,8.3804,2.206136
-5.2000,8.3804,2.488506
-5.0000,8.3804,2.437975
-4.8000,8.3804,2.076232
-4.6000,8.3804,1.550100
-4.4000,8.3804,1.030019
-4.2000,8.3804,0.621467
-4.0000,8.3804,0.348299
-3.8000,8.3804,0.185604
-3.6000,8.3804,0.096148
-3.4000,8.3804,0.049381
-3.2000,8.3804,0.025564
-3.0000,8.3804,0.013515
-2.8000,8.3804,0.007369
-2.6000,8.3804,0.004173
-2.4000,8.3804,0.002465
-2.2000,8.3804,0.001523
-2.0000,8.3804,0.000986
-1.8000,8.3804,0.000668
-1.6000,8.3804,0.000474
-1.4000,8.3804,0.000351
-1.2000,8.3804,0.000272
-1.0000,8.3804,0.000220
-0.8000,8.3804,0.000185
-0.6000,8.3804,0.000162
-0.4000,8.3804,0.000147
-0.2000,8.3804,0.000139
0.0000,8.3804,0.000137
0.2000,8.3804,0.000139
0.4000,8.3804,0.000147
0.6000,8.3804,0.000162
0.8000,8.3804,0.000185
1.0000,8.3804,0.000220
1.2000,8.3804,0.000272
1.4000,8.3804,0.000351
1.6000,8.3804,0.000474
1.8000,8.3804,0.000668
2.0000,8.3804,0.000986
2.2000,8.3804,0.001523
2.4000,8.3804,0.002465
2.6000,8.3804,0.004173
2.8000,8.3804,0.007369
3.0000,8.3804,0.013515
3.2000,8.3804,0.025564
3.4000,8.3804,0.049381
3.6000,8.3804,0.096148
3.8000,8.3804,0.185604
4.0000,8.3804,0.348299
4.2000,8.3804,0.621467
4.4000,8.3804,1.030019
4.6000,8.3804,1.550100
4.8000,8.3804,2.076232
5.0000,8.3804,2.437975
5.2000,8.3804,2.488506
5.4000,8.3804,2.206136
5.6000,8.3804,1.710185
5.8000,8.3804,1.174847
6.0000,8.3804,0.728426
6.2000,8.3804,0.416310
6.4000,8.3804,0.224166
6.6000,8.3804,0.116125
6.8000,8.3804,0.058968
7.0000,8.3804,0.029822
7.2000,8.3804,0.015213
7.4000,8.3804,0.007904
7.6000,8.3804,0.004212
7.8000,8.3804,0.002313
8.0000,8.3804,0.001312
8.2000,8.3804,0.000770
8.4000,8.3804,0.000468
8.6000,8.3804,0.000294
8.8000,8.3804,0.000191
9.0000,8.3804,0.000128
9.2000,8.3804,0.000088
9.4000,8.3804,0.000062
9.6000,8.3804,0.000045
9.8000,8.3804,0.000034
10.0000,8.3804,0.000026
10.2000,8.3804,0.000020
10.4000,8.3804,0.000016
10.6000,8.3804,0.000013
10.8000,8.3804,0.000010
11.0000,8.3804,0.000008
11.2000,8.3804,0.000007
11.4000,8.3804,0.000006
11.6000,8.3804,0.000005
11.8000,8.3804,0.000004
12.0000,8.3804,0.000004
12.2000,8.3804,0.000003
12.4000,8.3804,0.000003
12.6000,8.3804,0.000003
12.8000,8.3804,0.000003
13.0000,8.3804,0.000002
13.2000,8.3804,0.000002
13.4000,8.3804,0.000002
13.6000,8.3804,0.000002
13.8000,8.3804,0.000002
14.0000,8.3804,0.000002
14.2000,8.3804,0.000001
14.4000,8.3804,0.000001
14.6000,8.3804,0.000001
14.8000,8.3804,0.000001
15.0000,8.3804,0.000001
15.2000,8.3804,0.000001
15.4000,8.3804,0.000001
15.6000,8.3804,0.000001
15.8000,8.3804,0.000001
16.0000,8.3804,0.000001
16.2000,8.3804,0.000001
16.4000,8.3804,0.000001
16.6000,8.3804,0.000001
16.8000,8.3804,0.000001
17.0000,8.3804,0.000001
17.2000,8.3804,0.000001
17.4000,8.3804,0.000001
17.6000,8.3804,0.000001
17.8000,8.3804,0.000001
18.0000,8.3804,0.000001
18.2000,8.3804,0.000001
18.4000,8.3804,0.000001
18.6000,8.3804,0.000001
18.8000,8.3804,0.000001
19.0000,8.3804,0.000001
19.2000,8.3804,0.000001
19.4000,8.3804,0.000001
19.6000,8.3804,0.000001
19.8000,8.3804,0.000001
20.0000,8.3804,0.000001
-20.0000,8.4826,0.000001
-19.8000,8.4826,0.000001
-19.6000,8.4826,0.000001
-19.4000,8.4826,0.000001
-19.2000,8.4826,0.000001
-19.0000,8.4826,0.000001
-18.8000,8.4826,0.000001
-18.6000,8.4826,0.000001
-18.4000,8.4826,0.000001
-18.2000,8.4826,0.000001
-18.0000,8.4826,0.000001
-17.8000,8.4826,0.000001
-17.6000,8.4826,0.000001
-17.4000,8.4826,0.000001
-17.2000,8.4826,0.000001
-17.0000,8.4826,0.000001
-16.8000,8.4826,0.000001
-16.6000,8.4826,0.000001
-16.4000,8.4826,0.000001
-16.2000,8.4826,0.000001
-16.0000,8.4826,0.000001
-15.8000,8.4826,0.000001
-15.6000,8.4826,0.000001
-15.4000,8.4826,0.000001
-15.2000,8.4826,0.000001
-15.0000,8.4826,0.000001
-14.8000,8.4826,0.000001
-14.6000,8.4826,0.000001
-14.4000,8.4826,0.000001
-14.2000,8.4826,0.000001
-14.0000,8.4826,0.000002
-13.8000,8.4826,0.000002
-13.6000,8.4826,0.000002
-13.4000,8.4826,0.000002
-13.2000,8.4826,0.000002
-13.0000,8.4826,0.000002
-12.8000,8.4826,0.000003
-12.6000,8.4826,0.000003
-12.4000,8.4826,0.000003
-12.2000,8.4826,0.000004
-12.0000,8.4826,0.000004
-11.8000,8.4826,0.000005
-11.6000,8.4826,0.000005
-11.4000,8.4826,0.000006
-11.2000,8.4826,0.000007
-11.0000,8.4826,0.000009
-10.8000,8.4826,0.000011
-10.6000,8.4826,0.000013
-10.4000,8.4826,0.000017
-10.2000,8.4826,0.000021
-10.0000,8.4826,0.000028
-9.8000,8.4826,0.000037
-9.6000,8.4826,0.000050
-9.4000,8.4826,0.000069
-9.2000,8.4826,0.000098
-9.0000,8.4826,0.000144
-8.8000,8.4826,0.000217
-8.6000,8.4826,0.000338
-8.4000,8.4826,0.000545
-8.2000,8.4826,0.000906
-8.0000,8.4826,0.001561
-7.8000,8.4826,0.002781
-7.6000,8.4826,0.005116
-7.4000,8.4826,0.009685
-7.2000,8.4826,0.018769
-7.0000,8.4826,0.036945
-6.8000,8.4826,0.073084
-6.6000,8.4826,0.143309
-6.4000,8.4826,0.273918
-6.2000,8.4826,0.500481
-6.0000,8.4826,0.855660
-5.8000,8.4826,1.339341
-5.6000,8.4826,1.880567
-5.4000,8.4826,2.328823
-5.2000,8.4826,2.514556
-5.0000,8.4826,2.356870
-4.8000,8.4826,1.923878
-4.6000,8.4826,1.382344
-4.4000,8.4826,0.889095
-4.2000,8.4826,0.522764
-4.0000,8.4826,0.287548
-3.8000,8.4826,0.151422
-3.6000,8.4826,0.077991
-3.4000,8.4826,0.040032
-3.2000,8.4826,0.020796
-3.0000,8.4826,0.011066
-2.8000,8.4826,0.006085
-2.6000,8.4826,0.003480
-2.4000,8.4826,0.002077
-2.2000,8.4826,0.001297
-2.0000,8.4826,0.000848
-1.8000,8.4826,0.000580
-1.6000,8.4826,0.000415
-1.4000,8.4826,0.000310
-1.2000,8.4826,0.000242
-1.0000,8.4826,0.000196
-0.8000,8.4826,0.000166
-0.6000,8.4826,0.000146
-0.4000,8.4826,0.000133
-0.2000,8.4826,0.000126
0.0000,8.4826,0.000124
0.2000,8.4826,0.000126
0.4000,8.4826,0.000133
0.6000,8.4826,0.000146
0.8000,8.4826,0.000166
1.0000,8.4826,0.000196
1.2000,8.4826,0.000242
1.4000,8.4826,0.000310
1.6000,8.4826,0.000415
1.8000,8.4826,0.000580
2.0000,8.4826,0.000848
2.2000,8.4826,0.001297
2.4000,8.4826,0.002077
2.6000,8.4826,0.003480
2.8000,8.4826,0.006085
3.0000,8.4826,0.011066
3.2000,8.4826,0.020796
3.4000,8.4826,0.040032
3.6000,8.4826,0.077991
3.8000,8.4826,0.151422
4.0000,8.4826,0.287548
4.2000,8.4826,0.522764
4.4000,8.4826,0.889095
4.6000,8.4826,1.382344
4.8000,8.4826,1.923878
5.0000,8.4826,2.356870
5.2000,8.4826,2.514556
5.4000,8.4826,2.328823
5.6000,8.4826,1.880567
5.8000,8.4826,1.339341
6.0000,8.4826,0.855660
6.2000,8.4826,0.500481
6.4000,8.4826,0.273918
6.6000,8.4826,0.143309
6.8000,8.4826,0.073084
7.0000,8.4826,0.036945
7.2000,8.4826,0.018769
7.4000,8.4826,0.009685
7.6000,8.4826,0.005116
7.8000,8.4826,0.002781
8.0000,8.4826,0.001561
8.2000,8.4826,0.000906
8.4000,8.4826,0.000545
8.6000,8.4826,0.000338
8.8000,8.4826,0.000217
9.0000,8.4826,0.000144
9.2000,8.4826,0.000098
9.4000,8.4826,0.000069
9.6000,8.4826,0.000050
9.8000,8.4826,0.000037
10.0000,8.4826,0.000028
10.2000,8.4826,0.000021
10.4000,8.4826,0.000017
10.6000,8.4826,0.000013
10.8000,8.4826,0.000011
11.0000,8.4826,0.000009
11.2000,8.4826,0.000007
11.4000,8.4826,0.000006
11.6000,8.4826,0.000005
11.8000,8.4826,0.000005
12.0000,8.4826,0.000004
12.2000,8.4826,0.000004
12.4000,8.4826,0.000003
12.6000,8.4826,0.000003
12.8000,8.4826,0.000003
13.0000,8.4826,0.000002
13.2000,8.4826,0.000002
13.4000,8.4826,0.000002
13.6000,8.4826,0.000002
13.8000,8.4826,0.000002
14.0000,8.4826,0.000002
14.2000,8.4826,0.000001
14.4000,8.4826,0.000001
14.6000,8.4826,0.000001
14.8000,8.4826,0.000001
15.0000,8.4826,0.000001
15.2000,8.4826,0.000001
15.4000,8.4826,0.000001
15.6000,8.4826,0.000001
15.8000,8.4826,0.000001
16.0000,8.4826,0.000001
16.2000,8.4826,0.000001
16.4000,8.4826,0.000001
16.6000,8.4826,0.000001
16.8000,8.4826,0.000001
17.0000,8.4826,0.000001
17.2000,8.4826,0.000001
17.4000,8.4826,0.000001
17.6000,8.4826,0.000001
17.8000,8.4826,0.000001
18.0000,8.4826,0.000001
18.2000,8.4826,0.000001
18.4000,8.4826,0.000001
18.6000,8.4826,0.000001
18.8000,8.4826,0.000001
19.0000,8.4826,0.000001
19.2000,8.4826,0.000001
19.4000,8.4826,0.000001
19.6000,8.4826,0.000001
19.8000,8.4826,0.000001
20.0000,8.4826,0.000001
-20.0000,8.5848,0.000001
-19.8000,8.5848,0.000001
-19.6000,8.5848,0.000001
-19.4000,8.5848,0.000001
-19.2000,8.5848,0.000001
-19.0000,8.5848,0.000001
-18.8000,8.5848,0.000001
-18.6000,8.5848,0.000001
-18.4000,8.5848,0.000001
-18.2000,8.5848,0.000001
-18.0000,8.5848,0.000001
-17.8000,8.5848,0.000001
-17.6000,8.5848,0.000001
-17.4000,8.5848,0.000001
-17.2000,8.5848,0.000001
-17.0000,8.5848,0.000001
-16.8000,8.5848,0.000001
-16.6000,8.5848,0.000001
-16.4000,8.5848,0.000001
-16.2000,8.5848,0.000001
-16.0000,8.5848,0.000001
-15.8000,8.5848,0.000001
-15.6000,8.5848,0.000001
-15.4000,8.5848,0.000001
-15.2000,8.5848,0.000001
-15.0000,8.5848,0.000001
-14.8000,8.5848,0.000001
-14.6000,8.5848,0.000001
-14.4000,8.5848,0.000001
-14.2000,8.5848,0.000001
-14.0000,8.5848,0.000002
-13.8000,8.5848,0.000002
-13.6000,8.5848,0.000002
-13.4000,8.5848,0.000002
-13.2000,8.5848,0.000002
-13.0000,8.5848,0.000002
-12.8000,8.5848,0.000003
-12.6000,8.5848,0.000003
-12.4000,8.5848,0.000003
-12.2000,8.5848,0.000004
-12.0000,8.5848,0.000004
-11.8000,8.5848,0.000005
-11.6000,8.5848,0.000006
-11.4000,8.5848,0.000007
-11.2000,8.5848,0.000008
-11.0000,8.5848,0.000009
-10.8000,8.5848,0.000012
-10.6000,8.5848,0.000014
-10.4000,8.5848,0.000018
-10.2000,8.5848,0.000023
-10.0000,8.5848,0.000030
-9.8000,8.5848,0.000040
-9.6000,8.5848,0.000055
-9.4000,8.5848,0.000077
-9.2000,8.5848,0.000110
-9.0000,8.5848,0.000163
-8.8000,8.5848,0.000249
-8.6000,8.5848,0.000391
-8.4000,8.5848,0.000636
-8.2000,8.5848,0.001070
-8.0000,8.5848,0.001864
-7.8000,8.5848,0.003356
-7.6000,8.5848,0.006233
-7.4000,8.5848,0.011898
-7.2000,8.5848,0.023198
-7.0000,8.5848,0.045801
-6.8000,8.5848,0.090515
-6.6000,8.5848,0.176436
-6.4000,8.5848,0.333262
-6.2000,8.5848,0.597784
-6.0000,8.5848,0.996460
-5.8000,8.5848,1.510653
-5.6000,8.5848,2.042554
-5.4000,8.5848,2.425470
-5.2000,8.5848,2.505869
-5.0000,8.5848,2.247833
-4.8000,8.5848,1.760593
-4.6000,8.5848,1.219444
-4.4000,8.5848,0.760704
-4.2000,8.5848,0.436823
-4.0000,8.5848,0.236328
-3.8000,8.5848,0.123221
-3.6000,8.5848,0.063209
-3.4000,8.5848,0.032469
-3.2000,8.5848,0.016943
-3.0000,8.5848,0.009081
-2.8000,8.5848,0.005039
-2.6000,8.5848,0.002910
-2.4000,8.5848,0.001755
-2.2000,8.5848,0.001107
-2.0000,8.5848,0.000731
-1.8000,8.5848,0.000505
-1.6000,8.5848,0.000364
-1.4000,8.5848,0.000274
-1.2000,8.5848,0.000215
-1.0000,8.5848,0.000176
-0.8000,8.5848,0.000149
-0.6000,8.5848,0.000132
-0.4000,8.5848,0.000120
-0.2000,8.5848,0.000114
0.0000,8.5848,0.000112
0.2000,8.5848,0.000114
0.4000,8.5848,0.000120
0.6000,8.5848,0.000132
0.8000,8.5848,0.000149
1.0000,8.5848,0.000176
1.2000,8.5848,0.000215
1.4000,8.5848,0.000274
1.6000,8.5848,0.000364
1.8000,8.5848,0.000505
2.0000,8.5848,0.000731
2.2000,8.5848,0.001107
2.4000,8.5848,0.001755
2.6000,8.5848,0.002910
2.8000,8.5848,0.005039
3.0000,8.5848,0.009081
3.2000,8.5848,0.016943
3.4000,8.5848,0.032469
3.6000,8.5848,0.063209
3.8000,8.5848,0.123221
4.0000,8.5848,0.236328
4.2000,8.5848,0.436823
4.4000,8.5848,0.760704
4.6000,8.5848,1.219444
4.8000,8.5848,1.760593
5.0000,8.5848,2.247833
5.2000,8.5848,2.505869
5.4000,8.5848,2.425470
5.6000,8.5848,2.042554
5.8000,8.5848,1.510653
6.0000,8.5848,0.996460
6.2000,8.5848,0.597784
6.4000,8.5848,0.333262
6.6000,8.5848,0.176436
6.8000,8.5848,0.090515
7.0000,8.5848,0.045801
7.2000,8.5848,0.023198
7.4000,8.5848,0.011898
7.6000,8.5848,0.006233
7.8000,8.5848,0.003356
8.0000,8.5848,0.001864
8.2000,8.5848,0.001070
8.4000,8.5848,0.000636
8.6000,8.5848,0.000391
8.8000,8.5848,0.000249
9.0000,8.5848,0.000163
9.2000,8.5848,0.000110
9.4000,8.5848,0.000077
9.6000,8.5848,0.000055
9.8000,8.5848,0.000040
10.0000,8.5848,0.000030
10.2000,8.5848,0.000023
10.4000,8.5848,0.000018
10.6000,8.5848,0.000014
10.8000,8.5848,0.000012
11.0000,8.5848,0.000009
11.2000,8.5848,0.000008
11.4000,8.5848,0.000007
11.6000,8.5848,0.000006
11.8000,8.5848,0.000005
12.0000,8.5848,0.000004
12.2000,8.5848,0.000004
12.4000,8.5848,0.000003
12.6000,8.5848,0.000003
12.8000,8.5848,0.000003
13.0000,8.5848,0.000002
13.2000,8.5848,0.000002
13.4000,8.5848,0.000002
13.6000,8.5848,0.000002
13.8000,8.5848,0.000002
14.0000,8.5848,0.000002
14.2000,8.5848,0.000001
14.4000,8.5848,0.000001
14.6000,8.5848,0.000001
14.8000,8.5848,0.000001
15.0000,8.5848,0.000001
15.2000,8.5848,0.000001
15.4000,8.5848,0.000001
15.6000,8.5848,0.000001
15.8000,8.5848,0.000001
16.0000,8.5848,0.000001
16.2000,8.5848,0.000001
16.4000,8.5848,0.000001
16.6000,8.5848,0.000001
16.8000,8.5848,0.000001
17.0000,8.5848,0.000001
17.2000,8.5848,0.000001
17.4000,8.5848,0.000001
17.6000,8.5848,0.000001
17.8000,8.5848,0.000001
18.0000,8.5848,0.000001
18.2000,8.5848,0.000001
18.4000,8.5848,0.000001
18.6000,8.5848,0.000001
18.8000,8.5848,0.000001
19.0000,8.5848,0.000001
19.2000,8.5848,0.000001
19.4000,8.5848,0.000001
19.6000,8.5848,0.000001
19.8000,8.5848,0.000001
20.0000,8.5848,0.000001
-20.0000,8.6870,0.000001
-19.8000,8.6870,0.000001
-19.6000,8.6870,0.000001
-19.4000,8.6870,0.000001
-19.2000,8.6870,0.000001
-19.0000,8.6870,0.000001
-18.8000,8.6870,0.000001
-18.6000,8.6870,0.000001
-18.4000,8.6870,0.000001
-18.2000,8.6870,0.000001
-18.0000,8.6870,0.000001
-17.8000,8.6870,0.000001
-17.6000,8.6870,0.000001
-17.4000,8.6870,0.000001
-17.2000,8.6870,0.000001
-17.0000,8.6870,0.000001
-16.8000,8.6870,0.000001
-16.6000,8.6870,0.000001
-16.4000,8.6870,0.000001
-16.2000,8.6870,0.000001
-16.0000,8.6870,0.000001
-15.8000,8.6870,0.000001
-15.6000,8.6870,0.000001
-15.4000,8.6870,0.000001
-15.2000,8.6870,0.000001
-15.0000,8.6870,0.000001
-14.8000,8.6870,0.000001
-14.6000,8.6870,0.000001
-14.4000,8.6870,0.000001
-14.2000,8.6870,0.000002
-14.0000,8.6870,0.000002
-13.8000,8.6870,0.000002
-13.6000,8.6870,0.000002
-13.4000,8.6870,0.000002
-13.2000,8.6870,0.000002
-13.0000,8.6870,0.000002
-12.8000,8.6870,0.000003
-12.6000,8.6870,0.000003
-12.4000,8.6870,0.000003
-12.2000,8.6870,0.000004
-12.0000,8.6870,0.000004
-11.8000,8.6870,0.000005
-11.6000,8.6870,0.000006
-11.4000,8.6870,0.000007
-11.2000,8.6870,0.000008
-11.0000,8.6870,0.000010
-10.8000,8.6870,0.000012
-10.6000,8.6870,0.000015
-10.4000,8.6870,0.000019
-10.2000,8.6870,0.000025
-10.0000,8.6870,0.000033
-9.8000,8.6870,0.000044
-9.6000,8.6870,0.000061
-9.4000,8.6870,0.000086
-9.2000,8.6870,0.000124
-9.0000,8.6870,0.000185
-8.8000,8.6870,0.000285
-8.6000,8.6870,0.000454
-8.4000,8.6870,0.000746
-8.2000,8.6870,0.001269
-8.0000,8.6870,0.002233
-7.8000,8.6870,0.004062
-7.6000,8.6870,0.007616
-7.4000,8.6870,0.014650
-7.2000,8.6870,0.028713
-7.0000,8.6870,0.056796
-6.8000,8.6870,0.111969
-6.6000,8.6870,0.216572
-6.4000,8.6870,0.403436
-6.2000,8.6870,0.708902
-6.0000,8.6870,1.149667
-5.8000,8.6870,1.684817
-5.6000,8.6870,2.190367
-5.4000,8.6870,2.491842
-5.2000,8.6870,2.462874
-5.0000,8.6870,2.115571
-4.8000,8.6870,1.591912
-4.6000,8.6870,1.064770
-4.4000,8.6870,0.645564
-4.2000,8.6870,0.362837
-4.0000,8.6870,0.193481
-3.8000,8.6870,0.100074
-3.6000,8.6870,0.051207
-3.4000,8.6870,0.026357
-3.2000,8.6870,0.013828
-3.0000,8.6870,0.007470
-2.8000,8.6870,0.004184
-2.6000,8.6870,0.002441
-2.4000,8.6870,0.001488
-2.2000,8.6870,0.000948
-2.0000,8.6870,0.000632
-1.8000,8.6870,0.000441
-1.6000,8.6870,0.000321
-1.4000,8.6870,0.000243
-1.2000,8.6870,0.000192
-1.0000,8.6870,0.000158
-0.8000,8.6870,0.000135
-0.6000,8.6870,0.000119
-0.4000,8.6870,0.000109
-0.2000,8.6870,0.000104
0.0000,8.6870,0.000102
0.2000,8.6870,0.000104
0.4000,8.6870,0.000109
0.6000,8.6870,0.000119
0.8000,8.6870,0.000135
1.0000,8.6870,0.000158
1.2000,8.6870,0.000192
1.4000,8.6870,0.000243
1.6000,8.6870,0.000321
1.8000,8.6870,0.000441
2.0000,8.6870,0.000632
2.2000,8.6870,0.000948
2.4000,8.6870,0.001488
2.6000,8.6870,0.002441
2.8000,8.6870,0.004184
3.0000,8.6870,0.007470
3.2000,8.6870,0.013828
3.4000,8.6870,0.026357
3.6000,8.6870,0.051207
3.8000,8.6870,0.100074
4.0000,8.6870,0.193481
4.2000,8.6870,0.362837
4.4000,8.6870,0.645564
4.6000,8.6870,1.064770
4.8000,8.6870,1.591912
5.0000,8.6870,2.115571
5.2000,8.6870,2.462874
5.4000,8.6870,2.491842
5.6000,8.6870,2.190367
5.8000,8.6870,1.684817
6.0000,8.6870,1.149667
6.2000,8.6870,0.708902
6.4000,8.6870,0.403436
6.6000,8.6870,0.216572
6.8000,8.6870,0.111969
7.0000,8.6870,0.056796
7.2000,8.6870,0.028713
7.4000,8.6870,0.014650
7.6000,8.6870,0.007616
7.8000,8.6870,0.004062
8.0000,8.6870,0.002233
8.2000,8.6870,0.001269
8.4000,8.6870,0.000746
8.6000,8.6870,0.000454
8.8000,8.6870,0.000285
9.0000,8.6870,0.000185
9.2000,8.6870,0.000124
9.4000,8.6870,0.000086
9.6000,8.6870,0.000061
9.8000,8.6870,0.000044
10.0000,8.6870,0.000033
10.2000,8.6870,0.000025
10.4000,8.6870,0.000019
10.6000,8.6870,0.000015
10.8000,8.6870,0.000012
11.0000,8.6870,0.000010
11.2000,8.6870,0.000008
11.4000,8.6870,0.000007
11.6000,8.6870,0.000006
11.8000,8.6870,0.000005
12.0000,8.6870,0.000004
12.2000,8.6870,0.000004
12.4000,8.6870,0.000003
12.6000,8.6870,0.000003
12.8000,8.6870,0.000003
13.0000,8.6870,0.000002
13.2000,8.6870,0.000002
13.4000,8.6870,0.000002
13.6000,8.6870,0.000002
13.8000,8.6870,0.000002
14.0000,8.6870,0.000002
14.2000,8.6870,0.000002
14.4000,8.6870,0.000001
14.6000,8.6870,0.000001
14.8000,8.6870,0.000001
15.0000,8.6870,0.000001
15.2000,8.6870,0.000001
15.4000,8.6870,0.000001
15.6000,8.6870,0.000001
15.8000,8.6870,0.000001
16.0000,8.6870,0.000001
16.2000,8.6870,0.000001
16.4000,8.6870,0.000001
16.6000,8.6870,0.000001
16.8000,8.6870,0.000001
17.0000,8.6870,0.000001
17.2000,8.6870,0.000001
17.4000,8.6870,0.000001
17.6000,8.6870,0.000001
17.8000,8.6870,0.000001
18.0000,8.6870,0.000001
18.2000,8.6870,0.000001
18.4000,8.6870,0.000001
18.6000,8.6870,0.000001
18.8000,8.6870,0.000001
19.0000,8.6870,0.000001
19.2000,8.6870,0.000001
19.4000,8.6870,0.000001
19.6000,8.6870,0.000001
19.8000,8.6870,0.000001
20.0000,8.6870,0.000001
-20.0000,8.7892,0.000001
-19.8000,8.7892,0.000001
-19.6000,8.7892,0.000001
-19.4000,8.7892,0.000001
-19.2000,8.7892,0.000001
-19.0000,8.7892,0.000001
-18.8000,8.7892,0.000001
-18.6000,8.7892,0.000001
-18.4000,8.7892,0.000001
-18.2000,8.7892,0.000001
-18.0000,8.7892,0.000001
-17.8000,8.7892,0.000001
-17.6000,8.7892,0.000001
-17.4000,8.7892,0.000001
-17.2000,8.7892,0.000001
-17.0000,8.7892,0.000001
-16.8000,8.7892,0.000001
-16.6000,8.7892,0.000001
-16.4000,8.7892,0.000001
-16.2000,8.7892,0.000001
-16.0000,8.7892,0.000001
-15.8000,8.7892,0.000001
-15.6000,8.7892,0.000001
-15.4000,8.7892,0.000001
-15.2000,8.7892,0.000001
-15.0000,8.7892,0.000001
-14.8000,8.7892,0.000001
-14.6000,8.7892,0.000001
-14.4000,8.7892,0.000001
-14.2000,8.7892,0.000002
-14.0000,8.7892,0.000002
-13.8000,8.7892,0.000002
-13.6000,8.7892,0.000002
-13.4000,8.7892,0.000002
-13.2000,8.7892,0.000002
-13.0000,8.7892,0.000003
-12.8000,8.7892,0.000003
-12.6000,8.7892,0.000003
-12.4000,8.7892,0.000004
-12.2000,8.7892,0.000004
-12.0000,8.7892,0.000005
-11.8000,8.7892,0.000005
-11.6000,8.7892,0.000006
-11.4000,8.7892,0.000007
-11.2000,8.7892,0.000009
-11.0000,8.7892,0.000011
-10.8000,8.7892,0.000013
-10.6000,8.7892,0.000016
-10.4000,8.7892,0.000021
-10.2000,8.7892,0.000027
-10.0000,8.7892,0.000036
-9.8000,8.7892,0.000049
-9.6000,8.7892,0.000067
-9.4000,8.7892,0.000096
-9.2000,8.7892,0.000140
-9.0000,8.7892,0.000211
-8.8000,8.7892,0.000328
-8.6000,8.7892,0.000528
-8.4000,8.7892,0.000877
-8.2000,8.7892,0.001509
-8.0000,8.7892,0.002685
-7.8000,8.7892,0.004934
-7.6000,8.7892,0.009332
-7.4000,8.7892,0.018076
-7.2000,8.7892,0.035578
-7.0000,8.7892,0.070418
-6.8000,8.7892,0.138265
-6.6000,8.7892,0.264881
-6.4000,8.7892,0.485615
-6.2000,8.7892,0.834092
-6.0000,8.7892,1.313286
-5.8000,8.7892,1.857061
-5.6000,8.7892,2.318276
-5.4000,8.7892,2.524945
-5.2000,8.7892,2.387576
-5.0000,8.7892,1.965475
-4.8000,8.7892,1.422909
-4.6000,8.7892,0.920810
-4.4000,8.7892,0.543765
-4.2000,8.7892,0.299787
-4.0000,8.7892,0.157887
-3.8000,8.7892,0.081156
-3.6000,8.7892,0.041485
-3.4000,8.7892,0.021420
-3.2000,8.7892,0.011309
-3.0000,8.7892,0.006160
-2.8000,8.7892,0.003484
-2.6000,8.7892,0.002054
-2.4000,8.7892,0.001265
-2.2000,8.7892,0.000815
-2.0000,8.7892,0.000548
-1.8000,8.7892,0.000386
-1.6000,8.7892,0.000283
-1.4000,8.7892,0.000216
-1.2000,8.7892,0.000172
-1.0000,8.7892,0.000142
-0.8000,8.7892,0.000121
-0.6000,8.7892,0.000108
-0.4000,8.7892,0.000099
-0.2000,8.7892,0.000094
0.0000,8.7892,0.000093
0.2000,8.7892,0.000094
0.4000,8.7892,0.000099
0.6000,8.7892,0.000108
0.8000,8.7892,0.000121
1.0000,8.7892,0.000142
1.2000,8.7892,0.000172
1.4000,8.7892,0.000216
1.6000,8.7892,0.000283
1.8000,8.7892,0.000386
2.0000,8.7892,0.000548
2.2000,8.7892,0.000815
2.4000,8.7892,0.001265
2.6000,8.7892,0.002054
2.8000,8.7892,0.003484
3.0000,8.7892,0.006160
3.2000,8.7892,0.011309
3.4000,8.7892,0.021420
3.6000,8.7892,0.041485
3.8000,8.7892,0.081156
4.0000,8.7892,0.157887
4.2000,8.7892,0.299787
4.4000,8.7892,0.543765
4.6000,8.7892,0.920810
4.8000,8.7892,1.422909
5.0000,8.7892,1.965475
5.2000,8.7892,2.387576
5.4000,8.7892,2.524945
5.6000,8.7892,2.318276
5.8000,8.7892,1.857061
6.0000,8.7892,1.313286
6.2000,8.7892,0.834092
6.4000,8.7892,0.485615
6.6000,8.7892,0.264881
6.8000,8.7892,0.138265
7.0000,8.7892,0.070418
7.2000,8.7892,0.035578
7.4000,8.7892,0.018076
7.6000,8.7892,0.009332
7.8000,8.7892,0.004934
8.0000,8.7892,0.002685
8.2000,8.7892,0.001509
8.4000,8.7892,0.000877
8.6000,8.7892,0.000528
8.8000,8.7892,0.000328
9.0000,8.7892,0.000211
9.2000,8.7892,0.000140
9.4000,8.7892,0.000096
9.6000,8.7892,0.000067
9.8000,8.7892,0.000049
10.0000,8.7892,0.000036
10.2000,8.7892,0.000027
10.4000,8.7892,0.000021
10.6000,8.7892,0.000016
10.8000,8.7892,0.000013
11.0000,8.7892,0.000011
11.2000,8.7892,0.000009
11.4000,8.7892,0.000007
11.6000,8.7892,0.000006
11.8000,8.7892,0.000005
12.0000,8.7892,0.000005
12.2000,8.7892,0.000004
12.4000,8.7892,0.000004
12.6000,8.7892,0.000003
12.8000,8.7892,0.000003
13.0000,8.7892,0.000003
13.2000,8.7892,0.000002
13.4000,8.7892,0.000002
13.6000,8.7892,0.000002
13.8000,8.7892,0.000002
14.0000,8.7892,0.000002
14.2000,8.7892,0.000002
14.4000,8.7892,0.000001
14.6000,8.7892,0.000001
14.8000,8.7892,0.000001
15.0000,8.7892,0.000001
15.2000,8.7892,0.000001
15.4000,8.7892,0.000001
15.6000,8.7892,0.000001
15.8000,8.7892,0.000001
16.0000,8.7892,0.000001
16.2000,8.7892,0.000001
16.4000,8.7892,0.000001
16.6000,8.7892,0.000001
16.8000,8.7892,0.000001
17.0000,8.7892,0.000001
17.2000,8.7892,0.000001
17.4000,8.7892,0.000001
17.6000,8.7892,0.000001
17.8000,8.7892,0.000001
18.0000,8.7892,0.000001
18.2000,8.7892,0.000001
18.4000,8.7892,0.000001
18.6000,8.7892,0.000001
18.8000,8.7892,0.000001
19.0000,8.7892,0.000001
19.2000,8.7892,0.000001
19.4000,8.7892,0.000001
19.6000,8.7892,0.000001
19.8000,8.7892,0.000001
20.0000,8.7892,0.000001
-20.0000,8.8914,0.000001
-19.8000,8.8914,0.000001
-19.6000,8.8914,0.000001
-19.4000,8.8914,0.000001
-19.2000,8.8914,0.000001
-19.0000,8.8914,0.000001
-18.8000,8.8914,0.000001
-18.6000,8.8914,0.000001
-18.4000,8.8914,0.000001
-18.2000,8.8914,0.000001
-18.0000,8.8914,0.000001
-17.8000,8.8914,0.000001
-17.6000,8.8914,0.000001
-17.4000,8.8914,0.000001
-17.2000,8.8914,0.000001
-17.0000,8.8914,0.000001
-16.8000,8.8914,0.000001
-16.6000,8.8914,0.000001
-16.4000,8.8914,0.000001
-16.2000,8.8914,0.000001
-16.0000,8.8914,0.000001
-15.8000,8.8914,0.000001
-15.6000,8.8914,0.000001
-15.4000,8.8914,0.000001
-15.2000,8.8914,0.000001
-15.0000,8.8914,0.000001
-14.8000,8.8914,0.000001
-14.6000,8.8914,0.000001
-14.4000,8.8914,0.000001
-14.2000,8.8914,0.000002
-14.0000,8.8914,0.000002
-13.8000,8.8914,0.000002
-13.6000,8.8914,0.000002
-13.4000,8.8914,0.000002
-13.2000,8.8914,0.000002
-13.0000,8.8914,0.000003
-12.8000,8.8914,0.000003
-12.6000,8.8914,0.000003
-12.4000,8.8914,0.000004
-12.2000,8.8914,0.000004
-12.0000,8.8914,0.000005
-11.8000,8.8914,0.000006
-11.6000,8.8914,0.000007
-11.4000,8.8914,0.000008
-11.2000,8.8914,0.000009
-11.0000,8.8914,0.000011
-10.8000,8.8914,0.000014
-10.6000,8.8914,0.000018
-10.4000,8.8914,0.000023
-10.2000,8.8914,0.000029
-10.0000,8.8914,0.000039
-9.8000,8.8914,0.000054
-9.6000,8.8914,0.000075
-9.4000,8.8914,0.000107
-9.2000,8.8914,0.000159
-9.0000,8.8914,0.000241
-8.8000,8.8914,0.000379
-8.6000,8.8914,0.000616
-8.4000,8.8914,0.001036
-8.2000,8.8914,0.001801
-8.0000,8.8914,0.003239
-7.8000,8.8914,0.006010
-7.6000,8.8914,0.011464
-7.4000,8.8914,0.022342
-7.2000,8.8914,0.044116
-7.0000,8.8914,0.087250
-6.8000,8.8914,0.170343
-6.6000,8.8914,0.322591
-6.4000,8.8914,0.580822
-6.2000,8.8914,0.973046
-6.0000,8.8914,1.484420
-5.8000,8.8914,2.021981
-5.6000,8.8914,2.420992
-5.4000,8.8914,2.523271
-5.2000,8.8914,2.283387
-5.0000,8.8914,1.803235
-4.8000,8.8914,1.257976
-4.6000,8.8914,0.789196
-4.4000,8.8914,0.454912
-4.2000,8.8914,0.246544
-4.0000,8.8914,0.128497
-3.8000,8.8914,0.065750
-3.6000,8.8914,0.033622
-3.4000,8.8914,0.017433
-3.2000,8.8914,0.009269
-3.0000,8.8914,0.005094
-2.8000,8.8914,0.002910
-2.6000,8.8914,0.001734
-2.4000,8.8914,0.001079
-2.2000,8.8914,0.000702
-2.0000,8.8914,0.000477
-1.8000,8.8914,0.000338
-1.6000,8.8914,0.000250
-1.4000,8.8914,0.000193
-1.2000,8.8914,0.000154
-1.0000,8.8914,0.000128
-0.8000,8.8914,0.000110
-0.6000,8.8914,0.000098
-0.4000,8.8914,0.000090
-0.2000,8.8914,0.000086
0.0000,8.8914,0.000084
0.2000,8.8914,0.000086
0.4000,8.8914,0.000090
0.6000,8.8914,0.000098
0.8000,8.8914,0.000110
1.0000,8.8914,0.000128
1.2000,8.8914,0.000154
1.4000,8.8914,0.000193
1.6000,8.8914,0.000250
1.8000,8.8914,0.000338
2.0000,8.8914,0.000477
2.2000,8.8914,0.000702
2.4000,8.8914,0.001079
2.6000,8.8914,0.001734
2.8000,8.8914,0.002910
3.0000,8.8914,0.005094
3.2000,8.8914,0.009269
3.4000,8.8914,0.017433
3.6000,8.8914,0.033622
3.8000,8.8914,0.065750
4.0000,8.8914,0.128497
4.2000,8.8914,0.246544
4.4000,8.8914,0.454912
4.6000,8.8914,0.789196
4.8000,8.8914,1.257976
5.0000,8.8914,1.803235
5.2000,8.8914,2.283387
5.4000,8.8914,2.523271
5.6000,8.8914,2.420992
5.8000,8.8914,2.021981
6.0000,8.8914,1.484420
6.2000,8.8914,0.973046
6.4000,8.8914,0.580822
6.6000,8.8914,0.322591
6.8000,8.8914,0.170343
7.0000,8.8914,0.087250
7.2000,8.8914,0.044116
7.4000,8.8914,0.022342
7.6000,8.8914,0.011464
7.8000,8.8914,0.006010
8.0000,8.8914,0.003239
8.2000,8.8914,0.001801
8.4000,8.8914,0.001036
8.6000,8.8914,0.000616
8.8000,8.8914,0.000379
9.0000,8.8914,0.000241
9.2000,8.8914,0.000159
9.4000,8.8914,0.000107
9.6000,8.8914,0.000075
9.8000,8.8914,0.000054
10.0000,8.8914,0.000039
10.2000,8.8914,0.000029
10.4000,8.8914,0.000023
10.6000,8.8914,0.000018
10.8000,8.8914,0.000014
11.0000,8.8914,0.000011
11.2000,8.8914,0.000009
11.4000,8.8914,0.000008
11.6000,8.8914,0.000007
11.8000,8.8914,0.000006
12.0000,8.8914,0.000005
12.2000,8.8914,0.000004
12.4000,8.8914,0.000004
12.6000,8.8914,0.000003
12.8000,8.8914,0.000003
13.0000,8.8914,0.000003
13.2000,8.8914,0.000002
13.4000,8.8914,0.000002
13.6000,8.8914,0.000002
13.8000,8.8914,0.000002
14.0000,8.8914,0.000002
14.2000,8.8914,0.000002
14.4000,8.8914,0.000001
14.6000,8.8914,0.000001
14.8000,8.8914,0.000001
15.0000,8.8914,0.000001
15.2000,8.8914,0.000001
15.4000,8.8914,0.000001
15.6000,8.8914,0.000001
15.8000,8.8914,0.000001
16.0000,8.8914,0.000001
16.2000,8.8914,0.000001
16.4000,8.8914,0.000001
16.6000,8.8914,0.000001
16.8000,8.8914,0.000001
17.0000,8.8914,0.000001
17.2000,8.8914,0.000001
17.4000,8.8914,0.000001
17.6000,8.8914,0.000001
17.8000,8.8914,0.000001
18.0000,8.8914,0.000001
18.2000,8.8914,0.000001
18.4000,8.8914,0.000001
18.6000,8.8914,0.000001
18.8000,8.8914,0.000001
19.0000,8.8914,0.000001
19.2000,8.8914,0.000001
19.4000,8.8914,0.000001
19.6000,8.8914,0.000001
19.8000,8.8914,0.000001
20.0000,8.8914,0.000001
-20.0000,8.9936,0.000001
-19.8000,8.9936,0.000001
-19.6000,8.9936,0.000001
-19.4000,8.9936,0.000001
-19.2000,8.9936,0.000001
-19.0000,8.9936,0.000001
-18.8000,8.9936,0.000001
-18.6000,8.9936,0.000001
-18.4000,8.9936,0.000001
-18.2000,8.9936,0.000001
-18.0000,8.9936,0.000001
-17.8000,8.9936,0.000001
-17.6000,8.9936,0.000001
-17.4000,8.9936,0.000001
-17.2000,8.9936,0.000001
-17.0000,8.9936,0.000001
-16.8000,8.9936,0.000001
-16.6000,8.9936,0.000001
-16.4000,8.9936,0.000001
-16.2000,8.9936,0.000001
-16.0000,8.9936,0.000001
-15.8000,8.9936,0.000001
-15.6000,8.9936,0.000001
-15.4000,8.9936,0.000001
-15.2000,8.9936,0.000001
-15.0000,8.9936,0.000001
-14.8000,8.9936,0.000001
-14.6000,8.9936,0.000001
-14.4000,8.9936,0.000002
-14.2000,8.9936,0.000002
-14.0000,8.9936,0.000002
-13.8000,8.9936,0.000002
-13.6000,8.9936,0.000002
-13.4000,8.9936,0.000002
-13.2000,8.9936,0.000002
-13.0000,8.9936,0.000003
-12.8000,8.9936,0.000003
-12.6000,8.9936,0.000003
-12.4000,8.9936,0.000004
-12.2000,8.9936,0.000004
-12.0000,8.9936,0.000005
-11.8000,8.9936,0.000006
-11.6000,8.9936,0.000007
-11.4000,8.9936,0.000008
-11.2000,8.9936,0.000010
-11.0000,8.9936,0.000012
-10.8000,8.9936,0.000015
-10.6000,8.9936,0.000019
-10.4000,8.9936,0.000024
-10.2000,8.9936,0.000032
-10.0000,8.9936,0.000043
-9.8000,8.9936,0.000059
-9.6000,8.9936,0.000083
-9.4000,8.9936,0.000121
-9.2000,8.9936,0.000180
-9.0000,8.9936,0.000277
-8.8000,8.9936,0.000440
-8.6000,8.9936,0.000722
-8.4000,8.9936,0.001227
-8.2000,8.9936,0.002158
-8.0000,8.9936,0.003921
-7.8000,8.9936,0.007343
-7.6000,8.9936,0.014115
-7.4000,8.9936,0.027657
-7.2000,8.9936,0.054721
-7.0000,8.9936,0.107983
-6.8000,8.9936,0.209255
-6.6000,8.9936,0.390950
-6.4000,8.9936,0.689805
-6.2000,8.9936,1.124748
-6.0000,8.9936,1.659258
-5.8000,8.9936,2.173811
-5.6000,8.9936,2.494056
-5.4000,8.9936,2.486924
-5.2000,8.9936,2.154844
-5.0000,8.9936,1.634461
-4.8000,8.9936,1.100676
-4.6000,8.9936,0.670795
-4.4000,8.9936,0.378252
-4.2000,8.9936,0.201943
-4.0000,8.9936,0.104356
-3.8000,8.9936,0.053241
-3.6000,8.9936,0.027271
-3.4000,8.9936,0.014213
-3.2000,8.9936,0.007615
-3.0000,8.9936,0.004224
-2.8000,8.9936,0.002438
-2.6000,8.9936,0.001468
-2.4000,8.9936,0.000923
-2.2000,8.9936,0.000607
-2.0000,8.9936,0.000416
-1.8000,8.9936,0.000298
-1.6000,8.9936,0.000222
-1.4000,8.9936,0.000172
-1.2000,8.9936,0.000138
-1.0000,8.9936,0.000115
-0.8000,8.9936,0.000100
-0.6000,8.9936,0.000089
-0.4000,8.9936,0.000082
-0.2000,8.9936,0.000078
0.0000,8.9936,0.000077
0.2000,8.9936,0.000078
0.4000,8.9936,0.000082
0.6000,8.9936,0.000089
0.8000,8.9936,0.000100
1.0000,8.9936,0.000115
1.2000,8.9936,0.000138
1.4000,8.9936,0.000172
1.6000,8.9936,0.000222
1.8000,8.9936,0.000298
2.0000,8.9936,0.000416
2.2000,8.9936,0.000607
2.4000,8.9936,0.000923
2.6000,8.9936,0.001468
2.8000,8.9936,0.002438
3.0000,8.9936,0.004224
3.2000,8.9936,0.007615
3.4000,8.9936,0.014213
3.6000,8.9936,0.027271
3.8000,8.9936,0.053241
4.0000,8.9936,0.104356
4.2000,8.9936,0.201943
4.4000,8.9936,0.378252
4.6000,8.9936,0.670795
4.8000,8.9936,1.100676
5.0000,8.9936,1.634461
5.2000,8.9936,2.154844
5.4000,8.9936,2.486924
5.6000,8.9936,2.494056
5.8000,8.9936,2.173811
6.0000,8.9936,1.659258
6.2000,8.9936,1.124748
6.4000,8.9936,0.689805
6.6000,8.9936,0.390950
6.8000,8.9936,0.209255
7.0000,8.9936,0.107983
7.2000,8.9936,0.054721
7.4000,8.9936,0.027657
7.6000,8.9936,0.014115
7.8000,8.9936,0.007343
8.0000,8.9936,0.003921
8.2000,8.9936,0.002158
8.4000,8.9936,0.001227
8.6000,8.9936,0.000722
8.8000,8.9936,0.000440
9.0000,8.9936,0.000277
9.2000,8.9936,0.000180
9.4000,8.9936,0.000121
9.6000,8.9936,0.000083
9.8000,8.9936,0.000059
10.0000,8.9936,0.000043
10.2000,8.9936,0.000032
10.4000,8.9936,0.000024
10.6000,8.9936,0.000019
10.8000,8.9936,0.000015
11.0000,8.9936,0.000012
11.2000,8.9936,0.000010
11.4000,8.9936,0.000008
11.6000,8.9936,0.000007
11.8000,8.9936,0.000006
12.0000,8.9936,0.000005
12.2000,8.9936,0.000004
12.4000,8.9936,0.000004
12.6000,8.9936,0.000003
12.8000,8.9936,0.000003
13.0000,8.9936,0.000003
13.2000,8.9936,0.000002
13.4000,8.9936,0.000002
13.6000,8.9936,0.000002
13.8000,8.9936,0.000002
14.0000,8.9936,0.000002
14.2000,8.9936,0.000002
14.4000,8.9936,0.000002
14.6000,8.9936,0.000001
14.8000,8.9936,0.000001
15.0000,8.9936,0.000001
15.2000,8.9936,0.000001
15.4000,8.9936,0.000001
15.6000,8.9936,0.000001
15.8000,8.9936,0.000001
16.0000,8.9936,0.000001
16.2000,8.9936,0.000001
16.4000,8.9936,0.000001
16.6000,8.9936,0.000001
16.8000,8.9936,0.000001
17.0000,8.9936,0.000001
17.2000,8.9936,0.000001
17.4000,8.9936,0.000001
17.6000,8.9936,0.000001
17.8000,8.9936,0.000001
18.0000,8.9936,0.000001
18.2000,8.9936,0.000001
18.4000,8.9936,0.000001
18.6000,8.9936,0.000001
18.8000,8.9936,0.000001
19.0000,8.9936,0.000001
19.2000,8.9936,0.000001
19.4000,8.9936,0.000001
19.6000,8.9936,0.000001
19.8000,8.9936,0.000001
20.0000,8.9936,0.000001
-20.0000,9.0958,0.000001
-19.8000,9.0958,0.000001
-19.6000,9.0958,0.000001
-19.4000,9.0958,0.000001
-19.2000,9.0958,0.000001
-19.0000,9.0958,0.000001
-18.8000,9.0958,0.000001
-18.6000,9.0958,0.000001
-18.4000,9.0958,0.000001
-18.2000,9.0958,0.000001
-18.0000,9.0958,0.000001
-17.8000,9.0958,0.000001
-17.6000,9.0958,0.000001
-17.4000,9.0958,0.000001
-17.2000,9.0958,0.000001
-17.0000,9.0958,0.000001
-16.8000,9.0958,0.000001
-16.6000,9.0958,0.000001
-16.4000,9.0958,0.000001
-16.2000,9.0958,0.000001
-16.0000,9.0958,0.000001
-15.8000,9.0958,0.000001
-15.6000,9.0958,0.000001
-15.4000,9.0958,0.000001
-15.2000,9.0958,0.000001
-15.0000,9.0958,0.000001
-14.8000,9.0958,0.000001
-14.6000,9.0958,0.000001
-14.4000,9.0958,0.000002
-14.2000,9.0958,0.000002
-14.0000,9.0958,0.000002
-13.8000,9.0958,0.000002
-13.6000,9.0958,0.000002
-13.4000,9.0958,0.000002
-13.2000,9.0958,0.000003
-13.0000,9.0958,0.000003
-12.8000,9.0958,0.000003
-12.6000,9.0958,0.000004
-12.4000,9.0958,0.000004
-12.2000,9.0958,0.000005
-12.0000,9.0958,0.000005
-11.8000,9.0958,0.000006
-11.6000,9.0958,0.000007
-11.4000,9.0958,0.000009
-11.2000,9.0958,0.000010
-11.0000,9.0958,0.000013
-10.8000,9.0958,0.000016
-10.6000,9.0958,0.000020
-10.4000,9.0958,0.000027
-10.2000,9.0958,0.000035
-10.0000,9.0958,0.000047
-9.8000,9.0958,0.000066
-9.6000,9.0958,0.000093
-9.4000,9.0958,0.000136
-9.2000,9.0958,0.000205
-9.0000,9.0958,0.000319
-8.8000,9.0958,0.000512
-8.6000,9.0958,0.000850
-8.4000,9.0958,0.001460
-8.2000,9.0958,0.002594
-8.0000,9.0958,0.004761
-7.8000,9.0958,0.008997
-7.6000,9.0958,0.017416
-7.4000,9.0958,0.034274
-7.2000,9.0958,0.067866
-7.0000,9.0958,0.133419
-6.8000,9.0958,0.256152
-6.6000,9.0958,0.471156
-6.4000,9.0958,0.812915
-6.2000,9.0958,1.287363
-6.0000,9.0958,1.833155
-5.8000,9.0958,2.306760
-5.6000,9.0958,2.534193
-5.4000,9.0958,2.417608
-5.2000,9.0958,2.007249
-5.0000,9.0958,1.464365
-4.8000,9.0958,0.953690
-4.6000,9.0958,0.565818
-4.4000,9.0958,0.312797
-4.2000,9.0958,0.164848
-4.0000,9.0958,0.084616
-3.8000,9.0958,0.043108
-3.6000,9.0958,0.022143
-3.4000,9.0958,0.011610
-3.2000,9.0958,0.006272
-3.0000,9.0958,0.003513
-2.8000,9.0958,0.002049
-2.6000,9.0958,0.001247
-2.4000,9.0958,0.000792
-2.2000,9.0958,0.000526
-2.0000,9.0958,0.000364
-1.8000,9.0958,0.000263
-1.6000,9.0958,0.000197
-1.4000,9.0958,0.000154
-1.2000,9.0958,0.000125
-1.0000,9.0958,0.000104
-0.8000,9.0958,0.000090
-0.6000,9.0958,0.000081
-0.4000,9.0958,0.000075
-0.2000,9.0958,0.000072
0.0000,9.0958,0.000071
0.2000,9.0958,0.000072
0.4000,9.0958,0.000075
0.6000,9.0958,0.000081
0.8000,9.0958,0.000090
1.0000,9.0958,0.000104
1.2000,9.0958,0.000125
1.4000,9.0958,0.000154
1.6000,9.0958,0.000197
1.8000,9.0958,0.000263
2.0000,9.0958,0.000364
2.2000,9.0958,0.000526
2.4000,9.0958,0.000792
2.6000,9.0958,0.001247
2.8000,9.0958,0.002049
3.0000,9.0958,0.003513
3.2000,9.0958,0.006272
3.4000,9.0958,0.011610
3.6000,9.0958,0.022143
3.8000,9.0958,0.043108
4.0000,9.0958,0.084616
4.2000,9.0958,0.164848
4.4000,9.0958,0.312797
4.6000,9.0958,0.565818
4.8000,9.0958,0.953690
5.0000,9.0958,1.464365
5.2000,9.0958,2.007249
5.4000,9.0958,2.417608
5.6000,9.0958,2.534193
5.8000,9.0958,2.306760
6.0000,9.0958,1.833155
6.2000,9.0958,1.287363
6.4000,9.0958,0.812915
6.6000,9.0958,0.471156
6.8000,9.0958,0.256152
7.0000,9.0958,0.133419
7.2000,9.0958,0.067866
7.4000,9.0958,0.034274
7.6000,9.0958,0.017416
7.8000,9.0958,0.008997
8.0000,9.0958,0.004761
8.2000,9.0958,0.002594
8.4000,9.0958,0.001460
8.6000,9.0958,0.000850
8.8000,9.0958,0.000512
9.0000,9.0958,0.000319
9.2000,9.0958,0.000205
9.4000,9.0958,0.000136
9.6000,9.0958,0.000093
9.8000,9.0958,0.000066
10.0000,9.0958,0.000047
10.2000,9.0958,0.000035
10.4000,9.0958,0.000027
10.6000,9.0958,0.000020
10.8000,9.0958,0.000016
11.0000,9.0958,0.000013
11.2000,9.0958,0.000010
11.4000,9.0958,0.000009
11.6000,9.0958,0.000007
11.8000,9.0958,0.000006
12.0000,9.0958,0.000005
12.2000,9.0958,0.000005
12.4000,9.0958,0.000004
12.6000,9.0958,0.000004
12.8000,9.0958,0.000003
13.0000,9.0958,0.000003
13.2000,9.0958,0.000003
13.4000,9.0958,0.000002
13.6000,9.0958,0.000002
13.8000,9.0958,0.000002
14.0000,9.0958,0.000002
14.2000,9.0958,0.000002
14.4000,9.0958,0.000002
14.6000,9.0958,0.000001
14.8000,9.0958,0.000001
15.0000,9.0958,0.000001
15.2000,9.0958,0.000001
15.4000,9.0958,0.000001
15.6000,9.0958,0.000001
15.8000,9.0958,0.000001
16.0000,9.0958,0.000001
16.2000,9.0958,0.000001
16.4000,9.0958,0.000001
16.6000,9.0958,0.000001
16.8000,9.0958,0.000001
17.0000,9.0958,0.000001
17.2000,9.0958,0.000001
17.4000,9.0958,0.000001
17.6000,9.0958,0.000001
17.8000,9.0958,0.000001
18.0000,9.0958,0.000001
18.2000,9.0958,0.000001
18.4000,9.0958,0.000001
18.6000,9.0958,0.000001
18.8000,9.0958,0.000001
19.0000,9.0958,0.000001
19.2000,9.0958,0.000001
19.4000,9.0958,0.000001
19.6000,9.0958,0.000001
19.8000,9.0958,0.000001
20.0000,9.0958,0.000001
-20.0000,9.1980,0.000001
-19.8000,9.1980,0.000001
-19.6000,9.1980,0.000001
-19.4000,9.1980,0.000001
-19.2000,9.1980,0.000001
-19.0000,9.1980,0.000001
-18.8000,9.1980,0.000001
-18.6000,9.1980,0.000001
-18.4000,9.1980,0.000001
-18.2000,9.1980,0.000001
-18.0000,9.1980,0.000001
-17.8000,9.1980,0.000001
-17.6000,9.1980,0.000001
-17.4000,9.1980,0.000001
-17.2000,9.1980,0.000001
-17.0000,9.1980,0.000001
-16.8000,9.1980,0.000001
-16.6000,9.1980,0.000001
-16.4000,9.1980,0.000001
-16.2000,9.1980,0.000001
-16.0000,9.1980,0.000001
-15.8000,9.1980,0.000001
-15.6000,9.1980,0.000001
-15.4000,9.1980,0.000001
-15.2000,9.1980,0.000001
-15.0000,9.1980,0.000001
-14.8000,9.1980,0.000001
-14.6000,9.1980,0.000001
-14.4000,9.1980,0.000002
-14.2000,9.1980,0.000002
-14.0000,9.1980,0.000002
-13.8000,9.1980,0.000002
-13.6000,9.1980,0.000002
-13.4000,9.1980,0.000002
-13.2000,9.1980,0.000003
-13.0000,9.1980,0.000003
-12.8000,9.1980,0.000003
-12.6000,9.1980,0.000004
-12.4000,9.1980,0.000004
-12.2000,9.1980,0.000005
-12.0000,9.1980,0.000005
-11.8000,9.1980,0.000006
-11.6000,9.1980,0.000008
-11.4000,9.1980,0.000009
-11.2000,9.1980,0.000011
-11.0000,9.1980,0.000014
-10.8000,9.1980,0.000017
-10.6000,9.1980,0.000022
-10.4000,9.1980,0.000029
-10.2000,9.1980,0.000038
-10.0000,9.1980,0.000052
-9.8000,9.1980,0.000073
-9.6000,9.1980,0.000105
-9.4000,9.1980,0.000154
-9.2000,9.1980,0.000235
-9.0000,9.1980,0.000368
-8.8000,9.1980,0.000598
-8.6000,9.1980,0.001003
-8.4000,9.1980,0.001742
-8.2000,9.1980,0.003129
-8.0000,9.1980,0.005799
-7.8000,9.1980,0.011051
-7.6000,9.1980,0.021527
-7.4000,9.1980,0.042506
-7.2000,9.1980,0.084121
-7.0000,9.1980,0.164477
-6.8000,9.1980,0.312258
-6.6000,9.1980,0.564270
-6.4000,9.1980,0.949960
-6.2000,9.1980,1.458159
-6.0000,9.1980,2.000792
-5.8000,9.1980,2.415400
-5.6000,9.1980,2.539580
-5.4000,9.1980,2.318483
-5.2000,9.1980,1.846283
-5.0000,9.1980,1.297511
-4.8000,9.1980,0.818831
-4.6000,9.1980,0.473958
-4.4000,9.1980,0.257428
-4.2000,9.1980,0.134189
-4.0000,9.1980,0.068535
-3.8000,9.1980,0.034915
-3.6000,9.1980,0.018004
-3.4000,9.1980,0.009505
-3.2000,9.1980,0.005180
-3.0000,9.1980,0.002930
-2.8000,9.1980,0.001727
-2.6000,9.1980,0.001062
-2.4000,9.1980,0.000682
-2.2000,9.1980,0.000457
-2.0000,9.1980,0.000319
-1.8000,9.1980,0.000232
-1.6000,9.1980,0.000176
-1.4000,9.1980,0.000138
-1.2000,9.1980,0.000112
-1.0000,9.1980,0.000095
-0.8000,9.1980,0.000082
-0.6000,9.1980,0.000074
-0.4000,9.1980,0.000069
-0.2000,9.1980,0.000066
0.0000,9.1980,0.000065
0.2000,9.1980,0.000066
0.4000,9.1980,0.000069
0.6000,9.1980,0.000074
0.8000,9.1980,0.000082
1.0000,9.1980,0.000095
1.2000,9.1980,0.000112
1.4000,9.1980,0.000138
1.6000,9.1980,0.000176
1.8000,9.1980,0.000232
2.0000,9.1980,0.000319
2.2000,9.1980,0.000457
2.4000,9.1980,0.000682
2.6000,9.1980,0.001062
2.8000,9.1980,0.001727
3.0000,9.1980,0.002930
3.2000,9.1980,0.005180
3.4000,9.1980,0.009505
3.6000,9.1980,0.018004
3.8000,9.1980,0.034915
4.0000,9.1980,0.068535
4.2000,9.1980,0.134189
4.4000,9.1980,0.257428
4.6000,9.1980,0.473958
4.8000,9.1980,0.818831
5.0000,9.1980,1.297511
5.2000,9.1980,1.846283
5.4000,9.1980,2.318483
5.6000,9.1980,2.539580
5.8000,9.1980,2.415400
6.0000,9.1980,2.000792
6.2000,9.1980,1.458159
6.4000,9.1980,0.949960
6.6000,9.1980,0.564270
6.8000,9.1980,0.312258
7.0000,9.1980,0.164477
7.2000,9.1980,0.084121
7.4000,9.1980,0.042506
7.6000,9.1980,0.021527
7.8000,9.1980,0.011051
8.0000,9.1980,0.005799
8.2000,9.1980,0.003129
8.4000,9.1980,0.001742
8.6000,9.1980,0.001003
8.8000,9.1980,0.000598
9.0000,9.1980,0.000368
9.2000,9.1980,0.000235
9.4000,9.1980,0.000154
9.6000,9.1980,0.000105
9.8000,9.1980,0.000073
10.0000,9.1980,0.000052
10.2000,9.1980,0.000038
10.4000,9.1980,0.000029
10.6000,9.1980,0.000022
10.8000,9.1980,0.000017
11.0000,9.1980,0.000014
11.2000,9.1980,0.000011
11.4000,9.1980,0.000009
11.6000,9.1980,0.000008
11.8000,9.1980,0.000006
12.0000,9.1980,0.000005
12.2000,9.1980,0.000005
12.4000,9.1980,0.000004
12.6000,9.1980,0.000004
12.8000,9.1980,0.000003
13.0000,9.1980,0.000003
13.2000,9.1980,0.000003
13.4000,9.1980,0.000002
13.6000,9.1980,0.000002
13.8000,9.1980,0.000002
14.0000,9.1980,0.000002
14.2000,9.1980,0.000002
14.4000,9.1980,0.000002
14.6000,9.1980,0.000001
14.8000,9.1980,0.000001
15.0000,9.1980,0.000001
15.2000,9.1980,0.000001
15.4000,9.1980,0.000001
15.6000,9.1980,0.000001
15.8000,9.1980,0.000001
16.0000,9.1980,0.000001
16.2000,9.1980,0.000001
16.4000,9.1980,0.000001
16.6000,9.1980,0.000001
16.8000,9.1980,0.000001
17.0000,9.1980,0.000001
17.2000,9.1980,0.000001
17.4000,9.1980,0.000001
17.6000,9.1980,0.000001
17.8000,9.1980,0.000001
18.0000,9.1980,0.000001
18.2000,9.1980,0.000001
18.4000,9.1980,0.000001
18.6000,9.1980,0.000001
18.8000,9.1980,0.000001
19.0000,9.1980,0.000001
19.2000,9.1980,0.000001
19.4000,9.1980,0.000001
19.6000,9.1980,0.000001
19.8000,9.1980,0.000001
20.0000,9.1980,0.000001
-20.0000,9.3002,0.000001
-19.8000,9.3002,0.000001
-19.6000,9.3002,0.000001
-19.4000,9.3002,0.000001
-19.2000,9.3002,0.000001
-19.0000,9.3002,0.000001
-18.8000,9.3002,0.000001
-18.6000,9.3002,0.000001
-18.4000,9.3002,0.000001
-18.2000,9.3002,0.000001
-18.0000,9.3002,0.000001
-17.8000,9.3002,0.000001
-17.6000,9.3002,0.000001
-17.4000,9.3002,0.000001
-17.2000,9.3002,0.000001
-17.0000,9.3002,0.000001
-16.8000,9.3002,0.000001
-16.6000,9.3002,0.000001
-16.4000,9.3002,0.000001
-16.2000,9.3002,0.000001
-16.0000,9.3002,0.000001
-15.8000,9.3002,0.000001
-15.6000,9.3002,0.000001
-15.4000,9.3002,0.000001
-15.2000,9.3002,0.000001
-15.0000,9.3002,0.000001
-14.8000,9.3002,0.000001
-14.6000,9.3002,0.000001
-14.4000,9.3002,0.000002
-14.2000,9.3002,0.000002
-14.0000,9.3002,0.000002
-13.8000,9.3002,0.000002
-13.6000,9.3002,0.000002
-13.4000,9.3002,0.000002
-13.2000,9.3002,0.000003
-13.0000,9.3002,0.000003
-12.8000,9.3002,0.000003
-12.6000,9.3002,0.000004
-12.4000,9.3002,0.000004
-12.2000,9.3002,0.000005
-12.0000,9.3002,0.000006
-11.8000,9.3002,0.000007
-11.6000,9.3002,0.000008
-11.4000,9.3002,0.000010
-11.2000,9.3002,0.000012
-11.0000,9.3002,0.000015
-10.8000,9.3002,0.000019
-10.6000,9.3002,0.000024
-10.4000,9.3002,0.000031
-10.2000,9.3002,0.000042
-10.0000,9.3002,0.000058
-9.8000,9.3002,0.000081
-9.6000,9.3002,0.000118
-9.4000,9.3002,0.000175
-9.2000,9.3002,0.000269
-9.0000,9.3002,0.000427
-8.8000,9.3002,0.000700
-8.6000,9.3002,0.001188
-8.4000,9.3002,0.002086
-8.2000,9.3002,0.003786
-8.0000,9.3002,0.007084
-7.8000,9.3002,0.013606
-7.6000,9.3002,0.026648
-7.4000,9.3002,0.052735
-7.2000,9.3002,0.104155
-7.0000,9.3002,0.202194
-6.8000,9.3002,0.378826
-6.6000,9.3002,0.671107
-6.4000,9.3002,1.100064
-6.2000,9.3002,1.633483
-6.0000,9.3002,2.156428
-5.8000,9.3002,2.495065
-5.6000,9.3002,2.509994
-5.4000,9.3002,2.193900
-5.2000,9.3002,1.677623
-5.0000,9.3002,1.137655
-4.8000,9.3002,0.697118
-4.6000,9.3002,0.394524
-4.4000,9.3002,0.210978
-4.2000,9.3002,0.108986
-4.0000,9.3002,0.055475
-3.8000,9.3002,0.028298
-3.6000,9.3002,0.014664
-3.4000,9.3002,0.007799
-3.2000,9.3002,0.004290
-3.0000,9.3002,0.002452
-2.8000,9.3002,0.001460
-2.6000,9.3002,0.000908
-2.4000,9.3002,0.000589
-2.2000,9.3002,0.000398
-2.0000,9.3002,0.000281
-1.8000,9.3002,0.000206
-1.6000,9.3002,0.000157
-1.4000,9.3002,0.000124
-1.2000,9.3002,0.000102
-1.0000,9.3002,0.000086
-0.8000,9.3002,0.000075
-0.6000,9.3002,0.000068
-0.4000,9.3002,0.000063
-0.2000,9.3002,0.000060
0.0000,9.3002,0.000059
0.2000,9.3002,0.000060
0.4000,9.3002,0.000063
0.6000,9.3002,0.000068
0.8000,9.3002,0.000075
1.0000,9.3002,0.000086
1.2000,9.3002,0.000102
1.4000,9.3002,0.000124
1.6000,9.3002,0.000157
1.8000,9.3002,0.000206
2.0000,9.3002,0.000281
2.2000,9.3002,0.000398
2.4000,9.3002,0.000589
2.6000,9.3002,0.000908
2.8000,9.3002,0.001460
3.0000,9.3002,0.002452
3.2000,9.3002,0.004290
3.4000,9.3002,0.007799
3.6000,9.3002,0.014664
3.8000,9.3002,0.028298
4.0000,9.3002,0.055475
4.2000,9.3002,0.108986
4.4000,9.3002,0.210978
4.6000,9.3002,0.394524
4.8000,9.3002,0.697118
5.0000,9.3002,1.137655
5.2000,9.3002,1.677623
5.4000,9.3002,2.193900
5.6000,9.3002,2.509994
5.8000,9.3002,2.495065
6.0000,9.3002,2.156428
6.2000,9.3002,1.633483
6.4000,9.3002,1.100064
6.6000,9.3002,0.671107
6.8000,9.3002,0.378826
7.0000,9.3002,0.202194
7.2000,9.3002,0.104155
7.4000,9.3002,0.052735
7.6000,9.3002,0.026648
7.8000,9.3002,0.013606
8.0000,9.3002,0.007084
8.2000,9.3002,0.003786
8.4000,9.3002,0.002086
8.6000,9.3002,0.001188
8.8000,9.3002,0.000700
9.0000,9.3002,0.000427
9.2000,9.3002,0.000269
9.4000,9.3002,0.000175
9.6000,9.3002,0.000118
9.8000,9.3002,0.000081
10.0000,9.3002,0.000058
10.2000,9.3002,0.000042
10.4000,9.3002,0.000031
10.6000,9.3002,0.000024
10.8000,9.3002,0.000019
11.0000,9.3002,0.000015
11.2000,9.3002,0.000012
11.4000,9.3002,0.000010
11.6000,9.3002,0.000008
11.8000,9.3002,0.000007
12.0000,9.3002,0.000006
12.2000,9.3002,0.000005
12.4000,9.3002,0.000004
12.6000,9.3002,0.000004
12.8000,9.3002,0.000003
13.0000,9.3002,0.000003
13.2000,9.3002,0.000003
13.4000,9.3002,0.000002
13.6000,9.3002,0.000002
13.8000,9.3002,0.000002
14.0000,9.3002,0.000002
14.2000,9.3002,0.000002
14.4000,9.3002,0.000002
14.6000,9.3002,0.000001
14.8000,9.3002,0.000001
15.0000,9.3002,0.000001
15.2000,9.3002,0.000001
15.4000,9.3002,0.000001
15.6000,9.3002,0.000001
15.8000,9.3002,0.000001
16.0000,9.3002,0.000001
16.2000,9.3002,0.000001
16.4000,9.3002,0.000001
16.6000,9.3002,0.000001
16.8000,9.3002,0.000001
17.0000,9.3002,0.000001
17.2000,9.3002,0.000001
17.4000,9.3002,0.000001
17.6000,9.3002,0.000001
17.8000,9.3002,0.000001
18.0000,9.3002,0.000001
18.2000,9.3002,0.000001
18.4000,9.3002,0.000001
18.6000,9.3002,0.000001
18.8000,9.3002,0.000001
19.0000,9.3002,0.000001
19.2000,9.3002,0.000001
19.4000,9.3002,0.000001
19.6000,9.3002,0.000001
19.8000,9.3002,0.000001
20.0000,9.3002,0.000001
-20.0000,9.4024,0.000001
-19.8000,9.4024,0.000001
-19.6000,9.4024,0.000001
-19.4000,9.4024,0.000001
-19.2000,9.4024,0.000001
-19.0000,9.4024,0.000001
-18.8000,9.4024,0.000001
-18.6000,9.4024,0.000001
-18.4000,9.4024,0.000001
-18.2000,9.4024,0.000001
-18.0000,9.4024,0.000001
-17.8000,9.4024,0.000001
-17.6000,9.4024,0.000001
-17.4000,9.4024,0.000001
-17.2000,9.4024,0.000001
-17.0000,9.4024,0.000001
-16.8000,9.4024,0.000001
-16.6000,9.4024,0.000001
-16.4000,9.4024,0.000001
-16.2000,9.4024,0.000001
-16.0000,9.4024,0.000001
-15.8000,9.4024,0.000001
-15.6000,9.4024,0.000001
-15.4000,9.4024,0.000001
-15.2000,9.4024,0.000001
-15.0000,9.4024,0.000001
-14.8000,9.4024,0.000001
-14.6000,9.4024,0.000002
-14.4000,9.4024,0.000002
-14.2000,9.4024,0.000002
-14.0000,9.4024,0.000002
-13.8000,9.4024,0.000002
-13.6000,9.4024,0.000002
-13.4000,9.4024,0.000002
-13.2000,9.4024,0.000003
-13.0000,9.4024,0.000003
-12.8000,9.4024,0.000003
-12.6000,9.4024,0.000004
-12.4000,9.4024,0.000004
-12.2000,9.4024,0.000005
-12.0000,9.4024,0.000006
-11.8000,9.4024,0.000007
-11.6000,9.4024,0.000009
-11.4000,9.4024,0.000010
-11.2000,9.4024,0.000013
-11.0000,9.4024,0.000016
-10.8000,9.4024,0.000020
-10.6000,9.4024,0.000026
-10.4000,9.4024,0.000034
-10.2000,9.4024,0.000046
-10.0000,9.4024,0.000064
-9.8000,9.4024,0.000091
-9.6000,9.4024,0.000133
-9.4000,9.4024,0.000200
-9.2000,9.4024,0.000310
-9.0000,9.4024,0.000497
-8.8000,9.4024,0.000823
-8.6000,9.4024,0.001413
-8.4000,9.4024,0.002507
-8.2000,9.4024,0.004596
-8.0000,9.4024,0.008677
-7.8000,9.4024,0.016786
-7.6000,9.4024,0.033027
-7.4000,9.4024,0.065421
-7.2000,9.4024,0.128755
-7.0000,9.4024,0.247709
-6.8000,9.4024,0.457075
-6.6000,9.4024,0.792103
-6.4000,9.4024,1.261551
-6.2000,9.4024,1.808825
-6.0000,9.4024,2.294227
-5.8000,9.4024,2.542207
-5.6000,9.4024,2.446830
-5.4000,9.4024,2.049056
-5.2000,9.4024,1.506604
-5.0000,9.4024,0.987672
-4.8000,9.4024,0.588892
-4.6000,9.4024,0.326563
-4.4000,9.4024,0.172297
-4.2000,9.4024,0.088365
-4.0000,9.4024,0.044896
-3.8000,9.4024,0.022959
-3.6000,9.4024,0.011966
-3.4000,9.4024,0.006416
-3.2000,9.4024,0.003563
-3.0000,9.4024,0.002058
-2.8000,9.4024,0.001239
-2.6000,9.4024,0.000778
-2.4000,9.4024,0.000510
-2.2000,9.4024,0.000348
-2.0000,9.4024,0.000248
-1.8000,9.4024,0.000183
-1.6000,9.4024,0.000141
-1.4000,9.4024,0.000112
-1.2000,9.4024,0.000092
-1.0000,9.4024,0.000078
-0.8000,9.4024,0.000069
-0.6000,9.4024,0.000062
-0.4000,9.4024,0.000058
-0.2000,9.4024,0.000055
0.0000,9.4024,0.000054
0.2000,9.4024,0.000055
0.4000,9.4024,0.000058
0.6000,9.4024,0.000062
0.8000,9.4024,0.000069
1.0000,9.4024,0.000078
1.2000,9.4024,0.000092
1.4000,9.4024,0.000112
1.6000,9.4024,0.000141
1.8000,9.4024,0.000183
2.0000,9.4024,0.000248
2.2000,9.4024,0.000348
2.4000,9.4024,0.000510
2.6000,9.4024,0.000778
2.8000,9.4024,0.001239
3.0000,9.4024,0.002058
3.2000,9.4024,0.003563
3.4000,9.4024,0.006416
3.6000,9.4024,0.011966
3.8000,9.4024,0.022959
4.0000,9.4024,0.044896
4.2000,9.4024,0.088365
4.4000,9.4024,0.172297
4.6000,9.4024,0.326563
4.8000,9.4024,0.588892
5.0000,9.4024,0.987672
5.2000,9.4024,1.506604
5.4000,9.4024,2.049056
5.6000,9.4024,2.446830
5.8000,9.4024,2.542207
6.0000,9.4024,2.294227
6.2000,9.4024,1.808825
6.4000,9.4024,1.261551
6.6000,9.4024,0.792103
6.8000,9.4024,0.457075
7.0000,9.4024,0.247709
7.2000,9.4024,0.128755
7.4000,9.4024,0.065421
7.6000,9.4024,0.033027
7.8000,9.4024,0.016786
8.0000,9.4024,0.008677
8.2000,9.4024,0.004596
8.4000,9.4024,0.002507
8.6000,9.4024,0.001413
8.8000,9.4024,0.000823
9.0000,9.4024,0.000497
9.2000,9.4024,0.000310
9.4000,9.4024,0.000200
9.6000,9.4024,0.000133
9.8000,9.4024,0.000091
10.0000,9.4024,0.000064
10.2000,9.4024,0.000046
10.4000,9.4024,0.000034
10.6000,9.4024,0.000026
10.8000,9.4024,0.000020
11.0000,9.4024,0.000016
11.2000,9.4024,0.000013
11.4000,9.4024,0.000010
11.6000,9.4024,0.000009
11.8000,9.4024,0.000007
12.0000,9.4024,0.000006
12.2000,9.4024,0.000005
12.4000,9.4024,0.000004
12.6000,9.4024,0.000004
12.8000,9.4024,0.000003
13.0000,9.4024,0.000003
13.2000,9.4024,0.000003
13.4000,9.4024,0.000002
13.6000,9.4024,0.000002
13.8000,9.4024,0.000002
14.0000,9.4024,0.000002
14.2000,9.4024,0.000002
14.4000,9.4024,0.000002
14.6000,9.4024,0.000002
14.8000,9.4024,0.000001
15.0000,9.4024,0.000001
15.2000,9.4024,0.000001
15.4000,9.4024,0.000001
15.6000,9.4024,0.000001
15.8000,9.4024,0.000001
16.0000,9.4024,0.000001
16.2000,9.4024,0.000001
16.4000,9.4024,0.000001
16.6000,9.4024,0.000001
16.8000,9.4024,0.000001
17.0000,9.4024,0.000001
17.2000,9.4024,0.000001
17.4000,9.4024,0.000001
17.6000,9.4024,0.000001
17.8000,9.4024,0.000001
18.0000,9.4024,0.000001
18.2000,9.4024,0.000001
18.4000,9.4024,0.000001
18.6000,9.4024,0.000001
18.8000,9.4024,0.000001
19.0000,9.4024,0.000001
19.2000,9.4024,0.000001
19.4000,9.4024,0.000001
19.6000,9.4024,0.000001
19.8000,9.4024,0.000001
20.0000,9.4024,0.000001
-20.0000,9.5046,0.000001
-19.8000,9.5046,0.000001
-19.6000,9.5046,0.000001
-19.4000,9.5046,0.000001
-19.2000,9.5046,0.000001
-19.0000,9.5046,0.000001
-18.8000,9.5046,0.000001
-18.6000,9.5046,0.000001
-18.4000,9.5046,0.000001
-18.2000,9.5046,0.000001
-18.0000,9.5046,0.000001
-17.8000,9.5046,0.000001
-17.6000,9.5046,0.000001
-17.4000,9.5046,0.000001
-17.2000,9.5046,0.000001
-17.0000,9.5046,0.000001
-16.8000,9.5046,0.000001
-16.6000,9.5046,0.000001
-16.4000,9.5046,0.000001
-16.2000,9.5046,0.000001
-16.0000,9.5046,0.000001
-15.8000,9.5046,0.000001
-15.6000,9.5046,0.000001
-15.4000,9.5046,0.000001
-15.2000,9.5046,0.000001
-15.0000,9.5046,0.000001
-14.8000,9.5046,0.000001
-14.6000,9.5046,0.000002
-14.4000,9.5046,0.000002
-14.2000,9.5046,0.000002
-14.0000,9.5046,0.000002
-13.8000,9.5046,0.000002
-13.6000,9.5046,0.000002
-13.4000,9.5046,0.000003
-13.2000,9.5046,0.000003
-13.0000,9.5046,0.000003
-12.8000,9.5046,0.000004
-12.6000,9.5046,0.000004
-12.4000,9.5046,0.000005
-12.2000,9.5046,0.000005
-12.0000,9.5046,0.000006
-11.8000,9.5046,0.000008
-11.6000,9.5046,0.000009
-11.4000,9.5046,0.000011
-11.2000,9.5046,0.000014
-11.0000,9.5046,0.000017
-10.8000,9.5046,0.000022
-10.6000,9.5046,0.000028
-10.4000,9.5046,0.000038
-10.2000,9.5046,0.000051
-10.0000,9.5046,0.000071
-9.8000,9.5046,0.000102
-9.6000,9.5046,0.000150
-9.4000,9.5046,0.000228
-9.2000,9.5046,0.000358
-9.0000,9.5046,0.000580
-8.8000,9.5046,0.000972
-8.6000,9.5046,0.001685
-8.4000,9.5046,0.003023
-8.2000,9.5046,0.005597
-8.0000,9.5046,0.010657
-7.8000,9.5046,0.020748
-7.6000,9.5046,0.040964
-7.4000,9.5046,0.081115
-7.2000,9.5046,0.158820
-7.0000,9.5046,0.302239
-6.8000,9.5046,0.548103
-6.6000,9.5046,0.927179
-6.4000,9.5046,1.431852
-6.2000,9.5046,1.978962
-6.0000,9.5046,2.408640
-5.8000,9.5046,2.554692
-5.6000,9.5046,2.352983
-5.4000,9.5046,1.889606
-5.2000,9.5046,1.337957
-5.0000,9.5046,0.849559
-4.8000,9.5046,0.493940
-4.6000,9.5046,0.268972
-4.4000,9.5046,0.140293
-4.2000,9.5046,0.071559
-4.0000,9.5046,0.036342
-3.8000,9.5046,0.018652
-3.6000,9.5046,0.009785
-3.4000,9.5046,0.005293
-3.2000,9.5046,0.002968
-3.0000,9.5046,0.001732
-2.8000,9.5046,0.001054
-2.6000,9.5046,0.000669
-2.4000,9.5046,0.000443
-2.2000,9.5046,0.000305
-2.0000,9.5046,0.000219
-1.8000,9.5046,0.000163
-1.6000,9.5046,0.000126
-1.4000,9.5046,0.000101
-1.2000,9.5046,0.000083
-1.0000,9.5046,0.000071
-0.8000,9.5046,0.000063
-0.6000,9.5046,0.000057
-0.4000,9.5046,0.000053
-0.2000,9.5046,0.000051
0.0000,9.5046,0.000050
0.2000,9.5046,0.000051
0.4000,9.5046,0.000053
0.6000,9.5046,0.000057
0.8000,9.5046,0.000063
1.0000,9.5046,0.000071
1.2000,9.5046,0.000083
1.4000,9.5046,0.000101
1.6000,9.5046,0.000126
1.8000,9.5046,0.000163
2.0000,9.5046,0.000219
2.2000,9.5046,0.000305
2.4000,9.5046,0.000443
2.6000,9.5046,0.000669
2.8000,9.5046,0.001054
3.0000,9.5046,0.001732
3.2000,9.5046,0.002968
3.4000,9.5046,0.005293
3.6000,9.5046,0.009785
3.8000,9.5046,0.018652
4.0000,9.5046,0.036342
4.2000,9.5046,0.071559
4.4000,9.5046,0.140293
4.6000,9.5046,0.268972
4.8000,9.5046,0.493940
5.0000,9.5046,0.849559
5.2000,9.5046,1.337957
5.4000,9.5046,1.889606
5.6000,9.5046,2.352983
5.8000,9.5046,2.554692
6.0000,9.5046,2.408640
6.2000,9.5046,1.978962
6.4000,9.5046,1.431852
6.6000,9.5046,0.927179
6.8000,9.5046,0.548103
7.0000,9.5046,0.302239
7.2000,9.5046,0.158820
7.4000,9.5046,0.081115
7.6000,9.5046,0.040964
7.8000,9.5046,0.020748
8.0000,9.5046,0.010657
8.2000,9.5046,0.005597
8.4000,9.5046,0.003023
8.6000,9.5046,0.001685
8.8000,9.5046,0.000972
9.0000,9.5046,0.000580
9.2000,9.5046,0.000358
9.4000,9.5046,0.000228
9.6000,9.5046,0.000150
9.8000,9.5046,0.000102
10.0000,9.5046,0.000071
10.2000,9.5046,0.000051
10.4000,9.5046,0.000038
10.6000,9.5046,0.000028
10.8000,9.5046,0.000022
11.0000,9.5046,0.000017
11.2000,9.5046,0.000014
11.4000,9.5046,0.000011
11.6000,9.5046,0.000009
11.8000,9.5046,0.000008
12.0000,9.5046,0.000006
12.2000,9.5046,0.000005
12.4000,9.5046,0.000005
12.6000,9.5046,0.000004
12.8000,9.5046,0.000004
13.0000,9.5046,0.000003
13.2000,9.5046,0.000003
13.4000,9.5046,0.000003
13.6000,9.5046,0.000002
13.8000,9.5046,0.000002
14.0000,9.5046,0.000002
14.2000,9.5046,0.000002
14.4000,9.5046,0.000002
14.6000,9.5046,0.000002
14.8000,9.5046,0.000001
15.0000,9.5046,0.000001
15.2000,9.5046,0.000001
15.4000,9.5046,0.000001
15.6000,9.5046,0.000001
15.8000,9.5046,0.000001
16.0000,9.5046,0.000001
16.2000,9.5046,0.000001
16.4000,9.5046,0.000001
16.6000,9.5046,0.000001
16.8000,9.5046,0.000001
17.0000,9.5046,0.000001
17.2000,9.5046,0.000001
17.4000,9.5046,0.000001
17.6000,9.5046,0.000001
17.8000,9.5046,0.000001
18.0000,9.5046,0.000001
18.2000,9.5046,0.000001
18.4000,9.5046,0.000001
18.6000,9.5046,0.000001
18.8000,9.5046,0.000001
19.0000,9.5046,0.000001
19.2000,9.5046,0.000001
19.4000,9.5046,0.000001
19.6000,9.5046,0.000001
19.8000,9.5046,0.000001
20.0000,9.5046,0.000001
-20.0000,9.6068,0.000001
-19.8000,9.6068,0.000001
-19.6000,9.6068,0.000001
-19.4000,9.6068,0.000001
-19.2000,9.6068,0.000001
-19.0000,9.6068,0.000001
-18.8000,9.6068,0.000001
-18.6000,9.6068,0.000001
-18.4000,9.6068,0.000001
-18.2000,9.6068,0.000001
-18.0000,9.6068,0.000001
-17.8000,9.6068,0.000001
-17.6000,9.6068,0.000001
-17.4000,9.6068,0.000001
-17.2000,9.6068,0.000001
-17.0000,9.6068,0.000001
-16.8000,9.6068,0.000001
-16.6000,9.6068,0.000001
-16.4000,9.6068,0.000001
-16.2000,9.6068,0.000001
-16.0000,9.6068,0.000001
-15.8000,9.6068,0.000001
-15.6000,9.6068,0.000001
-15.4000,9.6068,0.000001
-15.2000,9.6068,0.000001
-15.0000,9.6068,0.000001
-14.8000,9.6068,0.000001
-14.6000,9.6068,0.000002
-14.4000,9.6068,0.000002
-14.2000,9.6068,0.000002
-14.0000,9.6068,0.000002
-13.8000,9.6068,0.000002
-13.6000,9.6068,0.000002
-13.4000,9.6068,0.000003
-13.2000,9.6068,0.000003
-13.0000,9.6068,0.000003
-12.8000,9.6068,0.000004
-12.6000,9.6068,0.000004
-12.4000,9.6068,0.000005
-12.2000,9.6068,0.000006
-12.0000,9.6068,0.000007
-11.8000,9.6068,0.000008
-11.6000,9.6068,0.000010
-11.4000,9.6068,0.000012
-11.2000,9.6068,0.000014
-11.0000,9.6068,0.000018
-10.8000,9.6068,0.000023
-10.6000,9.6068,0.000031
-10.4000,9.6068,0.000041
-10.2000,9.6068,0.000057
-10.0000,9.6068,0.000080
-9.8000,9.6068,0.000115
-9.6000,9.6068,0.000171
-9.4000,9.6068,0.000262
-9.2000,9.6068,0.000415
-9.0000,9.6068,0.000679
-8.8000,9.6068,0.001151
-8.6000,9.6068,0.002018
-8.4000,9.6068,0.003658
-8.2000,9.6068,0.006836
-8.0000,9.6068,0.013119
-7.8000,9.6068,0.025684
-7.6000,9.6068,0.050831
-7.4000,9.6068,0.100473
-7.2000,9.6068,0.195372
-7.0000,9.6068,0.367042
-6.8000,9.6068,0.652783
-6.6000,9.6068,1.075597
-6.4000,9.6068,1.607478
-6.2000,9.6068,2.138190
-6.0000,9.6068,2.494802
-5.8000,9.6068,2.531968
-5.6000,9.6068,2.232603
-5.4000,9.6068,1.721278
-5.2000,9.6068,1.175630
-5.0000,9.6068,0.724497
-4.8000,9.6068,0.411639
-4.6000,9.6068,0.220582
-4.4000,9.6068,0.113961
-4.2000,9.6068,0.057907
-4.0000,9.6068,0.029436
-3.8000,9.6068,0.015177
-3.6000,9.6068,0.008021
-3.4000,9.6068,0.004378
-3.2000,9.6068,0.002480
-3.0000,9.6068,0.001463
-2.8000,9.6068,0.000900
-2.6000,9.6068,0.000577
-2.4000,9.6068,0.000386
-2.2000,9.6068,0.000269
-2.0000,9.6068,0.000194
-1.8000,9.6068,0.000146
-1.6000,9.6068,0.000114
-1.4000,9.6068,0.000091
-1.2000,9.6068,0.000076
-1.0000,9.6068,0.000065
-0.8000,9.6068,0.000057
-0.6000,9.6068,0.000052
-0.4000,9.6068,0.000049
-0.2000,9.6068,0.000047
0.0000,9.6068,0.000046
0.2000,9.6068,0.000047
0.4000,9.6068,0.000049
0.6000,9.6068,0.000052
0.8000,9.6068,0.000057
1.0000,9.6068,0.000065
1.2000,9.6068,0.000076
1.4000,9.6068,0.000091
1.6000,9.6068,0.000114
1.8000,9.6068,0.000146
2.0000,9.6068,0.000194
2.2000,9.6068,0.000269
2.4000,9.6068,0.000386
2.6000,9.6068,0.000577
2.8000,9.6068,0.000900
3.0000,9.6068,0.001463
3.2000,9.6068,0.002480
3.4000,9.6068,0.004378
3.6000,9.6068,0.008021
3.8000,9.6068,0.015177
4.0000,9.6068,0.029436
4.2000,9.6068,0.057907
4.4000,9.6068,0.113961
4.6000,9.6068,0.220582
4.8000,9.6068,0.411639
5.0000,9.6068,0.724497
5.2000,9.6068,1.175630
5.4000,9.6068,1.721278
5.6000,9.6068,2.232603
5.8000,9.6068,2.531968
6.0000,9.6068,2.494802
6.2000,9.6068,2.138190
6.4000,9.6068,1.607478
6.6000,9.6068,1.075597
6.8000,9.6068,0.652783
7.0000,9.6068,0.367042
7.2000,9.6068,0.195372
7.4000,9.6068,0.100473
7.6000,9.6068,0.050831
7.8000,9.6068,0.025684
8.0000,9.6068,0.013119
8.2000,9.6068,0.006836
8.4000,9.6068,0.003658
8.6000,9.6068,0.002018
8.8000,9.6068,0.001151
9.0000,9.6068,0.000679
9.2000,9.6068,0.000415
9.4000,9.6068,0.000262
9.6000,9.6068,0.000171
9.8000,9.6068,0.000115
10.0000,9.6068,0.000080
10.2000,9.6068,0.000057
10.4000,9.6068,0.000041
10.6000,9.6068,0.000031
10.8000,9.6068,0.000023
11.0000,9.6068,0.000018
11.2000,9.6068,0.000014
11.4000,9.6068,0.000012
11.6000,9.6068,0.000010
11.8000,9.6068,0.000008
12.0000,9.6068,0.000007
12.2000,9.6068,0.000006
12.4000,9.6068,0.000005
12.6000,9.6068,0.000004
12.8000,9.6068,0.000004
13.0000,9.6068,0.000003
13.2000,9.6068,0.000003
13.4000,9.6068,0.000003
13.6000,9.6068,0.000002
13.8000,9.6068,0.000002
14.0000,9.6068,0.000002
14.2000,9.6068,0.000002
14.4000,9.6068,0.000002
14.6000,9.6068,0.000002
14.8000,9.6068,0.000001
15.0000,9.6068,0.000001
15.2000,9.6068,0.000001
15.4000,9.6068,0.000001
15.6000,9.6068,0.000001
15.8000,9.6068,0.000001
16.0000,9.6068,0.000001
16.2000,9.6068,0.000001
16.4000,9.6068,0.000001
16.6000,9.6068,0.000001
16.8000,9.6068,0.000001
17.0000,9.6068,0.000001
17.2000,9.6068,0.000001
17.4000,9.6068,0.000001
17.6000,9.6068,0.000001
17.8000,9.6068,0.000001
18.0000,9.6068,0.000001
18.2000,9.6068,0.000001
18.4000,9.6068,0.000001
18.6000,9.6068,0.000001
18.8000,9.6068,0.000001
19.0000,9.6068,0.000001
19.2000,9.6068,0.000001
19.4000,9.6068,0.000001
19.6000,9.6068,0.000001
19.8000,9.6068,0.000001
20.0000,9.6068,0.000001
-20.0000,9.7090,0.000001
-19.8000,9.7090,0.000001
-19.6000,9.7090,0.000001
-19.4000,9.7090,0.000001
-19.2000,9.7090,0.000001
-19.0000,9.7090,0.000001
-18.8000,9.7090,0.000001
-18.6000,9.7090,0.000001
-18.4000,9.7090,0.000001
-18.2000,9.7090,0.000001
-18.0000,9.7090,0.000001
-17.8000,9.7090,0.000001
-17.6000,9.7090,0.000001
-17.4000,9.7090,0.000001
-17.2000,9.7090,0.000001
-17.0000,9.7090,0.000001
-16.8000,9.7090,0.000001
-16.6000,9.7090,0.000001
-16.4000,9.7090,0.000001
-16.2000,9.7090,0.000001
-16.0000,9.7090,0.000001
-15.8000,9.7090,0.000001
-15.6000,9.7090,0.000001
-15.4000,9.7090,0.000001
-15.2000,9.7090,0.000001
-15.0000,9.7090,0.000001
-14.8000,9.7090,0.000002
-14.6000,9.7090,0.000002
-14.4000,9.7090,0.000002
-14.2000,9.7090,0.000002
-14.0000,9.7090,0.000002
-13.8000,9.7090,0.000002
-13.6000,9.7090,0.000002
-13.4000,9.7090,0.000003
-13.2000,9.7090,0.000003
-13.0000,9.7090,0.000003
-12.8000,9.7090,0.000004
-12.6000,9.7090,0.000004
-12.4000,9.7090,0.000005
-12.2000,9.7090,0.000006
-12.0000,9.7090,0.000007
-11.8000,9.7090,0.000008
-11.6000,9.7090,0.000010
-11.4000,9.7090,0.000012
-11.2000,9.7090,0.000016
-11.0000,9.7090,0.000020
-10.8000,9.7090,0.000025
-10.6000,9.7090,0.000034
-10.4000,9.7090,0.000045
-10.2000,9.7090,0.000063
-10.0000,9.7090,0.000089
-9.8000,9.7090,0.000130
-9.6000,9.7090,0.000195
-9.4000,9.7090,0.000301
-9.2000,9.7090,0.000482
-9.0000,9.7090,0.000799
-8.8000,9.7090,0.001368
-8.6000,9.7090,0.002425
-8.4000,9.7090,0.004439
-8.2000,9.7090,0.008373
-8.0000,9.7090,0.016184
-7.8000,9.7090,0.031833
-7.6000,9.7090,0.063072
-7.4000,9.7090,0.124261
-7.2000,9.7090,0.239534
-7.0000,9.7090,0.443352
-6.8000,9.7090,0.771635
-6.6000,9.7090,1.235835
-6.4000,9.7090,1.784059
-6.2000,9.7090,2.280644
-6.0000,9.7090,2.548908
-5.8000,9.7090,2.475118
-5.6000,9.7090,2.090765
-5.4000,9.7090,1.549521
-5.2000,9.7090,1.022694
-5.0000,9.7090,0.612960
-4.8000,9.7090,0.341077
-4.6000,9.7090,0.180231
-4.4000,9.7090,0.092401
-4.2000,9.7090,0.046846
-4.0000,9.7090,0.023865
-3.8000,9.7090,0.012373
-3.6000,9.7090,0.006591
-3.4000,9.7090,0.003632
-3.2000,9.7090,0.002079
-3.0000,9.7090,0.001240
-2.8000,9.7090,0.000771
-2.6000,9.7090,0.000499
-2.4000,9.7090,0.000337
-2.2000,9.7090,0.000237
-2.0000,9.7090,0.000173
-1.8000,9.7090,0.000131
-1.6000,9.7090,0.000102
-1.4000,9.7090,0.000083
-1.2000,9.7090,0.000069
-1.0000,9.7090,0.000060
-0.8000,9.7090,0.000053
-0.6000,9.7090,0.000048
-0.4000,9.7090,0.000045
-0.2000,9.7090,0.000043
0.0000,9.7090,0.000043
0.2000,9.7090,0.000043
0.4000,9.7090,0.000045
0.6000,9.7090,0.000048
0.8000,9.7090,0.000053
1.0000,9.7090,0.000060
1.2000,9.7090,0.000069
1.4000,9.7090,0.000083
1.6000,9.7090,0.000102
1.8000,9.7090,0.000131
2.0000,9.7090,0.000173
2.2000,9.7090,0.000237
2.4000,9.7090,0.000337
2.6000,9.7090,0.000499
2.8000,9.7090,0.000771
3.0000,9.7090,0.001240
3.2000,9.7090,0.002079
3.4000,9.7090,0.003632
3.6000,9.7090,0.006591
3.8000,9.7090,0.012373
4.0000,9.7090,0.023865
4.2000,9.7090,0.046846
4.4000,9.7090,0.092401
4.6000,9.7090,0.180231
4.8000,9.7090,0.341077
5.0000,9.7090,0.612960
5.2000,9.7090,1.022694
5.4000,9.7090,1.549521
5.6000,9.7090,2.090765
5.8000,9.7090,2.475118
6.0000,9.7090,2.548908
6.2000,9.7090,2.280644
6.4000,9.7090,1.784059
6.6000,9.7090,1.235835
6.8000,9.7090,0.771635
7.0000,9.7090,0.443352
7.2000,9.7090,0.239534
7.4000,9.7090,0.124261
7.6000,9.7090,0.063072
7.8000,9.7090,0.031833
8.0000,9.7090,0.016184
8.2000,9.7090,0.008373
8.4000,9.7090,0.004439
8.6000,9.7090,0.002425
8.8000,9.7090,0.001368
9.0000,9.7090,0.000799
9.2000,9.7090,0.000482
9.4000,9.7090,0.000301
9.6000,9.7090,0.000195
9.8000,9.7090,0.000130
10.0000,9.7090,0.000089
10.2000,9.7090,0.000063
10.4000,9.7090,0.000045
10.6000,9.7090,0.000034
10.8000,9.7090,0.000025
11.0000,9.7090,0.000020
11.2000,9.7090,0.000016
11.4000,9.7090,0.000012
11.6000,9.7090,0.000010
11.8000,9.7090,0.000008
12.0000,9.7090,0.000007
12.2000,9.7090,0.000006
12.4000,9.7090,0.000005
12.6000,9.7090,0.000004
12.8000,9.7090,0.000004
13.0000,9.7090,0.000003
13.2000,9.7090,0.000003
13.4000,9.7090,0.000003
13.6000,9.7090,0.000002
13.8000,9.7090,0.000002
14.0000,9.7090,0.000002
14.2000,9.7090,0.000002
14.4000,9.7090,0.000002
14.6000,9.7090,0.000002
14.8000,9.7090,0.000002
15.0000,9.7090,0.000001
15.2000,9.7090,0.000001
15.4000,9.7090,0.000001
15.6000,9.7090,0.000001
15.8000,9.7090,0.000001
16.0000,9.7090,0.000001
16.2000,9.7090,0.000001
16.4000,9.7090,0.000001
16.6000,9.7090,0.000001
16.8000,9.7090,0.000001
17.0000,9.7090,0.000001
17.2000,9.7090,0.000001
17.4000,9.7090,0.000001
17.6000,9.7090,0.000001
17.8000,9.7090,0.000001
18.0000,9.7090,0.000001
18.2000,9.7090,0.000001
18.4000,9.7090,0.000001
18.6000,9.7090,0.000001
18.8000,9.7090,0.000001
19.0000,9.7090,0.000001
19.2000,9.7090,0.000001
19.4000,9.7090,0.000001
19.6000,9.7090,0.000001
19.8000,9.7090,0.000001
20.0000,9.7090,0.000001
-20.0000,9.8112,0.000001
-19.8000,9.8112,0.000001
-19.6000,9.8112,0.000001
-19.4000,9.8112,0.000001
-19.2000,9.8112,0.000001
-19.0000,9.8112,0.000001
-18.8000,9.8112,0.000001
-18.6000,9.8112,0.000001
-18.4000,9.8112,0.000001
-18.2000,9.8112,0.000001
-18.0000,9.8112,0.000001
-17.8000,9.8112,0.000001
-17.6000,9.8112,0.000001
-17.4000,9.8112,0.000001
-17.2000,9.8112,0.000001
-17.0000,9.8112,0.000001
-16.8000,9.8112,0.000001
-16.6000,9.8112,0.000001
-16.4000,9.8112,0.000001
-16.2000,9.8112,0.000001
-16.0000,9.8112,0.000001
-15.8000,9.8112,0.000001
-15.6000,9.8112,0.000001
-15.4000,9.8112,0.000001
-15.2000,9.8112,0.000001
-15.0000,9.8112,0.000001
-14.8000,9.8112,0.000002
-14.6000,9.8112,0.000002
-14.4000,9.8112,0.000002
-14.2000,9.8112,0.000002
-14.0000,9.8112,0.000002
-13.8000,9.8112,0.000002
-13.6000,9.8112,0.000003
-13.4000,9.8112,0.000003
-13.2000,9.8112,0.000003
-13.0000,9.8112,0.000004
-12.8000,9.8112,0.000004
-12.6000,9.8112,0.000005
-12.4000,9.8112,0.000005
-12.2000,9.8112,0.000006
-12.0000,9.8112,0.000007
-11.8000,9.8112,0.000009
-11.6000,9.8112,0.000011
-11.4000,9.8112,0.000013
-11.2000,9.8112,0.000017
-11.0000,9.8112,0.000021
-10.8000,9.8112,0.000028
-10.6000,9.8112,0.000037
-10.4000,9.8112,0.000050
-10.2000,9.8112,0.000070
-10.0000,9.8112,0.000100
-9.8000,9.8112,0.000147
-9.6000,9.8112,0.000222
-9.4000,9.8112,0.000348
-9.2000,9.8112,0.000563
-9.0000,9.8112,0.000942
-8.8000,9.8112,0.001632
-8.6000,9.8112,0.002923
-8.4000,9.8112,0.005405
-8.2000,9.8112,0.010281
-8.0000,9.8112,0.020003
-7.8000,9.8112,0.039486
-7.6000,9.8112,0.078226
-7.4000,9.8112,0.153361
-7.2000,9.8112,0.292517
-7.0000,9.8112,0.532301
-6.8000,9.8112,0.904688
-6.6000,9.8112,1.405490
-6.4000,9.8112,1.956477
-6.2000,9.8112,2.400667
-6.0000,9.8112,2.568514
-5.8000,9.8112,2.386759
-5.6000,9.8112,1.933081
-5.4000,9.8112,1.379227
-5.2000,9.8112,0.881333
-5.0000,9.8112,0.514840
-4.8000,9.8112,0.281169
-4.6000,9.8112,0.146806
-4.4000,9.8112,0.074820
-4.2000,9.8112,0.037902
-4.0000,9.8112,0.019372
-3.8000,9.8112,0.010108
-3.6000,9.8112,0.005430
-3.4000,9.8112,0.003022
-3.2000,9.8112,0.001748
-3.0000,9.8112,0.001054
-2.8000,9.8112,0.000662
-2.6000,9.8112,0.000433
-2.4000,9.8112,0.000295
-2.2000,9.8112,0.000209
-2.0000,9.8112,0.000154
-1.8000,9.8112,0.000117
-1.6000,9.8112,0.000092
-1.4000,9.8112,0.000075
-1.2000,9.8112,0.000063
-1.0000,9.8112,0.000055
-0.8000,9.8112,0.000049
-0.6000,9.8112,0.000044
-0.4000,9.8112,0.000042
-0.2000,9.8112,0.000040
0.0000,9.8112,0.000039
0.2000,9.8112,0.000040
0.4000,9.8112,0.000042
0.6000,9.8112,0.000044
0.8000,9.8112,0.000049
1.0000,9.8112,0.000055
1.2000,9.8112,0.000063
1.4000,9.8112,0.000075
1.6000,9.8112,0.000092
1.8000,9.8112,0.000117
2.0000,9.8112,0.000154
2.2000,9.8112,0.000209
2.4000,9.8112,0.000295
2.6000,9.8112,0.000433
2.8000,9.8112,0.000662
3.0000,9.8112,0.001054
3.2000,9.8112,0.001748
3.4000,9.8112,0.003022
3.6000,9.8112,0.005430
3.8000,9.8112,0.010108
4.0000,9.8112,0.019372
4.2000,9.8112,0.037902
4.4000,9.8112,0.074820
4.6000,9.8112,0.146806
4.8000,9.8112,0.281169
5.0000,9.8112,0.514840
5.2000,9.8112,0.881333
5.4000,9.8112,1.379227
5.6000,9.8112,1.933081
5.8000,9.8112,2.386759
6.0000,9.8112,2.568514
6.2000,9.8112,2.400667
6.4000,9.8112,1.956477
6.6000,9.8112,1.405490
6.8000,9.8112,0.904688
7.0000,9.8112,0.532301
7.2000,9.8112,0.292517
7.4000,9.8112,0.153361
7.6000,9.8112,0.078226
7.8000,9.8112,0.039486
8.0000,9.8112,0.020003
8.2000,9.8112,0.010281
8.4000,9.8112,0.005405
8.6000,9.8112,0.002923
8.8000,9.8112,0.001632
9.0000,9.8112,0.000942
9.2000,9.8112,0.000563
9.4000,9.8112,0.000348
9.6000,9.8112,0.000222
9.8000,9.8112,0.000147
10.0000,9.8112,0.000100
10.2000,9.8112,0.000070
10.4000,9.8112,0.000050
10.6000,9.8112,0.000037
10.8000,9.8112,0.000028
11.0000,9.8112,0.000021
11.2000,9.8112,0.000017
11.4000,9.8112,0.000013
11.6000,9.8112,0.000011
11.8000,9.8112,0.000009
12.0000,9.8112,0.000007
12.2000,9.8112,0.000006
12.4000,9.8112,0.000005
12.6000,9.8112,0.000005
12.8000,9.8112,0.000004
13.0000,9.8112,0.000004
13.2000,9.8112,0.000003
13.4000,9.8112,0.000003
13.6000,9.8112,0.000003
13.8000,9.8112,0.000002
14.0000,9.8112,0.000002
14.2000,9.8112,0.000002
14.4000,9.8112,0.000002
14.6000,9.8112,0.000002
14.8000,9.8112,0.000002
15.0000,9.8112,0.000001
15.2000,9.8112,0.000001
15.4000,9.8112,0.000001
15.6000,9.8112,0.000001
15.8000,9.8112,0.000001
16.0000,9.8112,0.000001
16.2000,9.8112,0.000001
16.4000,9.8112,0.000001
16.6000,9.8112,0.000001
16.8000,9.8112,0.000001
17.0000,9.8112,0.000001
17.2000,9.8112,0.000001
17.4000,9.8112,0.000001
17.6000,9.8112,0.000001
17.8000,9.8112,0.000001
18.0000,9.8112,0.000001
18.2000,9.8112,0.000001
18.4000,9.8112,0.000001
18.6000,9.8112,0.000001
18.8000,9.8112,0.000001
19.0000,9.8112,0.000001
19.2000,9.8112,0.000001
19.4000,9.8112,0.000001
19.6000,9.8112,0.000001
19.8000,9.8112,0.000001
20.0000,9.8112,0.000001
