panel,x,y,series
a,0.0100,7.402159,EIT_real_qutip
a,0.0100,1.163047,tangent_analytic
a,0.0100,9.203908,tangent_numeric
a,0.0600,7.701757,EIT_real_qutip
a,0.0600,1.151245,tangent_analytic
a,0.0600,9.037832,tangent_numeric
a,0.1099,7.690467,EIT_real_qutip
a,0.1099,1.139443,tangent_analytic
a,0.1099,8.871755,tangent_numeric
a,0.1599,7.663606,EIT_real_qutip
a,0.1599,1.127640,tangent_analytic
a,0.1599,8.705679,tangent_numeric
a,0.2098,7.625513,EIT_real_qutip
a,0.2098,1.115838,tangent_analytic
a,0.2098,8.539602,tangent_numeric
a,0.2597,7.576999,EIT_real_qutip
a,0.2597,1.104036,tangent_analytic
a,0.2597,8.373526,tangent_numeric
a,0.3097,7.518452,EIT_real_qutip
a,0.3097,1.092234,tangent_analytic
a,0.3097,8.207449,tangent_numeric
a,0.3597,7.450197,EIT_real_qutip
a,0.3597,1.080432,tangent_analytic
a,0.3597,8.041373,tangent_numeric
a,0.4096,7.372563,EIT_real_qutip
a,0.4096,1.068630,tangent_analytic
a,0.4096,7.875296,tangent_numeric
a,0.4596,7.285903,EIT_real_qutip
a,0.4596,1.056828,tangent_analytic
a,0.4596,7.709219,tangent_numeric
a,0.5095,7.190602,EIT_real_qutip
a,0.5095,1.045025,tangent_analytic
a,0.5095,7.543143,tangent_numeric
a,0.5595,7.087073,EIT_real_qutip
a,0.5595,1.033223,tangent_analytic
a,0.5595,7.377066,tangent_numeric
a,0.6094,6.975758,EIT_real_qutip
a,0.6094,1.021421,tangent_analytic
a,0.6094,7.210990,tangent_numeric
a,0.6593,6.857122,EIT_real_qutip
a,0.6593,1.009619,tangent_analytic
a,0.6593,7.044913,tangent_numeric
a,0.7093,6.731655,EIT_real_qutip
a,0.7093,0.997817,tangent_analytic
a,0.7093,6.878837,tangent_numeric
a,0.7592,6.599864,EIT_real_qutip
a,0.7592,0.986015,tangent_analytic
a,0.7592,6.712760,tangent_numeric
a,0.8092,6.462271,EIT_real_qutip
a,0.8092,0.974213,tangent_analytic
a,0.8092,6.546684,tangent_numeric
a,0.8592,6.319410,EIT_real_qutip
a,0.8592,0.962410,tangent_analytic
a,0.8592,6.380607,tangent_numeric
a,0.9091,6.171824,EIT_real_qutip
a,0.9091,0.950608,tangent_analytic
a,0.9091,6.214531,tangent_numeric
a,0.9591,6.020057,EIT_real_qutip
a,0.9591,0.938806,tangent_analytic
a,0.9591,6.048454,tangent_numeric
a,1.0090,5.864658,EIT_real_qutip
a,1.0090,0.927004,tangent_analytic
a,1.0090,5.882378,tangent_numeric
a,1.0590,5.706170,EIT_real_qutip
a,1.0590,0.915202,tangent_analytic
a,1.0590,5.716301,tangent_numeric
a,1.1089,5.545134,EIT_real_qutip
a,1.1089,0.903400,tangent_analytic
a,1.1089,5.550224,tangent_numeric
a,1.1588,5.382080,EIT_real_qutip
a,1.1588,0.891597,tangent_analytic
a,1.1588,5.384148,tangent_numeric
a,1.2088,5.217525,EIT_real_qutip
a,1.2088,0.879795,tangent_analytic
a,1.2088,5.218071,tangent_numeric
a,1.2588,5.051976,EIT_real_qutip
a,1.2588,0.867993,tangent_analytic
a,1.2588,5.051995,tangent_numeric
a,1.3087,4.885918,EIT_real_qutip
a,1.3087,0.856191,tangent_analytic
a,1.3087,4.885918,tangent_numeric
a,1.3587,4.719823,EIT_real_qutip
a,1.3587,0.844389,tangent_analytic
a,1.3587,4.719842,tangent_numeric
a,1.4086,4.554137,EIT_real_qutip
a,1.4086,0.832587,tangent_analytic
a,1.4086,4.553765,tangent_numeric
a,1.4586,4.389287,EIT_real_qutip
a,1.4586,0.820785,tangent_analytic
a,1.4586,4.387689,tangent_numeric
a,1.5085,4.225675,EIT_real_qutip
a,1.5085,0.808982,tangent_analytic
a,1.5085,4.221612,tangent_numeric
a,1.5585,4.063680,EIT_real_qutip
a,1.5585,0.797180,tangent_analytic
a,1.5585,4.055536,tangent_numeric
a,1.6084,3.903651,EIT_real_qutip
a,1.6084,0.785378,tangent_analytic
a,1.6084,3.889459,tangent_numeric
a,1.6583,3.745915,EIT_real_qutip
a,1.6583,0.773576,tangent_analytic
a,1.6583,3.723382,tangent_numeric
a,1.7083,3.590771,EIT_real_qutip
a,1.7083,0.761774,tangent_analytic
a,1.7083,3.557306,tangent_numeric
a,1.7583,3.438489,EIT_real_qutip
a,1.7583,0.749972,tangent_analytic
a,1.7583,3.391229,tangent_numeric
a,1.8082,3.289315,EIT_real_qutip
a,1.8082,0.738169,tangent_analytic
a,1.8082,3.225153,tangent_numeric
a,1.8581,3.143466,EIT_real_qutip
a,1.8581,0.726367,tangent_analytic
a,1.8581,3.059076,tangent_numeric
a,1.9081,3.001134,EIT_real_qutip
a,1.9081,0.714565,tangent_analytic
a,1.9081,2.893000,tangent_numeric
a,1.9581,2.862486,EIT_real_qutip
a,1.9581,0.702763,tangent_analytic
a,1.9581,2.726923,tangent_numeric
a,2.0080,2.727662,EIT_real_qutip
a,2.0080,0.690961,tangent_analytic
a,2.0080,2.560847,tangent_numeric
a,2.0579,2.596780,EIT_real_qutip
a,2.0579,0.679159,tangent_analytic
a,2.0579,2.394770,tangent_numeric
a,2.1079,2.469934,EIT_real_qutip
a,2.1079,0.667357,tangent_analytic
a,2.1079,2.228694,tangent_numeric
a,2.1578,2.347196,EIT_real_qutip
a,2.1578,0.655554,tangent_analytic
a,2.1578,2.062617,tangent_numeric
a,2.2078,2.228618,EIT_real_qutip
a,2.2078,0.643752,tangent_analytic
a,2.2078,1.896541,tangent_numeric
a,2.2577,2.114231,EIT_real_qutip
a,2.2577,0.631950,tangent_analytic
a,2.2577,1.730464,tangent_numeric
a,2.3077,2.004048,EIT_real_qutip
a,2.3077,0.620148,tangent_analytic
a,2.3077,1.564387,tangent_numeric
a,2.3577,1.898066,EIT_real_qutip
a,2.3577,0.608346,tangent_analytic
a,2.3577,1.398311,tangent_numeric
a,2.4076,1.796266,EIT_real_qutip
a,2.4076,0.596544,tangent_analytic
a,2.4076,1.232234,tangent_numeric
a,2.4575,1.698613,EIT_real_qutip
a,2.4575,0.584742,tangent_analytic
a,2.4575,1.066158,tangent_numeric
a,2.5075,1.605060,EIT_real_qutip
a,2.5075,0.572939,tangent_analytic
a,2.5075,0.900081,tangent_numeric
a,2.5574,1.515549,EIT_real_qutip
a,2.5574,0.561137,tangent_analytic
a,2.5574,0.734005,tangent_numeric
a,2.6074,1.430010,EIT_real_qutip
a,2.6074,0.549335,tangent_analytic
a,2.6074,0.567928,tangent_numeric
a,2.6573,1.348363,EIT_real_qutip
a,2.6573,0.537533,tangent_analytic
a,2.6573,0.401852,tangent_numeric
a,2.7073,1.270523,EIT_real_qutip
a,2.7073,0.525731,tangent_analytic
a,2.7073,0.235775,tangent_numeric
a,2.7572,1.196394,EIT_real_qutip
a,2.7572,0.513929,tangent_analytic
a,2.7572,0.069699,tangent_numeric
a,2.8072,1.125877,EIT_real_qutip
a,2.8072,0.502126,tangent_analytic
a,2.8072,-0.096378,tangent_numeric
a,2.8571,1.058866,EIT_real_qutip
a,2.8571,0.490324,tangent_analytic
a,2.8571,-0.262454,tangent_numeric
a,2.9071,0.995252,EIT_real_qutip
a,2.9071,0.478522,tangent_analytic
a,2.9071,-0.428531,tangent_numeric
a,2.9570,0.934922,EIT_real_qutip
a,2.9570,0.466720,tangent_analytic
a,2.9570,-0.594608,tangent_numeric
a,3.0070,0.877763,EIT_real_qutip
a,3.0070,0.454918,tangent_analytic
a,3.0070,-0.760684,tangent_numeric
a,3.0570,0.823657,EIT_real_qutip
a,3.0570,0.443116,tangent_analytic
a,3.0570,-0.926761,tangent_numeric
a,3.1069,0.772487,EIT_real_qutip
a,3.1069,0.431314,tangent_analytic
a,3.1069,-1.092837,tangent_numeric
a,3.1568,0.724137,EIT_real_qutip
a,3.1568,0.419511,tangent_analytic
a,3.1568,-1.258914,tangent_numeric
a,3.2068,0.678489,EIT_real_qutip
a,3.2068,0.407709,tangent_analytic
a,3.2068,-1.424990,tangent_numeric
a,3.2567,0.635427,EIT_real_qutip
a,3.2567,0.395907,tangent_analytic
a,3.2567,-1.591067,tangent_numeric
a,3.3067,0.594837,EIT_real_qutip
a,3.3067,0.384105,tangent_analytic
a,3.3067,-1.757143,tangent_numeric
a,3.3566,0.556605,EIT_real_qutip
a,3.3566,0.372303,tangent_analytic
a,3.3566,-1.923220,tangent_numeric
a,3.4066,0.520621,EIT_real_qutip
a,3.4066,0.360501,tangent_analytic
a,3.4066,-2.089296,tangent_numeric
a,3.4566,0.486777,EIT_real_qutip
a,3.4566,0.348699,tangent_analytic
a,3.4566,-2.255373,tangent_numeric
a,3.5065,0.454966,EIT_real_qutip
a,3.5065,0.336896,tangent_analytic
a,3.5065,-2.421449,tangent_numeric
a,3.5564,0.425087,EIT_real_qutip
a,3.5564,0.325094,tangent_analytic
a,3.5564,-2.587526,tangent_numeric
a,3.6064,0.397039,EIT_real_qutip
a,3.6064,0.313292,tangent_analytic
a,3.6064,-2.753603,tangent_numeric
a,3.6563,0.370726,EIT_real_qutip
a,3.6563,0.301490,tangent_analytic
a,3.6563,-2.919679,tangent_numeric
a,3.7063,0.346056,EIT_real_qutip
a,3.7063,0.289688,tangent_analytic
a,3.7063,-3.085756,tangent_numeric
a,3.7563,0.322937,EIT_real_qutip
a,3.7563,0.277886,tangent_analytic
a,3.7563,-3.251832,tangent_numeric
a,3.8062,0.301285,EIT_real_qutip
a,3.8062,0.266083,tangent_analytic
a,3.8062,-3.417909,tangent_numeric
a,3.8561,0.281016,EIT_real_qutip
a,3.8561,0.254281,tangent_analytic
a,3.8561,-3.583985,tangent_numeric
a,3.9061,0.262051,EIT_real_qutip
a,3.9061,0.242479,tangent_analytic
a,3.9061,-3.750062,tangent_numeric
a,3.9560,0.244315,EIT_real_qutip
a,3.9560,0.230677,tangent_analytic
a,3.9560,-3.916138,tangent_numeric
a,4.0060,0.227735,EIT_real_qutip
a,4.0060,0.218875,tangent_analytic
a,4.0060,-4.082215,tangent_numeric
a,4.0560,0.212242,EIT_real_qutip
a,4.0560,0.207073,tangent_analytic
a,4.0560,-4.248291,tangent_numeric
a,4.1059,0.197771,EIT_real_qutip
a,4.1059,0.195271,tangent_analytic
a,4.1059,-4.414368,tangent_numeric
a,4.1559,0.184260,EIT_real_qutip
a,4.1559,0.183468,tangent_analytic
a,4.1559,-4.580444,tangent_numeric
a,4.2058,0.171649,EIT_real_qutip
a,4.2058,0.171666,tangent_analytic
a,4.2058,-4.746521,tangent_numeric
a,4.2557,0.159883,EIT_real_qutip
a,4.2557,0.159864,tangent_analytic
a,4.2557,-4.912598,tangent_numeric
a,4.3057,0.148908,EIT_real_qutip
a,4.3057,0.148062,tangent_analytic
a,4.3057,-5.078674,tangent_numeric
a,4.3556,0.138674,EIT_real_qutip
a,4.3556,0.136260,tangent_analytic
a,4.3556,-5.244751,tangent_numeric
a,4.4056,0.129134,EIT_real_qutip
a,4.4056,0.124458,tangent_analytic
a,4.4056,-5.410827,tangent_numeric
a,4.4555,0.120243,EIT_real_qutip
a,4.4555,0.112656,tangent_analytic
a,4.4555,-5.576904,tangent_numeric
a,4.5055,0.111959,EIT_real_qutip
a,4.5055,0.100853,tangent_analytic
a,4.5055,-5.742980,tangent_numeric
a,4.5554,0.104242,EIT_real_qutip
a,4.5554,0.089051,tangent_analytic
a,4.5554,-5.909057,tangent_numeric
a,4.6054,0.097055,EIT_real_qutip
a,4.6054,0.077249,tangent_analytic
a,4.6054,-6.075133,tangent_numeric
a,4.6554,0.090363,EIT_real_qutip
a,4.6554,0.065447,tangent_analytic
a,4.6554,-6.241210,tangent_numeric
a,4.7053,0.084133,EIT_real_qutip
a,4.7053,0.053645,tangent_analytic
a,4.7053,-6.407286,tangent_numeric
a,4.7553,0.078334,EIT_real_qutip
a,4.7553,0.041843,tangent_analytic
a,4.7553,-6.573363,tangent_numeric
a,4.8052,0.072937,EIT_real_qutip
a,4.8052,0.030040,tangent_analytic
a,4.8052,-6.739439,tangent_numeric
a,4.8552,0.067914,EIT_real_qutip
a,4.8552,0.018238,tangent_analytic
a,4.8552,-6.905516,tangent_numeric
a,4.9051,0.063240,EIT_real_qutip
a,4.9051,0.006436,tangent_analytic
a,4.9051,-7.071593,tangent_numeric
a,4.9550,0.058892,EIT_real_qutip
a,4.9550,-0.005366,tangent_analytic
a,4.9550,-7.237669,tangent_numeric
a,5.0050,0.054847,EIT_real_qutip
a,5.0050,-0.017168,tangent_analytic
a,5.0050,-7.403746,tangent_numeric
a,5.0549,0.051085,EIT_real_qutip
a,5.0549,-0.028970,tangent_analytic
a,5.0549,-7.569822,tangent_numeric
a,5.1049,0.047584,EIT_real_qutip
a,5.1049,-0.040772,tangent_analytic
a,5.1049,-7.735899,tangent_numeric
a,5.1548,0.044329,EIT_real_qutip
a,5.1548,-0.052575,tangent_analytic
a,5.1548,-7.901975,tangent_numeric
a,5.2048,0.041301,EIT_real_qutip
a,5.2048,-0.064377,tangent_analytic
a,5.2048,-8.068052,tangent_numeric
a,5.2547,0.038484,EIT_real_qutip
a,5.2547,-0.076179,tangent_analytic
a,5.2547,-8.234128,tangent_numeric
a,5.3047,0.035865,EIT_real_qutip
a,5.3047,-0.087981,tangent_analytic
a,5.3047,-8.400205,tangent_numeric
a,5.3547,0.033429,EIT_real_qutip
a,5.3547,-0.099783,tangent_analytic
a,5.3547,-8.566281,tangent_numeric
a,5.4046,0.031163,EIT_real_qutip
a,5.4046,-0.111585,tangent_analytic
a,5.4046,-8.732358,tangent_numeric
a,5.4546,0.029055,EIT_real_qutip
a,5.4546,-0.123387,tangent_analytic
a,5.4546,-8.898435,tangent_numeric
a,5.5045,0.027094,EIT_real_qutip
a,5.5045,-0.135190,tangent_analytic
a,5.5045,-9.064511,tangent_numeric
a,5.5545,0.025270,EIT_real_qutip
a,5.5545,-0.146992,tangent_analytic
a,5.5545,-9.230588,tangent_numeric
a,5.6044,0.023574,EIT_real_qutip
a,5.6044,-0.158794,tangent_analytic
a,5.6044,-9.396664,tangent_numeric
a,5.6543,0.021995,EIT_real_qutip
a,5.6543,-0.170596,tangent_analytic
a,5.6543,-9.562741,tangent_numeric
a,5.7043,0.020527,EIT_real_qutip
a,5.7043,-0.182398,tangent_analytic
a,5.7043,-9.728817,tangent_numeric
a,5.7542,0.019160,EIT_real_qutip
a,5.7542,-0.194200,tangent_analytic
a,5.7542,-9.894894,tangent_numeric
a,5.8042,0.017888,EIT_real_qutip
a,5.8042,-0.206003,tangent_analytic
a,5.8042,-10.060970,tangent_numeric
a,5.8541,0.016704,EIT_real_qutip
a,5.8541,-0.217805,tangent_analytic
a,5.8541,-10.227047,tangent_numeric
a,5.9041,0.015603,EIT_real_qutip
a,5.9041,-0.229607,tangent_analytic
a,5.9041,-10.393123,tangent_numeric
a,5.9540,0.014577,EIT_real_qutip
a,5.9540,-0.241409,tangent_analytic
a,5.9540,-10.559200,tangent_numeric
a,6.0040,0.013622,EIT_real_qutip
a,6.0040,-0.253211,tangent_analytic
a,6.0040,-10.725276,tangent_numeric
a,6.0540,0.012733,EIT_real_qutip
a,6.0540,-0.265013,tangent_analytic
a,6.0540,-10.891353,tangent_numeric
a,6.1039,0.011905,EIT_real_qutip
a,6.1039,-0.276815,tangent_analytic
a,6.1039,-11.057430,tangent_numeric
a,6.1539,0.011133,EIT_real_qutip
a,6.1539,-0.288618,tangent_analytic
a,6.1539,-11.223506,tangent_numeric
a,6.2038,0.010414,EIT_real_qutip
a,6.2038,-0.300420,tangent_analytic
a,6.2038,-11.389583,tangent_numeric
a,6.2538,0.009745,EIT_real_qutip
a,6.2538,-0.312222,tangent_analytic
a,6.2538,-11.555659,tangent_numeric
a,6.3037,0.009120,EIT_real_qutip
a,6.3037,-0.324024,tangent_analytic
a,6.3037,-11.721736,tangent_numeric
a,6.3537,0.008539,EIT_real_qutip
a,6.3537,-0.335826,tangent_analytic
a,6.3537,-11.887812,tangent_numeric
a,6.4036,0.007996,EIT_real_qutip
a,6.4036,-0.347628,tangent_analytic
a,6.4036,-12.053889,tangent_numeric
a,6.4535,0.007490,EIT_real_qutip
a,6.4535,-0.359431,tangent_analytic
a,6.4535,-12.219965,tangent_numeric
a,6.5035,0.007019,EIT_real_qutip
a,6.5035,-0.371233,tangent_analytic
a,6.5035,-12.386042,tangent_numeric
a,6.5534,0.006578,EIT_real_qutip
a,6.5534,-0.383035,tangent_analytic
a,6.5534,-12.552118,tangent_numeric
a,6.6034,0.006168,EIT_real_qutip
a,6.6034,-0.394837,tangent_analytic
a,6.6034,-12.718195,tangent_numeric
a,6.6533,0.005784,EIT_real_qutip
a,6.6533,-0.406639,tangent_analytic
a,6.6533,-12.884271,tangent_numeric
a,6.7033,0.005427,EIT_real_qutip
a,6.7033,-0.418441,tangent_analytic
a,6.7033,-13.050348,tangent_numeric
a,6.7532,0.005092,EIT_real_qutip
a,6.7532,-0.430243,tangent_analytic
a,6.7532,-13.216425,tangent_numeric
a,6.8032,0.004780,EIT_real_qutip
a,6.8032,-0.442046,tangent_analytic
a,6.8032,-13.382501,tangent_numeric
a,6.8532,0.004489,EIT_real_qutip
a,6.8532,-0.453848,tangent_analytic
a,6.8532,-13.548578,tangent_numeric
a,6.9031,0.004216,EIT_real_qutip
a,6.9031,-0.465650,tangent_analytic
a,6.9031,-13.714654,tangent_numeric
a,6.9531,0.003962,EIT_real_qutip
a,6.9531,-0.477452,tangent_analytic
a,6.9531,-13.880731,tangent_numeric
a,7.0030,0.003724,EIT_real_qutip
a,7.0030,-0.489254,tangent_analytic
a,7.0030,-14.046807,tangent_numeric
a,7.0530,0.003501,EIT_real_qutip
a,7.0530,-0.501056,tangent_analytic
a,7.0530,-14.212884,tangent_numeric
a,7.1029,0.003293,EIT_real_qutip
a,7.1029,-0.512858,tangent_analytic
a,7.1029,-14.378960,tangent_numeric
a,7.1528,0.003098,EIT_real_qutip
a,7.1528,-0.524661,tangent_analytic
a,7.1528,-14.545037,tangent_numeric
a,7.2028,0.002916,EIT_real_qutip
a,7.2028,-0.536463,tangent_analytic
a,7.2028,-14.711113,tangent_numeric
a,7.2527,0.002745,EIT_real_qutip
a,7.2527,-0.548265,tangent_analytic
a,7.2527,-14.877190,tangent_numeric
a,7.3027,0.002585,EIT_real_qutip
a,7.3027,-0.560067,tangent_analytic
a,7.3027,-15.043266,tangent_numeric
a,7.3526,0.002435,EIT_real_qutip
a,7.3526,-0.571869,tangent_analytic
a,7.3526,-15.209343,tangent_numeric
a,7.4026,0.002295,EIT_real_qutip
a,7.4026,-0.583671,tangent_analytic
a,7.4026,-15.375420,tangent_numeric
a,7.4525,0.002164,EIT_real_qutip
a,7.4525,-0.595474,tangent_analytic
a,7.4525,-15.541496,tangent_numeric
a,7.5025,0.002041,EIT_real_qutip
a,7.5025,-0.607276,tangent_analytic
a,7.5025,-15.707573,tangent_numeric
a,7.5525,0.001925,EIT_real_qutip
a,7.5525,-0.619078,tangent_analytic
a,7.5525,-15.873649,tangent_numeric
a,7.6024,0.001817,EIT_real_qutip
a,7.6024,-0.630880,tangent_analytic
a,7.6024,-16.039726,tangent_numeric
a,7.6524,0.001715,EIT_real_qutip
a,7.6524,-0.642682,tangent_analytic
a,7.6524,-16.205802,tangent_numeric
a,7.7023,0.001619,EIT_real_qutip
a,7.7023,-0.654484,tangent_analytic
a,7.7023,-16.371879,tangent_numeric
a,7.7523,0.001530,EIT_real_qutip
a,7.7523,-0.666286,tangent_analytic
a,7.7523,-16.537955,tangent_numeric
a,7.8022,0.001446,EIT_real_qutip
a,7.8022,-0.678089,tangent_analytic
a,7.8022,-16.704032,tangent_numeric
a,7.8521,0.001367,EIT_real_qutip
a,7.8521,-0.689891,tangent_analytic
a,7.8521,-16.870108,tangent_numeric
a,7.9021,0.001292,EIT_real_qutip
a,7.9021,-0.701693,tangent_analytic
a,7.9021,-17.036185,tangent_numeric
a,7.9520,0.001222,EIT_real_qutip
a,7.9520,-0.713495,tangent_analytic
a,7.9520,-17.202261,tangent_numeric
a,8.0020,0.001157,EIT_real_qutip
a,8.0020,-0.725297,tangent_analytic
a,8.0020,-17.368338,tangent_numeric
a,8.0519,0.001095,EIT_real_qutip
a,8.0519,-0.737099,tangent_analytic
a,8.0519,-17.534415,tangent_numeric
a,8.1019,0.001037,EIT_real_qutip
a,8.1019,-0.748901,tangent_analytic
a,8.1019,-17.700491,tangent_numeric
a,8.1518,0.000982,EIT_real_qutip
a,8.1518,-0.760704,tangent_analytic
a,8.1518,-17.866568,tangent_numeric
a,8.2018,0.000931,EIT_real_qutip
a,8.2018,-0.772506,tangent_analytic
a,8.2018,-18.032644,tangent_numeric
a,8.2517,0.000882,EIT_real_qutip
a,8.2517,-0.784308,tangent_analytic
a,8.2517,-18.198721,tangent_numeric
a,8.3017,0.000837,EIT_real_qutip
a,8.3017,-0.796110,tangent_analytic
a,8.3017,-18.364797,tangent_numeric
a,8.3516,0.000794,EIT_real_qutip
a,8.3516,-0.807912,tangent_analytic
a,8.3516,-18.530874,tangent_numeric
a,8.4016,0.000753,EIT_real_qutip
a,8.4016,-0.819714,tangent_analytic
a,8.4016,-18.696950,tangent_numeric
a,8.4515,0.000715,EIT_real_qutip
a,8.4515,-0.831517,tangent_analytic
a,8.4515,-18.863027,tangent_numeric
a,8.5015,0.000679,EIT_real_qutip
a,8.5015,-0.843319,tangent_analytic
a,8.5015,-19.029103,tangent_numeric
a,8.5515,0.000645,EIT_real_qutip
a,8.5515,-0.855121,tangent_analytic
a,8.5515,-19.195180,tangent_numeric
a,8.6014,0.000613,EIT_real_qutip
a,8.6014,-0.866923,tangent_analytic
a,8.6014,-19.361257,tangent_numeric
a,8.6514,0.000582,EIT_real_qutip
a,8.6514,-0.878725,tangent_analytic
a,8.6514,-19.527333,tangent_numeric
a,8.7013,0.000554,EIT_real_qutip
a,8.7013,-0.890527,tangent_analytic
a,8.7013,-19.693410,tangent_numeric
a,8.7513,0.000527,EIT_real_qutip
a,8.7513,-0.902329,tangent_analytic
a,8.7513,-19.859486,tangent_numeric
a,8.8012,0.000501,EIT_real_qutip
a,8.8012,-0.914132,tangent_analytic
a,8.8012,-20.025563,tangent_numeric
a,8.8512,0.000477,EIT_real_qutip
a,8.8512,-0.925934,tangent_analytic
a,8.8512,-20.191639,tangent_numeric
a,8.9011,0.000454,EIT_real_qutip
a,8.9011,-0.937736,tangent_analytic
a,8.9011,-20.357716,tangent_numeric
a,8.9511,0.000433,EIT_real_qutip
a,8.9511,-0.949538,tangent_analytic
a,8.9511,-20.523792,tangent_numeric
a,9.0010,0.000412,EIT_real_qutip
a,9.0010,-0.961340,tangent_analytic
a,9.0010,-20.689869,tangent_numeric
a,9.0510,0.000393,EIT_real_qutip
a,9.0510,-0.973142,tangent_analytic
a,9.0510,-20.855945,tangent_numeric
a,9.1009,0.000375,EIT_real_qutip
a,9.1009,-0.984944,tangent_analytic
a,9.1009,-21.022022,tangent_numeric
a,9.1509,0.000357,EIT_real_qutip
a,9.1509,-0.996747,tangent_analytic
a,9.1509,-21.188098,tangent_numeric
a,9.2008,0.000341,EIT_real_qutip
a,9.2008,-1.008549,tangent_analytic
a,9.2008,-21.354175,tangent_numeric
a,9.2508,0.000325,EIT_real_qutip
a,9.2508,-1.020351,tangent_analytic
a,9.2508,-21.520252,tangent_numeric
a,9.3007,0.000311,EIT_real_qutip
a,9.3007,-1.032153,tangent_analytic
a,9.3007,-21.686328,tangent_numeric
a,9.3506,0.000297,EIT_real_qutip
a,9.3506,-1.043955,tangent_analytic
a,9.3506,-21.852405,tangent_numeric
a,9.4006,0.000283,EIT_real_qutip
a,9.4006,-1.055757,tangent_analytic
a,9.4006,-22.018481,tangent_numeric
a,9.4505,0.000271,EIT_real_qutip
a,9.4505,-1.067560,tangent_analytic
a,9.4505,-22.184558,tangent_numeric
a,9.5005,0.000259,EIT_real_qutip
a,9.5005,-1.079362,tangent_analytic
a,9.5005,-22.350634,tangent_numeric
a,9.5504,0.000248,EIT_real_qutip
a,9.5504,-1.091164,tangent_analytic
a,9.5504,-22.516711,tangent_numeric
a,9.6004,0.000237,EIT_real_qutip
a,9.6004,-1.102966,tangent_analytic
a,9.6004,-22.682787,tangent_numeric
a,9.6503,0.000227,EIT_real_qutip
a,9.6503,-1.114768,tangent_analytic
a,9.6503,-22.848864,tangent_numeric
a,9.7003,0.000217,EIT_real_qutip
a,9.7003,-1.126570,tangent_analytic
a,9.7003,-23.014940,tangent_numeric
a,9.7502,0.000208,EIT_real_qutip
a,9.7502,-1.138372,tangent_analytic
a,9.7502,-23.181017,tangent_numeric
a,9.8002,0.000199,EIT_real_qutip
a,9.8002,-1.150175,tangent_analytic
a,9.8002,-23.347093,tangent_numeric
a,9.8501,0.000190,EIT_real_qutip
a,9.8501,-1.161977,tangent_analytic
a,9.8501,-23.513170,tangent_numeric
a,9.9001,0.000183,EIT_real_qutip
a,9.9001,-1.173779,tangent_analytic
a,9.9001,-23.679247,tangent_numeric
a,9.9500,0.000175,EIT_real_qutip
a,9.9500,-1.185581,tangent_analytic
a,9.9500,-23.845323,tangent_numeric
a,10.0000,0.000168,EIT_real_qutip
a,10.0000,-1.197383,tangent_analytic
a,10.0000,-24.011400,tangent_numeric
b,0.000000e+00,4.729404,ORF_0.5MHz
c,0.000000e+00,0.081335,ORF_0.5MHz
b,1.670844e-07,4.729348,ORF_0.5MHz
c,1.670844e-07,0.081341,ORF_0.5MHz
b,3.341688e-07,4.729182,ORF_0.5MHz
c,3.341688e-07,0.081360,ORF_0.5MHz
b,5.012531e-07,4.728905,ORF_0.5MHz
c,5.012531e-07,0.081393,ORF_0.5MHz
b,6.683375e-07,4.728517,ORF_0.5MHz
c,6.683375e-07,0.081438,ORF_0.5MHz
b,8.354219e-07,4.728018,ORF_0.5MHz
c,8.354219e-07,0.081495,ORF_0.5MHz
b,1.002506e-06,4.727409,ORF_0.5MHz
c,1.002506e-06,0.081566,ORF_0.5MHz
b,1.169591e-06,4.726689,ORF_0.5MHz
c,1.169591e-06,0.081650,ORF_0.5MHz
b,1.336675e-06,4.725859,ORF_0.5MHz
c,1.336675e-06,0.081746,ORF_0.5MHz
b,1.503759e-06,4.724919,ORF_0.5MHz
c,1.503759e-06,0.081855,ORF_0.5MHz
b,1.670844e-06,4.723868,ORF_0.5MHz
c,1.670844e-06,0.081977,ORF_0.5MHz
b,1.837928e-06,4.722708,ORF_0.5MHz
c,1.837928e-06,0.082112,ORF_0.5MHz
b,2.005013e-06,4.721437,ORF_0.5MHz
c,2.005013e-06,0.082260,ORF_0.5MHz
b,2.172097e-06,4.720058,ORF_0.5MHz
c,2.172097e-06,0.082420,ORF_0.5MHz
b,2.339181e-06,4.718569,ORF_0.5MHz
c,2.339181e-06,0.082593,ORF_0.5MHz
b,2.506266e-06,4.716971,ORF_0.5MHz
c,2.506266e-06,0.082778,ORF_0.5MHz
b,2.673350e-06,4.715265,ORF_0.5MHz
c,2.673350e-06,0.082976,ORF_0.5MHz
b,2.840434e-06,4.713450,ORF_0.5MHz
c,2.840434e-06,0.083187,ORF_0.5MHz
b,3.007519e-06,4.711527,ORF_0.5MHz
c,3.007519e-06,0.083410,ORF_0.5MHz
b,3.174603e-06,4.709497,ORF_0.5MHz
c,3.174603e-06,0.083646,ORF_0.5MHz
b,3.341688e-06,4.707359,ORF_0.5MHz
c,3.341688e-06,0.083894,ORF_0.5MHz
b,3.508772e-06,4.705114,ORF_0.5MHz
c,3.508772e-06,0.084156,ORF_0.5MHz
b,3.675856e-06,4.702763,ORF_0.5MHz
c,3.675856e-06,0.084450,ORF_0.5MHz
b,3.842941e-06,4.700306,ORF_0.5MHz
c,3.842941e-06,0.084756,ORF_0.5MHz
b,4.010025e-06,4.697742,ORF_0.5MHz
c,4.010025e-06,0.085076,ORF_0.5MHz
b,4.177109e-06,4.695074,ORF_0.5MHz
c,4.177109e-06,0.085409,ORF_0.5MHz
b,4.344194e-06,4.692301,ORF_0.5MHz
c,4.344194e-06,0.085754,ORF_0.5MHz
b,4.511278e-06,4.689424,ORF_0.5MHz
c,4.511278e-06,0.086113,ORF_0.5MHz
b,4.678363e-06,4.686443,ORF_0.5MHz
c,4.678363e-06,0.086485,ORF_0.5MHz
b,4.845447e-06,4.683359,ORF_0.5MHz
c,4.845447e-06,0.086870,ORF_0.5MHz
b,5.012531e-06,4.680172,ORF_0.5MHz
c,5.012531e-06,0.087267,ORF_0.5MHz
b,5.179616e-06,4.676884,ORF_0.5MHz
c,5.179616e-06,0.087677,ORF_0.5MHz
b,5.346700e-06,4.673494,ORF_0.5MHz
c,5.346700e-06,0.088100,ORF_0.5MHz
b,5.513784e-06,4.670003,ORF_0.5MHz
c,5.513784e-06,0.088536,ORF_0.5MHz
b,5.680869e-06,4.666412,ORF_0.5MHz
c,5.680869e-06,0.088984,ORF_0.5MHz
b,5.847953e-06,4.662721,ORF_0.5MHz
c,5.847953e-06,0.089444,ORF_0.5MHz
b,6.015038e-06,4.658932,ORF_0.5MHz
c,6.015038e-06,0.089916,ORF_0.5MHz
b,6.182122e-06,4.655044,ORF_0.5MHz
c,6.182122e-06,0.090404,ORF_0.5MHz
b,6.349206e-06,4.651059,ORF_0.5MHz
c,6.349206e-06,0.090938,ORF_0.5MHz
b,6.516291e-06,4.646978,ORF_0.5MHz
c,6.516291e-06,0.091485,ORF_0.5MHz
b,6.683375e-06,4.642801,ORF_0.5MHz
c,6.683375e-06,0.092044,ORF_0.5MHz
b,6.850459e-06,4.638528,ORF_0.5MHz
c,6.850459e-06,0.092617,ORF_0.5MHz
b,7.017544e-06,4.634161,ORF_0.5MHz
c,7.017544e-06,0.093202,ORF_0.5MHz
b,7.184628e-06,4.629701,ORF_0.5MHz
c,7.184628e-06,0.093799,ORF_0.5MHz
b,7.351713e-06,4.625148,ORF_0.5MHz
c,7.351713e-06,0.094409,ORF_0.5MHz
b,7.518797e-06,4.620503,ORF_0.5MHz
c,7.518797e-06,0.095032,ORF_0.5MHz
b,7.685881e-06,4.615767,ORF_0.5MHz
c,7.685881e-06,0.095666,ORF_0.5MHz
b,7.852966e-06,4.610942,ORF_0.5MHz
c,7.852966e-06,0.096313,ORF_0.5MHz
b,8.020050e-06,4.606027,ORF_0.5MHz
c,8.020050e-06,0.096971,ORF_0.5MHz
b,8.187135e-06,4.601024,ORF_0.5MHz
c,8.187135e-06,0.097685,ORF_0.5MHz
b,8.354219e-06,4.595933,ORF_0.5MHz
c,8.354219e-06,0.098417,ORF_0.5MHz
b,8.521303e-06,4.590757,ORF_0.5MHz
c,8.521303e-06,0.099162,ORF_0.5MHz
b,8.688388e-06,4.585495,ORF_0.5MHz
c,8.688388e-06,0.099919,ORF_0.5MHz
b,8.855472e-06,4.580149,ORF_0.5MHz
c,8.855472e-06,0.100688,ORF_0.5MHz
b,9.022556e-06,4.574720,ORF_0.5MHz
c,9.022556e-06,0.101469,ORF_0.5MHz
b,9.189641e-06,4.569208,ORF_0.5MHz
c,9.189641e-06,0.102262,ORF_0.5MHz
b,9.356725e-06,4.563616,ORF_0.5MHz
c,9.356725e-06,0.103067,ORF_0.5MHz
b,9.523810e-06,4.557943,ORF_0.5MHz
c,9.523810e-06,0.103883,ORF_0.5MHz
b,9.690894e-06,4.552192,ORF_0.5MHz
c,9.690894e-06,0.104745,ORF_0.5MHz
b,9.857978e-06,4.546363,ORF_0.5MHz
c,9.857978e-06,0.105646,ORF_0.5MHz
b,1.002506e-05,4.540457,ORF_0.5MHz
c,1.002506e-05,0.106558,ORF_0.5MHz
b,1.019215e-05,4.534476,ORF_0.5MHz
c,1.019215e-05,0.107482,ORF_0.5MHz
b,1.035923e-05,4.528420,ORF_0.5MHz
c,1.035923e-05,0.108418,ORF_0.5MHz
b,1.052632e-05,4.522292,ORF_0.5MHz
c,1.052632e-05,0.109365,ORF_0.5MHz
b,1.069340e-05,4.516091,ORF_0.5MHz
c,1.069340e-05,0.110323,ORF_0.5MHz
b,1.086048e-05,4.509820,ORF_0.5MHz
c,1.086048e-05,0.111291,ORF_0.5MHz
b,1.102757e-05,4.503480,ORF_0.5MHz
c,1.102757e-05,0.112294,ORF_0.5MHz
b,1.119465e-05,4.497072,ORF_0.5MHz
c,1.119465e-05,0.113357,ORF_0.5MHz
b,1.136174e-05,4.490597,ORF_0.5MHz
c,1.136174e-05,0.114430,ORF_0.5MHz
b,1.152882e-05,4.484056,ORF_0.5MHz
c,1.152882e-05,0.115515,ORF_0.5MHz
b,1.169591e-05,4.477452,ORF_0.5MHz
c,1.169591e-05,0.116611,ORF_0.5MHz
b,1.186299e-05,4.470784,ORF_0.5MHz
c,1.186299e-05,0.117716,ORF_0.5MHz
b,1.203008e-05,4.464056,ORF_0.5MHz
c,1.203008e-05,0.118832,ORF_0.5MHz
b,1.219716e-05,4.457267,ORF_0.5MHz
c,1.219716e-05,0.119958,ORF_0.5MHz
b,1.236424e-05,4.450420,ORF_0.5MHz
c,1.236424e-05,0.121156,ORF_0.5MHz
b,1.253133e-05,4.443516,ORF_0.5MHz
c,1.253133e-05,0.122385,ORF_0.5MHz
b,1.269841e-05,4.436556,ORF_0.5MHz
c,1.269841e-05,0.123624,ORF_0.5MHz
b,1.286550e-05,4.429542,ORF_0.5MHz
c,1.286550e-05,0.124872,ORF_0.5MHz
b,1.303258e-05,4.422476,ORF_0.5MHz
c,1.303258e-05,0.126130,ORF_0.5MHz
b,1.319967e-05,4.415358,ORF_0.5MHz
c,1.319967e-05,0.127397,ORF_0.5MHz
b,1.336675e-05,4.408190,ORF_0.5MHz
c,1.336675e-05,0.128673,ORF_0.5MHz
b,1.353383e-05,4.400974,ORF_0.5MHz
c,1.353383e-05,0.130017,ORF_0.5MHz
b,1.370092e-05,4.393712,ORF_0.5MHz
c,1.370092e-05,0.131404,ORF_0.5MHz
b,1.386800e-05,4.386405,ORF_0.5MHz
c,1.386800e-05,0.132800,ORF_0.5MHz
b,1.403509e-05,4.379054,ORF_0.5MHz
c,1.403509e-05,0.134204,ORF_0.5MHz
b,1.420217e-05,4.371662,ORF_0.5MHz
c,1.420217e-05,0.135616,ORF_0.5MHz
b,1.436926e-05,4.364229,ORF_0.5MHz
c,1.436926e-05,0.137035,ORF_0.5MHz
b,1.453634e-05,4.356758,ORF_0.5MHz
c,1.453634e-05,0.138462,ORF_0.5MHz
b,1.470343e-05,4.349249,ORF_0.5MHz
c,1.470343e-05,0.139985,ORF_0.5MHz
b,1.487051e-05,4.341706,ORF_0.5MHz
c,1.487051e-05,0.141531,ORF_0.5MHz
b,1.503759e-05,4.334129,ORF_0.5MHz
c,1.503759e-05,0.143083,ORF_0.5MHz
b,1.520468e-05,4.326521,ORF_0.5MHz
c,1.520468e-05,0.144642,ORF_0.5MHz
b,1.537176e-05,4.318882,ORF_0.5MHz
c,1.537176e-05,0.146207,ORF_0.5MHz
b,1.553885e-05,4.311215,ORF_0.5MHz
c,1.553885e-05,0.147778,ORF_0.5MHz
b,1.570593e-05,4.303521,ORF_0.5MHz
c,1.570593e-05,0.149387,ORF_0.5MHz
b,1.587302e-05,4.295803,ORF_0.5MHz
c,1.587302e-05,0.151083,ORF_0.5MHz
b,1.604010e-05,4.288061,ORF_0.5MHz
c,1.604010e-05,0.152783,ORF_0.5MHz
b,1.620718e-05,4.280298,ORF_0.5MHz
c,1.620718e-05,0.154489,ORF_0.5MHz
b,1.637427e-05,4.272516,ORF_0.5MHz
c,1.637427e-05,0.156199,ORF_0.5MHz
b,1.654135e-05,4.264717,ORF_0.5MHz
c,1.654135e-05,0.157913,ORF_0.5MHz
b,1.670844e-05,4.256901,ORF_0.5MHz
c,1.670844e-05,0.159630,ORF_0.5MHz
b,1.687552e-05,4.249072,ORF_0.5MHz
c,1.687552e-05,0.161456,ORF_0.5MHz
b,1.704261e-05,4.241230,ORF_0.5MHz
c,1.704261e-05,0.163303,ORF_0.5MHz
b,1.720969e-05,4.233379,ORF_0.5MHz
c,1.720969e-05,0.165153,ORF_0.5MHz
b,1.737678e-05,4.225519,ORF_0.5MHz
c,1.737678e-05,0.167004,ORF_0.5MHz
b,1.754386e-05,4.217653,ORF_0.5MHz
c,1.754386e-05,0.168857,ORF_0.5MHz
b,1.771094e-05,4.209782,ORF_0.5MHz
c,1.771094e-05,0.170711,ORF_0.5MHz
b,1.787803e-05,4.201909,ORF_0.5MHz
c,1.787803e-05,0.172632,ORF_0.5MHz
b,1.804511e-05,4.194036,ORF_0.5MHz
c,1.804511e-05,0.174619,ORF_0.5MHz
b,1.821220e-05,4.186164,ORF_0.5MHz
c,1.821220e-05,0.176607,ORF_0.5MHz
b,1.837928e-05,4.178295,ORF_0.5MHz
c,1.837928e-05,0.178594,ORF_0.5MHz
b,1.854637e-05,4.170432,ORF_0.5MHz
c,1.854637e-05,0.180579,ORF_0.5MHz
b,1.871345e-05,4.162576,ORF_0.5MHz
c,1.871345e-05,0.182562,ORF_0.5MHz
b,1.888053e-05,4.154729,ORF_0.5MHz
c,1.888053e-05,0.184563,ORF_0.5MHz
b,1.904762e-05,4.146894,ORF_0.5MHz
c,1.904762e-05,0.186683,ORF_0.5MHz
b,1.921470e-05,4.139072,ORF_0.5MHz
c,1.921470e-05,0.188799,ORF_0.5MHz
b,1.938179e-05,4.131265,ORF_0.5MHz
c,1.938179e-05,0.190910,ORF_0.5MHz
b,1.954887e-05,4.123476,ORF_0.5MHz
c,1.954887e-05,0.193017,ORF_0.5MHz
b,1.971596e-05,4.115706,ORF_0.5MHz
c,1.971596e-05,0.195119,ORF_0.5MHz
b,1.988304e-05,4.107958,ORF_0.5MHz
c,1.988304e-05,0.197215,ORF_0.5MHz
b,2.005013e-05,4.100233,ORF_0.5MHz
c,2.005013e-05,0.199413,ORF_0.5MHz
b,2.021721e-05,4.092534,ORF_0.5MHz
c,2.021721e-05,0.201644,ORF_0.5MHz
b,2.038429e-05,4.084862,ORF_0.5MHz
c,2.038429e-05,0.203866,ORF_0.5MHz
b,2.055138e-05,4.077221,ORF_0.5MHz
c,2.055138e-05,0.206080,ORF_0.5MHz
b,2.071846e-05,4.069611,ORF_0.5MHz
c,2.071846e-05,0.208285,ORF_0.5MHz
b,2.088555e-05,4.062035,ORF_0.5MHz
c,2.088555e-05,0.210479,ORF_0.5MHz
b,2.105263e-05,4.054494,ORF_0.5MHz
c,2.105263e-05,0.212694,ORF_0.5MHz
b,2.121972e-05,4.046992,ORF_0.5MHz
c,2.121972e-05,0.215021,ORF_0.5MHz
b,2.138680e-05,4.039530,ORF_0.5MHz
c,2.138680e-05,0.217335,ORF_0.5MHz
b,2.155388e-05,4.032110,ORF_0.5MHz
c,2.155388e-05,0.219636,ORF_0.5MHz
b,2.172097e-05,4.024734,ORF_0.5MHz
c,2.172097e-05,0.221924,ORF_0.5MHz
b,2.188805e-05,4.017405,ORF_0.5MHz
c,2.188805e-05,0.224197,ORF_0.5MHz
b,2.205514e-05,4.010124,ORF_0.5MHz
c,2.205514e-05,0.226456,ORF_0.5MHz
b,2.222222e-05,4.002893,ORF_0.5MHz
c,2.222222e-05,0.228766,ORF_0.5MHz
b,2.238931e-05,3.995715,ORF_0.5MHz
c,2.238931e-05,0.231149,ORF_0.5MHz
b,2.255639e-05,3.988592,ORF_0.5MHz
c,2.255639e-05,0.233513,ORF_0.5MHz
b,2.272348e-05,3.981525,ORF_0.5MHz
c,2.272348e-05,0.235859,ORF_0.5MHz
b,2.289056e-05,3.974517,ORF_0.5MHz
c,2.289056e-05,0.238185,ORF_0.5MHz
b,2.305764e-05,3.967570,ORF_0.5MHz
c,2.305764e-05,0.240491,ORF_0.5MHz
b,2.322473e-05,3.960685,ORF_0.5MHz
c,2.322473e-05,0.242776,ORF_0.5MHz
b,2.339181e-05,3.953866,ORF_0.5MHz
c,2.339181e-05,0.245090,ORF_0.5MHz
b,2.355890e-05,3.947113,ORF_0.5MHz
c,2.355890e-05,0.247488,ORF_0.5MHz
b,2.372598e-05,3.940429,ORF_0.5MHz
c,2.372598e-05,0.249861,ORF_0.5MHz
b,2.389307e-05,3.933817,ORF_0.5MHz
c,2.389307e-05,0.252209,ORF_0.5MHz
b,2.406015e-05,3.927277,ORF_0.5MHz
c,2.406015e-05,0.254532,ORF_0.5MHz
b,2.422723e-05,3.920812,ORF_0.5MHz
c,2.422723e-05,0.256827,ORF_0.5MHz
b,2.439432e-05,3.914424,ORF_0.5MHz
c,2.439432e-05,0.259095,ORF_0.5MHz
b,2.456140e-05,3.908115,ORF_0.5MHz
c,2.456140e-05,0.261336,ORF_0.5MHz
b,2.472849e-05,3.901886,ORF_0.5MHz
c,2.472849e-05,0.263651,ORF_0.5MHz
b,2.489557e-05,3.895741,ORF_0.5MHz
c,2.489557e-05,0.265984,ORF_0.5MHz
b,2.506266e-05,3.889680,ORF_0.5MHz
c,2.506266e-05,0.268285,ORF_0.5MHz
b,2.522974e-05,3.883705,ORF_0.5MHz
c,2.522974e-05,0.270554,ORF_0.5MHz
b,2.539683e-05,3.877820,ORF_0.5MHz
c,2.539683e-05,0.272788,ORF_0.5MHz
b,2.556391e-05,3.872024,ORF_0.5MHz
c,2.556391e-05,0.274989,ORF_0.5MHz
b,2.573099e-05,3.866321,ORF_0.5MHz
c,2.573099e-05,0.277154,ORF_0.5MHz
b,2.589808e-05,3.860711,ORF_0.5MHz
c,2.589808e-05,0.279284,ORF_0.5MHz
b,2.606516e-05,3.855198,ORF_0.5MHz
c,2.606516e-05,0.281402,ORF_0.5MHz
b,2.623225e-05,3.849782,ORF_0.5MHz
c,2.623225e-05,0.283600,ORF_0.5MHz
b,2.639933e-05,3.844465,ORF_0.5MHz
c,2.639933e-05,0.285757,ORF_0.5MHz
b,2.656642e-05,3.839250,ORF_0.5MHz
c,2.656642e-05,0.287874,ORF_0.5MHz
b,2.673350e-05,3.834137,ORF_0.5MHz
c,2.673350e-05,0.289948,ORF_0.5MHz
b,2.690058e-05,3.829129,ORF_0.5MHz
c,2.690058e-05,0.291981,ORF_0.5MHz
b,2.706767e-05,3.824227,ORF_0.5MHz
c,2.706767e-05,0.293970,ORF_0.5MHz
b,2.723475e-05,3.819432,ORF_0.5MHz
c,2.723475e-05,0.295915,ORF_0.5MHz
b,2.740184e-05,3.814747,ORF_0.5MHz
c,2.740184e-05,0.297816,ORF_0.5MHz
b,2.756892e-05,3.810173,ORF_0.5MHz
c,2.756892e-05,0.299672,ORF_0.5MHz
b,2.773601e-05,3.805711,ORF_0.5MHz
c,2.773601e-05,0.301496,ORF_0.5MHz
b,2.790309e-05,3.801364,ORF_0.5MHz
c,2.790309e-05,0.303381,ORF_0.5MHz
b,2.807018e-05,3.797131,ORF_0.5MHz
c,2.807018e-05,0.305216,ORF_0.5MHz
b,2.823726e-05,3.793016,ORF_0.5MHz
c,2.823726e-05,0.307000,ORF_0.5MHz
b,2.840434e-05,3.789019,ORF_0.5MHz
c,2.840434e-05,0.308732,ORF_0.5MHz
b,2.857143e-05,3.785141,ORF_0.5MHz
c,2.857143e-05,0.310413,ORF_0.5MHz
b,2.873851e-05,3.781385,ORF_0.5MHz
c,2.873851e-05,0.312042,ORF_0.5MHz
b,2.890560e-05,3.777751,ORF_0.5MHz
c,2.890560e-05,0.313617,ORF_0.5MHz
b,2.907268e-05,3.774240,ORF_0.5MHz
c,2.907268e-05,0.315139,ORF_0.5MHz
b,2.923977e-05,3.770854,ORF_0.5MHz
c,2.923977e-05,0.316607,ORF_0.5MHz
b,2.940685e-05,3.767594,ORF_0.5MHz
c,2.940685e-05,0.318020,ORF_0.5MHz
b,2.957393e-05,3.764461,ORF_0.5MHz
c,2.957393e-05,0.319378,ORF_0.5MHz
b,2.974102e-05,3.761456,ORF_0.5MHz
c,2.974102e-05,0.320680,ORF_0.5MHz
b,2.990810e-05,3.758580,ORF_0.5MHz
c,2.990810e-05,0.321927,ORF_0.5MHz
b,3.007519e-05,3.755835,ORF_0.5MHz
c,3.007519e-05,0.323129,ORF_0.5MHz
b,3.024227e-05,3.753220,ORF_0.5MHz
c,3.024227e-05,0.324339,ORF_0.5MHz
b,3.040936e-05,3.750738,ORF_0.5MHz
c,3.040936e-05,0.325488,ORF_0.5MHz
b,3.057644e-05,3.748389,ORF_0.5MHz
c,3.057644e-05,0.326575,ORF_0.5MHz
b,3.074353e-05,3.746174,ORF_0.5MHz
c,3.074353e-05,0.327601,ORF_0.5MHz
b,3.091061e-05,3.744093,ORF_0.5MHz
c,3.091061e-05,0.328564,ORF_0.5MHz
b,3.107769e-05,3.742147,ORF_0.5MHz
c,3.107769e-05,0.329464,ORF_0.5MHz
b,3.124478e-05,3.740338,ORF_0.5MHz
c,3.124478e-05,0.330302,ORF_0.5MHz
b,3.141186e-05,3.738665,ORF_0.5MHz
c,3.141186e-05,0.331076,ORF_0.5MHz
b,3.157895e-05,3.737129,ORF_0.5MHz
c,3.157895e-05,0.331787,ORF_0.5MHz
b,3.174603e-05,3.735732,ORF_0.5MHz
c,3.174603e-05,0.332434,ORF_0.5MHz
b,3.191312e-05,3.734472,ORF_0.5MHz
c,3.191312e-05,0.333016,ORF_0.5MHz
b,3.208020e-05,3.733352,ORF_0.5MHz
c,3.208020e-05,0.333535,ORF_0.5MHz
b,3.224728e-05,3.732371,ORF_0.5MHz
c,3.224728e-05,0.333989,ORF_0.5MHz
b,3.241437e-05,3.731529,ORF_0.5MHz
c,3.241437e-05,0.334379,ORF_0.5MHz
b,3.258145e-05,3.730827,ORF_0.5MHz
c,3.258145e-05,0.334704,ORF_0.5MHz
b,3.274854e-05,3.730265,ORF_0.5MHz
c,3.274854e-05,0.334964,ORF_0.5MHz
b,3.291562e-05,3.729843,ORF_0.5MHz
c,3.291562e-05,0.335159,ORF_0.5MHz
b,3.308271e-05,3.729562,ORF_0.5MHz
c,3.308271e-05,0.335289,ORF_0.5MHz
b,3.324979e-05,3.729421,ORF_0.5MHz
c,3.324979e-05,0.335354,ORF_0.5MHz
b,3.341688e-05,3.729421,ORF_0.5MHz
c,3.341688e-05,0.335354,ORF_0.5MHz
b,3.358396e-05,3.729562,ORF_0.5MHz
c,3.358396e-05,0.335289,ORF_0.5MHz
b,3.375104e-05,3.729843,ORF_0.5MHz
c,3.375104e-05,0.335159,ORF_0.5MHz
b,3.391813e-05,3.730265,ORF_0.5MHz
c,3.391813e-05,0.334964,ORF_0.5MHz
b,3.408521e-05,3.730827,ORF_0.5MHz
c,3.408521e-05,0.334704,ORF_0.5MHz
b,3.425230e-05,3.731529,ORF_0.5MHz
c,3.425230e-05,0.334379,ORF_0.5MHz
b,3.441938e-05,3.732371,ORF_0.5MHz
c,3.441938e-05,0.333989,ORF_0.5MHz
b,3.458647e-05,3.733352,ORF_0.5MHz
c,3.458647e-05,0.333535,ORF_0.5MHz
b,3.475355e-05,3.734472,ORF_0.5MHz
c,3.475355e-05,0.333016,ORF_0.5MHz
b,3.492063e-05,3.735732,ORF_0.5MHz
c,3.492063e-05,0.332434,ORF_0.5MHz
b,3.508772e-05,3.737129,ORF_0.5MHz
c,3.508772e-05,0.331787,ORF_0.5MHz
b,3.525480e-05,3.738665,ORF_0.5MHz
c,3.525480e-05,0.331076,ORF_0.5MHz
b,3.542189e-05,3.740338,ORF_0.5MHz
c,3.542189e-05,0.330302,ORF_0.5MHz
b,3.558897e-05,3.742147,ORF_0.5MHz
c,3.558897e-05,0.329464,ORF_0.5MHz
b,3.575606e-05,3.744093,ORF_0.5MHz
c,3.575606e-05,0.328564,ORF_0.5MHz
b,3.592314e-05,3.746174,ORF_0.5MHz
c,3.592314e-05,0.327601,ORF_0.5MHz
b,3.609023e-05,3.748389,ORF_0.5MHz
c,3.609023e-05,0.326575,ORF_0.5MHz
b,3.625731e-05,3.750738,ORF_0.5MHz
c,3.625731e-05,0.325488,ORF_0.5MHz
b,3.642439e-05,3.753220,ORF_0.5MHz
c,3.642439e-05,0.324339,ORF_0.5MHz
b,3.659148e-05,3.755835,ORF_0.5MHz
c,3.659148e-05,0.323129,ORF_0.5MHz
b,3.675856e-05,3.758580,ORF_0.5MHz
c,3.675856e-05,0.321927,ORF_0.5MHz
b,3.692565e-05,3.761456,ORF_0.5MHz
c,3.692565e-05,0.320680,ORF_0.5MHz
b,3.709273e-05,3.764461,ORF_0.5MHz
c,3.709273e-05,0.319378,ORF_0.5MHz
b,3.725982e-05,3.767594,ORF_0.5MHz
c,3.725982e-05,0.318020,ORF_0.5MHz
b,3.742690e-05,3.770854,ORF_0.5MHz
c,3.742690e-05,0.316607,ORF_0.5MHz
b,3.759398e-05,3.774240,ORF_0.5MHz
c,3.759398e-05,0.315139,ORF_0.5MHz
b,3.776107e-05,3.777751,ORF_0.5MHz
c,3.776107e-05,0.313617,ORF_0.5MHz
b,3.792815e-05,3.781385,ORF_0.5MHz
c,3.792815e-05,0.312042,ORF_0.5MHz
b,3.809524e-05,3.785141,ORF_0.5MHz
c,3.809524e-05,0.310413,ORF_0.5MHz
b,3.826232e-05,3.789019,ORF_0.5MHz
c,3.826232e-05,0.308732,ORF_0.5MHz
b,3.842941e-05,3.793016,ORF_0.5MHz
c,3.842941e-05,0.307000,ORF_0.5MHz
b,3.859649e-05,3.797131,ORF_0.5MHz
c,3.859649e-05,0.305216,ORF_0.5MHz
b,3.876358e-05,3.801364,ORF_0.5MHz
c,3.876358e-05,0.303381,ORF_0.5MHz
b,3.893066e-05,3.805711,ORF_0.5MHz
c,3.893066e-05,0.301496,ORF_0.5MHz
b,3.909774e-05,3.810173,ORF_0.5MHz
c,3.909774e-05,0.299672,ORF_0.5MHz
b,3.926483e-05,3.814747,ORF_0.5MHz
c,3.926483e-05,0.297816,ORF_0.5MHz
b,3.943191e-05,3.819432,ORF_0.5MHz
c,3.943191e-05,0.295915,ORF_0.5MHz
b,3.959900e-05,3.824227,ORF_0.5MHz
c,3.959900e-05,0.293970,ORF_0.5MHz
b,3.976608e-05,3.829129,ORF_0.5MHz
c,3.976608e-05,0.291981,ORF_0.5MHz
b,3.993317e-05,3.834137,ORF_0.5MHz
c,3.993317e-05,0.289948,ORF_0.5MHz
b,4.010025e-05,3.839250,ORF_0.5MHz
c,4.010025e-05,0.287874,ORF_0.5MHz
b,4.026734e-05,3.844465,ORF_0.5MHz
c,4.026734e-05,0.285757,ORF_0.5MHz
b,4.043442e-05,3.849782,ORF_0.5MHz
c,4.043442e-05,0.283600,ORF_0.5MHz
b,4.060150e-05,3.855198,ORF_0.5MHz
c,4.060150e-05,0.281402,ORF_0.5MHz
b,4.076859e-05,3.860711,ORF_0.5MHz
c,4.076859e-05,0.279284,ORF_0.5MHz
b,4.093567e-05,3.866321,ORF_0.5MHz
c,4.093567e-05,0.277154,ORF_0.5MHz
b,4.110276e-05,3.872024,ORF_0.5MHz
c,4.110276e-05,0.274989,ORF_0.5MHz
b,4.126984e-05,3.877820,ORF_0.5MHz
c,4.126984e-05,0.272788,ORF_0.5MHz
b,4.143693e-05,3.883705,ORF_0.5MHz
c,4.143693e-05,0.270554,ORF_0.5MHz
b,4.160401e-05,3.889680,ORF_0.5MHz
c,4.160401e-05,0.268285,ORF_0.5MHz
b,4.177109e-05,3.895741,ORF_0.5MHz
c,4.177109e-05,0.265984,ORF_0.5MHz
b,4.193818e-05,3.901886,ORF_0.5MHz
c,4.193818e-05,0.263651,ORF_0.5MHz
b,4.210526e-05,3.908115,ORF_0.5MHz
c,4.210526e-05,0.261336,ORF_0.5MHz
b,4.227235e-05,3.914424,ORF_0.5MHz
c,4.227235e-05,0.259095,ORF_0.5MHz
b,4.243943e-05,3.920812,ORF_0.5MHz
c,4.243943e-05,0.256827,ORF_0.5MHz
b,4.260652e-05,3.927277,ORF_0.5MHz
c,4.260652e-05,0.254532,ORF_0.5MHz
b,4.277360e-05,3.933817,ORF_0.5MHz
c,4.277360e-05,0.252209,ORF_0.5MHz
b,4.294069e-05,3.940429,ORF_0.5MHz
c,4.294069e-05,0.249861,ORF_0.5MHz
b,4.310777e-05,3.947113,ORF_0.5MHz
c,4.310777e-05,0.247488,ORF_0.5MHz
b,4.327485e-05,3.953866,ORF_0.5MHz
c,4.327485e-05,0.245090,ORF_0.5MHz
b,4.344194e-05,3.960685,ORF_0.5MHz
c,4.344194e-05,0.242776,ORF_0.5MHz
b,4.360902e-05,3.967570,ORF_0.5MHz
c,4.360902e-05,0.240491,ORF_0.5MHz
b,4.377611e-05,3.974517,ORF_0.5MHz
c,4.377611e-05,0.238185,ORF_0.5MHz
b,4.394319e-05,3.981525,ORF_0.5MHz
c,4.394319e-05,0.235859,ORF_0.5MHz
b,4.411028e-05,3.988592,ORF_0.5MHz
c,4.411028e-05,0.233513,ORF_0.5MHz
b,4.427736e-05,3.995715,ORF_0.5MHz
c,4.427736e-05,0.231149,ORF_0.5MHz
b,4.444444e-05,4.002893,ORF_0.5MHz
c,4.444444e-05,0.228766,ORF_0.5MHz
b,4.461153e-05,4.010124,ORF_0.5MHz
c,4.461153e-05,0.226456,ORF_0.5MHz
b,4.477861e-05,4.017405,ORF_0.5MHz
c,4.477861e-05,0.224197,ORF_0.5MHz
b,4.494570e-05,4.024734,ORF_0.5MHz
c,4.494570e-05,0.221924,ORF_0.5MHz
b,4.511278e-05,4.032110,ORF_0.5MHz
c,4.511278e-05,0.219636,ORF_0.5MHz
b,4.527987e-05,4.039530,ORF_0.5MHz
c,4.527987e-05,0.217335,ORF_0.5MHz
b,4.544695e-05,4.046992,ORF_0.5MHz
c,4.544695e-05,0.215021,ORF_0.5MHz
b,4.561404e-05,4.054494,ORF_0.5MHz
c,4.561404e-05,0.212694,ORF_0.5MHz
b,4.578112e-05,4.062035,ORF_0.5MHz
c,4.578112e-05,0.210479,ORF_0.5MHz
b,4.594820e-05,4.069611,ORF_0.5MHz
c,4.594820e-05,0.208285,ORF_0.5MHz
b,4.611529e-05,4.077221,ORF_0.5MHz
c,4.611529e-05,0.206080,ORF_0.5MHz
b,4.628237e-05,4.084862,ORF_0.5MHz
c,4.628237e-05,0.203866,ORF_0.5MHz
b,4.644946e-05,4.092534,ORF_0.5MHz
c,4.644946e-05,0.201644,ORF_0.5MHz
b,4.661654e-05,4.100233,ORF_0.5MHz
c,4.661654e-05,0.199413,ORF_0.5MHz
b,4.678363e-05,4.107958,ORF_0.5MHz
c,4.678363e-05,0.197215,ORF_0.5MHz
b,4.695071e-05,4.115706,ORF_0.5MHz
c,4.695071e-05,0.195119,ORF_0.5MHz
b,4.711779e-05,4.123476,ORF_0.5MHz
c,4.711779e-05,0.193017,ORF_0.5MHz
b,4.728488e-05,4.131265,ORF_0.5MHz
c,4.728488e-05,0.190910,ORF_0.5MHz
b,4.745196e-05,4.139072,ORF_0.5MHz
c,4.745196e-05,0.188799,ORF_0.5MHz
b,4.761905e-05,4.146894,ORF_0.5MHz
c,4.761905e-05,0.186683,ORF_0.5MHz
b,4.778613e-05,4.154729,ORF_0.5MHz
c,4.778613e-05,0.184563,ORF_0.5MHz
b,4.795322e-05,4.162576,ORF_0.5MHz
c,4.795322e-05,0.182562,ORF_0.5MHz
b,4.812030e-05,4.170432,ORF_0.5MHz
c,4.812030e-05,0.180579,ORF_0.5MHz
b,4.828739e-05,4.178295,ORF_0.5MHz
c,4.828739e-05,0.178594,ORF_0.5MHz
b,4.845447e-05,4.186164,ORF_0.5MHz
c,4.845447e-05,0.176607,ORF_0.5MHz
b,4.862155e-05,4.194036,ORF_0.5MHz
c,4.862155e-05,0.174619,ORF_0.5MHz
b,4.878864e-05,4.201909,ORF_0.5MHz
c,4.878864e-05,0.172632,ORF_0.5MHz
b,4.895572e-05,4.209782,ORF_0.5MHz
c,4.895572e-05,0.170711,ORF_0.5MHz
b,4.912281e-05,4.217653,ORF_0.5MHz
c,4.912281e-05,0.168857,ORF_0.5MHz
b,4.928989e-05,4.225519,ORF_0.5MHz
c,4.928989e-05,0.167004,ORF_0.5MHz
b,4.945698e-05,4.233379,ORF_0.5MHz
c,4.945698e-05,0.165153,ORF_0.5MHz
b,4.962406e-05,4.241230,ORF_0.5MHz
c,4.962406e-05,0.163303,ORF_0.5MHz
b,4.979114e-05,4.249072,ORF_0.5MHz
c,4.979114e-05,0.161456,ORF_0.5MHz
b,4.995823e-05,4.256901,ORF_0.5MHz
c,4.995823e-05,0.159630,ORF_0.5MHz
b,5.012531e-05,4.264717,ORF_0.5MHz
c,5.012531e-05,0.157913,ORF_0.5MHz
b,5.029240e-05,4.272516,ORF_0.5MHz
c,5.029240e-05,0.156199,ORF_0.5MHz
b,5.045948e-05,4.280298,ORF_0.5MHz
c,5.045948e-05,0.154489,ORF_0.5MHz
b,5.062657e-05,4.288061,ORF_0.5MHz
c,5.062657e-05,0.152783,ORF_0.5MHz
b,5.079365e-05,4.295803,ORF_0.5MHz
c,5.079365e-05,0.151083,ORF_0.5MHz
b,5.096074e-05,4.303521,ORF_0.5MHz
c,5.096074e-05,0.149387,ORF_0.5MHz
b,5.112782e-05,4.311215,ORF_0.5MHz
c,5.112782e-05,0.147778,ORF_0.5MHz
b,5.129490e-05,4.318882,ORF_0.5MHz
c,5.129490e-05,0.146207,ORF_0.5MHz
b,5.146199e-05,4.326521,ORF_0.5MHz
c,5.146199e-05,0.144642,ORF_0.5MHz
b,5.162907e-05,4.334129,ORF_0.5MHz
c,5.162907e-05,0.143083,ORF_0.5MHz
b,5.179616e-05,4.341706,ORF_0.5MHz
c,5.179616e-05,0.141531,ORF_0.5MHz
b,5.196324e-05,4.349249,ORF_0.5MHz
c,5.196324e-05,0.139985,ORF_0.5MHz
b,5.213033e-05,4.356758,ORF_0.5MHz
c,5.213033e-05,0.138462,ORF_0.5MHz
b,5.229741e-05,4.364229,ORF_0.5MHz
c,5.229741e-05,0.137035,ORF_0.5MHz
b,5.246449e-05,4.371662,ORF_0.5MHz
c,5.246449e-05,0.135616,ORF_0.5MHz
b,5.263158e-05,4.379054,ORF_0.5MHz
c,5.263158e-05,0.134204,ORF_0.5MHz
b,5.279866e-05,4.386405,ORF_0.5MHz
c,5.279866e-05,0.132800,ORF_0.5MHz
b,5.296575e-05,4.393712,ORF_0.5MHz
c,5.296575e-05,0.131404,ORF_0.5MHz
b,5.313283e-05,4.400974,ORF_0.5MHz
c,5.313283e-05,0.130017,ORF_0.5MHz
b,5.329992e-05,4.408190,ORF_0.5MHz
c,5.329992e-05,0.128673,ORF_0.5MHz
b,5.346700e-05,4.415358,ORF_0.5MHz
c,5.346700e-05,0.127397,ORF_0.5MHz
b,5.363409e-05,4.422476,ORF_0.5MHz
c,5.363409e-05,0.126130,ORF_0.5MHz
b,5.380117e-05,4.429542,ORF_0.5MHz
c,5.380117e-05,0.124872,ORF_0.5MHz
b,5.396825e-05,4.436556,ORF_0.5MHz
c,5.396825e-05,0.123624,ORF_0.5MHz
b,5.413534e-05,4.443516,ORF_0.5MHz
c,5.413534e-05,0.122385,ORF_0.5MHz
b,5.430242e-05,4.450420,ORF_0.5MHz
c,5.430242e-05,0.121156,ORF_0.5MHz
b,5.446951e-05,4.457267,ORF_0.5MHz
c,5.446951e-05,0.119958,ORF_0.5MHz
b,5.463659e-05,4.464056,ORF_0.5MHz
c,5.463659e-05,0.118832,ORF_0.5MHz
b,5.480368e-05,4.470784,ORF_0.5MHz
c,5.480368e-05,0.117716,ORF_0.5MHz
b,5.497076e-05,4.477452,ORF_0.5MHz
c,5.497076e-05,0.116611,ORF_0.5MHz
b,5.513784e-05,4.484056,ORF_0.5MHz
c,5.513784e-05,0.115515,ORF_0.5MHz
b,5.530493e-05,4.490597,ORF_0.5MHz
c,5.530493e-05,0.114430,ORF_0.5MHz
b,5.547201e-05,4.497072,ORF_0.5MHz
c,5.547201e-05,0.113357,ORF_0.5MHz
b,5.563910e-05,4.503480,ORF_0.5MHz
c,5.563910e-05,0.112294,ORF_0.5MHz
b,5.580618e-05,4.509820,ORF_0.5MHz
c,5.580618e-05,0.111291,ORF_0.5MHz
b,5.597327e-05,4.516091,ORF_0.5MHz
c,5.597327e-05,0.110323,ORF_0.5MHz
b,5.614035e-05,4.522292,ORF_0.5MHz
c,5.614035e-05,0.109365,ORF_0.5MHz
b,5.630744e-05,4.528420,ORF_0.5MHz
c,5.630744e-05,0.108418,ORF_0.5MHz
b,5.647452e-05,4.534476,ORF_0.5MHz
c,5.647452e-05,0.107482,ORF_0.5MHz
b,5.664160e-05,4.540457,ORF_0.5MHz
c,5.664160e-05,0.106558,ORF_0.5MHz
b,5.680869e-05,4.546363,ORF_0.5MHz
c,5.680869e-05,0.105646,ORF_0.5MHz
b,5.697577e-05,4.552192,ORF_0.5MHz
c,5.697577e-05,0.104745,ORF_0.5MHz
b,5.714286e-05,4.557943,ORF_0.5MHz
c,5.714286e-05,0.103883,ORF_0.5MHz
b,5.730994e-05,4.563616,ORF_0.5MHz
c,5.730994e-05,0.103067,ORF_0.5MHz
b,5.747703e-05,4.569208,ORF_0.5MHz
c,5.747703e-05,0.102262,ORF_0.5MHz
b,5.764411e-05,4.574720,ORF_0.5MHz
c,5.764411e-05,0.101469,ORF_0.5MHz
b,5.781119e-05,4.580149,ORF_0.5MHz
c,5.781119e-05,0.100688,ORF_0.5MHz
b,5.797828e-05,4.585495,ORF_0.5MHz
c,5.797828e-05,0.099919,ORF_0.5MHz
b,5.814536e-05,4.590757,ORF_0.5MHz
c,5.814536e-05,0.099162,ORF_0.5MHz
b,5.831245e-05,4.595933,ORF_0.5MHz
c,5.831245e-05,0.098417,ORF_0.5MHz
b,5.847953e-05,4.601024,ORF_0.5MHz
c,5.847953e-05,0.097685,ORF_0.5MHz
b,5.864662e-05,4.606027,ORF_0.5MHz
c,5.864662e-05,0.096971,ORF_0.5MHz
b,5.881370e-05,4.610942,ORF_0.5MHz
c,5.881370e-05,0.096313,ORF_0.5MHz
b,5.898079e-05,4.615767,ORF_0.5MHz
c,5.898079e-05,0.095666,ORF_0.5MHz
b,5.914787e-05,4.620503,ORF_0.5MHz
c,5.914787e-05,0.095032,ORF_0.5MHz
b,5.931495e-05,4.625148,ORF_0.5MHz
c,5.931495e-05,0.094409,ORF_0.5MHz
b,5.948204e-05,4.629701,ORF_0.5MHz
c,5.948204e-05,0.093799,ORF_0.5MHz
b,5.964912e-05,4.634161,ORF_0.5MHz
c,5.964912e-05,0.093202,ORF_0.5MHz
b,5.981621e-05,4.638528,ORF_0.5MHz
c,5.981621e-05,0.092617,ORF_0.5MHz
b,5.998329e-05,4.642801,ORF_0.5MHz
c,5.998329e-05,0.092044,ORF_0.5MHz
b,6.015038e-05,4.646978,ORF_0.5MHz
c,6.015038e-05,0.091485,ORF_0.5MHz
b,6.031746e-05,4.651059,ORF_0.5MHz
c,6.031746e-05,0.090938,ORF_0.5MHz
b,6.048454e-05,4.655044,ORF_0.5MHz
c,6.048454e-05,0.090404,ORF_0.5MHz
b,6.065163e-05,4.658932,ORF_0.5MHz
c,6.065163e-05,0.089916,ORF_0.5MHz
b,6.081871e-05,4.662721,ORF_0.5MHz
c,6.081871e-05,0.089444,ORF_0.5MHz
b,6.098580e-05,4.666412,ORF_0.5MHz
c,6.098580e-05,0.088984,ORF_0.5MHz
b,6.115288e-05,4.670003,ORF_0.5MHz
c,6.115288e-05,0.088536,ORF_0.5MHz
b,6.131997e-05,4.673494,ORF_0.5MHz
c,6.131997e-05,0.088100,ORF_0.5MHz
b,6.148705e-05,4.676884,ORF_0.5MHz
c,6.148705e-05,0.087677,ORF_0.5MHz
b,6.165414e-05,4.680172,ORF_0.5MHz
c,6.165414e-05,0.087267,ORF_0.5MHz
b,6.182122e-05,4.683359,ORF_0.5MHz
c,6.182122e-05,0.086870,ORF_0.5MHz
b,6.198830e-05,4.686443,ORF_0.5MHz
c,6.198830e-05,0.086485,ORF_0.5MHz
b,6.215539e-05,4.689424,ORF_0.5MHz
c,6.215539e-05,0.086113,ORF_0.5MHz
b,6.232247e-05,4.692301,ORF_0.5MHz
c,6.232247e-05,0.085754,ORF_0.5MHz
b,6.248956e-05,4.695074,ORF_0.5MHz
c,6.248956e-05,0.085409,ORF_0.5MHz
b,6.265664e-05,4.697742,ORF_0.5MHz
c,6.265664e-05,0.085076,ORF_0.5MHz
b,6.282373e-05,4.700306,ORF_0.5MHz
c,6.282373e-05,0.084756,ORF_0.5MHz
b,6.299081e-05,4.702763,ORF_0.5MHz
c,6.299081e-05,0.084450,ORF_0.5MHz
b,6.315789e-05,4.705114,ORF_0.5MHz
c,6.315789e-05,0.084156,ORF_0.5MHz
b,6.332498e-05,4.707359,ORF_0.5MHz
c,6.332498e-05,0.083894,ORF_0.5MHz
b,6.349206e-05,4.709497,ORF_0.5MHz
c,6.349206e-05,0.083646,ORF_0.5MHz
b,6.365915e-05,4.711527,ORF_0.5MHz
c,6.365915e-05,0.083410,ORF_0.5MHz
b,6.382623e-05,4.713450,ORF_0.5MHz
c,6.382623e-05,0.083187,ORF_0.5MHz
b,6.399332e-05,4.715265,ORF_0.5MHz
c,6.399332e-05,0.082976,ORF_0.5MHz
b,6.416040e-05,4.716971,ORF_0.5MHz
c,6.416040e-05,0.082778,ORF_0.5MHz
b,6.432749e-05,4.718569,ORF_0.5MHz
c,6.432749e-05,0.082593,ORF_0.5MHz
b,6.449457e-05,4.720058,ORF_0.5MHz
c,6.449457e-05,0.082420,ORF_0.5MHz
b,6.466165e-05,4.721437,ORF_0.5MHz
c,6.466165e-05,0.082260,ORF_0.5MHz
b,6.482874e-05,4.722708,ORF_0.5MHz
c,6.482874e-05,0.082112,ORF_0.5MHz
b,6.499582e-05,4.723868,ORF_0.5MHz
c,6.499582e-05,0.081977,ORF_0.5MHz
b,6.516291e-05,4.724919,ORF_0.5MHz
c,6.516291e-05,0.081855,ORF_0.5MHz
b,6.532999e-05,4.725859,ORF_0.5MHz
c,6.532999e-05,0.081746,ORF_0.5MHz
b,6.549708e-05,4.726689,ORF_0.5MHz
c,6.549708e-05,0.081650,ORF_0.5MHz
b,6.566416e-05,4.727409,ORF_0.5MHz
c,6.566416e-05,0.081566,ORF_0.5MHz
b,6.583124e-05,4.728018,ORF_0.5MHz
c,6.583124e-05,0.081495,ORF_0.5MHz
b,6.599833e-05,4.728517,ORF_0.5MHz
c,6.599833e-05,0.081438,ORF_0.5MHz
b,6.616541e-05,4.728905,ORF_0.5MHz
c,6.616541e-05,0.081393,ORF_0.5MHz
b,6.633250e-05,4.729182,ORF_0.5MHz
c,6.633250e-05,0.081360,ORF_0.5MHz
b,6.649958e-05,4.729348,ORF_0.5MHz
c,6.649958e-05,0.081341,ORF_0.5MHz
b,6.666667e-05,4.729404,ORF_0.5MHz
c,6.666667e-05,0.081335,ORF_0.5MHz
b,0.000000e+00,5.729404,ORF_1.5MHz
c,0.000000e+00,0.019840,ORF_1.5MHz
b,1.670844e-07,5.729267,ORF_1.5MHz
c,1.670844e-07,0.019843,ORF_1.5MHz
b,3.341688e-07,5.728855,ORF_1.5MHz
c,3.341688e-07,0.019855,ORF_1.5MHz
b,5.012531e-07,5.728168,ORF_1.5MHz
c,5.012531e-07,0.019873,ORF_1.5MHz
b,6.683375e-07,5.727207,ORF_1.5MHz
c,6.683375e-07,0.019900,ORF_1.5MHz
b,8.354219e-07,5.725972,ORF_1.5MHz
c,8.354219e-07,0.019934,ORF_1.5MHz
b,1.002506e-06,5.724463,ORF_1.5MHz
c,1.002506e-06,0.019975,ORF_1.5MHz
b,1.169591e-06,5.722679,ORF_1.5MHz
c,1.169591e-06,0.020024,ORF_1.5MHz
b,1.336675e-06,5.720622,ORF_1.5MHz
c,1.336675e-06,0.020080,ORF_1.5MHz
b,1.503759e-06,5.718291,ORF_1.5MHz
c,1.503759e-06,0.020144,ORF_1.5MHz
b,1.670844e-06,5.715687,ORF_1.5MHz
c,1.670844e-06,0.020215,ORF_1.5MHz
b,1.837928e-06,5.712809,ORF_1.5MHz
c,1.837928e-06,0.020294,ORF_1.5MHz
b,2.005013e-06,5.709659,ORF_1.5MHz
c,2.005013e-06,0.020380,ORF_1.5MHz
b,2.172097e-06,5.706236,ORF_1.5MHz
c,2.172097e-06,0.020474,ORF_1.5MHz
b,2.339181e-06,5.702540,ORF_1.5MHz
c,2.339181e-06,0.020578,ORF_1.5MHz
b,2.506266e-06,5.698574,ORF_1.5MHz
c,2.506266e-06,0.020695,ORF_1.5MHz
b,2.673350e-06,5.694335,ORF_1.5MHz
c,2.673350e-06,0.020819,ORF_1.5MHz
b,2.840434e-06,5.689826,ORF_1.5MHz
c,2.840434e-06,0.020952,ORF_1.5MHz
b,3.007519e-06,5.685047,ORF_1.5MHz
c,3.007519e-06,0.021093,ORF_1.5MHz
b,3.174603e-06,5.679997,ORF_1.5MHz
c,3.174603e-06,0.021241,ORF_1.5MHz
b,3.341688e-06,5.674678,ORF_1.5MHz
c,3.341688e-06,0.021397,ORF_1.5MHz
b,3.508772e-06,5.669090,ORF_1.5MHz
c,3.508772e-06,0.021562,ORF_1.5MHz
b,3.675856e-06,5.663234,ORF_1.5MHz
c,3.675856e-06,0.021734,ORF_1.5MHz
b,3.842941e-06,5.657111,ORF_1.5MHz
c,3.842941e-06,0.021914,ORF_1.5MHz
b,4.010025e-06,5.650720,ORF_1.5MHz
c,4.010025e-06,0.022110,ORF_1.5MHz
b,4.177109e-06,5.644063,ORF_1.5MHz
c,4.177109e-06,0.022320,ORF_1.5MHz
b,4.344194e-06,5.637141,ORF_1.5MHz
c,4.344194e-06,0.022539,ORF_1.5MHz
b,4.511278e-06,5.629954,ORF_1.5MHz
c,4.511278e-06,0.022766,ORF_1.5MHz
b,4.678363e-06,5.622502,ORF_1.5MHz
c,4.678363e-06,0.023002,ORF_1.5MHz
b,4.845447e-06,5.614788,ORF_1.5MHz
c,4.845447e-06,0.023245,ORF_1.5MHz
b,5.012531e-06,5.606811,ORF_1.5MHz
c,5.012531e-06,0.023497,ORF_1.5MHz
b,5.179616e-06,5.598572,ORF_1.5MHz
c,5.179616e-06,0.023772,ORF_1.5MHz
b,5.346700e-06,5.590073,ORF_1.5MHz
c,5.346700e-06,0.024060,ORF_1.5MHz
b,5.513784e-06,5.581314,ORF_1.5MHz
c,5.513784e-06,0.024358,ORF_1.5MHz
b,5.680869e-06,5.572296,ORF_1.5MHz
c,5.680869e-06,0.024664,ORF_1.5MHz
b,5.847953e-06,5.563020,ORF_1.5MHz
c,5.847953e-06,0.024979,ORF_1.5MHz
b,6.015038e-06,5.553487,ORF_1.5MHz
c,6.015038e-06,0.025305,ORF_1.5MHz
b,6.182122e-06,5.543699,ORF_1.5MHz
c,6.182122e-06,0.025663,ORF_1.5MHz
b,6.349206e-06,5.533656,ORF_1.5MHz
c,6.349206e-06,0.026030,ORF_1.5MHz
b,6.516291e-06,5.523359,ORF_1.5MHz
c,6.516291e-06,0.026406,ORF_1.5MHz
b,6.683375e-06,5.512810,ORF_1.5MHz
c,6.683375e-06,0.026791,ORF_1.5MHz
b,6.850459e-06,5.502010,ORF_1.5MHz
c,6.850459e-06,0.027192,ORF_1.5MHz
b,7.017544e-06,5.490960,ORF_1.5MHz
c,7.017544e-06,0.027626,ORF_1.5MHz
b,7.184628e-06,5.479660,ORF_1.5MHz
c,7.184628e-06,0.028069,ORF_1.5MHz
b,7.351713e-06,5.468114,ORF_1.5MHz
c,7.351713e-06,0.028522,ORF_1.5MHz
b,7.518797e-06,5.456321,ORF_1.5MHz
c,7.518797e-06,0.028985,ORF_1.5MHz
b,7.685881e-06,5.444283,ORF_1.5MHz
c,7.685881e-06,0.029488,ORF_1.5MHz
b,7.852966e-06,5.432001,ORF_1.5MHz
c,7.852966e-06,0.030006,ORF_1.5MHz
b,8.020050e-06,5.419477,ORF_1.5MHz
c,8.020050e-06,0.030535,ORF_1.5MHz
b,8.187135e-06,5.406713,ORF_1.5MHz
c,8.187135e-06,0.031073,ORF_1.5MHz
b,8.354219e-06,5.393709,ORF_1.5MHz
c,8.354219e-06,0.031657,ORF_1.5MHz
b,8.521303e-06,5.380468,ORF_1.5MHz
c,8.521303e-06,0.032257,ORF_1.5MHz
b,8.688388e-06,5.366990,ORF_1.5MHz
c,8.688388e-06,0.032869,ORF_1.5MHz
b,8.855472e-06,5.353278,ORF_1.5MHz
c,8.855472e-06,0.033496,ORF_1.5MHz
b,9.022556e-06,5.339332,ORF_1.5MHz
c,9.022556e-06,0.034176,ORF_1.5MHz
b,9.189641e-06,5.325155,ORF_1.5MHz
c,9.189641e-06,0.034867,ORF_1.5MHz
b,9.356725e-06,5.310749,ORF_1.5MHz
c,9.356725e-06,0.035570,ORF_1.5MHz
b,9.523810e-06,5.296114,ORF_1.5MHz
c,9.523810e-06,0.036315,ORF_1.5MHz
b,9.690894e-06,5.281254,ORF_1.5MHz
c,9.690894e-06,0.037095,ORF_1.5MHz
b,9.857978e-06,5.266168,ORF_1.5MHz
c,9.857978e-06,0.037886,ORF_1.5MHz
b,1.002506e-05,5.250860,ORF_1.5MHz
c,1.002506e-05,0.038704,ORF_1.5MHz
b,1.019215e-05,5.235331,ORF_1.5MHz
c,1.019215e-05,0.039579,ORF_1.5MHz
b,1.035923e-05,5.219584,ORF_1.5MHz
c,1.035923e-05,0.040467,ORF_1.5MHz
b,1.052632e-05,5.203619,ORF_1.5MHz
c,1.052632e-05,0.041372,ORF_1.5MHz
b,1.069340e-05,5.187439,ORF_1.5MHz
c,1.069340e-05,0.042353,ORF_1.5MHz
b,1.086048e-05,5.171047,ORF_1.5MHz
c,1.086048e-05,0.043347,ORF_1.5MHz
b,1.102757e-05,5.154443,ORF_1.5MHz
c,1.102757e-05,0.044355,ORF_1.5MHz
b,1.119465e-05,5.137631,ORF_1.5MHz
c,1.119465e-05,0.045451,ORF_1.5MHz
b,1.136174e-05,5.120611,ORF_1.5MHz
c,1.136174e-05,0.046560,ORF_1.5MHz
b,1.152882e-05,5.103388,ORF_1.5MHz
c,1.152882e-05,0.047690,ORF_1.5MHz
b,1.169591e-05,5.085962,ORF_1.5MHz
c,1.169591e-05,0.048912,ORF_1.5MHz
b,1.186299e-05,5.068336,ORF_1.5MHz
c,1.186299e-05,0.050147,ORF_1.5MHz
b,1.203008e-05,5.050512,ORF_1.5MHz
c,1.203008e-05,0.051419,ORF_1.5MHz
b,1.219716e-05,5.032493,ORF_1.5MHz
c,1.219716e-05,0.052776,ORF_1.5MHz
b,1.236424e-05,5.014280,ORF_1.5MHz
c,1.236424e-05,0.054148,ORF_1.5MHz
b,1.253133e-05,4.995878,ORF_1.5MHz
c,1.253133e-05,0.055586,ORF_1.5MHz
b,1.269841e-05,4.977287,ORF_1.5MHz
c,1.269841e-05,0.057092,ORF_1.5MHz
b,1.286550e-05,4.958510,ORF_1.5MHz
c,1.286550e-05,0.058612,ORF_1.5MHz
b,1.303258e-05,4.939550,ORF_1.5MHz
c,1.303258e-05,0.060242,ORF_1.5MHz
b,1.319967e-05,4.920410,ORF_1.5MHz
c,1.319967e-05,0.061908,ORF_1.5MHz
b,1.336675e-05,4.901092,ORF_1.5MHz
c,1.336675e-05,0.063615,ORF_1.5MHz
b,1.353383e-05,4.881599,ORF_1.5MHz
c,1.353383e-05,0.065439,ORF_1.5MHz
b,1.370092e-05,4.861934,ORF_1.5MHz
c,1.370092e-05,0.067279,ORF_1.5MHz
b,1.386800e-05,4.842099,ORF_1.5MHz
c,1.386800e-05,0.069226,ORF_1.5MHz
b,1.403509e-05,4.822098,ORF_1.5MHz
c,1.403509e-05,0.071237,ORF_1.5MHz
b,1.420217e-05,4.801933,ORF_1.5MHz
c,1.420217e-05,0.073290,ORF_1.5MHz
b,1.436926e-05,4.781607,ORF_1.5MHz
c,1.436926e-05,0.075486,ORF_1.5MHz
b,1.453634e-05,4.761123,ORF_1.5MHz
c,1.453634e-05,0.077699,ORF_1.5MHz
b,1.470343e-05,4.740485,ORF_1.5MHz
c,1.470343e-05,0.080048,ORF_1.5MHz
b,1.487051e-05,4.719695,ORF_1.5MHz
c,1.487051e-05,0.082462,ORF_1.5MHz
b,1.503759e-05,4.698757,ORF_1.5MHz
c,1.503759e-05,0.084949,ORF_1.5MHz
b,1.520468e-05,4.677673,ORF_1.5MHz
c,1.520468e-05,0.087579,ORF_1.5MHz
b,1.537176e-05,4.656448,ORF_1.5MHz
c,1.537176e-05,0.090226,ORF_1.5MHz
b,1.553885e-05,4.635084,ORF_1.5MHz
c,1.553885e-05,0.093078,ORF_1.5MHz
b,1.570593e-05,4.613585,ORF_1.5MHz
c,1.570593e-05,0.095959,ORF_1.5MHz
b,1.587302e-05,4.591955,ORF_1.5MHz
c,1.587302e-05,0.098990,ORF_1.5MHz
b,1.604010e-05,4.570196,ORF_1.5MHz
c,1.604010e-05,0.102120,ORF_1.5MHz
b,1.620718e-05,4.548313,ORF_1.5MHz
c,1.620718e-05,0.105345,ORF_1.5MHz
b,1.637427e-05,4.526309,ORF_1.5MHz
c,1.637427e-05,0.108744,ORF_1.5MHz
b,1.654135e-05,4.504188,ORF_1.5MHz
c,1.654135e-05,0.112176,ORF_1.5MHz
b,1.670844e-05,4.481953,ORF_1.5MHz
c,1.670844e-05,0.115864,ORF_1.5MHz
b,1.687552e-05,4.459609,ORF_1.5MHz
c,1.687552e-05,0.119570,ORF_1.5MHz
b,1.704261e-05,4.437160,ORF_1.5MHz
c,1.704261e-05,0.123516,ORF_1.5MHz
b,1.720969e-05,4.414609,ORF_1.5MHz
c,1.720969e-05,0.127530,ORF_1.5MHz
b,1.737678e-05,4.391961,ORF_1.5MHz
c,1.737678e-05,0.131739,ORF_1.5MHz
b,1.754386e-05,4.369219,ORF_1.5MHz
c,1.754386e-05,0.136082,ORF_1.5MHz
b,1.771094e-05,4.346388,ORF_1.5MHz
c,1.771094e-05,0.140572,ORF_1.5MHz
b,1.787803e-05,4.323472,ORF_1.5MHz
c,1.787803e-05,0.145267,ORF_1.5MHz
b,1.804511e-05,4.300476,ORF_1.5MHz
c,1.804511e-05,0.150056,ORF_1.5MHz
b,1.821220e-05,4.277404,ORF_1.5MHz
c,1.821220e-05,0.155125,ORF_1.5MHz
b,1.837928e-05,4.254260,ORF_1.5MHz
c,1.837928e-05,0.160234,ORF_1.5MHz
b,1.854637e-05,4.231050,ORF_1.5MHz
c,1.854637e-05,0.165701,ORF_1.5MHz
b,1.871345e-05,4.207778,ORF_1.5MHz
c,1.871345e-05,0.171184,ORF_1.5MHz
b,1.888053e-05,4.184448,ORF_1.5MHz
c,1.888053e-05,0.177040,ORF_1.5MHz
b,1.904762e-05,4.161065,ORF_1.5MHz
c,1.904762e-05,0.182944,ORF_1.5MHz
b,1.921470e-05,4.137635,ORF_1.5MHz
c,1.921470e-05,0.189187,ORF_1.5MHz
b,1.938179e-05,4.114163,ORF_1.5MHz
c,1.938179e-05,0.195536,ORF_1.5MHz
b,1.954887e-05,4.090653,ORF_1.5MHz
c,1.954887e-05,0.202189,ORF_1.5MHz
b,1.971596e-05,4.067111,ORF_1.5MHz
c,1.971596e-05,0.209009,ORF_1.5MHz
b,1.988304e-05,4.043543,ORF_1.5MHz
c,1.988304e-05,0.216090,ORF_1.5MHz
b,2.005013e-05,4.019953,ORF_1.5MHz
c,2.005013e-05,0.223407,ORF_1.5MHz
b,2.021721e-05,3.996347,ORF_1.5MHz
c,2.021721e-05,0.230939,ORF_1.5MHz
b,2.038429e-05,3.972731,ORF_1.5MHz
c,2.038429e-05,0.238778,ORF_1.5MHz
b,2.055138e-05,3.949110,ORF_1.5MHz
c,2.055138e-05,0.246779,ORF_1.5MHz
b,2.071846e-05,3.925491,ORF_1.5MHz
c,2.071846e-05,0.255166,ORF_1.5MHz
b,2.088555e-05,3.901879,ORF_1.5MHz
c,2.088555e-05,0.263654,ORF_1.5MHz
b,2.105263e-05,3.878281,ORF_1.5MHz
c,2.105263e-05,0.272613,ORF_1.5MHz
b,2.121972e-05,3.854701,ORF_1.5MHz
c,2.121972e-05,0.281604,ORF_1.5MHz
b,2.138680e-05,3.831148,ORF_1.5MHz
c,2.138680e-05,0.291161,ORF_1.5MHz
b,2.155388e-05,3.807627,ORF_1.5MHz
c,2.155388e-05,0.300706,ORF_1.5MHz
b,2.172097e-05,3.784144,ORF_1.5MHz
c,2.172097e-05,0.310846,ORF_1.5MHz
b,2.188805e-05,3.760706,ORF_1.5MHz
c,2.188805e-05,0.321005,ORF_1.5MHz
b,2.205514e-05,3.737321,ORF_1.5MHz
c,2.205514e-05,0.331698,ORF_1.5MHz
b,2.222222e-05,3.713994,ORF_1.5MHz
c,2.222222e-05,0.342495,ORF_1.5MHz
b,2.238931e-05,3.690733,ORF_1.5MHz
c,2.238931e-05,0.353744,ORF_1.5MHz
b,2.255639e-05,3.667544,ORF_1.5MHz
c,2.255639e-05,0.365197,ORF_1.5MHz
b,2.272348e-05,3.644436,ORF_1.5MHz
c,2.272348e-05,0.377003,ORF_1.5MHz
b,2.289056e-05,3.621415,ORF_1.5MHz
c,2.289056e-05,0.389130,ORF_1.5MHz
b,2.305764e-05,3.598488,ORF_1.5MHz
c,2.305764e-05,0.401482,ORF_1.5MHz
b,2.322473e-05,3.575664,ORF_1.5MHz
c,2.322473e-05,0.414298,ORF_1.5MHz
b,2.339181e-05,3.552950,ORF_1.5MHz
c,2.339181e-05,0.427181,ORF_1.5MHz
b,2.355890e-05,3.530353,ORF_1.5MHz
c,2.355890e-05,0.440698,ORF_1.5MHz
b,2.372598e-05,3.507882,ORF_1.5MHz
c,2.372598e-05,0.454140,ORF_1.5MHz
b,2.389307e-05,3.485545,ORF_1.5MHz
c,2.389307e-05,0.468311,ORF_1.5MHz
b,2.406015e-05,3.463350,ORF_1.5MHz
c,2.406015e-05,0.482446,ORF_1.5MHz
b,2.422723e-05,3.441305,ORF_1.5MHz
c,2.422723e-05,0.497106,ORF_1.5MHz
b,2.439432e-05,3.419419,ORF_1.5MHz
c,2.439432e-05,0.511936,ORF_1.5MHz
b,2.456140e-05,3.397700,ORF_1.5MHz
c,2.456140e-05,0.527033,ORF_1.5MHz
b,2.472849e-05,3.376157,ORF_1.5MHz
c,2.472849e-05,0.542552,ORF_1.5MHz
b,2.489557e-05,3.354798,ORF_1.5MHz
c,2.489557e-05,0.558022,ORF_1.5MHz
b,2.506266e-05,3.333633,ORF_1.5MHz
c,2.506266e-05,0.574222,ORF_1.5MHz
b,2.522974e-05,3.312671,ORF_1.5MHz
c,2.522974e-05,0.590266,ORF_1.5MHz
b,2.539683e-05,3.291920,ORF_1.5MHz
c,2.539683e-05,0.606847,ORF_1.5MHz
b,2.556391e-05,3.271391,ORF_1.5MHz
c,2.556391e-05,0.623530,ORF_1.5MHz
b,2.573099e-05,3.251091,ORF_1.5MHz
c,2.573099e-05,0.640306,ORF_1.5MHz
b,2.589808e-05,3.231031,ORF_1.5MHz
c,2.589808e-05,0.657599,ORF_1.5MHz
b,2.606516e-05,3.211220,ORF_1.5MHz
c,2.606516e-05,0.674678,ORF_1.5MHz
b,2.623225e-05,3.191668,ORF_1.5MHz
c,2.623225e-05,0.692317,ORF_1.5MHz
b,2.639933e-05,3.172385,ORF_1.5MHz
c,2.639933e-05,0.709940,ORF_1.5MHz
b,2.656642e-05,3.153379,ORF_1.5MHz
c,2.656642e-05,0.727496,ORF_1.5MHz
b,2.673350e-05,3.134662,ORF_1.5MHz
c,2.673350e-05,0.745614,ORF_1.5MHz
b,2.690058e-05,3.116242,ORF_1.5MHz
c,2.690058e-05,0.763444,ORF_1.5MHz
b,2.706767e-05,3.098131,ORF_1.5MHz
c,2.706767e-05,0.781471,ORF_1.5MHz
b,2.723475e-05,3.080337,ORF_1.5MHz
c,2.723475e-05,0.799699,ORF_1.5MHz
b,2.740184e-05,3.062870,ORF_1.5MHz
c,2.740184e-05,0.817592,ORF_1.5MHz
b,2.756892e-05,3.045742,ORF_1.5MHz
c,2.756892e-05,0.835798,ORF_1.5MHz
b,2.773601e-05,3.028961,ORF_1.5MHz
c,2.773601e-05,0.853975,ORF_1.5MHz
b,2.790309e-05,3.012538,ORF_1.5MHz
c,2.790309e-05,0.871764,ORF_1.5MHz
b,2.807018e-05,2.996483,ORF_1.5MHz
c,2.807018e-05,0.889798,ORF_1.5MHz
b,2.823726e-05,2.980805,ORF_1.5MHz
c,2.823726e-05,0.907739,ORF_1.5MHz
b,2.840434e-05,2.965515,ORF_1.5MHz
c,2.840434e-05,0.925235,ORF_1.5MHz
b,2.857143e-05,2.950623,ORF_1.5MHz
c,2.857143e-05,0.942685,ORF_1.5MHz
b,2.873851e-05,2.936137,ORF_1.5MHz
c,2.873851e-05,0.960181,ORF_1.5MHz
b,2.890560e-05,2.922069,ORF_1.5MHz
c,2.890560e-05,0.977172,ORF_1.5MHz
b,2.907268e-05,2.908427,ORF_1.5MHz
c,2.907268e-05,0.993649,ORF_1.5MHz
b,2.923977e-05,2.895221,ORF_1.5MHz
c,2.923977e-05,1.010380,ORF_1.5MHz
b,2.940685e-05,2.882460,ORF_1.5MHz
c,2.940685e-05,1.026632,ORF_1.5MHz
b,2.957393e-05,2.870154,ORF_1.5MHz
c,2.957393e-05,1.042305,ORF_1.5MHz
b,2.974102e-05,2.858310,ORF_1.5MHz
c,2.974102e-05,1.057388,ORF_1.5MHz
b,2.990810e-05,2.846939,ORF_1.5MHz
c,2.990810e-05,1.072565,ORF_1.5MHz
b,3.007519e-05,2.836048,ORF_1.5MHz
c,3.007519e-05,1.087175,ORF_1.5MHz
b,3.024227e-05,2.825646,ORF_1.5MHz
c,3.024227e-05,1.101130,ORF_1.5MHz
b,3.040936e-05,2.815741,ORF_1.5MHz
c,3.040936e-05,1.114419,ORF_1.5MHz
b,3.057644e-05,2.806340,ORF_1.5MHz
c,3.057644e-05,1.127091,ORF_1.5MHz
b,3.074353e-05,2.797451,ORF_1.5MHz
c,3.074353e-05,1.139640,ORF_1.5MHz
b,3.091061e-05,2.789082,ORF_1.5MHz
c,3.091061e-05,1.151456,ORF_1.5MHz
b,3.107769e-05,2.781238,ORF_1.5MHz
c,3.107769e-05,1.162529,ORF_1.5MHz
b,3.124478e-05,2.773926,ORF_1.5MHz
c,3.124478e-05,1.172852,ORF_1.5MHz
b,3.141186e-05,2.767153,ORF_1.5MHz
c,3.141186e-05,1.182414,ORF_1.5MHz
b,3.157895e-05,2.760923,ORF_1.5MHz
c,3.157895e-05,1.191209,ORF_1.5MHz
b,3.174603e-05,2.755243,ORF_1.5MHz
c,3.174603e-05,1.199373,ORF_1.5MHz
b,3.191312e-05,2.750116,ORF_1.5MHz
c,3.191312e-05,1.206981,ORF_1.5MHz
b,3.208020e-05,2.745548,ORF_1.5MHz
c,3.208020e-05,1.213760,ORF_1.5MHz
b,3.224728e-05,2.741542,ORF_1.5MHz
c,3.224728e-05,1.219705,ORF_1.5MHz
b,3.241437e-05,2.738102,ORF_1.5MHz
c,3.241437e-05,1.224810,ORF_1.5MHz
b,3.258145e-05,2.735231,ORF_1.5MHz
c,3.258145e-05,1.229071,ORF_1.5MHz
b,3.274854e-05,2.732931,ORF_1.5MHz
c,3.274854e-05,1.232485,ORF_1.5MHz
b,3.291562e-05,2.731204,ORF_1.5MHz
c,3.291562e-05,1.235048,ORF_1.5MHz
b,3.308271e-05,2.730052,ORF_1.5MHz
c,3.308271e-05,1.236757,ORF_1.5MHz
b,3.324979e-05,2.729476,ORF_1.5MHz
c,3.324979e-05,1.237613,ORF_1.5MHz
b,3.341688e-05,2.729476,ORF_1.5MHz
c,3.341688e-05,1.237613,ORF_1.5MHz
b,3.358396e-05,2.730052,ORF_1.5MHz
c,3.358396e-05,1.236757,ORF_1.5MHz
b,3.375104e-05,2.731204,ORF_1.5MHz
c,3.375104e-05,1.235048,ORF_1.5MHz
b,3.391813e-05,2.732931,ORF_1.5MHz
c,3.391813e-05,1.232485,ORF_1.5MHz
b,3.408521e-05,2.735231,ORF_1.5MHz
c,3.408521e-05,1.229071,ORF_1.5MHz
b,3.425230e-05,2.738102,ORF_1.5MHz
c,3.425230e-05,1.224810,ORF_1.5MHz
b,3.441938e-05,2.741542,ORF_1.5MHz
c,3.441938e-05,1.219705,ORF_1.5MHz
b,3.458647e-05,2.745548,ORF_1.5MHz
c,3.458647e-05,1.213760,ORF_1.5MHz
b,3.475355e-05,2.750116,ORF_1.5MHz
c,3.475355e-05,1.206981,ORF_1.5MHz
b,3.492063e-05,2.755243,ORF_1.5MHz
c,3.492063e-05,1.199373,ORF_1.5MHz
b,3.508772e-05,2.760923,ORF_1.5MHz
c,3.508772e-05,1.191209,ORF_1.5MHz
b,3.525480e-05,2.767153,ORF_1.5MHz
c,3.525480e-05,1.182414,ORF_1.5MHz
b,3.542189e-05,2.773926,ORF_1.5MHz
c,3.542189e-05,1.172852,ORF_1.5MHz
b,3.558897e-05,2.781238,ORF_1.5MHz
c,3.558897e-05,1.162529,ORF_1.5MHz
b,3.575606e-05,2.789082,ORF_1.5MHz
c,3.575606e-05,1.151456,ORF_1.5MHz
b,3.592314e-05,2.797451,ORF_1.5MHz
c,3.592314e-05,1.139640,ORF_1.5MHz
b,3.609023e-05,2.806340,ORF_1.5MHz
c,3.609023e-05,1.127091,ORF_1.5MHz
b,3.625731e-05,2.815741,ORF_1.5MHz
c,3.625731e-05,1.114419,ORF_1.5MHz
b,3.642439e-05,2.825646,ORF_1.5MHz
c,3.642439e-05,1.101130,ORF_1.5MHz
b,3.659148e-05,2.836048,ORF_1.5MHz
c,3.659148e-05,1.087175,ORF_1.5MHz
b,3.675856e-05,2.846939,ORF_1.5MHz
c,3.675856e-05,1.072565,ORF_1.5MHz
b,3.692565e-05,2.858310,ORF_1.5MHz
c,3.692565e-05,1.057388,ORF_1.5MHz
b,3.709273e-05,2.870154,ORF_1.5MHz
c,3.709273e-05,1.042305,ORF_1.5MHz
b,3.725982e-05,2.882460,ORF_1.5MHz
c,3.725982e-05,1.026632,ORF_1.5MHz
b,3.742690e-05,2.895221,ORF_1.5MHz
c,3.742690e-05,1.010380,ORF_1.5MHz
b,3.759398e-05,2.908427,ORF_1.5MHz
c,3.759398e-05,0.993649,ORF_1.5MHz
b,3.776107e-05,2.922069,ORF_1.5MHz
c,3.776107e-05,0.977172,ORF_1.5MHz
b,3.792815e-05,2.936137,ORF_1.5MHz
c,3.792815e-05,0.960181,ORF_1.5MHz
b,3.809524e-05,2.950623,ORF_1.5MHz
c,3.809524e-05,0.942685,ORF_1.5MHz
b,3.826232e-05,2.965515,ORF_1.5MHz
c,3.826232e-05,0.925235,ORF_1.5MHz
b,3.842941e-05,2.980805,ORF_1.5MHz
c,3.842941e-05,0.907739,ORF_1.5MHz
b,3.859649e-05,2.996483,ORF_1.5MHz
c,3.859649e-05,0.889798,ORF_1.5MHz
b,3.876358e-05,3.012538,ORF_1.5MHz
c,3.876358e-05,0.871764,ORF_1.5MHz
b,3.893066e-05,3.028961,ORF_1.5MHz
c,3.893066e-05,0.853975,ORF_1.5MHz
b,3.909774e-05,3.045742,ORF_1.5MHz
c,3.909774e-05,0.835798,ORF_1.5MHz
b,3.926483e-05,3.062870,ORF_1.5MHz
c,3.926483e-05,0.817592,ORF_1.5MHz
b,3.943191e-05,3.080337,ORF_1.5MHz
c,3.943191e-05,0.799699,ORF_1.5MHz
b,3.959900e-05,3.098131,ORF_1.5MHz
c,3.959900e-05,0.781471,ORF_1.5MHz
b,3.976608e-05,3.116242,ORF_1.5MHz
c,3.976608e-05,0.763444,ORF_1.5MHz
b,3.993317e-05,3.134662,ORF_1.5MHz
c,3.993317e-05,0.745614,ORF_1.5MHz
b,4.010025e-05,3.153379,ORF_1.5MHz
c,4.010025e-05,0.727496,ORF_1.5MHz
b,4.026734e-05,3.172385,ORF_1.5MHz
c,4.026734e-05,0.709940,ORF_1.5MHz
b,4.043442e-05,3.191668,ORF_1.5MHz
c,4.043442e-05,0.692317,ORF_1.5MHz
b,4.060150e-05,3.211220,ORF_1.5MHz
c,4.060150e-05,0.674678,ORF_1.5MHz
b,4.076859e-05,3.231031,ORF_1.5MHz
c,4.076859e-05,0.657599,ORF_1.5MHz
b,4.093567e-05,3.251091,ORF_1.5MHz
c,4.093567e-05,0.640306,ORF_1.5MHz
b,4.110276e-05,3.271391,ORF_1.5MHz
c,4.110276e-05,0.623530,ORF_1.5MHz
b,4.126984e-05,3.291920,ORF_1.5MHz
c,4.126984e-05,0.606847,ORF_1.5MHz
b,4.143693e-05,3.312671,ORF_1.5MHz
c,4.143693e-05,0.590266,ORF_1.5MHz
b,4.160401e-05,3.333633,ORF_1.5MHz
c,4.160401e-05,0.574222,ORF_1.5MHz
b,4.177109e-05,3.354798,ORF_1.5MHz
c,4.177109e-05,0.558022,ORF_1.5MHz
b,4.193818e-05,3.376157,ORF_1.5MHz
c,4.193818e-05,0.542552,ORF_1.5MHz
b,4.210526e-05,3.397700,ORF_1.5MHz
c,4.210526e-05,0.527033,ORF_1.5MHz
b,4.227235e-05,3.419419,ORF_1.5MHz
c,4.227235e-05,0.511936,ORF_1.5MHz
b,4.243943e-05,3.441305,ORF_1.5MHz
c,4.243943e-05,0.497106,ORF_1.5MHz
b,4.260652e-05,3.463350,ORF_1.5MHz
c,4.260652e-05,0.482446,ORF_1.5MHz
b,4.277360e-05,3.485545,ORF_1.5MHz
c,4.277360e-05,0.468311,ORF_1.5MHz
b,4.294069e-05,3.507882,ORF_1.5MHz
c,4.294069e-05,0.454140,ORF_1.5MHz
b,4.310777e-05,3.530353,ORF_1.5MHz
c,4.310777e-05,0.440698,ORF_1.5MHz
b,4.327485e-05,3.552950,ORF_1.5MHz
c,4.327485e-05,0.427181,ORF_1.5MHz
b,4.344194e-05,3.575664,ORF_1.5MHz
c,4.344194e-05,0.414298,ORF_1.5MHz
b,4.360902e-05,3.598488,ORF_1.5MHz
c,4.360902e-05,0.401482,ORF_1.5MHz
b,4.377611e-05,3.621415,ORF_1.5MHz
c,4.377611e-05,0.389130,ORF_1.5MHz
b,4.394319e-05,3.644436,ORF_1.5MHz
c,4.394319e-05,0.377003,ORF_1.5MHz
b,4.411028e-05,3.667544,ORF_1.5MHz
c,4.411028e-05,0.365197,ORF_1.5MHz
b,4.427736e-05,3.690733,ORF_1.5MHz
c,4.427736e-05,0.353744,ORF_1.5MHz
b,4.444444e-05,3.713994,ORF_1.5MHz
c,4.444444e-05,0.342495,ORF_1.5MHz
b,4.461153e-05,3.737321,ORF_1.5MHz
c,4.461153e-05,0.331698,ORF_1.5MHz
b,4.477861e-05,3.760706,ORF_1.5MHz
c,4.477861e-05,0.321005,ORF_1.5MHz
b,4.494570e-05,3.784144,ORF_1.5MHz
c,4.494570e-05,0.310846,ORF_1.5MHz
b,4.511278e-05,3.807627,ORF_1.5MHz
c,4.511278e-05,0.300706,ORF_1.5MHz
b,4.527987e-05,3.831148,ORF_1.5MHz
c,4.527987e-05,0.291161,ORF_1.5MHz
b,4.544695e-05,3.854701,ORF_1.5MHz
c,4.544695e-05,0.281604,ORF_1.5MHz
b,4.561404e-05,3.878281,ORF_1.5MHz
c,4.561404e-05,0.272613,ORF_1.5MHz
b,4.578112e-05,3.901879,ORF_1.5MHz
c,4.578112e-05,0.263654,ORF_1.5MHz
b,4.594820e-05,3.925491,ORF_1.5MHz
c,4.594820e-05,0.255166,ORF_1.5MHz
b,4.611529e-05,3.949110,ORF_1.5MHz
c,4.611529e-05,0.246779,ORF_1.5MHz
b,4.628237e-05,3.972731,ORF_1.5MHz
c,4.628237e-05,0.238778,ORF_1.5MHz
b,4.644946e-05,3.996347,ORF_1.5MHz
c,4.644946e-05,0.230939,ORF_1.5MHz
b,4.661654e-05,4.019953,ORF_1.5MHz
c,4.661654e-05,0.223407,ORF_1.5MHz
b,4.678363e-05,4.043543,ORF_1.5MHz
c,4.678363e-05,0.216090,ORF_1.5MHz
b,4.695071e-05,4.067111,ORF_1.5MHz
c,4.695071e-05,0.209009,ORF_1.5MHz
b,4.711779e-05,4.090653,ORF_1.5MHz
c,4.711779e-05,0.202189,ORF_1.5MHz
b,4.728488e-05,4.114163,ORF_1.5MHz
c,4.728488e-05,0.195536,ORF_1.5MHz
b,4.745196e-05,4.137635,ORF_1.5MHz
c,4.745196e-05,0.189187,ORF_1.5MHz
b,4.761905e-05,4.161065,ORF_1.5MHz
c,4.761905e-05,0.182944,ORF_1.5MHz
b,4.778613e-05,4.184448,ORF_1.5MHz
c,4.778613e-05,0.177040,ORF_1.5MHz
b,4.795322e-05,4.207778,ORF_1.5MHz
c,4.795322e-05,0.171184,ORF_1.5MHz
b,4.812030e-05,4.231050,ORF_1.5MHz
c,4.812030e-05,0.165701,ORF_1.5MHz
b,4.828739e-05,4.254260,ORF_1.5MHz
c,4.828739e-05,0.160234,ORF_1.5MHz
b,4.845447e-05,4.277404,ORF_1.5MHz
c,4.845447e-05,0.155125,ORF_1.5MHz
b,4.862155e-05,4.300476,ORF_1.5MHz
c,4.862155e-05,0.150056,ORF_1.5MHz
b,4.878864e-05,4.323472,ORF_1.5MHz
c,4.878864e-05,0.145267,ORF_1.5MHz
b,4.895572e-05,4.346388,ORF_1.5MHz
c,4.895572e-05,0.140572,ORF_1.5MHz
b,4.912281e-05,4.369219,ORF_1.5MHz
c,4.912281e-05,0.136082,ORF_1.5MHz
b,4.928989e-05,4.391961,ORF_1.5MHz
c,4.928989e-05,0.131739,ORF_1.5MHz
b,4.945698e-05,4.414609,ORF_1.5MHz
c,4.945698e-05,0.127530,ORF_1.5MHz
b,4.962406e-05,4.437160,ORF_1.5MHz
c,4.962406e-05,0.123516,ORF_1.5MHz
b,4.979114e-05,4.459609,ORF_1.5MHz
c,4.979114e-05,0.119570,ORF_1.5MHz
b,4.995823e-05,4.481953,ORF_1.5MHz
c,4.995823e-05,0.115864,ORF_1.5MHz
b,5.012531e-05,4.504188,ORF_1.5MHz
c,5.012531e-05,0.112176,ORF_1.5MHz
b,5.029240e-05,4.526309,ORF_1.5MHz
c,5.029240e-05,0.108744,ORF_1.5MHz
b,5.045948e-05,4.548313,ORF_1.5MHz
c,5.045948e-05,0.105345,ORF_1.5MHz
b,5.062657e-05,4.570196,ORF_1.5MHz
c,5.062657e-05,0.102120,ORF_1.5MHz
b,5.079365e-05,4.591955,ORF_1.5MHz
c,5.079365e-05,0.098990,ORF_1.5MHz
b,5.096074e-05,4.613585,ORF_1.5MHz
c,5.096074e-05,0.095959,ORF_1.5MHz
b,5.112782e-05,4.635084,ORF_1.5MHz
c,5.112782e-05,0.093078,ORF_1.5MHz
b,5.129490e-05,4.656448,ORF_1.5MHz
c,5.129490e-05,0.090226,ORF_1.5MHz
b,5.146199e-05,4.677673,ORF_1.5MHz
c,5.146199e-05,0.087579,ORF_1.5MHz
b,5.162907e-05,4.698757,ORF_1.5MHz
c,5.162907e-05,0.084949,ORF_1.5MHz
b,5.179616e-05,4.719695,ORF_1.5MHz
c,5.179616e-05,0.082462,ORF_1.5MHz
b,5.196324e-05,4.740485,ORF_1.5MHz
c,5.196324e-05,0.080048,ORF_1.5MHz
b,5.213033e-05,4.761123,ORF_1.5MHz
c,5.213033e-05,0.077699,ORF_1.5MHz
b,5.229741e-05,4.781607,ORF_1.5MHz
c,5.229741e-05,0.075486,ORF_1.5MHz
b,5.246449e-05,4.801933,ORF_1.5MHz
c,5.246449e-05,0.073290,ORF_1.5MHz
b,5.263158e-05,4.822098,ORF_1.5MHz
c,5.263158e-05,0.071237,ORF_1.5MHz
b,5.279866e-05,4.842099,ORF_1.5MHz
c,5.279866e-05,0.069226,ORF_1.5MHz
b,5.296575e-05,4.861934,ORF_1.5MHz
c,5.296575e-05,0.067279,ORF_1.5MHz
b,5.313283e-05,4.881599,ORF_1.5MHz
c,5.313283e-05,0.065439,ORF_1.5MHz
b,5.329992e-05,4.901092,ORF_1.5MHz
c,5.329992e-05,0.063615,ORF_1.5MHz
b,5.346700e-05,4.920410,ORF_1.5MHz
c,5.346700e-05,0.061908,ORF_1.5MHz
b,5.363409e-05,4.939550,ORF_1.5MHz
c,5.363409e-05,0.060242,ORF_1.5MHz
b,5.380117e-05,4.958510,ORF_1.5MHz
c,5.380117e-05,0.058612,ORF_1.5MHz
b,5.396825e-05,4.977287,ORF_1.5MHz
c,5.396825e-05,0.057092,ORF_1.5MHz
b,5.413534e-05,4.995878,ORF_1.5MHz
c,5.413534e-05,0.055586,ORF_1.5MHz
b,5.430242e-05,5.014280,ORF_1.5MHz
c,5.430242e-05,0.054148,ORF_1.5MHz
b,5.446951e-05,5.032493,ORF_1.5MHz
c,5.446951e-05,0.052776,ORF_1.5MHz
b,5.463659e-05,5.050512,ORF_1.5MHz
c,5.463659e-05,0.051419,ORF_1.5MHz
b,5.480368e-05,5.068336,ORF_1.5MHz
c,5.480368e-05,0.050147,ORF_1.5MHz
b,5.497076e-05,5.085962,ORF_1.5MHz
c,5.497076e-05,0.048912,ORF_1.5MHz
b,5.513784e-05,5.103388,ORF_1.5MHz
c,5.513784e-05,0.047690,ORF_1.5MHz
b,5.530493e-05,5.120611,ORF_1.5MHz
c,5.530493e-05,0.046560,ORF_1.5MHz
b,5.547201e-05,5.137631,ORF_1.5MHz
c,5.547201e-05,0.045451,ORF_1.5MHz
b,5.563910e-05,5.154443,ORF_1.5MHz
c,5.563910e-05,0.044355,ORF_1.5MHz
b,5.580618e-05,5.171047,ORF_1.5MHz
c,5.580618e-05,0.043347,ORF_1.5MHz
b,5.597327e-05,5.187439,ORF_1.5MHz
c,5.597327e-05,0.042353,ORF_1.5MHz
b,5.614035e-05,5.203619,ORF_1.5MHz
c,5.614035e-05,0.041372,ORF_1.5MHz
b,5.630744e-05,5.219584,ORF_1.5MHz
c,5.630744e-05,0.040467,ORF_1.5MHz
b,5.647452e-05,5.235331,ORF_1.5MHz
c,5.647452e-05,0.039579,ORF_1.5MHz
b,5.664160e-05,5.250860,ORF_1.5MHz
c,5.664160e-05,0.038704,ORF_1.5MHz
b,5.680869e-05,5.266168,ORF_1.5MHz
c,5.680869e-05,0.037886,ORF_1.5MHz
b,5.697577e-05,5.281254,ORF_1.5MHz
c,5.697577e-05,0.037095,ORF_1.5MHz
b,5.714286e-05,5.296114,ORF_1.5MHz
c,5.714286e-05,0.036315,ORF_1.5MHz
b,5.730994e-05,5.310749,ORF_1.5MHz
c,5.730994e-05,0.035570,ORF_1.5MHz
b,5.747703e-05,5.325155,ORF_1.5MHz
c,5.747703e-05,0.034867,ORF_1.5MHz
b,5.764411e-05,5.339332,ORF_1.5MHz
c,5.764411e-05,0.034176,ORF_1.5MHz
b,5.781119e-05,5.353278,ORF_1.5MHz
c,5.781119e-05,0.033496,ORF_1.5MHz
b,5.797828e-05,5.366990,ORF_1.5MHz
c,5.797828e-05,0.032869,ORF_1.5MHz
b,5.814536e-05,5.380468,ORF_1.5MHz
c,5.814536e-05,0.032257,ORF_1.5MHz
b,5.831245e-05,5.393709,ORF_1.5MHz
c,5.831245e-05,0.031657,ORF_1.5MHz
b,5.847953e-05,5.406713,ORF_1.5MHz
c,5.847953e-05,0.031073,ORF_1.5MHz
b,5.864662e-05,5.419477,ORF_1.5MHz
c,5.864662e-05,0.030535,ORF_1.5MHz
b,5.881370e-05,5.432001,ORF_1.5MHz
c,5.881370e-05,0.030006,ORF_1.5MHz
b,5.898079e-05,5.444283,ORF_1.5MHz
c,5.898079e-05,0.029488,ORF_1.5MHz
b,5.914787e-05,5.456321,ORF_1.5MHz
c,5.914787e-05,0.028985,ORF_1.5MHz
b,5.931495e-05,5.468114,ORF_1.5MHz
c,5.931495e-05,0.028522,ORF_1.5MHz
b,5.948204e-05,5.479660,ORF_1.5MHz
c,5.948204e-05,0.028069,ORF_1.5MHz
b,5.964912e-05,5.490960,ORF_1.5MHz
c,5.964912e-05,0.027626,ORF_1.5MHz
b,5.981621e-05,5.502010,ORF_1.5MHz
c,5.981621e-05,0.027192,ORF_1.5MHz
b,5.998329e-05,5.512810,ORF_1.5MHz
c,5.998329e-05,0.026791,ORF_1.5MHz
b,6.015038e-05,5.523359,ORF_1.5MHz
c,6.015038e-05,0.026406,ORF_1.5MHz
b,6.031746e-05,5.533656,ORF_1.5MHz
c,6.031746e-05,0.026030,ORF_1.5MHz
b,6.048454e-05,5.543699,ORF_1.5MHz
c,6.048454e-05,0.025663,ORF_1.5MHz
b,6.065163e-05,5.553487,ORF_1.5MHz
c,6.065163e-05,0.025305,ORF_1.5MHz
b,6.081871e-05,5.563020,ORF_1.5MHz
c,6.081871e-05,0.024979,ORF_1.5MHz
b,6.098580e-05,5.572296,ORF_1.5MHz
c,6.098580e-05,0.024664,ORF_1.5MHz
b,6.115288e-05,5.581314,ORF_1.5MHz
c,6.115288e-05,0.024358,ORF_1.5MHz
b,6.131997e-05,5.590073,ORF_1.5MHz
c,6.131997e-05,0.024060,ORF_1.5MHz
b,6.148705e-05,5.598572,ORF_1.5MHz
c,6.148705e-05,0.023772,ORF_1.5MHz
b,6.165414e-05,5.606811,ORF_1.5MHz
c,6.165414e-05,0.023497,ORF_1.5MHz
b,6.182122e-05,5.614788,ORF_1.5MHz
c,6.182122e-05,0.023245,ORF_1.5MHz
b,6.198830e-05,5.622502,ORF_1.5MHz
c,6.198830e-05,0.023002,ORF_1.5MHz
b,6.215539e-05,5.629954,ORF_1.5MHz
c,6.215539e-05,0.022766,ORF_1.5MHz
b,6.232247e-05,5.637141,ORF_1.5MHz
c,6.232247e-05,0.022539,ORF_1.5MHz
b,6.248956e-05,5.644063,ORF_1.5MHz
c,6.248956e-05,0.022320,ORF_1.5MHz
b,6.265664e-05,5.650720,ORF_1.5MHz
c,6.265664e-05,0.022110,ORF_1.5MHz
b,6.282373e-05,5.657111,ORF_1.5MHz
c,6.282373e-05,0.021914,ORF_1.5MHz
b,6.299081e-05,5.663234,ORF_1.5MHz
c,6.299081e-05,0.021734,ORF_1.5MHz
b,6.315789e-05,5.669090,ORF_1.5MHz
c,6.315789e-05,0.021562,ORF_1.5MHz
b,6.332498e-05,5.674678,ORF_1.5MHz
c,6.332498e-05,0.021397,ORF_1.5MHz
b,6.349206e-05,5.679997,ORF_1.5MHz
c,6.349206e-05,0.021241,ORF_1.5MHz
b,6.365915e-05,5.685047,ORF_1.5MHz
c,6.365915e-05,0.021093,ORF_1.5MHz
b,6.382623e-05,5.689826,ORF_1.5MHz
c,6.382623e-05,0.020952,ORF_1.5MHz
b,6.399332e-05,5.694335,ORF_1.5MHz
c,6.399332e-05,0.020819,ORF_1.5MHz
b,6.416040e-05,5.698574,ORF_1.5MHz
c,6.416040e-05,0.020695,ORF_1.5MHz
b,6.432749e-05,5.702540,ORF_1.5MHz
c,6.432749e-05,0.020578,ORF_1.5MHz
b,6.449457e-05,5.706236,ORF_1.5MHz
c,6.449457e-05,0.020474,ORF_1.5MHz
b,6.466165e-05,5.709659,ORF_1.5MHz
c,6.466165e-05,0.020380,ORF_1.5MHz
b,6.482874e-05,5.712809,ORF_1.5MHz
c,6.482874e-05,0.020294,ORF_1.5MHz
b,6.499582e-05,5.715687,ORF_1.5MHz
c,6.499582e-05,0.020215,ORF_1.5MHz
b,6.516291e-05,5.718291,ORF_1.5MHz
c,6.516291e-05,0.020144,ORF_1.5MHz
b,6.532999e-05,5.720622,ORF_1.5MHz
c,6.532999e-05,0.020080,ORF_1.5MHz
b,6.549708e-05,5.722679,ORF_1.5MHz
c,6.549708e-05,0.020024,ORF_1.5MHz
b,6.566416e-05,5.724463,ORF_1.5MHz
c,6.566416e-05,0.019975,ORF_1.5MHz
b,6.583124e-05,5.725972,ORF_1.5MHz
c,6.583124e-05,0.019934,ORF_1.5MHz
b,6.599833e-05,5.727207,ORF_1.5MHz
c,6.599833e-05,0.019900,ORF_1.5MHz
b,6.616541e-05,5.728168,ORF_1.5MHz
c,6.616541e-05,0.019873,ORF_1.5MHz
b,6.633250e-05,5.728855,ORF_1.5MHz
c,6.633250e-05,0.019855,ORF_1.5MHz
b,6.649958e-05,5.729267,ORF_1.5MHz
c,6.649958e-05,0.019843,ORF_1.5MHz
b,6.666667e-05,5.729404,ORF_1.5MHz
c,6.666667e-05,0.019840,ORF_1.5MHz
b,0.000000e+00,7.229404,ORF_3.0MHz
c,0.000000e+00,0.002825,ORF_3.0MHz
b,1.670844e-07,7.229186,ORF_3.0MHz
c,1.670844e-07,0.002826,ORF_3.0MHz
b,3.341688e-07,7.228533,ORF_3.0MHz
c,3.341688e-07,0.002828,ORF_3.0MHz
b,5.012531e-07,7.227445,ORF_3.0MHz
c,5.012531e-07,0.002831,ORF_3.0MHz
b,6.683375e-07,7.225922,ORF_3.0MHz
c,6.683375e-07,0.002837,ORF_3.0MHz
b,8.354219e-07,7.223964,ORF_3.0MHz
c,8.354219e-07,0.002843,ORF_3.0MHz
b,1.002506e-06,7.221571,ORF_3.0MHz
c,1.002506e-06,0.002852,ORF_3.0MHz
b,1.169591e-06,7.218744,ORF_3.0MHz
c,1.169591e-06,0.002861,ORF_3.0MHz
b,1.336675e-06,7.215482,ORF_3.0MHz
c,1.336675e-06,0.002872,ORF_3.0MHz
b,1.503759e-06,7.211785,ORF_3.0MHz
c,1.503759e-06,0.002885,ORF_3.0MHz
b,1.670844e-06,7.207655,ORF_3.0MHz
c,1.670844e-06,0.002899,ORF_3.0MHz
b,1.837928e-06,7.203091,ORF_3.0MHz
c,1.837928e-06,0.002915,ORF_3.0MHz
b,2.005013e-06,7.198093,ORF_3.0MHz
c,2.005013e-06,0.002933,ORF_3.0MHz
b,2.172097e-06,7.192662,ORF_3.0MHz
c,2.172097e-06,0.002953,ORF_3.0MHz
b,2.339181e-06,7.186799,ORF_3.0MHz
c,2.339181e-06,0.002974,ORF_3.0MHz
b,2.506266e-06,7.180503,ORF_3.0MHz
c,2.506266e-06,0.002997,ORF_3.0MHz
b,2.673350e-06,7.173775,ORF_3.0MHz
c,2.673350e-06,0.003022,ORF_3.0MHz
b,2.840434e-06,7.166616,ORF_3.0MHz
c,2.840434e-06,0.003048,ORF_3.0MHz
b,3.007519e-06,7.159026,ORF_3.0MHz
c,3.007519e-06,0.003075,ORF_3.0MHz
b,3.174603e-06,7.151005,ORF_3.0MHz
c,3.174603e-06,0.003105,ORF_3.0MHz
b,3.341688e-06,7.142555,ORF_3.0MHz
c,3.341688e-06,0.003138,ORF_3.0MHz
b,3.508772e-06,7.133675,ORF_3.0MHz
c,3.508772e-06,0.003173,ORF_3.0MHz
b,3.675856e-06,7.124366,ORF_3.0MHz
c,3.675856e-06,0.003209,ORF_3.0MHz
b,3.842941e-06,7.114629,ORF_3.0MHz
c,3.842941e-06,0.003247,ORF_3.0MHz
b,4.010025e-06,7.104465,ORF_3.0MHz
c,4.010025e-06,0.003287,ORF_3.0MHz
b,4.177109e-06,7.093874,ORF_3.0MHz
c,4.177109e-06,0.003330,ORF_3.0MHz
b,4.344194e-06,7.082857,ORF_3.0MHz
c,4.344194e-06,0.003376,ORF_3.0MHz
b,4.511278e-06,7.071414,ORF_3.0MHz
c,4.511278e-06,0.003424,ORF_3.0MHz
b,4.678363e-06,7.059547,ORF_3.0MHz
c,4.678363e-06,0.003474,ORF_3.0MHz
b,4.845447e-06,7.047256,ORF_3.0MHz
c,4.845447e-06,0.003526,ORF_3.0MHz
b,5.012531e-06,7.034543,ORF_3.0MHz
c,5.012531e-06,0.003583,ORF_3.0MHz
b,5.179616e-06,7.021407,ORF_3.0MHz
c,5.179616e-06,0.003642,ORF_3.0MHz
b,5.346700e-06,7.007850,ORF_3.0MHz
c,5.346700e-06,0.003702,ORF_3.0MHz
b,5.513784e-06,6.993873,ORF_3.0MHz
c,5.513784e-06,0.003767,ORF_3.0MHz
b,5.680869e-06,6.979477,ORF_3.0MHz
c,5.680869e-06,0.003836,ORF_3.0MHz
b,5.847953e-06,6.964663,ORF_3.0MHz
c,5.847953e-06,0.003906,ORF_3.0MHz
b,6.015038e-06,6.949431,ORF_3.0MHz
c,6.015038e-06,0.003980,ORF_3.0MHz
b,6.182122e-06,6.933783,ORF_3.0MHz
c,6.182122e-06,0.004060,ORF_3.0MHz
b,6.349206e-06,6.917719,ORF_3.0MHz
c,6.349206e-06,0.004142,ORF_3.0MHz
b,6.516291e-06,6.901242,ORF_3.0MHz
c,6.516291e-06,0.004226,ORF_3.0MHz
b,6.683375e-06,6.884352,ORF_3.0MHz
c,6.683375e-06,0.004319,ORF_3.0MHz
b,6.850459e-06,6.867050,ORF_3.0MHz
c,6.850459e-06,0.004413,ORF_3.0MHz
b,7.017544e-06,6.849337,ORF_3.0MHz
c,7.017544e-06,0.004511,ORF_3.0MHz
b,7.184628e-06,6.831215,ORF_3.0MHz
c,7.184628e-06,0.004617,ORF_3.0MHz
b,7.351713e-06,6.812685,ORF_3.0MHz
c,7.351713e-06,0.004725,ORF_3.0MHz
b,7.518797e-06,6.793748,ORF_3.0MHz
c,7.518797e-06,0.004839,ORF_3.0MHz
b,7.685881e-06,6.774406,ORF_3.0MHz
c,7.685881e-06,0.004960,ORF_3.0MHz
b,7.852966e-06,6.754659,ORF_3.0MHz
c,7.852966e-06,0.005084,ORF_3.0MHz
b,8.020050e-06,6.734509,ORF_3.0MHz
c,8.020050e-06,0.005218,ORF_3.0MHz
b,8.187135e-06,6.713958,ORF_3.0MHz
c,8.187135e-06,0.005355,ORF_3.0MHz
b,8.354219e-06,6.693007,ORF_3.0MHz
c,8.354219e-06,0.005500,ORF_3.0MHz
b,8.521303e-06,6.671657,ORF_3.0MHz
c,8.521303e-06,0.005653,ORF_3.0MHz
b,8.688388e-06,6.649910,ORF_3.0MHz
c,8.688388e-06,0.005811,ORF_3.0MHz
b,8.855472e-06,6.627768,ORF_3.0MHz
c,8.855472e-06,0.005981,ORF_3.0MHz
b,9.022556e-06,6.605231,ORF_3.0MHz
c,9.022556e-06,0.006154,ORF_3.0MHz
b,9.189641e-06,6.582302,ORF_3.0MHz
c,9.189641e-06,0.006341,ORF_3.0MHz
b,9.356725e-06,6.558983,ORF_3.0MHz
c,9.356725e-06,0.006533,ORF_3.0MHz
b,9.523810e-06,6.535273,ORF_3.0MHz
c,9.523810e-06,0.006739,ORF_3.0MHz
b,9.690894e-06,6.511177,ORF_3.0MHz
c,9.690894e-06,0.006951,ORF_3.0MHz
b,9.857978e-06,6.486694,ORF_3.0MHz
c,9.857978e-06,0.007177,ORF_3.0MHz
b,1.002506e-05,6.461827,ORF_3.0MHz
c,1.002506e-05,0.007412,ORF_3.0MHz
b,1.019215e-05,6.436578,ORF_3.0MHz
c,1.019215e-05,0.007662,ORF_3.0MHz
b,1.035923e-05,6.410948,ORF_3.0MHz
c,1.035923e-05,0.007922,ORF_3.0MHz
b,1.052632e-05,6.384939,ORF_3.0MHz
c,1.052632e-05,0.008199,ORF_3.0MHz
b,1.069340e-05,6.358553,ORF_3.0MHz
c,1.069340e-05,0.008485,ORF_3.0MHz
b,1.086048e-05,6.331792,ORF_3.0MHz
c,1.086048e-05,0.008793,ORF_3.0MHz
b,1.102757e-05,6.304658,ORF_3.0MHz
c,1.102757e-05,0.009109,ORF_3.0MHz
b,1.119465e-05,6.277152,ORF_3.0MHz
c,1.119465e-05,0.009452,ORF_3.0MHz
b,1.136174e-05,6.249277,ORF_3.0MHz
c,1.136174e-05,0.009805,ORF_3.0MHz
b,1.152882e-05,6.221035,ORF_3.0MHz
c,1.152882e-05,0.010183,ORF_3.0MHz
b,1.169591e-05,6.192428,ORF_3.0MHz
c,1.169591e-05,0.010578,ORF_3.0MHz
b,1.186299e-05,6.163457,ORF_3.0MHz
c,1.186299e-05,0.010995,ORF_3.0MHz
b,1.203008e-05,6.134125,ORF_3.0MHz
c,1.203008e-05,0.011438,ORF_3.0MHz
b,1.219716e-05,6.104434,ORF_3.0MHz
c,1.219716e-05,0.011896,ORF_3.0MHz
b,1.236424e-05,6.074386,ORF_3.0MHz
c,1.236424e-05,0.012394,ORF_3.0MHz
b,1.253133e-05,6.043983,ORF_3.0MHz
c,1.253133e-05,0.012910,ORF_3.0MHz
b,1.269841e-05,6.013228,ORF_3.0MHz
c,1.269841e-05,0.013458,ORF_3.0MHz
b,1.286550e-05,5.982122,ORF_3.0MHz
c,1.286550e-05,0.014040,ORF_3.0MHz
b,1.303258e-05,5.950669,ORF_3.0MHz
c,1.303258e-05,0.014646,ORF_3.0MHz
b,1.319967e-05,5.918869,ORF_3.0MHz
c,1.319967e-05,0.015299,ORF_3.0MHz
b,1.336675e-05,5.886727,ORF_3.0MHz
c,1.336675e-05,0.015986,ORF_3.0MHz
b,1.353383e-05,5.854243,ORF_3.0MHz
c,1.353383e-05,0.016702,ORF_3.0MHz
b,1.370092e-05,5.821422,ORF_3.0MHz
c,1.370092e-05,0.017480,ORF_3.0MHz
b,1.386800e-05,5.788264,ORF_3.0MHz
c,1.386800e-05,0.018294,ORF_3.0MHz
b,1.403509e-05,5.754772,ORF_3.0MHz
c,1.403509e-05,0.019147,ORF_3.0MHz
b,1.420217e-05,5.720949,ORF_3.0MHz
c,1.420217e-05,0.020071,ORF_3.0MHz
b,1.436926e-05,5.686798,ORF_3.0MHz
c,1.436926e-05,0.021041,ORF_3.0MHz
b,1.453634e-05,5.652321,ORF_3.0MHz
c,1.453634e-05,0.022059,ORF_3.0MHz
b,1.470343e-05,5.617521,ORF_3.0MHz
c,1.470343e-05,0.023159,ORF_3.0MHz
b,1.487051e-05,5.582400,ORF_3.0MHz
c,1.487051e-05,0.024321,ORF_3.0MHz
b,1.503759e-05,5.546961,ORF_3.0MHz
c,1.503759e-05,0.025544,ORF_3.0MHz
b,1.520468e-05,5.511207,ORF_3.0MHz
c,1.520468e-05,0.026849,ORF_3.0MHz
b,1.537176e-05,5.475140,ORF_3.0MHz
c,1.537176e-05,0.028247,ORF_3.0MHz
b,1.553885e-05,5.438764,ORF_3.0MHz
c,1.553885e-05,0.029721,ORF_3.0MHz
b,1.570593e-05,5.402081,ORF_3.0MHz
c,1.570593e-05,0.031277,ORF_3.0MHz
b,1.587302e-05,5.365095,ORF_3.0MHz
c,1.587302e-05,0.032955,ORF_3.0MHz
b,1.604010e-05,5.327807,ORF_3.0MHz
c,1.604010e-05,0.034738,ORF_3.0MHz
b,1.620718e-05,5.290222,ORF_3.0MHz
c,1.620718e-05,0.036624,ORF_3.0MHz
b,1.637427e-05,5.252341,ORF_3.0MHz
c,1.637427e-05,0.038620,ORF_3.0MHz
b,1.654135e-05,5.214169,ORF_3.0MHz
c,1.654135e-05,0.040773,ORF_3.0MHz
b,1.670844e-05,5.175708,ORF_3.0MHz
c,1.670844e-05,0.043064,ORF_3.0MHz
b,1.687552e-05,5.136962,ORF_3.0MHz
c,1.687552e-05,0.045495,ORF_3.0MHz
b,1.704261e-05,5.097933,ORF_3.0MHz
c,1.704261e-05,0.048073,ORF_3.0MHz
b,1.720969e-05,5.058625,ORF_3.0MHz
c,1.720969e-05,0.050827,ORF_3.0MHz
b,1.737678e-05,5.019042,ORF_3.0MHz
c,1.737678e-05,0.053790,ORF_3.0MHz
b,1.754386e-05,4.979186,ORF_3.0MHz
c,1.754386e-05,0.056938,ORF_3.0MHz
b,1.771094e-05,4.939061,ORF_3.0MHz
c,1.771094e-05,0.060284,ORF_3.0MHz
b,1.787803e-05,4.898670,ORF_3.0MHz
c,1.787803e-05,0.063842,ORF_3.0MHz
b,1.804511e-05,4.858017,ORF_3.0MHz
c,1.804511e-05,0.067646,ORF_3.0MHz
b,1.821220e-05,4.817106,ORF_3.0MHz
c,1.821220e-05,0.071739,ORF_3.0MHz
b,1.837928e-05,4.775940,ORF_3.0MHz
c,1.837928e-05,0.076098,ORF_3.0MHz
b,1.854637e-05,4.734523,ORF_3.0MHz
c,1.854637e-05,0.080740,ORF_3.0MHz
b,1.871345e-05,4.692859,ORF_3.0MHz
c,1.871345e-05,0.085685,ORF_3.0MHz
b,1.888053e-05,4.650951,ORF_3.0MHz
c,1.888053e-05,0.090953,ORF_3.0MHz
b,1.904762e-05,4.608804,ORF_3.0MHz
c,1.904762e-05,0.096599,ORF_3.0MHz
b,1.921470e-05,4.566420,ORF_3.0MHz
c,1.921470e-05,0.102664,ORF_3.0MHz
b,1.938179e-05,4.523806,ORF_3.0MHz
c,1.938179e-05,0.109131,ORF_3.0MHz
b,1.954887e-05,4.480963,ORF_3.0MHz
c,1.954887e-05,0.116028,ORF_3.0MHz
b,1.971596e-05,4.437897,ORF_3.0MHz
c,1.971596e-05,0.123385,ORF_3.0MHz
b,1.988304e-05,4.394612,ORF_3.0MHz
c,1.988304e-05,0.131232,ORF_3.0MHz
b,2.005013e-05,4.351113,ORF_3.0MHz
c,2.005013e-05,0.139604,ORF_3.0MHz
b,2.021721e-05,4.307403,ORF_3.0MHz
c,2.021721e-05,0.148559,ORF_3.0MHz
b,2.038429e-05,4.263487,ORF_3.0MHz
c,2.038429e-05,0.158183,ORF_3.0MHz
b,2.055138e-05,4.219371,ORF_3.0MHz
c,2.055138e-05,0.168453,ORF_3.0MHz
b,2.071846e-05,4.175057,ORF_3.0MHz
c,2.071846e-05,0.179411,ORF_3.0MHz
b,2.088555e-05,4.130553,ORF_3.0MHz
c,2.088555e-05,0.191103,ORF_3.0MHz
b,2.105263e-05,4.085861,ORF_3.0MHz
c,2.105263e-05,0.203577,ORF_3.0MHz
b,2.121972e-05,4.040989,ORF_3.0MHz
c,2.121972e-05,0.216883,ORF_3.0MHz
b,2.138680e-05,3.995940,ORF_3.0MHz
c,2.138680e-05,0.231074,ORF_3.0MHz
b,2.155388e-05,3.950720,ORF_3.0MHz
c,2.155388e-05,0.246207,ORF_3.0MHz
b,2.172097e-05,3.905334,ORF_3.0MHz
c,2.172097e-05,0.262342,ORF_3.0MHz
b,2.188805e-05,3.859789,ORF_3.0MHz
c,2.188805e-05,0.279634,ORF_3.0MHz
b,2.205514e-05,3.814089,ORF_3.0MHz
c,2.205514e-05,0.298083,ORF_3.0MHz
b,2.222222e-05,3.768242,ORF_3.0MHz
c,2.222222e-05,0.317739,ORF_3.0MHz
b,2.238931e-05,3.722252,ORF_3.0MHz
c,2.238931e-05,0.338673,ORF_3.0MHz
b,2.255639e-05,3.676126,ORF_3.0MHz
c,2.255639e-05,0.360959,ORF_3.0MHz
b,2.272348e-05,3.629872,ORF_3.0MHz
c,2.272348e-05,0.384675,ORF_3.0MHz
b,2.289056e-05,3.583494,ORF_3.0MHz
c,2.289056e-05,0.409901,ORF_3.0MHz
b,2.305764e-05,3.537001,ORF_3.0MHz
c,2.305764e-05,0.436721,ORF_3.0MHz
b,2.322473e-05,3.490399,ORF_3.0MHz
c,2.322473e-05,0.465220,ORF_3.0MHz
b,2.339181e-05,3.443696,ORF_3.0MHz
c,2.339181e-05,0.495486,ORF_3.0MHz
b,2.355890e-05,3.396900,ORF_3.0MHz
c,2.355890e-05,0.527609,ORF_3.0MHz
b,2.372598e-05,3.350018,ORF_3.0MHz
c,2.372598e-05,0.561681,ORF_3.0MHz
b,2.389307e-05,3.303058,ORF_3.0MHz
c,2.389307e-05,0.597796,ORF_3.0MHz
b,2.406015e-05,3.256030,ORF_3.0MHz
c,2.406015e-05,0.636048,ORF_3.0MHz
b,2.422723e-05,3.208942,ORF_3.0MHz
c,2.422723e-05,0.676643,ORF_3.0MHz
b,2.439432e-05,3.161803,ORF_3.0MHz
c,2.439432e-05,0.719611,ORF_3.0MHz
b,2.456140e-05,3.114622,ORF_3.0MHz
c,2.456140e-05,0.765012,ORF_3.0MHz
b,2.472849e-05,3.067411,ORF_3.0MHz
c,2.472849e-05,0.812940,ORF_3.0MHz
b,2.489557e-05,3.020180,ORF_3.0MHz
c,2.489557e-05,0.863486,ORF_3.0MHz
b,2.506266e-05,2.972939,ORF_3.0MHz
c,2.506266e-05,0.916740,ORF_3.0MHz
b,2.522974e-05,2.925700,ORF_3.0MHz
c,2.522974e-05,0.972786,ORF_3.0MHz
b,2.539683e-05,2.878476,ORF_3.0MHz
c,2.539683e-05,1.031706,ORF_3.0MHz
b,2.556391e-05,2.831278,ORF_3.0MHz
c,2.556391e-05,1.093575,ORF_3.0MHz
b,2.573099e-05,2.784121,ORF_3.0MHz
c,2.573099e-05,1.158459,ORF_3.0MHz
b,2.589808e-05,2.737018,ORF_3.0MHz
c,2.589808e-05,1.226420,ORF_3.0MHz
b,2.606516e-05,2.689984,ORF_3.0MHz
c,2.606516e-05,1.297507,ORF_3.0MHz
b,2.623225e-05,2.643035,ORF_3.0MHz
c,2.623225e-05,1.371761,ORF_3.0MHz
b,2.639933e-05,2.596188,ORF_3.0MHz
c,2.639933e-05,1.449210,ORF_3.0MHz
b,2.656642e-05,2.549460,ORF_3.0MHz
c,2.656642e-05,1.529868,ORF_3.0MHz
b,2.673350e-05,2.502869,ORF_3.0MHz
c,2.673350e-05,1.613734,ORF_3.0MHz
b,2.690058e-05,2.456436,ORF_3.0MHz
c,2.690058e-05,1.700792,ORF_3.0MHz
b,2.706767e-05,2.410180,ORF_3.0MHz
c,2.706767e-05,1.791221,ORF_3.0MHz
b,2.723475e-05,2.364125,ORF_3.0MHz
c,2.723475e-05,1.884869,ORF_3.0MHz
b,2.740184e-05,2.318295,ORF_3.0MHz
c,2.740184e-05,1.981568,ORF_3.0MHz
b,2.756892e-05,2.272714,ORF_3.0MHz
c,2.756892e-05,2.081223,ORF_3.0MHz
b,2.773601e-05,2.227409,ORF_3.0MHz
c,2.773601e-05,2.183713,ORF_3.0MHz
b,2.790309e-05,2.182410,ORF_3.0MHz
c,2.790309e-05,2.288893,ORF_3.0MHz
b,2.807018e-05,2.137746,ORF_3.0MHz
c,2.807018e-05,2.396596,ORF_3.0MHz
b,2.823726e-05,2.093452,ORF_3.0MHz
c,2.823726e-05,2.506625,ORF_3.0MHz
b,2.840434e-05,2.049561,ORF_3.0MHz
c,2.840434e-05,2.618760,ORF_3.0MHz
b,2.857143e-05,2.006113,ORF_3.0MHz
c,2.857143e-05,2.732755,ORF_3.0MHz
b,2.873851e-05,1.963147,ORF_3.0MHz
c,2.873851e-05,2.848727,ORF_3.0MHz
b,2.890560e-05,1.920707,ORF_3.0MHz
c,2.890560e-05,2.966140,ORF_3.0MHz
b,2.907268e-05,1.878839,ORF_3.0MHz
c,2.907268e-05,3.084511,ORF_3.0MHz
b,2.923977e-05,1.837594,ORF_3.0MHz
c,2.923977e-05,3.203487,ORF_3.0MHz
b,2.940685e-05,1.797024,ORF_3.0MHz
c,2.940685e-05,3.322691,ORF_3.0MHz
b,2.957393e-05,1.757187,ORF_3.0MHz
c,2.957393e-05,3.441730,ORF_3.0MHz
b,2.974102e-05,1.718144,ORF_3.0MHz
c,2.974102e-05,3.560760,ORF_3.0MHz
b,2.990810e-05,1.679960,ORF_3.0MHz
c,2.990810e-05,3.678794,ORF_3.0MHz
b,3.007519e-05,1.642706,ORF_3.0MHz
c,3.007519e-05,3.795318,ORF_3.0MHz
b,3.024227e-05,1.606454,ORF_3.0MHz
c,3.024227e-05,3.909884,ORF_3.0MHz
b,3.040936e-05,1.571285,ORF_3.0MHz
c,3.040936e-05,4.022559,ORF_3.0MHz
b,3.057644e-05,1.537281,ORF_3.0MHz
c,3.057644e-05,4.132333,ORF_3.0MHz
b,3.074353e-05,1.504530,ORF_3.0MHz
c,3.074353e-05,4.238678,ORF_3.0MHz
b,3.091061e-05,1.473125,ORF_3.0MHz
c,3.091061e-05,4.341548,ORF_3.0MHz
b,3.107769e-05,1.443160,ORF_3.0MHz
c,3.107769e-05,4.440080,ORF_3.0MHz
b,3.124478e-05,1.414735,ORF_3.0MHz
c,3.124478e-05,4.533891,ORF_3.0MHz
b,3.141186e-05,1.387952,ORF_3.0MHz
c,3.141186e-05,4.622628,ORF_3.0MHz
b,3.157895e-05,1.362914,ORF_3.0MHz
c,3.157895e-05,4.705678,ORF_3.0MHz
b,3.174603e-05,1.339727,ORF_3.0MHz
c,3.174603e-05,4.782747,ORF_3.0MHz
b,3.191312e-05,1.318492,ORF_3.0MHz
c,3.191312e-05,4.853356,ORF_3.0MHz
b,3.208020e-05,1.299313,ORF_3.0MHz
c,3.208020e-05,4.917126,ORF_3.0MHz
b,3.224728e-05,1.282284,ORF_3.0MHz
c,3.224728e-05,4.973736,ORF_3.0MHz
b,3.241437e-05,1.267499,ORF_3.0MHz
c,3.241437e-05,5.022891,ORF_3.0MHz
b,3.258145e-05,1.255039,ORF_3.0MHz
c,3.258145e-05,5.064276,ORF_3.0MHz
b,3.274854e-05,1.244977,ORF_3.0MHz
c,3.274854e-05,5.097624,ORF_3.0MHz
b,3.291562e-05,1.237375,ORF_3.0MHz
c,3.291562e-05,5.122820,ORF_3.0MHz
b,3.308271e-05,1.232280,ORF_3.0MHz
c,3.308271e-05,5.139707,ORF_3.0MHz
b,3.324979e-05,1.229724,ORF_3.0MHz
c,3.324979e-05,5.148178,ORF_3.0MHz
b,3.341688e-05,1.229724,ORF_3.0MHz
c,3.341688e-05,5.148178,ORF_3.0MHz
b,3.358396e-05,1.232280,ORF_3.0MHz
c,3.358396e-05,5.139707,ORF_3.0MHz
b,3.375104e-05,1.237375,ORF_3.0MHz
c,3.375104e-05,5.122820,ORF_3.0MHz
b,3.391813e-05,1.244977,ORF_3.0MHz
c,3.391813e-05,5.097624,ORF_3.0MHz
b,3.408521e-05,1.255039,ORF_3.0MHz
c,3.408521e-05,5.064276,ORF_3.0MHz
b,3.425230e-05,1.267499,ORF_3.0MHz
c,3.425230e-05,5.022891,ORF_3.0MHz
b,3.441938e-05,1.282284,ORF_3.0MHz
c,3.441938e-05,4.973736,ORF_3.0MHz
b,3.458647e-05,1.299313,ORF_3.0MHz
c,3.458647e-05,4.917126,ORF_3.0MHz
b,3.475355e-05,1.318492,ORF_3.0MHz
c,3.475355e-05,4.853356,ORF_3.0MHz
b,3.492063e-05,1.339727,ORF_3.0MHz
c,3.492063e-05,4.782747,ORF_3.0MHz
b,3.508772e-05,1.362914,ORF_3.0MHz
c,3.508772e-05,4.705678,ORF_3.0MHz
b,3.525480e-05,1.387952,ORF_3.0MHz
c,3.525480e-05,4.622628,ORF_3.0MHz
b,3.542189e-05,1.414735,ORF_3.0MHz
c,3.542189e-05,4.533891,ORF_3.0MHz
b,3.558897e-05,1.443160,ORF_3.0MHz
c,3.558897e-05,4.440080,ORF_3.0MHz
b,3.575606e-05,1.473125,ORF_3.0MHz
c,3.575606e-05,4.341548,ORF_3.0MHz
b,3.592314e-05,1.504530,ORF_3.0MHz
c,3.592314e-05,4.238678,ORF_3.0MHz
b,3.609023e-05,1.537281,ORF_3.0MHz
c,3.609023e-05,4.132333,ORF_3.0MHz
b,3.625731e-05,1.571285,ORF_3.0MHz
c,3.625731e-05,4.022559,ORF_3.0MHz
b,3.642439e-05,1.606454,ORF_3.0MHz
c,3.642439e-05,3.909884,ORF_3.0MHz
b,3.659148e-05,1.642706,ORF_3.0MHz
c,3.659148e-05,3.795318,ORF_3.0MHz
b,3.675856e-05,1.679960,ORF_3.0MHz
c,3.675856e-05,3.678794,ORF_3.0MHz
b,3.692565e-05,1.718144,ORF_3.0MHz
c,3.692565e-05,3.560760,ORF_3.0MHz
b,3.709273e-05,1.757187,ORF_3.0MHz
c,3.709273e-05,3.441730,ORF_3.0MHz
b,3.725982e-05,1.797024,ORF_3.0MHz
c,3.725982e-05,3.322691,ORF_3.0MHz
b,3.742690e-05,1.837594,ORF_3.0MHz
c,3.742690e-05,3.203487,ORF_3.0MHz
b,3.759398e-05,1.878839,ORF_3.0MHz
c,3.759398e-05,3.084511,ORF_3.0MHz
b,3.776107e-05,1.920707,ORF_3.0MHz
c,3.776107e-05,2.966140,ORF_3.0MHz
b,3.792815e-05,1.963147,ORF_3.0MHz
c,3.792815e-05,2.848727,ORF_3.0MHz
b,3.809524e-05,2.006113,ORF_3.0MHz
c,3.809524e-05,2.732755,ORF_3.0MHz
b,3.826232e-05,2.049561,ORF_3.0MHz
c,3.826232e-05,2.618760,ORF_3.0MHz
b,3.842941e-05,2.093452,ORF_3.0MHz
c,3.842941e-05,2.506625,ORF_3.0MHz
b,3.859649e-05,2.137746,ORF_3.0MHz
c,3.859649e-05,2.396596,ORF_3.0MHz
b,3.876358e-05,2.182410,ORF_3.0MHz
c,3.876358e-05,2.288893,ORF_3.0MHz
b,3.893066e-05,2.227409,ORF_3.0MHz
c,3.893066e-05,2.183713,ORF_3.0MHz
b,3.909774e-05,2.272714,ORF_3.0MHz
c,3.909774e-05,2.081223,ORF_3.0MHz
b,3.926483e-05,2.318295,ORF_3.0MHz
c,3.926483e-05,1.981568,ORF_3.0MHz
b,3.943191e-05,2.364125,ORF_3.0MHz
c,3.943191e-05,1.884869,ORF_3.0MHz
b,3.959900e-05,2.410180,ORF_3.0MHz
c,3.959900e-05,1.791221,ORF_3.0MHz
b,3.976608e-05,2.456436,ORF_3.0MHz
c,3.976608e-05,1.700792,ORF_3.0MHz
b,3.993317e-05,2.502869,ORF_3.0MHz
c,3.993317e-05,1.613734,ORF_3.0MHz
b,4.010025e-05,2.549460,ORF_3.0MHz
c,4.010025e-05,1.529868,ORF_3.0MHz
b,4.026734e-05,2.596188,ORF_3.0MHz
c,4.026734e-05,1.449210,ORF_3.0MHz
b,4.043442e-05,2.643035,ORF_3.0MHz
c,4.043442e-05,1.371761,ORF_3.0MHz
b,4.060150e-05,2.689984,ORF_3.0MHz
c,4.060150e-05,1.297507,ORF_3.0MHz
b,4.076859e-05,2.737018,ORF_3.0MHz
c,4.076859e-05,1.226420,ORF_3.0MHz
b,4.093567e-05,2.784121,ORF_3.0MHz
c,4.093567e-05,1.158459,ORF_3.0MHz
b,4.110276e-05,2.831278,ORF_3.0MHz
c,4.110276e-05,1.093575,ORF_3.0MHz
b,4.126984e-05,2.878476,ORF_3.0MHz
c,4.126984e-05,1.031706,ORF_3.0MHz
b,4.143693e-05,2.925700,ORF_3.0MHz
c,4.143693e-05,0.972786,ORF_3.0MHz
b,4.160401e-05,2.972939,ORF_3.0MHz
c,4.160401e-05,0.916740,ORF_3.0MHz
b,4.177109e-05,3.020180,ORF_3.0MHz
c,4.177109e-05,0.863486,ORF_3.0MHz
b,4.193818e-05,3.067411,ORF_3.0MHz
c,4.193818e-05,0.812940,ORF_3.0MHz
b,4.210526e-05,3.114622,ORF_3.0MHz
c,4.210526e-05,0.765012,ORF_3.0MHz
b,4.227235e-05,3.161803,ORF_3.0MHz
c,4.227235e-05,0.719611,ORF_3.0MHz
b,4.243943e-05,3.208942,ORF_3.0MHz
c,4.243943e-05,0.676643,ORF_3.0MHz
b,4.260652e-05,3.256030,ORF_3.0MHz
c,4.260652e-05,0.636048,ORF_3.0MHz
b,4.277360e-05,3.303058,ORF_3.0MHz
c,4.277360e-05,0.597796,ORF_3.0MHz
b,4.294069e-05,3.350018,ORF_3.0MHz
c,4.294069e-05,0.561681,ORF_3.0MHz
b,4.310777e-05,3.396900,ORF_3.0MHz
c,4.310777e-05,0.527609,ORF_3.0MHz
b,4.327485e-05,3.443696,ORF_3.0MHz
c,4.327485e-05,0.495486,ORF_3.0MHz
b,4.344194e-05,3.490399,ORF_3.0MHz
c,4.344194e-05,0.465220,ORF_3.0MHz
b,4.360902e-05,3.537001,ORF_3.0MHz
c,4.360902e-05,0.436721,ORF_3.0MHz
b,4.377611e-05,3.583494,ORF_3.0MHz
c,4.377611e-05,0.409901,ORF_3.0MHz
b,4.394319e-05,3.629872,ORF_3.0MHz
c,4.394319e-05,0.384675,ORF_3.0MHz
b,4.411028e-05,3.676126,ORF_3.0MHz
c,4.411028e-05,0.360959,ORF_3.0MHz
b,4.427736e-05,3.722252,ORF_3.0MHz
c,4.427736e-05,0.338673,ORF_3.0MHz
b,4.444444e-05,3.768242,ORF_3.0MHz
c,4.444444e-05,0.317739,ORF_3.0MHz
b,4.461153e-05,3.814089,ORF_3.0MHz
c,4.461153e-05,0.298083,ORF_3.0MHz
b,4.477861e-05,3.859789,ORF_3.0MHz
c,4.477861e-05,0.279634,ORF_3.0MHz
b,4.494570e-05,3.905334,ORF_3.0MHz
c,4.494570e-05,0.262342,ORF_3.0MHz
b,4.511278e-05,3.950720,ORF_3.0MHz
c,4.511278e-05,0.246207,ORF_3.0MHz
b,4.527987e-05,3.995940,ORF_3.0MHz
c,4.527987e-05,0.231074,ORF_3.0MHz
b,4.544695e-05,4.040989,ORF_3.0MHz
c,4.544695e-05,0.216883,ORF_3.0MHz
b,4.561404e-05,4.085861,ORF_3.0MHz
c,4.561404e-05,0.203577,ORF_3.0MHz
b,4.578112e-05,4.130553,ORF_3.0MHz
c,4.578112e-05,0.191103,ORF_3.0MHz
b,4.594820e-05,4.175057,ORF_3.0MHz
c,4.594820e-05,0.179411,ORF_3.0MHz
b,4.611529e-05,4.219371,ORF_3.0MHz
c,4.611529e-05,0.168453,ORF_3.0MHz
b,4.628237e-05,4.263487,ORF_3.0MHz
c,4.628237e-05,0.158183,ORF_3.0MHz
b,4.644946e-05,4.307403,ORF_3.0MHz
c,4.644946e-05,0.148559,ORF_3.0MHz
b,4.661654e-05,4.351113,ORF_3.0MHz
c,4.661654e-05,0.139604,ORF_3.0MHz
b,4.678363e-05,4.394612,ORF_3.0MHz
c,4.678363e-05,0.131232,ORF_3.0MHz
b,4.695071e-05,4.437897,ORF_3.0MHz
c,4.695071e-05,0.123385,ORF_3.0MHz
b,4.711779e-05,4.480963,ORF_3.0MHz
c,4.711779e-05,0.116028,ORF_3.0MHz
b,4.728488e-05,4.523806,ORF_3.0MHz
c,4.728488e-05,0.109131,ORF_3.0MHz
b,4.745196e-05,4.566420,ORF_3.0MHz
c,4.745196e-05,0.102664,ORF_3.0MHz
b,4.761905e-05,4.608804,ORF_3.0MHz
c,4.761905e-05,0.096599,ORF_3.0MHz
b,4.778613e-05,4.650951,ORF_3.0MHz
c,4.778613e-05,0.090953,ORF_3.0MHz
b,4.795322e-05,4.692859,ORF_3.0MHz
c,4.795322e-05,0.085685,ORF_3.0MHz
b,4.812030e-05,4.734523,ORF_3.0MHz
c,4.812030e-05,0.080740,ORF_3.0MHz
b,4.828739e-05,4.775940,ORF_3.0MHz
c,4.828739e-05,0.076098,ORF_3.0MHz
b,4.845447e-05,4.817106,ORF_3.0MHz
c,4.845447e-05,0.071739,ORF_3.0MHz
b,4.862155e-05,4.858017,ORF_3.0MHz
c,4.862155e-05,0.067646,ORF_3.0MHz
b,4.878864e-05,4.898670,ORF_3.0MHz
c,4.878864e-05,0.063842,ORF_3.0MHz
b,4.895572e-05,4.939061,ORF_3.0MHz
c,4.895572e-05,0.060284,ORF_3.0MHz
b,4.912281e-05,4.979186,ORF_3.0MHz
c,4.912281e-05,0.056938,ORF_3.0MHz
b,4.928989e-05,5.019042,ORF_3.0MHz
c,4.928989e-05,0.053790,ORF_3.0MHz
b,4.945698e-05,5.058625,ORF_3.0MHz
c,4.945698e-05,0.050827,ORF_3.0MHz
b,4.962406e-05,5.097933,ORF_3.0MHz
c,4.962406e-05,0.048073,ORF_3.0MHz
b,4.979114e-05,5.136962,ORF_3.0MHz
c,4.979114e-05,0.045495,ORF_3.0MHz
b,4.995823e-05,5.175708,ORF_3.0MHz
c,4.995823e-05,0.043064,ORF_3.0MHz
b,5.012531e-05,5.214169,ORF_3.0MHz
c,5.012531e-05,0.040773,ORF_3.0MHz
b,5.029240e-05,5.252341,ORF_3.0MHz
c,5.029240e-05,0.038620,ORF_3.0MHz
b,5.045948e-05,5.290222,ORF_3.0MHz
c,5.045948e-05,0.036624,ORF_3.0MHz
b,5.062657e-05,5.327807,ORF_3.0MHz
c,5.062657e-05,0.034738,ORF_3.0MHz
b,5.079365e-05,5.365095,ORF_3.0MHz
c,5.079365e-05,0.032955,ORF_3.0MHz
b,5.096074e-05,5.402081,ORF_3.0MHz
c,5.096074e-05,0.031277,ORF_3.0MHz
b,5.112782e-05,5.438764,ORF_3.0MHz
c,5.112782e-05,0.029721,ORF_3.0MHz
b,5.129490e-05,5.475140,ORF_3.0MHz
c,5.129490e-05,0.028247,ORF_3.0MHz
b,5.146199e-05,5.511207,ORF_3.0MHz
c,5.146199e-05,0.026849,ORF_3.0MHz
b,5.162907e-05,5.546961,ORF_3.0MHz
c,5.162907e-05,0.025544,ORF_3.0MHz
b,5.179616e-05,5.582400,ORF_3.0MHz
c,5.179616e-05,0.024321,ORF_3.0MHz
b,5.196324e-05,5.617521,ORF_3.0MHz
c,5.196324e-05,0.023159,ORF_3.0MHz
b,5.213033e-05,5.652321,ORF_3.0MHz
c,5.213033e-05,0.022059,ORF_3.0MHz
b,5.229741e-05,5.686798,ORF_3.0MHz
c,5.229741e-05,0.021041,ORF_3.0MHz
b,5.246449e-05,5.720949,ORF_3.0MHz
c,5.246449e-05,0.020071,ORF_3.0MHz
b,5.263158e-05,5.754772,ORF_3.0MHz
c,5.263158e-05,0.019147,ORF_3.0MHz
b,5.279866e-05,5.788264,ORF_3.0MHz
c,5.279866e-05,0.018294,ORF_3.0MHz
b,5.296575e-05,5.821422,ORF_3.0MHz
c,5.296575e-05,0.017480,ORF_3.0MHz
b,5.313283e-05,5.854243,ORF_3.0MHz
c,5.313283e-05,0.016702,ORF_3.0MHz
b,5.329992e-05,5.886727,ORF_3.0MHz
c,5.329992e-05,0.015986,ORF_3.0MHz
b,5.346700e-05,5.918869,ORF_3.0MHz
c,5.346700e-05,0.015299,ORF_3.0MHz
b,5.363409e-05,5.950669,ORF_3.0MHz
c,5.363409e-05,0.014646,ORF_3.0MHz
b,5.380117e-05,5.982122,ORF_3.0MHz
c,5.380117e-05,0.014040,ORF_3.0MHz
b,5.396825e-05,6.013228,ORF_3.0MHz
c,5.396825e-05,0.013458,ORF_3.0MHz
b,5.413534e-05,6.043983,ORF_3.0MHz
c,5.413534e-05,0.012910,ORF_3.0MHz
b,5.430242e-05,6.074386,ORF_3.0MHz
c,5.430242e-05,0.012394,ORF_3.0MHz
b,5.446951e-05,6.104434,ORF_3.0MHz
c,5.446951e-05,0.011896,ORF_3.0MHz
b,5.463659e-05,6.134125,ORF_3.0MHz
c,5.463659e-05,0.011438,ORF_3.0MHz
b,5.480368e-05,6.163457,ORF_3.0MHz
c,5.480368e-05,0.010995,ORF_3.0MHz
b,5.497076e-05,6.192428,ORF_3.0MHz
c,5.497076e-05,0.010578,ORF_3.0MHz
b,5.513784e-05,6.221035,ORF_3.0MHz
c,5.513784e-05,0.010183,ORF_3.0MHz
b,5.530493e-05,6.249277,ORF_3.0MHz
c,5.530493e-05,0.009805,ORF_3.0MHz
b,5.547201e-05,6.277152,ORF_3.0MHz
c,5.547201e-05,0.009452,ORF_3.0MHz
b,5.563910e-05,6.304658,ORF_3.0MHz
c,5.563910e-05,0.009109,ORF_3.0MHz
b,5.580618e-05,6.331792,ORF_3.0MHz
c,5.580618e-05,0.008793,ORF_3.0MHz
b,5.597327e-05,6.358553,ORF_3.0MHz
c,5.597327e-05,0.008485,ORF_3.0MHz
b,5.614035e-05,6.384939,ORF_3.0MHz
c,5.614035e-05,0.008199,ORF_3.0MHz
b,5.630744e-05,6.410948,ORF_3.0MHz
c,5.630744e-05,0.007922,ORF_3.0MHz
b,5.647452e-05,6.436578,ORF_3.0MHz
c,5.647452e-05,0.007662,ORF_3.0MHz
b,5.664160e-05,6.461827,ORF_3.0MHz
c,5.664160e-05,0.007412,ORF_3.0MHz
b,5.680869e-05,6.486694,ORF_3.0MHz
c,5.680869e-05,0.007177,ORF_3.0MHz
b,5.697577e-05,6.511177,ORF_3.0MHz
c,5.697577e-05,0.006951,ORF_3.0MHz
b,5.714286e-05,6.535273,ORF_3.0MHz
c,5.714286e-05,0.006739,ORF_3.0MHz
b,5.730994e-05,6.558983,ORF_3.0MHz
c,5.730994e-05,0.006533,ORF_3.0MHz
b,5.747703e-05,6.582302,ORF_3.0MHz
c,5.747703e-05,0.006341,ORF_3.0MHz
b,5.764411e-05,6.605231,ORF_3.0MHz
c,5.764411e-05,0.006154,ORF_3.0MHz
b,5.781119e-05,6.627768,ORF_3.0MHz
c,5.781119e-05,0.005981,ORF_3.0MHz
b,5.797828e-05,6.649910,ORF_3.0MHz
c,5.797828e-05,0.005811,ORF_3.0MHz
b,5.814536e-05,6.671657,ORF_3.0MHz
c,5.814536e-05,0.005653,ORF_3.0MHz
b,5.831245e-05,6.693007,ORF_3.0MHz
c,5.831245e-05,0.005500,ORF_3.0MHz
b,5.847953e-05,6.713958,ORF_3.0MHz
c,5.847953e-05,0.005355,ORF_3.0MHz
b,5.864662e-05,6.734509,ORF_3.0MHz
c,5.864662e-05,0.005218,ORF_3.0MHz
b,5.881370e-05,6.754659,ORF_3.0MHz
c,5.881370e-05,0.005084,ORF_3.0MHz
b,5.898079e-05,6.774406,ORF_3.0MHz
c,5.898079e-05,0.004960,ORF_3.0MHz
b,5.914787e-05,6.793748,ORF_3.0MHz
c,5.914787e-05,0.004839,ORF_3.0MHz
b,5.931495e-05,6.812685,ORF_3.0MHz
c,5.931495e-05,0.004725,ORF_3.0MHz
b,5.948204e-05,6.831215,ORF_3.0MHz
c,5.948204e-05,0.004617,ORF_3.0MHz
b,5.964912e-05,6.849337,ORF_3.0MHz
c,5.964912e-05,0.004511,ORF_3.0MHz
b,5.981621e-05,6.867050,ORF_3.0MHz
c,5.981621e-05,0.004413,ORF_3.0MHz
b,5.998329e-05,6.884352,ORF_3.0MHz
c,5.998329e-05,0.004319,ORF_3.0MHz
b,6.015038e-05,6.901242,ORF_3.0MHz
c,6.015038e-05,0.004226,ORF_3.0MHz
b,6.031746e-05,6.917719,ORF_3.0MHz
c,6.031746e-05,0.004142,ORF_3.0MHz
b,6.048454e-05,6.933783,ORF_3.0MHz
c,6.048454e-05,0.004060,ORF_3.0MHz
b,6.065163e-05,6.949431,ORF_3.0MHz
c,6.065163e-05,0.003980,ORF_3.0MHz
b,6.081871e-05,6.964663,ORF_3.0MHz
c,6.081871e-05,0.003906,ORF_3.0MHz
b,6.098580e-05,6.979477,ORF_3.0MHz
c,6.098580e-05,0.003836,ORF_3.0MHz
b,6.115288e-05,6.993873,ORF_3.0MHz
c,6.115288e-05,0.003767,ORF_3.0MHz
b,6.131997e-05,7.007850,ORF_3.0MHz
c,6.131997e-05,0.003702,ORF_3.0MHz
b,6.148705e-05,7.021407,ORF_3.0MHz
c,6.148705e-05,0.003642,ORF_3.0MHz
b,6.165414e-05,7.034543,ORF_3.0MHz
c,6.165414e-05,0.003583,ORF_3.0MHz
b,6.182122e-05,7.047256,ORF_3.0MHz
c,6.182122e-05,0.003526,ORF_3.0MHz
b,6.198830e-05,7.059547,ORF_3.0MHz
c,6.198830e-05,0.003474,ORF_3.0MHz
b,6.215539e-05,7.071414,ORF_3.0MHz
c,6.215539e-05,0.003424,ORF_3.0MHz
b,6.232247e-05,7.082857,ORF_3.0MHz
c,6.232247e-05,0.003376,ORF_3.0MHz
b,6.248956e-05,7.093874,ORF_3.0MHz
c,6.248956e-05,0.003330,ORF_3.0MHz
b,6.265664e-05,7.104465,ORF_3.0MHz
c,6.265664e-05,0.003287,ORF_3.0MHz
b,6.282373e-05,7.114629,ORF_3.0MHz
c,6.282373e-05,0.003247,ORF_3.0MHz
b,6.299081e-05,7.124366,ORF_3.0MHz
c,6.299081e-05,0.003209,ORF_3.0MHz
b,6.315789e-05,7.133675,ORF_3.0MHz
c,6.315789e-05,0.003173,ORF_3.0MHz
b,6.332498e-05,7.142555,ORF_3.0MHz
c,6.332498e-05,0.003138,ORF_3.0MHz
b,6.349206e-05,7.151005,ORF_3.0MHz
c,6.349206e-05,0.003105,ORF_3.0MHz
b,6.365915e-05,7.159026,ORF_3.0MHz
c,6.365915e-05,0.003075,ORF_3.0MHz
b,6.382623e-05,7.166616,ORF_3.0MHz
c,6.382623e-05,0.003048,ORF_3.0MHz
b,6.399332e-05,7.173775,ORF_3.0MHz
c,6.399332e-05,0.003022,ORF_3.0MHz
b,6.416040e-05,7.180503,ORF_3.0MHz
c,6.416040e-05,0.002997,ORF_3.0MHz
b,6.432749e-05,7.186799,ORF_3.0MHz
c,6.432749e-05,0.002974,ORF_3.0MHz
b,6.449457e-05,7.192662,ORF_3.0MHz
c,6.449457e-05,0.002953,ORF_3.0MHz
b,6.466165e-05,7.198093,ORF_3.0MHz
c,6.466165e-05,0.002933,ORF_3.0MHz
b,6.482874e-05,7.203091,ORF_3.0MHz
c,6.482874e-05,0.002915,ORF_3.0MHz
b,6.499582e-05,7.207655,ORF_3.0MHz
c,6.499582e-05,0.002899,ORF_3.0MHz
b,6.516291e-05,7.211785,ORF_3.0MHz
c,6.516291e-05,0.002885,ORF_3.0MHz
b,6.532999e-05,7.215482,ORF_3.0MHz
c,6.532999e-05,0.002872,ORF_3.0MHz
b,6.549708e-05,7.218744,ORF_3.0MHz
c,6.549708e-05,0.002861,ORF_3.0MHz
b,6.566416e-05,7.221571,ORF_3.0MHz
c,6.566416e-05,0.002852,ORF_3.0MHz
b,6.583124e-05,7.223964,ORF_3.0MHz
c,6.583124e-05,0.002843,ORF_3.0MHz
b,6.599833e-05,7.225922,ORF_3.0MHz
c,6.599833e-05,0.002837,ORF_3.0MHz
b,6.616541e-05,7.227445,ORF_3.0MHz
c,6.616541e-05,0.002831,ORF_3.0MHz
b,6.633250e-05,7.228533,ORF_3.0MHz
c,6.633250e-05,0.002828,ORF_3.0MHz
b,6.649958e-05,7.229186,ORF_3.0MHz
c,6.649958e-05,0.002826,ORF_3.0MHz
b,6.666667e-05,7.229404,ORF_3.0MHz
c,6.666667e-05,0.002825,ORF_3.0MHz
