Omega_RF_MHz \ Delta_c_MHz,-20.00,-19.80,-19.60,-19.40,-19.20,-19.00,-18.80,-18.60,-18.40,-18.20,-18.00,-17.80,-17.60,-17.40,-17.20,-17.00,-16.80,-16.60,-16.40,-16.20,-16.00,-15.80,-15.60,-15.40,-15.20,-15.00,-14.80,-14.60,-14.40,-14.20,-14.00,-13.80,-13.60,-13.40,-13.20,-13.00,-12.80,-12.60,-12.40,-12.20,-12.00,-11.80,-11.60,-11.40,-11.20,-11.00,-10.80,-10.60,-10.40,-10.20,-10.00,-9.80,-9.60,-9.40,-9.20,-9.00,-8.80,-8.60,-8.40,-8.20,-8.00,-7.80,-7.60,-7.40,-7.20,-7.00,-6.80,-6.60,-6.40,-6.20,-6.00,-5.80,-5.60,-5.40,-5.20,-5.00,-4.80,-4.60,-4.40,-4.20,-4.00,-3.80,-3.60,-3.40,-3.20,-3.00,-2.80,-2.60,-2.40,-2.20,-2.00,-1.80,-1.60,-1.40,-1.20,-1.00,-0.80,-0.60,-0.40,-0.20,0.00,0.20,0.40,0.60,0.80,1.00,1.20,1.40,1.60,1.80,2.00,2.20,2.40,2.60,2.80,3.00,3.20,3.40,3.60,3.80,4.00,4.20,4.40,4.60,4.80,5.00,5.20,5.40,5.60,5.80,6.00,6.20,6.40,6.60,6.80,7.00,7.20,7.40,7.60,7.80,8.00,8.20,8.40,8.60,8.80,9.00,9.20,9.40,9.60,9.80,10.00,10.20,10.40,10.60,10.80,11.00,11.20,11.40,11.60,11.80,12.00,12.20,12.40,12.60,12.80,13.00,13.20,13.40,13.60,13.80,14.00,14.20,14.40,14.60,14.80,15.00,15.20,15.40,15.60,15.80,16.00,16.20,16.40,16.60,16.80,17.00,17.20,17.40,17.60,17.80,18.00,18.20,18.40,18.60,18.80,19.00,19.20,19.40,19.60,19.80,20.00
0.0000,27.213430,27.215956,27.218578,27.221301,27.224130,27.227070,27.230126,27.233303,27.236607,27.240044,27.243620,27.247343,27.251219,27.255256,27.259461,27.263844,27.268413,27.273178,27.278148,27.283334,27.288748,27.294401,27.300307,27.306478,27.312928,27.319674,27.326732,27.334117,27.341851,27.349950,27.358438,27.367336,27.376667,27.386459,27.396738,27.407533,27.418876,27.430802,27.443345,27.456546,27.470446,27.485091,27.500530,27.516814,27.534002,27.552154,27.571337,27.591623,27.613090,27.635825,27.659918,27.685470,27.712591,27.741401,27.772030,27.804621,27.839330,27.876329,27.915806,27.957969,28.003044,28.051284,28.102965,28.158394,28.217908,28.281884,28.350736,28.424926,28.504965,28.591424,28.684934,28.786198,28.895999,29.015206,29.144783,29.285798,29.439434,29.606991,29.789894,29.989697,30.208070,30.446793,30.707726,30.992759,31.303744,31.642382,32.010063,32.407658,32.835218,33.291613,33.774085,34.277740,34.795039,35.315366,35.824808,36.306317,36.740420,37.106567,37.385101,37.559579,37.619025,37.559579,37.385101,37.106567,36.740420,36.306317,35.824808,35.315366,34.795039,34.277740,33.774085,33.291613,32.835218,32.407658,32.010063,31.642382,31.303744,30.992759,30.707726,30.446793,30.208070,29.989697,29.789894,29.606991,29.439434,29.285798,29.144783,29.015206,28.895999,28.786198,28.684934,28.591424,28.504965,28.424926,28.350736,28.281884,28.217908,28.158394,28.102965,28.051284,28.003044,27.957969,27.915806,27.876329,27.839330,27.804621,27.772030,27.741401,27.712591,27.685470,27.659918,27.635825,27.613090,27.591623,27.571337,27.552154,27.534002,27.516814,27.500530,27.485091,27.470446,27.456546,27.443345,27.430802,27.418876,27.407533,27.396738,27.386459,27.376667,27.367336,27.358438,27.349950,27.341851,27.334117,27.326732,27.319674,27.312928,27.306478,27.300307,27.294401,27.288748,27.283334,27.278148,27.273178,27.268413,27.263844,27.259461,27.255256,27.251219,27.247343,27.243620,27.240044,27.236607,27.233303,27.230126,27.227070,27.224130,27.221301,27.218578,27.215956,27.213430
0.1250,27.288135,27.292986,27.298021,27.303250,27.308679,27.314319,27.320179,27.326269,27.332600,27.339183,27.346030,27.353153,27.360566,27.368282,27.376316,27.384684,27.393401,27.402486,27.411957,27.421831,27.432132,27.442879,27.454095,27.465806,27.478036,27.490814,27.504167,27.518128,27.532727,27.548001,27.563987,27.580722,27.598250,27.616615,27.635865,27.656049,27.677222,27.699443,27.722772,27.747275,27.773023,27.800092,27.828562,27.858520,27.890059,27.923278,27.958285,27.995194,28.034130,28.075225,28.118622,28.164476,28.212953,28.264232,28.318506,28.375985,28.436892,28.501473,28.569988,28.642723,28.719984,28.802103,28.889437,28.982374,29.081331,29.186757,29.299137,29.418992,29.546880,29.683399,29.829186,29.984919,30.151313,30.329118,30.519115,30.722108,30.938911,31.170336,31.417170,31.680144,31.959902,32.256952,32.571607,32.903916,33.253578,33.619846,34.001412,34.396290,34.801694,35.213924,35.628271,36.038970,36.439211,36.821235,37.176554,37.496287,37.771654,37.994594,38.158447,38.258497,38.292116,38.258497,38.158447,37.994594,37.771654,37.496287,37.176554,36.821235,36.439211,36.038970,35.628271,35.213924,34.801694,34.396290,34.001412,33.619846,33.253578,32.903916,32.571607,32.256952,31.959902,31.680144,31.417170,31.170336,30.938911,30.722108,30.519115,30.329118,30.151313,29.984919,29.829186,29.683399,29.546880,29.418992,29.299137,29.186757,29.081331,28.982374,28.889437,28.802103,28.719984,28.642723,28.569988,28.501473,28.436892,28.375985,28.318506,28.264232,28.212953,28.164476,28.118622,28.075225,28.034130,27.995194,27.958285,27.923278,27.890059,27.858520,27.828562,27.800092,27.773023,27.747275,27.722772,27.699443,27.677222,27.656049,27.635865,27.616615,27.598250,27.580722,27.563987,27.548001,27.532727,27.518128,27.504167,27.490814,27.478036,27.465806,27.454095,27.442879,27.432132,27.421831,27.411957,27.402486,27.393401,27.384684,27.376316,27.368282,27.360566,27.353153,27.346030,27.339183,27.332600,27.326269,27.320179,27.314319,27.308679,27.303250,27.298021,27.292986,27.288135
0.2500,27.288655,27.293529,27.298588,27.303841,27.309297,27.314964,27.320853,27.326974,27.333337,27.339954,27.346836,27.353997,27.361449,27.369206,27.377284,27.385697,27.394463,27.403599,27.413123,27.423054,27.433414,27.444223,27.455506,27.467286,27.479590,27.492445,27.505880,27.519927,27.534618,27.549989,27.566076,27.582919,27.600561,27.619046,27.638422,27.658741,27.680057,27.702428,27.725916,27.750587,27.776514,27.803771,27.832441,27.862610,27.894373,27.927829,27.963087,28.000263,28.039481,28.080874,28.124588,28.170777,28.219609,28.271264,28.325937,28.383838,28.445192,28.510246,28.579262,28.652527,28.730348,28.813058,28.901018,28.994615,29.094267,29.200426,29.313576,29.434240,29.562976,29.700382,29.847096,30.003792,30.171185,30.350021,30.541077,30.745152,30.963052,31.195580,31.443508,31.707555,31.988346,32.286364,32.601897,32.934962,33.285223,33.651888,34.033603,34.428331,34.833226,35.244525,35.657451,36.066169,36.463791,36.842490,37.193719,37.508594,37.778449,37.995573,38.154009,38.250090,38.282235,38.250090,38.154009,37.995573,37.778449,37.508594,37.193719,36.842490,36.463791,36.066169,35.657451,35.244525,34.833226,34.428331,34.033603,33.651888,33.285223,32.934962,32.601897,32.286364,31.988346,31.707555,31.443508,31.195580,30.963052,30.745152,30.541077,30.350021,30.171185,30.003792,29.847096,29.700382,29.562976,29.434240,29.313576,29.200426,29.094267,28.994615,28.901018,28.813058,28.730348,28.652527,28.579262,28.510246,28.445192,28.383838,28.325937,28.271264,28.219609,28.170777,28.124588,28.080874,28.039481,28.000263,27.963087,27.927829,27.894373,27.862610,27.832441,27.803771,27.776514,27.750587,27.725916,27.702428,27.680057,27.658741,27.638422,27.619046,27.600561,27.582919,27.566076,27.549989,27.534618,27.519927,27.505880,27.492445,27.479590,27.467286,27.455506,27.444223,27.433414,27.423054,27.413123,27.403599,27.394463,27.385697,27.377284,27.369206,27.361449,27.353997,27.346836,27.339954,27.333337,27.326974,27.320853,27.314964,27.309297,27.303841,27.298588,27.293529,27.288655
0.3750,27.288795,27.293675,27.298741,27.304001,27.309464,27.315139,27.321036,27.327165,27.333537,27.340163,27.347055,27.354226,27.361689,27.369458,27.377548,27.385975,27.394754,27.403904,27.413443,27.423390,27.433766,27.444594,27.455895,27.467695,27.480020,27.492898,27.506356,27.520428,27.535146,27.550544,27.566661,27.583536,27.601211,27.619731,27.639145,27.659504,27.680862,27.703278,27.726814,27.751537,27.777518,27.804834,27.833565,27.863800,27.895634,27.929165,27.964503,28.001765,28.041074,28.082565,28.126384,28.172686,28.221638,28.273423,28.328234,28.386283,28.447798,28.513023,28.582224,28.655688,28.733724,28.816666,28.904875,28.998741,29.098685,29.205158,29.318649,29.439681,29.568817,29.706655,29.853837,30.011041,30.178984,30.358417,30.550119,30.754892,30.973547,31.206889,31.455692,31.720677,32.002467,32.301545,32.618190,32.952409,33.303848,33.671689,34.054539,34.450306,34.856072,35.267970,35.681095,36.089441,36.485915,36.862451,37.210260,37.520276,37.783850,37.993694,38.144911,38.235493,38.265558,38.235493,38.144911,37.993694,37.783850,37.520276,37.210260,36.862451,36.485915,36.089441,35.681095,35.267970,34.856072,34.450306,34.054539,33.671689,33.303848,32.952409,32.618190,32.301545,32.002467,31.720677,31.455692,31.206889,30.973547,30.754892,30.550119,30.358417,30.178984,30.011041,29.853837,29.706655,29.568817,29.439681,29.318649,29.205158,29.098685,28.998741,28.904875,28.816666,28.733724,28.655688,28.582224,28.513023,28.447798,28.386283,28.328234,28.273423,28.221638,28.172686,28.126384,28.082565,28.041074,28.001765,27.964503,27.929165,27.895634,27.863800,27.833565,27.804834,27.777518,27.751537,27.726814,27.703278,27.680862,27.659504,27.639145,27.619731,27.601211,27.583536,27.566661,27.550544,27.535146,27.520428,27.506356,27.492898,27.480020,27.467695,27.455895,27.444594,27.433766,27.423390,27.413443,27.403904,27.394754,27.385975,27.377548,27.369458,27.361689,27.354226,27.347055,27.340163,27.333537,27.327165,27.321036,27.315139,27.309464,27.304001,27.298741,27.293675,27.288795
0.5000,27.288896,27.293780,27.298851,27.304116,27.309584,27.315265,27.321168,27.327303,27.333681,27.340314,27.347214,27.354392,27.361863,27.369641,27.377740,27.386176,27.394965,27.404126,27.413676,27.423635,27.434024,27.444864,27.456180,27.467995,27.480336,27.493230,27.506707,27.520798,27.535536,27.550955,27.567095,27.583994,27.601695,27.620244,27.639687,27.660077,27.681469,27.703921,27.727495,27.752259,27.778284,27.805647,27.834429,27.864718,27.896609,27.930203,27.965609,28.002942,28.042329,28.083905,28.127814,28.174213,28.223272,28.275170,28.330106,28.388289,28.449949,28.515333,28.584706,28.658358,28.736598,28.819763,28.908216,29.002349,29.102584,29.209377,29.323219,29.444637,29.574196,29.712500,29.860195,30.017964,30.186529,30.366648,30.559105,30.764710,30.984279,31.218624,31.468527,31.734711,32.017805,32.318290,32.636443,32.972260,33.325365,33.694910,34.079451,34.476822,34.884001,35.296980,35.710664,36.118803,36.514006,36.887864,37.231242,37.534829,37.790010,37.990111,38.131683,38.214953,38.242259,38.214953,38.131683,37.990111,37.790010,37.534829,37.231242,36.887864,36.514006,36.118803,35.710664,35.296980,34.884001,34.476822,34.079451,33.694910,33.325365,32.972260,32.636443,32.318290,32.017805,31.734711,31.468527,31.218624,30.984279,30.764710,30.559105,30.366648,30.186529,30.017964,29.860195,29.712500,29.574196,29.444637,29.323219,29.209377,29.102584,29.002349,28.908216,28.819763,28.736598,28.658358,28.584706,28.515333,28.449949,28.388289,28.330106,28.275170,28.223272,28.174213,28.127814,28.083905,28.042329,28.002942,27.965609,27.930203,27.896609,27.864718,27.834429,27.805647,27.778284,27.752259,27.727495,27.703921,27.681469,27.660077,27.639687,27.620244,27.601695,27.583994,27.567095,27.550955,27.535536,27.520798,27.506707,27.493230,27.480336,27.467995,27.456180,27.444864,27.434024,27.423635,27.413676,27.404126,27.394965,27.386176,27.377740,27.369641,27.361863,27.354392,27.347214,27.340314,27.333681,27.327303,27.321168,27.315265,27.309584,27.304116,27.298851,27.293780,27.288896
0.6250,27.288998,27.293887,27.298963,27.304233,27.309707,27.315393,27.321302,27.327444,27.333829,27.340469,27.347376,27.354563,27.362042,27.369829,27.377937,27.386383,27.395183,27.404354,27.413916,27.423888,27.434290,27.445144,27.456475,27.468306,27.480663,27.493575,27.507071,27.521182,27.535941,27.551384,27.567548,27.584473,27.602202,27.620780,27.640255,27.660679,27.682107,27.704597,27.728213,27.753021,27.779094,27.806507,27.835344,27.865693,27.897648,27.931310,27.966790,28.004203,28.043676,28.085345,28.129355,28.175864,28.225040,28.277068,28.332143,28.390479,28.452305,28.517870,28.587441,28.661309,28.739786,28.823210,28.911948,29.006393,29.106972,29.214144,29.328403,29.450281,29.580348,29.719214,29.867529,30.025985,30.195311,30.376270,30.569658,30.776292,30.996998,31.232597,31.483878,31.751573,32.036314,32.338585,32.658658,32.996514,33.351754,33.723485,34.110200,34.509634,34.918630,35.332993,35.747379,36.155222,36.548746,36.919108,37.256755,37.552099,37.796637,37.984527,38.114165,38.188480,38.212430,38.188480,38.114165,37.984527,37.796637,37.552099,37.256755,36.919108,36.548746,36.155222,35.747379,35.332993,34.918630,34.509634,34.110200,33.723485,33.351754,32.996514,32.658658,32.338585,32.036314,31.751573,31.483878,31.232597,30.996998,30.776292,30.569658,30.376270,30.195311,30.025985,29.867529,29.719214,29.580348,29.450281,29.328403,29.214144,29.106972,29.006393,28.911948,28.823210,28.739786,28.661309,28.587441,28.517870,28.452305,28.390479,28.332143,28.277068,28.225040,28.175864,28.129355,28.085345,28.043676,28.004203,27.966790,27.931310,27.897648,27.865693,27.835344,27.806507,27.779094,27.753021,27.728213,27.704597,27.682107,27.660679,27.640255,27.620780,27.602202,27.584473,27.567548,27.551384,27.535941,27.521182,27.507071,27.493575,27.480663,27.468306,27.456475,27.445144,27.434290,27.423888,27.413916,27.404354,27.395183,27.386383,27.377937,27.369829,27.362042,27.354563,27.347376,27.340469,27.333829,27.327444,27.321302,27.315393,27.309707,27.304233,27.298963,27.293887,27.288998
0.7500,27.289114,27.294008,27.299089,27.304365,27.309845,27.315538,27.321454,27.327603,27.333996,27.340644,27.347559,27.354755,27.362244,27.370040,27.378159,27.386616,27.395428,27.404612,27.414187,27.424173,27.434590,27.445461,27.456808,27.468657,27.481034,27.493966,27.507483,27.521617,27.536401,27.551869,27.568061,27.585016,27.602776,27.621388,27.640899,27.661362,27.682831,27.705366,27.729030,27.753889,27.780016,27.807489,27.836389,27.866806,27.898835,27.932576,27.968141,28.005647,28.045221,28.086998,28.131126,28.177762,28.227077,28.279255,28.334495,28.393009,28.455031,28.520808,28.590613,28.664735,28.743492,28.827223,28.916298,29.011114,29.112102,29.219724,29.334481,29.456908,29.587583,29.727121,29.876182,30.035463,30.205703,30.387677,30.582189,30.790067,31.012148,31.249265,31.502217,31.771745,32.058487,32.362927,32.685330,33.025661,33.383488,33.757864,34.147196,34.549099,34.960241,35.376194,35.791305,36.198618,36.589890,36.955770,37.286232,37.571425,37.803075,37.976430,38.092096,38.156069,38.176176,38.156069,38.092096,37.976430,37.803075,37.571425,37.286232,36.955770,36.589890,36.198618,35.791305,35.376194,34.960241,34.549099,34.147196,33.757864,33.383488,33.025661,32.685330,32.362927,32.058487,31.771745,31.502217,31.249265,31.012148,30.790067,30.582189,30.387677,30.205703,30.035463,29.876182,29.727121,29.587583,29.456908,29.334481,29.219724,29.112102,29.011114,28.916298,28.827223,28.743492,28.664735,28.590613,28.520808,28.455031,28.393009,28.334495,28.279255,28.227077,28.177762,28.131126,28.086998,28.045221,28.005647,27.968141,27.932576,27.898835,27.866806,27.836389,27.807489,27.780016,27.753889,27.729030,27.705366,27.682831,27.661362,27.640899,27.621388,27.602776,27.585016,27.568061,27.551869,27.536401,27.521617,27.507483,27.493966,27.481034,27.468657,27.456808,27.445461,27.434590,27.424173,27.414187,27.404612,27.395428,27.386616,27.378159,27.370040,27.362244,27.354755,27.347559,27.340644,27.333996,27.327603,27.321454,27.315538,27.309845,27.304365,27.299089,27.294008,27.289114
0.8750,27.289245,27.294146,27.299233,27.304516,27.310003,27.315704,27.321627,27.327784,27.334186,27.340843,27.347768,27.354974,27.362474,27.370282,27.378413,27.386883,27.395708,27.404907,27.414497,27.424499,27.434934,27.445822,27.457189,27.469059,27.481457,27.494413,27.507955,27.522115,27.536927,27.552426,27.568649,27.585638,27.603435,27.622086,27.641639,27.662146,27.683663,27.706249,27.729967,27.754886,27.781076,27.808617,27.837591,27.868087,27.900200,27.934034,27.969698,28.007311,28.047001,28.088904,28.133168,28.179952,28.229428,28.281781,28.337211,28.395934,28.458182,28.524208,28.594284,28.668704,28.747787,28.831877,28.921346,29.016597,29.118063,29.226213,29.341552,29.464624,29.596012,29.736341,29.886277,30.046528,30.217845,30.401011,30.596846,30.806188,31.029890,31.268795,31.523716,31.795403,32.084499,32.391489,32.716630,33.059862,33.420711,33.798163,34.190521,34.595247,35.008798,35.426460,35.842208,36.248622,36.636921,36.997179,37.318876,37.591953,37.808531,37.965230,38.065189,38.117724,38.133617,38.117724,38.065189,37.965230,37.808531,37.591953,37.318876,36.997179,36.636921,36.248622,35.842208,35.426460,35.008798,34.595247,34.190521,33.798163,33.420711,33.059862,32.716630,32.391489,32.084499,31.795403,31.523716,31.268795,31.029890,30.806188,30.596846,30.401011,30.217845,30.046528,29.886277,29.736341,29.596012,29.464624,29.341552,29.226213,29.118063,29.016597,28.921346,28.831877,28.747787,28.668704,28.594284,28.524208,28.458182,28.395934,28.337211,28.281781,28.229428,28.179952,28.133168,28.088904,28.047001,28.007311,27.969698,27.934034,27.900200,27.868087,27.837591,27.808617,27.781076,27.754886,27.729967,27.706249,27.683663,27.662146,27.641639,27.622086,27.603435,27.585638,27.568649,27.552426,27.536927,27.522115,27.507955,27.494413,27.481457,27.469059,27.457189,27.445822,27.434934,27.424499,27.414497,27.404907,27.395708,27.386883,27.378413,27.370282,27.362474,27.354974,27.347768,27.340843,27.334186,27.327784,27.321627,27.315704,27.310003,27.304516,27.299233,27.294146,27.289245
1.0000,27.289395,27.294302,27.299397,27.304688,27.310182,27.315891,27.321824,27.327990,27.334402,27.341070,27.348006,27.355223,27.362736,27.370557,27.378702,27.387186,27.396027,27.405242,27.414850,27.424870,27.435324,27.446234,27.457623,27.469516,27.481939,27.494921,27.508492,27.522682,27.537526,27.553059,27.569319,27.586347,27.604185,27.622880,27.642481,27.663039,27.684610,27.707255,27.731036,27.756021,27.782285,27.809903,27.838961,27.869547,27.901757,27.935696,27.971474,28.009210,28.049032,28.091079,28.135499,28.182453,28.232114,28.284668,28.340316,28.399278,28.461787,28.528097,28.598485,28.673247,28.752705,28.837207,28.927130,29.022879,29.124896,29.233653,29.349664,29.473478,29.605688,29.746926,29.897871,30.059241,30.231798,30.416341,30.613700,30.824732,31.050301,31.291267,31.548456,31.822627,32.114431,32.424349,32.752625,33.099172,33.463462,33.844395,34.240147,34.647996,35.064145,35.483539,35.899717,36.304725,36.689173,37.042520,37.353764,37.612732,37.812155,37.950319,38.033172,38.073466,38.084896,38.073466,38.033172,37.950319,37.812155,37.612732,37.353764,37.042520,36.689173,36.304725,35.899717,35.483539,35.064145,34.647996,34.240147,33.844395,33.463462,33.099172,32.752625,32.424349,32.114431,31.822627,31.548456,31.291267,31.050301,30.824732,30.613700,30.416341,30.231798,30.059241,29.897871,29.746926,29.605688,29.473478,29.349664,29.233653,29.124896,29.022879,28.927130,28.837207,28.752705,28.673247,28.598485,28.528097,28.461787,28.399278,28.340316,28.284668,28.232114,28.182453,28.135499,28.091079,28.049032,28.009210,27.971474,27.935696,27.901757,27.869547,27.838961,27.809903,27.782285,27.756021,27.731036,27.707255,27.684610,27.663039,27.642481,27.622880,27.604185,27.586347,27.569319,27.553059,27.537526,27.522682,27.508492,27.494921,27.481939,27.469516,27.457623,27.446234,27.435324,27.424870,27.414850,27.405242,27.396027,27.387186,27.378702,27.370557,27.362736,27.355223,27.348006,27.341070,27.334402,27.327990,27.321824,27.315891,27.310182,27.304688,27.299397,27.294302,27.289395
1.1250,27.289563,27.294478,27.299581,27.304880,27.310384,27.316103,27.322045,27.328222,27.334645,27.341325,27.348273,27.355504,27.363030,27.370866,27.379026,27.387527,27.396386,27.405619,27.415247,27.425288,27.435764,27.446697,27.458111,27.470030,27.482482,27.495494,27.509096,27.523320,27.538200,27.553771,27.570073,27.587144,27.605030,27.623775,27.643429,27.664044,27.685677,27.708388,27.732240,27.757301,27.783646,27.811352,27.840504,27.871192,27.903513,27.937570,27.973476,28.011351,28.051323,28.093533,28.138130,28.185275,28.235145,28.287926,28.343822,28.403053,28.465857,28.532490,28.603231,28.678380,28.758263,28.843232,28.933668,29.029983,29.132624,29.242070,29.358842,29.483498,29.616639,29.758910,29.910999,30.073639,30.247603,30.433706,30.632796,30.845743,31.073429,31.316730,31.576486,31.853467,32.148328,32.461547,32.793349,33.143609,33.511735,33.896522,34.295992,34.707203,35.126058,35.547103,35.963374,36.366318,36.745880,37.090883,37.389887,37.632758,37.813081,37.931106,37.995799,38.023341,38.030172,38.023341,37.995799,37.931106,37.813081,37.632758,37.389887,37.090883,36.745880,36.366318,35.963374,35.547103,35.126058,34.707203,34.295992,33.896522,33.511735,33.143609,32.793349,32.461547,32.148328,31.853467,31.576486,31.316730,31.073429,30.845743,30.632796,30.433706,30.247603,30.073639,29.910999,29.758910,29.616639,29.483498,29.358842,29.242070,29.132624,29.029983,28.933668,28.843232,28.758263,28.678380,28.603231,28.532490,28.465857,28.403053,28.343822,28.287926,28.235145,28.185275,28.138130,28.093533,28.051323,28.011351,27.973476,27.937570,27.903513,27.871192,27.840504,27.811352,27.783646,27.757301,27.732240,27.708388,27.685677,27.664044,27.643429,27.623775,27.605030,27.587144,27.570073,27.553771,27.538200,27.523320,27.509096,27.495494,27.482482,27.470030,27.458111,27.446697,27.435764,27.425288,27.415247,27.405619,27.396386,27.387527,27.379026,27.370866,27.363030,27.355504,27.348273,27.341325,27.334645,27.328222,27.322045,27.316103,27.310384,27.304880,27.299581,27.294478,27.289563
1.2500,27.289750,27.294674,27.299786,27.305095,27.310609,27.316338,27.322292,27.328480,27.334916,27.341608,27.348571,27.355816,27.363358,27.371210,27.379388,27.387907,27.396785,27.406039,27.415689,27.425753,27.436254,27.447213,27.458654,27.470603,27.483086,27.496131,27.509769,27.524031,27.538951,27.554566,27.570913,27.588033,27.605971,27.624772,27.644486,27.665165,27.686867,27.709651,27.733582,27.758728,27.785164,27.812968,27.842226,27.873027,27.905471,27.939661,27.975710,28.013739,28.053879,28.096271,28.141065,28.188425,28.238528,28.291562,28.347735,28.407268,28.470402,28.537396,28.608531,28.684114,28.764472,28.849963,28.940975,29.037923,29.141262,29.251480,29.369104,29.494703,29.628888,29.772315,29.925687,30.089747,30.265288,30.453139,30.654165,30.869255,31.099310,31.345220,31.607842,31.887956,32.186220,32.503106,32.838813,33.193168,33.565499,33.954477,34.357937,34.772682,35.194258,35.616759,36.032650,36.432715,36.806196,37.141285,37.426194,37.651013,37.810468,37.907050,37.952870,37.967422,37.969621,37.967422,37.952870,37.907050,37.810468,37.651013,37.426194,37.141285,36.806196,36.432715,36.032650,35.616759,35.194258,34.772682,34.357937,33.954477,33.565499,33.193168,32.838813,32.503106,32.186220,31.887956,31.607842,31.345220,31.099310,30.869255,30.654165,30.453139,30.265288,30.089747,29.925687,29.772315,29.628888,29.494703,29.369104,29.251480,29.141262,29.037923,28.940975,28.849963,28.764472,28.684114,28.608531,28.537396,28.470402,28.407268,28.347735,28.291562,28.238528,28.188425,28.141065,28.096271,28.053879,28.013739,27.975710,27.939661,27.905471,27.873027,27.842226,27.812968,27.785164,27.758728,27.733582,27.709651,27.686867,27.665165,27.644486,27.624772,27.605971,27.588033,27.570913,27.554566,27.538951,27.524031,27.509769,27.496131,27.483086,27.470603,27.458654,27.447213,27.436254,27.425753,27.415689,27.406039,27.396785,27.387907,27.379388,27.371210,27.363358,27.355816,27.348571,27.341608,27.334916,27.328480,27.322292,27.316338,27.310609,27.305095,27.299786,27.294674,27.289750
1.3750,27.289957,27.294890,27.300012,27.305331,27.310856,27.316597,27.322563,27.328765,27.335214,27.341921,27.348899,27.356161,27.363720,27.371590,27.379787,27.388327,27.397226,27.406503,27.416176,27.426266,27.436794,27.447782,27.459254,27.471236,27.483753,27.496835,27.510512,27.524816,27.539780,27.555442,27.571840,27.589014,27.607010,27.625872,27.645652,27.666403,27.688180,27.711045,27.735063,27.760304,27.786840,27.814753,27.844127,27.875055,27.907634,27.941970,27.978178,28.016379,28.056704,28.099297,28.144310,28.191907,28.242267,28.295583,28.352062,28.411929,28.475428,28.542821,28.614395,28.690457,28.771342,28.857412,28.949060,29.046711,29.150824,29.261897,29.380465,29.507110,29.642452,29.787162,29.941954,30.107590,30.284878,30.474665,30.677836,30.895298,31.127973,31.376768,31.642555,31.926123,32.228133,32.549041,32.889019,33.247832,33.624709,34.018172,34.425840,34.844210,35.268426,35.692062,36.106952,36.503164,36.869211,37.192697,37.461610,37.666502,37.803529,37.877676,37.904244,37.905812,37.903435,37.905812,37.904244,37.877676,37.803529,37.666502,37.461610,37.192697,36.869211,36.503164,36.106952,35.692062,35.268426,34.844210,34.425840,34.018172,33.624709,33.247832,32.889019,32.549041,32.228133,31.926123,31.642555,31.376768,31.127973,30.895298,30.677836,30.474665,30.284878,30.107590,29.941954,29.787162,29.642452,29.507110,29.380465,29.261897,29.150824,29.046711,28.949060,28.857412,28.771342,28.690457,28.614395,28.542821,28.475428,28.411929,28.352062,28.295583,28.242267,28.191907,28.144310,28.099297,28.056704,28.016379,27.978178,27.941970,27.907634,27.875055,27.844127,27.814753,27.786840,27.760304,27.735063,27.711045,27.688180,27.666403,27.645652,27.625872,27.607010,27.589014,27.571840,27.555442,27.539780,27.524816,27.510512,27.496835,27.483753,27.471236,27.459254,27.447782,27.436794,27.426266,27.416176,27.406503,27.397226,27.388327,27.379787,27.371590,27.363720,27.356161,27.348899,27.341921,27.335214,27.328765,27.322563,27.316597,27.310856,27.305331,27.300012,27.294890,27.289957
1.5000,27.290183,27.295127,27.300260,27.305590,27.311128,27.316881,27.322861,27.329077,27.335541,27.342264,27.349259,27.356538,27.364116,27.372006,27.380224,27.388786,27.397708,27.407010,27.416710,27.426828,27.437386,27.448405,27.459911,27.471928,27.484483,27.497606,27.511326,27.525675,27.540688,27.556402,27.572855,27.590089,27.608148,27.627078,27.646930,27.667758,27.689619,27.712573,27.736687,27.762030,27.788677,27.816708,27.846211,27.877276,27.910004,27.944501,27.980883,28.019271,28.059801,28.102614,28.147866,28.195724,28.246368,28.299992,28.356807,28.417041,28.480941,28.548773,28.620827,28.697416,28.778880,28.865587,28.957935,29.056357,29.161321,29.273333,29.392940,29.520733,29.657348,29.803467,29.959821,30.127189,30.306396,30.498310,30.703835,30.923901,31.159448,31.411404,31.680652,31.967994,32.274084,32.599364,32.943962,33.307572,33.689303,34.087500,34.499526,34.921531,35.348197,35.772516,36.185631,36.576852,36.933968,37.244062,37.495072,37.678274,37.791556,37.842595,37.849837,37.838642,37.831821,37.838642,37.849837,37.842595,37.791556,37.678274,37.495072,37.244062,36.933968,36.576852,36.185631,35.772516,35.348197,34.921531,34.499526,34.087500,33.689303,33.307572,32.943962,32.599364,32.274084,31.967994,31.680652,31.411404,31.159448,30.923901,30.703835,30.498310,30.306396,30.127189,29.959821,29.803467,29.657348,29.520733,29.392940,29.273333,29.161321,29.056357,28.957935,28.865587,28.778880,28.697416,28.620827,28.548773,28.480941,28.417041,28.356807,28.299992,28.246368,28.195724,28.147866,28.102614,28.059801,28.019271,27.980883,27.944501,27.910004,27.877276,27.846211,27.816708,27.788677,27.762030,27.736687,27.712573,27.689619,27.667758,27.646930,27.627078,27.608148,27.590089,27.572855,27.556402,27.540688,27.525675,27.511326,27.497606,27.484483,27.471928,27.459911,27.448405,27.437386,27.426828,27.416710,27.407010,27.397708,27.388786,27.380224,27.372006,27.364116,27.356538,27.349259,27.342264,27.335541,27.329077,27.322861,27.316881,27.311128,27.305590,27.300260,27.295127,27.290183
1.6250,27.290429,27.295384,27.300529,27.305872,27.311422,27.317190,27.323184,27.329416,27.335896,27.342636,27.349649,27.356948,27.364546,27.372458,27.380698,27.389285,27.398233,27.407562,27.417291,27.427439,27.438029,27.449083,27.460625,27.472681,27.485277,27.498444,27.512210,27.526609,27.541676,27.557446,27.573959,27.591258,27.609385,27.628389,27.648320,27.669233,27.691184,27.714235,27.738453,27.763908,27.790675,27.818836,27.848478,27.879694,27.912584,27.947256,27.983826,28.022420,28.063171,28.106225,28.151739,28.199880,28.250832,28.304793,28.361975,28.422609,28.486946,28.555257,28.627835,28.704999,28.787094,28.874495,28.967607,29.066871,29.172764,29.285801,29.406542,29.535589,29.673592,29.821249,29.979307,30.148564,30.329865,30.524099,30.732190,30.955092,31.193765,31.449156,31.722163,32.013591,32.324092,32.654080,33.003631,33.372351,33.759206,34.162333,34.578800,35.004356,35.433165,35.857574,36.267985,36.652922,36.999475,37.294319,37.525548,37.685451,37.773936,37.801507,37.789629,37.766072,37.754998,37.766072,37.789629,37.801507,37.773936,37.685451,37.525548,37.294319,36.999475,36.652922,36.267985,35.857574,35.433165,35.004356,34.578800,34.162333,33.759206,33.372351,33.003631,32.654080,32.324092,32.013591,31.722163,31.449156,31.193765,30.955092,30.732190,30.524099,30.329865,30.148564,29.979307,29.821249,29.673592,29.535589,29.406542,29.285801,29.172764,29.066871,28.967607,28.874495,28.787094,28.704999,28.627835,28.555257,28.486946,28.422609,28.361975,28.304793,28.250832,28.199880,28.151739,28.106225,28.063171,28.022420,27.983826,27.947256,27.912584,27.879694,27.848478,27.818836,27.790675,27.763908,27.738453,27.714235,27.691184,27.669233,27.648320,27.628389,27.609385,27.591258,27.573959,27.557446,27.541676,27.526609,27.512210,27.498444,27.485277,27.472681,27.460625,27.449083,27.438029,27.427439,27.417291,27.407562,27.398233,27.389285,27.380698,27.372458,27.364546,27.356948,27.349649,27.342636,27.335896,27.329416,27.323184,27.317190,27.311422,27.305872,27.300529,27.295384,27.290429
1.7500,27.290694,27.295661,27.300819,27.306176,27.311741,27.317523,27.323533,27.329782,27.336280,27.343039,27.350072,27.357391,27.365011,27.372946,27.381211,27.389824,27.398800,27.408158,27.417918,27.428099,27.438724,27.449815,27.461397,27.473494,27.486136,27.499349,27.513166,27.527619,27.542743,27.558574,27.575153,27.592521,27.610723,27.629807,27.649823,27.670827,27.692876,27.716032,27.740363,27.765939,27.792836,27.821137,27.850930,27.882308,27.915374,27.950236,27.987012,28.025827,28.066819,28.110133,28.155929,28.204378,28.255665,28.309990,28.367569,28.428637,28.493448,28.562278,28.635424,28.713212,28.795992,28.884145,28.978086,29.078264,29.185164,29.299314,29.421285,29.551692,29.691201,29.840527,30.000434,30.171740,30.355311,30.552057,30.762929,30.988900,31.230953,31.490054,31.767113,32.062939,32.378171,32.713191,33.068009,33.442121,33.834329,34.242524,34.663437,35.092361,35.522881,35.946645,36.353265,36.730475,37.064723,37.342419,37.552060,37.687248,37.750162,37.754207,37.723661,37.688287,37.673197,37.688287,37.723661,37.754207,37.750162,37.687248,37.552060,37.342419,37.064723,36.730475,36.353265,35.946645,35.522881,35.092361,34.663437,34.242524,33.834329,33.442121,33.068009,32.713191,32.378171,32.062939,31.767113,31.490054,31.230953,30.988900,30.762929,30.552057,30.355311,30.171740,30.000434,29.840527,29.691201,29.551692,29.421285,29.299314,29.185164,29.078264,28.978086,28.884145,28.795992,28.713212,28.635424,28.562278,28.493448,28.428637,28.367569,28.309990,28.255665,28.204378,28.155929,28.110133,28.066819,28.025827,27.987012,27.950236,27.915374,27.882308,27.850930,27.821137,27.792836,27.765939,27.740363,27.716032,27.692876,27.670827,27.649823,27.629807,27.610723,27.592521,27.575153,27.558574,27.542743,27.527619,27.513166,27.499349,27.486136,27.473494,27.461397,27.449815,27.438724,27.428099,27.417918,27.408158,27.398800,27.389824,27.381211,27.372946,27.365011,27.357391,27.350072,27.343039,27.336280,27.329782,27.323533,27.317523,27.311741,27.306176,27.300819,27.295661,27.290694
1.8750,27.290979,27.295960,27.301131,27.306502,27.312083,27.317881,27.323909,27.330175,27.336692,27.343471,27.350525,27.357867,27.365511,27.373471,27.381763,27.390403,27.399409,27.408799,27.418592,27.428809,27.439471,27.450602,27.462226,27.474369,27.487058,27.500323,27.514194,27.528705,27.543891,27.559788,27.576437,27.593880,27.612162,27.631332,27.651440,27.672542,27.694696,27.717966,27.742418,27.768124,27.795162,27.823614,27.853569,27.885123,27.918377,27.953443,27.990440,28.029494,28.070745,28.114340,28.160442,28.209222,28.260869,28.315587,28.373595,28.435130,28.500453,28.569842,28.643602,28.722062,28.805581,28.894547,28.989382,29.090545,29.198533,29.313884,29.437183,29.569059,29.710194,29.861320,30.023222,30.196738,30.382757,30.582214,30.796080,31.025356,31.271044,31.534129,31.815532,32.116060,32.436335,32.776694,33.137069,33.516825,33.914567,34.327906,34.753183,35.185185,35.616856,36.039090,36.440681,36.808586,37.128698,37.387348,37.573703,37.682978,37.719839,37.700583,37.652027,37.605495,37.586659,37.605495,37.652027,37.700583,37.719839,37.682978,37.573703,37.387348,37.128698,36.808586,36.440681,36.039090,35.616856,35.185185,34.753183,34.327906,33.914567,33.516825,33.137069,32.776694,32.436335,32.116060,31.815532,31.534129,31.271044,31.025356,30.796080,30.582214,30.382757,30.196738,30.023222,29.861320,29.710194,29.569059,29.437183,29.313884,29.198533,29.090545,28.989382,28.894547,28.805581,28.722062,28.643602,28.569842,28.500453,28.435130,28.373595,28.315587,28.260869,28.209222,28.160442,28.114340,28.070745,28.029494,27.990440,27.953443,27.918377,27.885123,27.853569,27.823614,27.795162,27.768124,27.742418,27.717966,27.694696,27.672542,27.651440,27.631332,27.612162,27.593880,27.576437,27.559788,27.543891,27.528705,27.514194,27.500323,27.487058,27.474369,27.462226,27.450602,27.439471,27.428809,27.418592,27.408799,27.399409,27.390403,27.381763,27.373471,27.365511,27.357867,27.350525,27.343471,27.336692,27.330175,27.323909,27.317881,27.312083,27.306502,27.301131,27.295960,27.290979
2.0000,27.291284,27.296279,27.301465,27.306852,27.312449,27.318265,27.324310,27.330596,27.337133,27.343934,27.351011,27.358377,27.366046,27.374033,27.382353,27.391023,27.400061,27.409485,27.419314,27.429569,27.440271,27.451445,27.463114,27.475306,27.488046,27.501366,27.515295,27.529868,27.545119,27.561087,27.577812,27.595335,27.613703,27.632965,27.653171,27.674379,27.696646,27.720036,27.744618,27.770464,27.797652,27.826266,27.856396,27.888137,27.921595,27.956880,27.994113,28.033424,28.074953,28.118850,28.165278,28.214414,28.266449,28.321588,28.380056,28.442094,28.507965,28.577956,28.652374,28.731557,28.815869,28.905708,29.001505,29.103727,29.212883,29.329525,29.454251,29.587705,29.730587,29.883648,30.047694,30.223585,30.412232,30.614597,30.831675,31.064491,31.314069,31.581411,31.867445,32.172974,32.498593,32.844584,33.210780,33.596393,33.999800,34.418287,34.847759,35.282434,35.714560,36.134232,36.529408,36.886309,37.190397,37.428138,37.589660,37.672072,37.682684,37.640608,37.574874,37.517923,37.495632,37.517923,37.574874,37.640608,37.682684,37.672072,37.589660,37.428138,37.190397,36.886309,36.529408,36.134232,35.714560,35.282434,34.847759,34.418287,33.999800,33.596393,33.210780,32.844584,32.498593,32.172974,31.867445,31.581411,31.314069,31.064491,30.831675,30.614597,30.412232,30.223585,30.047694,29.883648,29.730587,29.587705,29.454251,29.329525,29.212883,29.103727,29.001505,28.905708,28.815869,28.731557,28.652374,28.577956,28.507965,28.442094,28.380056,28.321588,28.266449,28.214414,28.165278,28.118850,28.074953,28.033424,27.994113,27.956880,27.921595,27.888137,27.856396,27.826266,27.797652,27.770464,27.744618,27.720036,27.696646,27.674379,27.653171,27.632965,27.613703,27.595335,27.577812,27.561087,27.545119,27.529868,27.515295,27.501366,27.488046,27.475306,27.463114,27.451445,27.440271,27.429569,27.419314,27.409485,27.400061,27.391023,27.382353,27.374033,27.366046,27.358377,27.351011,27.343934,27.337133,27.330596,27.324310,27.318265,27.312449,27.306852,27.301465,27.296279,27.291284
2.1250,27.291610,27.296619,27.301821,27.307225,27.312839,27.318673,27.324738,27.331045,27.337604,27.344427,27.351528,27.358920,27.366616,27.374631,27.382982,27.391685,27.400756,27.410216,27.420083,27.430378,27.441124,27.452343,27.464061,27.476304,27.489099,27.502477,27.516469,27.531108,27.546430,27.562473,27.579277,27.596887,27.615347,27.634706,27.655018,27.676337,27.698725,27.722245,27.746966,27.772961,27.800310,27.829097,27.859412,27.891355,27.925029,27.960548,27.998035,28.037620,28.079445,28.123664,28.170442,28.219959,28.272407,28.327997,28.386957,28.449532,28.515991,28.586625,28.661748,28.741704,28.826866,28.917639,29.014464,29.117821,29.228228,29.346252,29.472505,29.607650,29.752402,29.907535,30.073875,30.252305,30.443764,30.649236,30.869745,31.106338,31.360062,31.631931,31.922881,32.233702,32.564954,32.916847,33.289100,33.680743,34.089888,34.513452,34.946850,35.383674,35.815424,36.231354,36.618593,36.962695,37.248844,37.463889,37.599212,37.654075,37.638524,37.574335,37.492389,37.425814,37.400371,37.425814,37.492389,37.574335,37.638524,37.654075,37.599212,37.463889,37.248844,36.962695,36.618593,36.231354,35.815424,35.383674,34.946850,34.513452,34.089888,33.680743,33.289100,32.916847,32.564954,32.233702,31.922881,31.631931,31.360062,31.106338,30.869745,30.649236,30.443764,30.252305,30.073875,29.907535,29.752402,29.607650,29.472505,29.346252,29.228228,29.117821,29.014464,28.917639,28.826866,28.741704,28.661748,28.586625,28.515991,28.449532,28.386957,28.327997,28.272407,28.219959,28.170442,28.123664,28.079445,28.037620,27.998035,27.960548,27.925029,27.891355,27.859412,27.829097,27.800310,27.772961,27.746966,27.722245,27.698725,27.676337,27.655018,27.634706,27.615347,27.596887,27.579277,27.562473,27.546430,27.531108,27.516469,27.502477,27.489099,27.476304,27.464061,27.452343,27.441124,27.430378,27.420083,27.410216,27.400756,27.391685,27.382982,27.374631,27.366616,27.358920,27.351528,27.344427,27.337604,27.331045,27.324738,27.318673,27.312839,27.307225,27.301821,27.296619,27.291610
2.2500,27.291955,27.296980,27.302199,27.307620,27.313253,27.319107,27.325193,27.331521,27.338103,27.344951,27.352078,27.359496,27.367221,27.375267,27.383650,27.392387,27.401495,27.410992,27.420900,27.431238,27.442030,27.453298,27.465067,27.477365,27.490218,27.503658,27.517716,27.532425,27.547822,27.563945,27.580835,27.598536,27.617093,27.636557,27.656980,27.678420,27.700936,27.724594,27.749462,27.775616,27.803136,27.832106,27.862620,27.894776,27.928681,27.964450,28.002206,28.042082,28.084224,28.128786,28.175937,28.225859,28.278748,28.334819,28.394303,28.457451,28.524537,28.595856,28.671730,28.752511,28.838579,28.930350,29.028272,29.132839,29.244581,29.364080,29.491963,29.628911,29.775660,29.933002,30.101788,30.282927,30.477382,30.686164,30.910323,31.150931,31.409056,31.685723,31.981868,32.298262,32.635419,32.993466,33.371979,33.769778,34.184672,34.613161,35.050112,35.488438,35.918837,36.329705,36.707363,37.036796,37.303102,37.493777,37.601749,37.628650,37.587287,37.501889,37.404797,37.329423,37.301135,37.329423,37.404797,37.501889,37.587287,37.628650,37.601749,37.493777,37.303102,37.036796,36.707363,36.329705,35.918837,35.488438,35.050112,34.613161,34.184672,33.769778,33.371979,32.993466,32.635419,32.298262,31.981868,31.685723,31.409056,31.150931,30.910323,30.686164,30.477382,30.282927,30.101788,29.933002,29.775660,29.628911,29.491963,29.364080,29.244581,29.132839,29.028272,28.930350,28.838579,28.752511,28.671730,28.595856,28.524537,28.457451,28.394303,28.334819,28.278748,28.225859,28.175937,28.128786,28.084224,28.042082,28.002206,27.964450,27.928681,27.894776,27.862620,27.832106,27.803136,27.775616,27.749462,27.724594,27.700936,27.678420,27.656980,27.636557,27.617093,27.598536,27.580835,27.563945,27.547822,27.532425,27.517716,27.503658,27.490218,27.477365,27.465067,27.453298,27.442030,27.431238,27.420900,27.410992,27.401495,27.392387,27.383650,27.375267,27.367221,27.359496,27.352078,27.344951,27.338103,27.331521,27.325193,27.319107,27.313253,27.307620,27.302199,27.296980,27.291955
2.3750,27.292320,27.297362,27.302599,27.308039,27.313691,27.319566,27.325674,27.332025,27.338632,27.345506,27.352660,27.360107,27.367862,27.375941,27.384357,27.393130,27.402276,27.411815,27.421765,27.432149,27.442989,27.454308,27.466132,27.478488,27.491403,27.504909,27.519036,27.533820,27.549297,27.565505,27.582485,27.600283,27.618944,27.638518,27.659060,27.680626,27.703278,27.727082,27.752108,27.778430,27.806131,27.835297,27.866021,27.898403,27.932553,27.968586,28.006629,28.046815,28.089293,28.134220,28.181767,28.232119,28.285477,28.342058,28.402100,28.465857,28.533608,28.605656,28.682330,28.763988,28.851020,28.943850,29.042941,29.148794,29.261958,29.383025,29.512643,29.651509,29.800381,29.960074,30.131462,30.315480,30.513117,30.725414,30.953445,31.198307,31.461086,31.742817,32.044430,32.366670,32.709990,33.074415,33.459356,33.863387,34.283972,34.717144,35.157169,35.596220,36.024156,36.428505,36.794833,37.107684,37.352285,37.517065,37.596773,37.595572,37.528994,37.423451,37.312351,37.229017,37.198189,37.229017,37.312351,37.423451,37.528994,37.595572,37.596773,37.517065,37.352285,37.107684,36.794833,36.428505,36.024156,35.596220,35.157169,34.717144,34.283972,33.863387,33.459356,33.074415,32.709990,32.366670,32.044430,31.742817,31.461086,31.198307,30.953445,30.725414,30.513117,30.315480,30.131462,29.960074,29.800381,29.651509,29.512643,29.383025,29.261958,29.148794,29.042941,28.943850,28.851020,28.763988,28.682330,28.605656,28.533608,28.465857,28.402100,28.342058,28.285477,28.232119,28.181767,28.134220,28.089293,28.046815,28.006629,27.968586,27.932553,27.898403,27.866021,27.835297,27.806131,27.778430,27.752108,27.727082,27.703278,27.680626,27.659060,27.638518,27.618944,27.600283,27.582485,27.565505,27.549297,27.533820,27.519036,27.504909,27.491403,27.478488,27.466132,27.454308,27.442989,27.432149,27.421765,27.411815,27.402276,27.393130,27.384357,27.375941,27.367862,27.360107,27.352660,27.345506,27.338632,27.332025,27.325674,27.319566,27.313691,27.308039,27.302599,27.297362,27.292320
2.5000,27.292706,27.297766,27.303021,27.308481,27.314154,27.320051,27.326182,27.332558,27.339190,27.346091,27.353274,27.360752,27.368539,27.376651,27.385104,27.393915,27.403102,27.412683,27.422679,27.433111,27.444002,27.455376,27.467257,27.479674,27.492655,27.506230,27.520431,27.535294,27.550855,27.567153,27.584229,27.602128,27.620899,27.640590,27.661257,27.682958,27.705754,27.729712,27.754904,27.781404,27.809297,27.838669,27.869616,27.902239,27.936648,27.972961,28.011306,28.051821,28.094655,28.139968,28.187934,28.238742,28.292597,28.349720,28.410352,28.474754,28.543211,28.616032,28.693554,28.776142,28.864197,28.958152,29.058481,29.165701,29.280372,29.403105,29.534563,29.675465,29.826590,29.988776,30.162924,30.349993,30.551003,30.767020,30.999147,31.248502,31.516187,31.803245,32.110592,32.438938,32.788660,33.159660,33.551155,33.961440,34.387586,34.825106,35.267607,35.706476,36.130700,36.526951,36.880115,37.174456,37.395574,37.533113,37.583897,37.554728,37.463752,37.339257,37.215326,37.124867,37.091796,37.124867,37.215326,37.339257,37.463752,37.554728,37.583897,37.533113,37.395574,37.174456,36.880115,36.526951,36.130700,35.706476,35.267607,34.825106,34.387586,33.961440,33.551155,33.159660,32.788660,32.438938,32.110592,31.803245,31.516187,31.248502,30.999147,30.767020,30.551003,30.349993,30.162924,29.988776,29.826590,29.675465,29.534563,29.403105,29.280372,29.165701,29.058481,28.958152,28.864197,28.776142,28.693554,28.616032,28.543211,28.474754,28.410352,28.349720,28.292597,28.238742,28.187934,28.139968,28.094655,28.051821,28.011306,27.972961,27.936648,27.902239,27.869616,27.838669,27.809297,27.781404,27.754904,27.729712,27.705754,27.682958,27.661257,27.640590,27.620899,27.602128,27.584229,27.567153,27.550855,27.535294,27.520431,27.506230,27.492655,27.479674,27.467257,27.455376,27.444002,27.433111,27.422679,27.412683,27.403102,27.393915,27.385104,27.376651,27.368539,27.360752,27.353274,27.346091,27.339190,27.332558,27.326182,27.320051,27.314154,27.308481,27.303021,27.297766,27.292706
2.6250,27.293112,27.298191,27.303466,27.308946,27.314642,27.320562,27.326717,27.333118,27.339778,27.346708,27.353921,27.361430,27.369252,27.377400,27.385891,27.394742,27.403971,27.413597,27.423641,27.434124,27.445069,27.456500,27.468443,27.480924,27.493974,27.507622,27.521901,27.536847,27.552497,27.568889,27.586066,27.604074,27.622959,27.642774,27.663574,27.685416,27.708364,27.732485,27.757851,27.784541,27.812636,27.842226,27.873408,27.906284,27.940967,27.977576,28.016242,28.057103,28.100313,28.146033,28.194443,28.245733,28.300113,28.357809,28.419065,28.484150,28.553354,28.626993,28.705411,28.788985,28.878121,28.973267,29.074908,29.183574,29.299841,29.424337,29.557744,29.700802,29.854312,30.019137,30.196203,30.386500,30.591074,30.811020,31.047466,31.301553,31.574397,31.867039,32.180379,32.515075,32.871417,33.249157,33.647289,34.063788,34.495285,34.936718,35.380981,35.818629,36.237761,36.624225,36.962329,37.236250,37.432222,37.541386,37.562850,37.506103,37.391736,37.249581,37.114018,37.017250,36.982223,37.017250,37.114018,37.249581,37.391736,37.506103,37.562850,37.541386,37.432222,37.236250,36.962329,36.624225,36.237761,35.818629,35.380981,34.936718,34.495285,34.063788,33.647289,33.249157,32.871417,32.515075,32.180379,31.867039,31.574397,31.301553,31.047466,30.811020,30.591074,30.386500,30.196203,30.019137,29.854312,29.700802,29.557744,29.424337,29.299841,29.183574,29.074908,28.973267,28.878121,28.788985,28.705411,28.626993,28.553354,28.484150,28.419065,28.357809,28.300113,28.245733,28.194443,28.146033,28.100313,28.057103,28.016242,27.977576,27.940967,27.906284,27.873408,27.842226,27.812636,27.784541,27.757851,27.732485,27.708364,27.685416,27.663574,27.642774,27.622959,27.604074,27.586066,27.568889,27.552497,27.536847,27.521901,27.507622,27.493974,27.480924,27.468443,27.456500,27.445069,27.434124,27.423641,27.413597,27.403971,27.394742,27.385891,27.377400,27.369252,27.361430,27.353921,27.346708,27.339778,27.333118,27.326717,27.320562,27.314642,27.308946,27.303466,27.298191,27.293112
2.7500,27.293539,27.298637,27.303933,27.309435,27.315153,27.321098,27.327279,27.333707,27.340395,27.347355,27.354600,27.362144,27.370001,27.378187,27.386717,27.395611,27.404885,27.414558,27.424653,27.435189,27.446191,27.457682,27.469688,27.482238,27.495360,27.509085,27.523447,27.538480,27.554223,27.570715,27.587998,27.606119,27.625126,27.645071,27.666010,27.688001,27.711109,27.735402,27.760953,27.787840,27.816148,27.845968,27.877398,27.910541,27.945513,27.982434,28.021437,28.062664,28.106270,28.152421,28.201298,28.253097,28.308031,28.366330,28.428246,28.494052,28.564044,28.638546,28.717912,28.802525,28.892805,28.989208,29.092235,29.202429,29.320383,29.446742,29.582208,29.727543,29.883572,30.051183,30.231331,30.425034,30.633365,30.857450,31.098441,31.357499,31.635750,31.934230,32.253810,32.595088,32.958242,33.342852,33.747656,34.170262,34.606814,35.051621,35.496810,35.932066,36.344602,36.719495,37.040613,37.292256,37.461566,37.541451,37.533468,37.449774,37.313187,37.154728,37.008729,36.906444,36.869733,36.906444,37.008729,37.154728,37.313187,37.449774,37.533468,37.541451,37.461566,37.292256,37.040613,36.719495,36.344602,35.932066,35.496810,35.051621,34.606814,34.170262,33.747656,33.342852,32.958242,32.595088,32.253810,31.934230,31.635750,31.357499,31.098441,30.857450,30.633365,30.425034,30.231331,30.051183,29.883572,29.727543,29.582208,29.446742,29.320383,29.202429,29.092235,28.989208,28.892805,28.802525,28.717912,28.638546,28.564044,28.494052,28.428246,28.366330,28.308031,28.253097,28.201298,28.152421,28.106270,28.062664,28.021437,27.982434,27.945513,27.910541,27.877398,27.845968,27.816148,27.787840,27.760953,27.735402,27.711109,27.688001,27.666010,27.645071,27.625126,27.606119,27.587998,27.570715,27.554223,27.538480,27.523447,27.509085,27.495360,27.482238,27.469688,27.457682,27.446191,27.435189,27.424653,27.414558,27.404885,27.395611,27.386717,27.378187,27.370001,27.362144,27.354600,27.347355,27.340395,27.333707,27.327279,27.321098,27.315153,27.309435,27.303933,27.298637,27.293539
2.8750,27.293986,27.299105,27.304422,27.309948,27.315690,27.321660,27.327868,27.334325,27.341043,27.348034,27.355313,27.362892,27.370786,27.379011,27.387584,27.396522,27.405843,27.415566,27.425713,27.436306,27.447367,27.458921,27.470995,27.483616,27.496814,27.510620,27.525068,27.540193,27.556034,27.572630,27.590025,27.608266,27.627400,27.647482,27.668567,27.690715,27.713991,27.738464,27.764209,27.791305,27.819837,27.849899,27.881588,27.915013,27.950288,27.987537,28.026895,28.068507,28.112530,28.159134,28.208503,28.260838,28.316355,28.375290,28.437901,28.504465,28.575288,28.650701,28.731065,28.816774,28.908259,29.005989,29.110477,29.222282,29.342014,29.470338,29.607976,29.755712,29.914397,30.084946,30.268341,30.465629,30.677915,30.906350,31.152112,31.416378,31.700282,32.004846,32.330904,32.678974,33.049107,33.440679,33.852133,34.280671,34.721893,35.169424,35.614577,36.046145,36.450466,36.811933,37.114129,37.341721,37.483035,37.532983,37.495689,37.385898,37.228393,37.055031,36.899771,36.792726,36.754589,36.792726,36.899771,37.055031,37.228393,37.385898,37.495689,37.532983,37.483035,37.341721,37.114129,36.811933,36.450466,36.046145,35.614577,35.169424,34.721893,34.280671,33.852133,33.440679,33.049107,32.678974,32.330904,32.004846,31.700282,31.416378,31.152112,30.906350,30.677915,30.465629,30.268341,30.084946,29.914397,29.755712,29.607976,29.470338,29.342014,29.222282,29.110477,29.005989,28.908259,28.816774,28.731065,28.650701,28.575288,28.504465,28.437901,28.375290,28.316355,28.260838,28.208503,28.159134,28.112530,28.068507,28.026895,27.987537,27.950288,27.915013,27.881588,27.849899,27.819837,27.791305,27.764209,27.738464,27.713991,27.690715,27.668567,27.647482,27.627400,27.608266,27.590025,27.572630,27.556034,27.540193,27.525068,27.510620,27.496814,27.483616,27.470995,27.458921,27.447367,27.436306,27.425713,27.415566,27.405843,27.396522,27.387584,27.379011,27.370786,27.362892,27.355313,27.348034,27.341043,27.334325,27.327868,27.321660,27.315690,27.309948,27.304422,27.299105,27.293986
3.0000,27.294453,27.299594,27.304935,27.310484,27.316252,27.322248,27.328484,27.334971,27.341720,27.348745,27.356058,27.363674,27.371608,27.379875,27.388491,27.397476,27.406846,27.416621,27.426824,27.437475,27.448598,27.460219,27.472363,27.485059,27.498337,27.512228,27.526766,27.541987,27.557931,27.574637,27.592149,27.610514,27.629783,27.650008,27.671246,27.693558,27.717010,27.741673,27.767621,27.794935,27.823703,27.854019,27.885982,27.919701,27.955295,27.992889,28.032620,28.074636,28.119097,28.166177,28.216063,28.268961,28.325091,28.384695,28.448036,28.515399,28.587096,28.663466,28.744880,28.831743,28.924496,29.023623,29.129649,29.243151,29.364756,29.495148,29.635072,29.785337,29.946817,30.120456,30.307266,30.508323,30.724761,30.957759,31.208519,31.478231,31.768028,32.078916,32.411674,32.766729,33.143975,33.542557,33.960584,34.394800,34.840209,35.289701,35.733733,36.160192,36.554582,36.900713,37.182079,37.383964,37.496149,37.515762,37.449547,37.314705,37.137686,36.950834,36.787459,36.676372,36.637050,36.676372,36.787459,36.950834,37.137686,37.314705,37.449547,37.515762,37.496149,37.383964,37.182079,36.900713,36.554582,36.160192,35.733733,35.289701,34.840209,34.394800,33.960584,33.542557,33.143975,32.766729,32.411674,32.078916,31.768028,31.478231,31.208519,30.957759,30.724761,30.508323,30.307266,30.120456,29.946817,29.785337,29.635072,29.495148,29.364756,29.243151,29.129649,29.023623,28.924496,28.831743,28.744880,28.663466,28.587096,28.515399,28.448036,28.384695,28.325091,28.268961,28.216063,28.166177,28.119097,28.074636,28.032620,27.992889,27.955295,27.919701,27.885982,27.854019,27.823703,27.794935,27.767621,27.741673,27.717010,27.693558,27.671246,27.650008,27.629783,27.610514,27.592149,27.574637,27.557931,27.541987,27.526766,27.512228,27.498337,27.485059,27.472363,27.460219,27.448598,27.437475,27.426824,27.416621,27.406846,27.397476,27.388491,27.379875,27.371608,27.363674,27.356058,27.348745,27.341720,27.334971,27.328484,27.322248,27.316252,27.310484,27.304935,27.299594,27.294453
3.1250,27.294942,27.300105,27.305469,27.311044,27.316838,27.322863,27.329128,27.335646,27.342428,27.349487,27.356837,27.364492,27.372467,27.380777,27.389439,27.398472,27.407894,27.417724,27.427984,27.438697,27.449886,27.461575,27.473793,27.486567,27.499928,27.513908,27.528541,27.543863,27.559914,27.576734,27.594369,27.612866,27.632274,27.652649,27.674048,27.696532,27.720169,27.745030,27.771191,27.798735,27.827749,27.858330,27.890580,27.924608,27.960536,27.998491,28.038613,28.081053,28.125974,28.173553,28.223983,28.277471,28.334245,28.394551,28.458659,28.526860,28.599475,28.676851,28.759369,28.847444,28.941530,29.042124,29.149768,29.265053,29.388627,29.521194,29.663522,29.816443,29.980861,30.157747,30.348142,30.553153,30.773944,31.011720,31.267703,31.543095,31.839023,32.156463,32.496130,32.858337,33.242799,33.648392,34.072848,34.512406,34.961420,35.411993,35.853695,36.273511,36.656166,36.985028,37.243709,37.418379,37.500530,37.489670,37.395164,37.236482,37.041426,36.842497,36.672107,36.557652,36.517371,36.557652,36.672107,36.842497,37.041426,37.236482,37.395164,37.489670,37.500530,37.418379,37.243709,36.985028,36.656166,36.273511,35.853695,35.411993,34.961420,34.512406,34.072848,33.648392,33.242799,32.858337,32.496130,32.156463,31.839023,31.543095,31.267703,31.011720,30.773944,30.553153,30.348142,30.157747,29.980861,29.816443,29.663522,29.521194,29.388627,29.265053,29.149768,29.042124,28.941530,28.847444,28.759369,28.676851,28.599475,28.526860,28.458659,28.394551,28.334245,28.277471,28.223983,28.173553,28.125974,28.081053,28.038613,27.998491,27.960536,27.924608,27.890580,27.858330,27.827749,27.798735,27.771191,27.745030,27.720169,27.696532,27.674048,27.652649,27.632274,27.612866,27.594369,27.576734,27.559914,27.543863,27.528541,27.513908,27.499928,27.486567,27.473793,27.461575,27.449886,27.438697,27.427984,27.417724,27.407894,27.398472,27.389439,27.380777,27.372467,27.364492,27.356837,27.349487,27.342428,27.335646,27.329128,27.322863,27.316838,27.311044,27.305469,27.300105,27.294942
3.2500,27.295451,27.300638,27.306027,27.311628,27.317450,27.323503,27.329799,27.336350,27.343166,27.350262,27.357650,27.365345,27.373362,27.381718,27.390428,27.399512,27.408987,27.418874,27.429195,27.439972,27.451229,27.462991,27.475286,27.488142,27.501589,27.515662,27.530393,27.545821,27.561984,27.578925,27.596688,27.615321,27.634876,27.655407,27.676974,27.699638,27.723469,27.748537,27.774921,27.802704,27.831977,27.862835,27.895385,27.929737,27.966015,28.004348,28.044880,28.087764,28.133166,28.181268,28.232266,28.286374,28.343822,28.404865,28.469777,28.538857,28.612435,28.690866,28.774542,28.863889,28.959375,29.061509,29.170850,29.288008,29.413649,29.548499,29.693350,29.849061,30.016561,30.196851,30.391005,30.600159,30.825505,31.068274,31.329706,31.611010,31.913299,32.237509,32.584277,32.953777,33.345518,33.758070,34.188745,34.633221,35.085152,35.535808,35.973851,36.385382,36.754434,37.064093,37.298323,37.444445,37.495897,37.454685,37.332739,37.151566,36.939997,36.730379,36.554026,36.436834,36.395800,36.436834,36.554026,36.730379,36.939997,37.151566,37.332739,37.454685,37.495897,37.444445,37.298323,37.064093,36.754434,36.385382,35.973851,35.535808,35.085152,34.633221,34.188745,33.758070,33.345518,32.953777,32.584277,32.237509,31.913299,31.611010,31.329706,31.068274,30.825505,30.600159,30.391005,30.196851,30.016561,29.849061,29.693350,29.548499,29.413649,29.288008,29.170850,29.061509,28.959375,28.863889,28.774542,28.690866,28.612435,28.538857,28.469777,28.404865,28.343822,28.286374,28.232266,28.181268,28.133166,28.087764,28.044880,28.004348,27.966015,27.929737,27.895385,27.862835,27.831977,27.802704,27.774921,27.748537,27.723469,27.699638,27.676974,27.655407,27.634876,27.615321,27.596688,27.578925,27.561984,27.545821,27.530393,27.515662,27.501589,27.488142,27.475286,27.462991,27.451229,27.439972,27.429195,27.418874,27.408987,27.399512,27.390428,27.381718,27.373362,27.365345,27.357650,27.350262,27.343166,27.336350,27.329799,27.323503,27.317450,27.311628,27.306027,27.300638,27.295451
3.3750,27.295982,27.301193,27.306608,27.312236,27.318087,27.324171,27.330499,27.337083,27.343935,27.351068,27.358496,27.366234,27.374296,27.382698,27.391458,27.400595,27.410126,27.420073,27.430457,27.441300,27.452628,27.464466,27.476841,27.489782,27.503321,27.517490,27.532325,27.547862,27.564142,27.581208,27.599105,27.617881,27.637589,27.658284,27.680026,27.702878,27.726910,27.752195,27.778812,27.806845,27.836388,27.867537,27.900400,27.935091,27.971734,28.010463,28.051423,28.094771,28.140677,28.189326,28.240920,28.295675,28.353830,28.415644,28.481397,28.551399,28.625985,28.705522,28.790411,28.881092,28.978045,29.081794,29.192915,29.312036,29.439845,29.577089,29.724585,29.883219,30.053948,30.237806,30.435894,30.649380,30.879486,31.127464,31.394570,31.682013,31.990887,32.322073,32.676111,33.053018,33.452059,33.871462,34.308069,34.756947,35.210998,35.660621,36.093560,36.495072,36.848609,37.137159,37.345287,37.461727,37.482068,37.410877,37.262537,37.060333,36.833798,36.614845,36.433520,36.314176,36.272579,36.314176,36.433520,36.614845,36.833798,37.060333,37.262537,37.410877,37.482068,37.461727,37.345287,37.137159,36.848609,36.495072,36.093560,35.660621,35.210998,34.756947,34.308069,33.871462,33.452059,33.053018,32.676111,32.322073,31.990887,31.682013,31.394570,31.127464,30.879486,30.649380,30.435894,30.237806,30.053948,29.883219,29.724585,29.577089,29.439845,29.312036,29.192915,29.081794,28.978045,28.881092,28.790411,28.705522,28.625985,28.551399,28.481397,28.415644,28.353830,28.295675,28.240920,28.189326,28.140677,28.094771,28.051423,28.010463,27.971734,27.935091,27.900400,27.867537,27.836388,27.806845,27.778812,27.752195,27.726910,27.702878,27.680026,27.658284,27.637589,27.617881,27.599105,27.581208,27.564142,27.547862,27.532325,27.517490,27.503321,27.489782,27.476841,27.464466,27.452628,27.441300,27.430457,27.420073,27.410126,27.400595,27.391458,27.382698,27.374296,27.366234,27.358496,27.351068,27.343935,27.337083,27.330499,27.324171,27.318087,27.312236,27.306608,27.301193,27.295982
3.5000,27.296534,27.301771,27.307213,27.312869,27.318749,27.324865,27.331226,27.337845,27.344735,27.351907,27.359377,27.367158,27.375266,27.383718,27.392530,27.401722,27.411311,27.421320,27.431770,27.442683,27.454085,27.466001,27.478459,27.491490,27.505123,27.519393,27.534335,27.549987,27.566389,27.583585,27.601621,27.620547,27.640414,27.661279,27.683204,27.706253,27.730495,27.756006,27.782865,27.811161,27.840984,27.872437,27.905627,27.940671,27.977696,28.016838,28.058245,28.102078,28.148511,28.197733,28.249948,28.305381,28.364275,28.426894,28.493529,28.564494,28.640136,28.720830,28.806990,28.899066,28.997555,29.102995,29.215981,29.337158,29.467237,29.606988,29.757254,29.918948,30.093058,30.280647,30.482848,30.700860,30.935930,31.189334,31.462337,31.756143,32.071815,32.410168,32.771625,33.156016,33.562333,33.988417,34.430590,34.883258,35.338520,35.785875,36.212155,36.601838,36.937926,37.203519,37.384039,37.469884,37.458955,37.358396,37.184882,36.963189,36.723235,36.496250,36.310889,36.189931,36.147946,36.189931,36.310889,36.496250,36.723235,36.963189,37.184882,37.358396,37.458955,37.469884,37.384039,37.203519,36.937926,36.601838,36.212155,35.785875,35.338520,34.883258,34.430590,33.988417,33.562333,33.156016,32.771625,32.410168,32.071815,31.756143,31.462337,31.189334,30.935930,30.700860,30.482848,30.280647,30.093058,29.918948,29.757254,29.606988,29.467237,29.337158,29.215981,29.102995,28.997555,28.899066,28.806990,28.720830,28.640136,28.564494,28.493529,28.426894,28.364275,28.305381,28.249948,28.197733,28.148511,28.102078,28.058245,28.016838,27.977696,27.940671,27.905627,27.872437,27.840984,27.811161,27.782865,27.756006,27.730495,27.706253,27.683204,27.661279,27.640414,27.620547,27.601621,27.583585,27.566389,27.549987,27.534335,27.519393,27.505123,27.491490,27.478459,27.466001,27.454085,27.442683,27.431770,27.421320,27.411311,27.401722,27.392530,27.383718,27.375266,27.367158,27.359377,27.351907,27.344735,27.337845,27.331226,27.324865,27.318749,27.312869,27.307213,27.301771,27.296534
3.6250,27.297107,27.302370,27.307840,27.313526,27.319438,27.325586,27.331982,27.338638,27.345566,27.352779,27.360292,27.368118,27.376275,27.384778,27.393644,27.402893,27.412543,27.422616,27.433134,27.444120,27.455598,27.467596,27.480142,27.493265,27.506997,27.521371,27.536425,27.552196,27.568726,27.586058,27.604239,27.623319,27.643352,27.664396,27.686511,27.709764,27.734225,27.759972,27.787084,27.815652,27.845769,27.877538,27.911069,27.946481,27.983904,28.023478,28.065352,28.109691,28.156674,28.206492,28.259358,28.315498,28.375163,28.438625,28.506180,28.578153,28.654897,28.736801,28.824290,28.917827,29.017921,29.125131,29.240067,29.363396,29.495849,29.638224,29.791387,29.956282,30.133926,30.325413,30.531909,30.754640,30.994882,31.253927,31.533047,31.833434,32.156107,32.501802,32.870800,33.262718,33.676236,34.108764,34.556053,35.011794,35.467244,35.910983,36.328952,36.704933,37.021643,37.262516,37.414095,37.468665,37.426565,37.297468,37.100145,36.860560,36.608716,36.374948,36.186419,36.064343,36.022127,36.064343,36.186419,36.374948,36.608716,36.860560,37.100145,37.297468,37.426565,37.468665,37.414095,37.262516,37.021643,36.704933,36.328952,35.910983,35.467244,35.011794,34.556053,34.108764,33.676236,33.262718,32.870800,32.501802,32.156107,31.833434,31.533047,31.253927,30.994882,30.754640,30.531909,30.325413,30.133926,29.956282,29.791387,29.638224,29.495849,29.363396,29.240067,29.125131,29.017921,28.917827,28.824290,28.736801,28.654897,28.578153,28.506180,28.438625,28.375163,28.315498,28.259358,28.206492,28.156674,28.109691,28.065352,28.023478,27.983904,27.946481,27.911069,27.877538,27.845769,27.815652,27.787084,27.759972,27.734225,27.709764,27.686511,27.664396,27.643352,27.623319,27.604239,27.586058,27.568726,27.552196,27.536425,27.521371,27.506997,27.493265,27.480142,27.467596,27.455598,27.444120,27.433134,27.422616,27.412543,27.402893,27.393644,27.384778,27.376275,27.368118,27.360292,27.352779,27.345566,27.338638,27.331982,27.325586,27.319438,27.313526,27.307840,27.302370,27.297107
3.7500,27.297701,27.302992,27.308491,27.314207,27.320151,27.326334,27.332766,27.339460,27.346428,27.353683,27.361241,27.369115,27.377322,27.385877,27.394800,27.404108,27.413822,27.423961,27.434550,27.445611,27.457170,27.469253,27.481889,27.495108,27.508942,27.523426,27.538596,27.554491,27.571153,27.588626,27.606958,27.626200,27.646405,27.667634,27.689947,27.713413,27.738102,27.764094,27.791470,27.820321,27.850744,27.882842,27.916728,27.952525,27.990363,28.030385,28.072746,28.117614,28.165169,28.215611,28.269154,28.326032,28.386503,28.450844,28.519360,28.592384,28.670281,28.753449,28.842325,28.937388,29.039161,29.148220,29.265194,29.390772,29.525708,29.670824,29.827015,29.995254,30.176588,30.372144,30.583117,30.810765,31.056385,31.321287,31.606742,31.913919,32.243786,32.596977,32.973609,33.373056,33.793645,34.232305,34.684170,35.142166,35.596668,36.035331,36.443248,36.803616,37.099047,37.313554,37.435051,37.457915,37.384986,37.228385,37.008735,36.752887,36.490650,36.251281,36.060390,35.937647,35.895342,35.937647,36.060390,36.251281,36.490650,36.752887,37.008735,37.228385,37.384986,37.457915,37.435051,37.313554,37.099047,36.803616,36.443248,36.035331,35.596668,35.142166,34.684170,34.232305,33.793645,33.373056,32.973609,32.596977,32.243786,31.913919,31.606742,31.321287,31.056385,30.810765,30.583117,30.372144,30.176588,29.995254,29.827015,29.670824,29.525708,29.390772,29.265194,29.148220,29.039161,28.937388,28.842325,28.753449,28.670281,28.592384,28.519360,28.450844,28.386503,28.326032,28.269154,28.215611,28.165169,28.117614,28.072746,28.030385,27.990363,27.952525,27.916728,27.882842,27.850744,27.820321,27.791470,27.764094,27.738102,27.713413,27.689947,27.667634,27.646405,27.626200,27.606958,27.588626,27.571153,27.554491,27.538596,27.523426,27.508942,27.495108,27.481889,27.469253,27.457170,27.445611,27.434550,27.423961,27.413822,27.404108,27.394800,27.385877,27.377322,27.369115,27.361241,27.353683,27.346428,27.339460,27.332766,27.326334,27.320151,27.314207,27.308491,27.302992,27.297701
3.8750,27.298317,27.303637,27.309166,27.314914,27.320891,27.327109,27.333579,27.340312,27.347321,27.354621,27.362225,27.370148,27.378407,27.387018,27.395998,27.405368,27.415147,27.425357,27.436019,27.447158,27.458800,27.470971,27.483701,27.497020,27.510960,27.525557,27.540848,27.556872,27.573671,27.591291,27.609780,27.629189,27.649575,27.670995,27.693515,27.717201,27.742128,27.768374,27.796025,27.825171,27.855911,27.888352,27.922609,27.958805,27.997075,28.037565,28.080433,28.125850,28.174003,28.225093,28.279343,28.336991,28.398301,28.463559,28.533077,28.607199,28.686298,28.770785,28.861110,28.957765,29.061292,29.172282,29.291385,29.419311,29.556840,29.704818,29.864170,30.035898,30.221082,30.420879,30.636517,30.869279,31.120486,31.391457,31.683460,31.997630,32.334868,32.695686,33.080016,33.486948,33.914416,34.358823,34.814629,35.273951,35.726255,36.158279,36.554332,36.897157,37.169466,37.356101,37.446592,37.437564,37.334391,37.151495,36.911092,36.640617,36.369435,36.125578,35.933068,35.810067,35.767803,35.810067,35.933068,36.125578,36.369435,36.640617,36.911092,37.151495,37.334391,37.437564,37.446592,37.356101,37.169466,36.897157,36.554332,36.158279,35.726255,35.273951,34.814629,34.358823,33.914416,33.486948,33.080016,32.695686,32.334868,31.997630,31.683460,31.391457,31.120486,30.869279,30.636517,30.420879,30.221082,30.035898,29.864170,29.704818,29.556840,29.419311,29.291385,29.172282,29.061292,28.957765,28.861110,28.770785,28.686298,28.607199,28.533077,28.463559,28.398301,28.336991,28.279343,28.225093,28.174003,28.125850,28.080433,28.037565,27.997075,27.958805,27.922609,27.888352,27.855911,27.825171,27.796025,27.768374,27.742128,27.717201,27.693515,27.670995,27.649575,27.629189,27.609780,27.591291,27.573671,27.556872,27.540848,27.525557,27.510960,27.497020,27.483701,27.470971,27.458800,27.447158,27.436019,27.425357,27.415147,27.405368,27.395998,27.387018,27.378407,27.370148,27.362225,27.354621,27.347321,27.340312,27.333579,27.327109,27.320891,27.314914,27.309166,27.303637,27.298317
4.0000,27.298954,27.304304,27.309864,27.315645,27.321658,27.327912,27.334420,27.341194,27.348247,27.355592,27.363244,27.371218,27.379531,27.388199,27.397240,27.406674,27.416521,27.426802,27.437541,27.448761,27.460489,27.472752,27.485579,27.499001,27.513052,27.527767,27.543183,27.559340,27.576282,27.594054,27.612706,27.632289,27.652861,27.674481,27.697214,27.721131,27.746304,27.772815,27.800751,27.830203,27.861274,27.894072,27.928713,27.965324,28.004044,28.045021,28.088416,28.134406,28.183180,28.234946,28.289931,28.348382,28.410566,28.476779,28.547343,28.622608,28.702961,28.788823,28.880659,28.978976,29.084331,29.197336,29.318661,29.449038,29.589272,29.740236,29.902886,30.078252,30.267448,30.471662,30.692151,30.930228,31.187230,31.464482,31.763238,32.084594,32.429363,32.797917,33.189970,33.604293,34.038384,34.488069,34.947083,35.406693,35.855440,36.279168,36.661487,36.984845,37.232274,37.389700,37.448486,37.407636,37.275021,37.067190,36.807674,36.524199,36.245462,35.998157,35.804709,35.681819,35.639711,35.681819,35.804709,35.998157,36.245462,36.524199,36.807674,37.067190,37.275021,37.407636,37.448486,37.389700,37.232274,36.984845,36.661487,36.279168,35.855440,35.406693,34.947083,34.488069,34.038384,33.604293,33.189970,32.797917,32.429363,32.084594,31.763238,31.464482,31.187230,30.930228,30.692151,30.471662,30.267448,30.078252,29.902886,29.740236,29.589272,29.449038,29.318661,29.197336,29.084331,28.978976,28.880659,28.788823,28.702961,28.622608,28.547343,28.476779,28.410566,28.348382,28.289931,28.234946,28.183180,28.134406,28.088416,28.045021,28.004044,27.965324,27.928713,27.894072,27.861274,27.830203,27.800751,27.772815,27.746304,27.721131,27.697214,27.674481,27.652861,27.632289,27.612706,27.594054,27.576282,27.559340,27.543183,27.527767,27.513052,27.499001,27.485579,27.472752,27.460489,27.448761,27.437541,27.426802,27.416521,27.406674,27.397240,27.388199,27.379531,27.371218,27.363244,27.355592,27.348247,27.341194,27.334420,27.327912,27.321658,27.315645,27.309864,27.304304,27.298954
4.1250,27.299614,27.304994,27.310587,27.316402,27.322450,27.328742,27.335290,27.342107,27.349204,27.356596,27.364298,27.372325,27.380694,27.389421,27.398525,27.408025,27.417942,27.428298,27.439116,27.450420,27.462237,27.474595,27.487523,27.501053,27.515218,27.530054,27.545600,27.561896,27.578986,27.596916,27.615736,27.635501,27.656266,27.678093,27.701049,27.725203,27.750632,27.777419,27.805650,27.835421,27.866835,27.900003,27.935043,27.972087,28.011274,28.052757,28.096701,28.143285,28.192706,28.245176,28.300926,28.360211,28.423306,28.490514,28.562165,28.638622,28.720281,28.807578,28.900988,29.001037,29.108299,29.223405,29.347045,29.479978,29.623032,29.777111,29.943196,30.122353,30.315726,30.524534,30.750067,30.993658,31.256661,31.540403,31.846114,32.174834,32.527276,32.903647,33.303408,33.724976,34.165364,34.619769,35.081157,35.539908,35.983632,36.397323,36.764001,37.065998,37.286902,37.413969,37.440593,37.368232,37.207183,36.975903,36.698953,36.404076,36.119107,35.869323,35.675556,35.553109,35.511259,35.553109,35.675556,35.869323,36.119107,36.404076,36.698953,36.975903,37.207183,37.368232,37.440593,37.413969,37.286902,37.065998,36.764001,36.397323,35.983632,35.539908,35.081157,34.619769,34.165364,33.724976,33.303408,32.903647,32.527276,32.174834,31.846114,31.540403,31.256661,30.993658,30.750067,30.524534,30.315726,30.122353,29.943196,29.777111,29.623032,29.479978,29.347045,29.223405,29.108299,29.001037,28.900988,28.807578,28.720281,28.638622,28.562165,28.490514,28.423306,28.360211,28.300926,28.245176,28.192706,28.143285,28.096701,28.052757,28.011274,27.972087,27.935043,27.900003,27.866835,27.835421,27.805650,27.777419,27.750632,27.725203,27.701049,27.678093,27.656266,27.635501,27.615736,27.596916,27.578986,27.561896,27.545600,27.530054,27.515218,27.501053,27.487523,27.474595,27.462237,27.450420,27.439116,27.428298,27.417942,27.408025,27.398525,27.389421,27.380694,27.372325,27.364298,27.356596,27.349204,27.342107,27.335290,27.328742,27.322450,27.316402,27.310587,27.304994,27.299614
4.2500,27.300295,27.305707,27.311333,27.317184,27.323269,27.329601,27.336190,27.343050,27.350194,27.357635,27.365389,27.373470,27.381896,27.390684,27.399853,27.409422,27.419412,27.429845,27.440745,27.452136,27.464046,27.476502,27.489534,27.503175,27.517459,27.532421,27.548102,27.564541,27.581784,27.599878,27.618874,27.638825,27.659791,27.681833,27.705019,27.729420,27.755115,27.782186,27.810725,27.840827,27.872597,27.906149,27.941604,27.979097,28.018769,28.060777,28.105291,28.152494,28.202587,28.255788,28.312334,28.372487,28.436530,28.504773,28.577557,28.655254,28.738273,28.827062,28.922113,29.023967,29.133215,29.250510,29.376564,29.512160,29.658152,29.815473,29.985137,30.168240,30.365957,30.579542,30.810309,31.059615,31.328826,31.619261,31.932119,32.268370,32.628606,33.012841,33.420253,33.848860,34.295143,34.753620,35.216442,35.673077,36.110213,36.512057,36.861170,37.139970,37.332841,37.428607,37.422857,37.319533,37.131238,36.878096,36.585408,36.280683,35.990735,35.739363,35.545839,35.424130,35.382630,35.424130,35.545839,35.739363,35.990735,36.280683,36.585408,36.878096,37.131238,37.319533,37.422857,37.428607,37.332841,37.139970,36.861170,36.512057,36.110213,35.673077,35.216442,34.753620,34.295143,33.848860,33.420253,33.012841,32.628606,32.268370,31.932119,31.619261,31.328826,31.059615,30.810309,30.579542,30.365957,30.168240,29.985137,29.815473,29.658152,29.512160,29.376564,29.250510,29.133215,29.023967,28.922113,28.827062,28.738273,28.655254,28.577557,28.504773,28.436530,28.372487,28.312334,28.255788,28.202587,28.152494,28.105291,28.060777,28.018769,27.979097,27.941604,27.906149,27.872597,27.840827,27.810725,27.782186,27.755115,27.729420,27.705019,27.681833,27.659791,27.638825,27.618874,27.599878,27.581784,27.564541,27.548102,27.532421,27.517459,27.503175,27.489534,27.476502,27.464046,27.452136,27.440745,27.429845,27.419412,27.409422,27.399853,27.390684,27.381896,27.373470,27.365389,27.357635,27.350194,27.343050,27.336190,27.329601,27.323269,27.317184,27.311333,27.305707,27.300295
4.3750,27.300999,27.306444,27.312105,27.317991,27.324115,27.330487,27.337120,27.344025,27.351216,27.358708,27.366515,27.374653,27.383138,27.391990,27.401225,27.410865,27.420930,27.431443,27.442428,27.453909,27.465915,27.478472,27.491613,27.505369,27.519775,27.534868,27.550688,27.567276,27.584678,27.602941,27.622118,27.642264,27.663437,27.685701,27.709126,27.733784,27.759754,27.787121,27.815978,27.846422,27.878562,27.912513,27.948399,27.986357,28.026533,28.069087,28.114193,28.162038,28.212829,28.266789,28.324164,28.385219,28.450246,28.519566,28.593528,28.672516,28.756950,28.847293,28.944051,29.047783,29.159100,29.278674,29.407241,29.545609,29.694661,29.855358,30.028746,30.215952,30.418185,30.636728,30.872924,31.128147,31.403769,31.701096,32.021283,32.365216,32.733342,33.125454,33.540411,33.975788,34.427483,34.889288,35.352499,35.805653,36.234546,36.622679,36.952310,37.206157,37.369650,37.433397,37.395308,37.261791,37.047593,36.774249,36.467518,36.154445,35.860691,35.608551,35.415776,35.295068,35.253996,35.295068,35.415776,35.608551,35.860691,36.154445,36.467518,36.774249,37.047593,37.261791,37.395308,37.433397,37.369650,37.206157,36.952310,36.622679,36.234546,35.805653,35.352499,34.889288,34.427483,33.975788,33.540411,33.125454,32.733342,32.365216,32.021283,31.701096,31.403769,31.128147,30.872924,30.636728,30.418185,30.215952,30.028746,29.855358,29.694661,29.545609,29.407241,29.278674,29.159100,29.047783,28.944051,28.847293,28.756950,28.672516,28.593528,28.519566,28.450246,28.385219,28.324164,28.266789,28.212829,28.162038,28.114193,28.069087,28.026533,27.986357,27.948399,27.912513,27.878562,27.846422,27.815978,27.787121,27.759754,27.733784,27.709126,27.685701,27.663437,27.642264,27.622118,27.602941,27.584678,27.567276,27.550688,27.534868,27.519775,27.505369,27.491613,27.478472,27.465915,27.453909,27.442428,27.431443,27.420930,27.410865,27.401225,27.391990,27.383138,27.374653,27.366515,27.358708,27.351216,27.344025,27.337120,27.330487,27.324115,27.317991,27.312105,27.306444,27.300999
4.5000,27.301725,27.307204,27.312900,27.318825,27.324988,27.331402,27.338078,27.345030,27.352271,27.359815,27.367677,27.375873,27.384421,27.393337,27.402642,27.412355,27.422498,27.433094,27.444166,27.455741,27.467845,27.480508,27.493760,27.507635,27.522168,27.537397,27.553360,27.570102,27.587668,27.606107,27.625471,27.645818,27.667206,27.689701,27.713373,27.738296,27.764551,27.792225,27.821411,27.852211,27.884734,27.919098,27.955431,27.993871,28.034570,28.077690,28.123410,28.171923,28.223438,28.278188,28.336421,28.398414,28.464465,28.534904,28.610090,28.690419,28.776326,28.868285,28.966820,29.072506,29.185975,29.307921,29.439104,29.580357,29.732592,29.896801,30.074061,30.265531,30.472453,30.696141,30.937959,31.199300,31.481534,31.785944,32.113632,32.465378,32.841463,33.241428,33.663770,34.105579,34.562119,35.026410,35.488856,35.937065,36.355976,36.728499,37.036761,37.264009,37.396962,37.428206,37.358053,37.195318,36.956696,36.664859,36.345756,36.025768,35.729304,35.477143,35.285570,35.166095,35.125522,35.166095,35.285570,35.477143,35.729304,36.025768,36.345756,36.664859,36.956696,37.195318,37.358053,37.428206,37.396962,37.264009,37.036761,36.728499,36.355976,35.937065,35.488856,35.026410,34.562119,34.105579,33.663770,33.241428,32.841463,32.465378,32.113632,31.785944,31.481534,31.199300,30.937959,30.696141,30.472453,30.265531,30.074061,29.896801,29.732592,29.580357,29.439104,29.307921,29.185975,29.072506,28.966820,28.868285,28.776326,28.690419,28.610090,28.534904,28.464465,28.398414,28.336421,28.278188,28.223438,28.171923,28.123410,28.077690,28.034570,27.993871,27.955431,27.919098,27.884734,27.852211,27.821411,27.792225,27.764551,27.738296,27.713373,27.689701,27.667206,27.645818,27.625471,27.606107,27.587668,27.570102,27.553360,27.537397,27.522168,27.507635,27.493760,27.480508,27.467845,27.455741,27.444166,27.433094,27.422498,27.412355,27.402642,27.393337,27.384421,27.375873,27.367677,27.359815,27.352271,27.345030,27.338078,27.331402,27.324988,27.318825,27.312900,27.307204,27.301725
4.6250,27.302474,27.307987,27.313720,27.319684,27.325888,27.332345,27.339067,27.346067,27.353359,27.360957,27.368876,27.377132,27.385743,27.394728,27.404104,27.413893,27.424116,27.434797,27.445960,27.457630,27.469837,27.482608,27.495976,27.509975,27.524639,27.540007,27.556119,27.573020,27.590756,27.609376,27.628935,27.649489,27.671100,27.693833,27.717761,27.742959,27.769509,27.797500,27.827028,27.858196,27.891116,27.925908,27.962704,28.001645,28.042885,28.086593,28.132949,28.182154,28.234422,28.289990,28.349115,28.412081,28.479195,28.550796,28.627255,28.708979,28.796415,28.890054,28.990437,29.098156,29.213864,29.338276,29.472180,29.616434,29.771979,29.939838,30.121121,30.317019,30.528807,30.757826,31.005462,31.273119,31.562162,31.873842,32.209187,32.568858,32.952940,33.360689,33.790200,34.238029,34.698758,35.164589,35.625013,36.066712,36.473840,36.828835,37.113895,37.313033,37.414487,37.412983,37.311277,37.120484,36.859022,36.550428,36.220587,35.895046,35.596885,35.345382,35.155414,35.037374,34.997360,35.037374,35.155414,35.345382,35.596885,35.895046,36.220587,36.550428,36.859022,37.120484,37.311277,37.412983,37.414487,37.313033,37.113895,36.828835,36.473840,36.066712,35.625013,35.164589,34.698758,34.238029,33.790200,33.360689,32.952940,32.568858,32.209187,31.873842,31.562162,31.273119,31.005462,30.757826,30.528807,30.317019,30.121121,29.939838,29.771979,29.616434,29.472180,29.338276,29.213864,29.098156,28.990437,28.890054,28.796415,28.708979,28.627255,28.550796,28.479195,28.412081,28.349115,28.289990,28.234422,28.182154,28.132949,28.086593,28.042885,28.001645,27.962704,27.925908,27.891116,27.858196,27.827028,27.797500,27.769509,27.742959,27.717761,27.693833,27.671100,27.649489,27.628935,27.609376,27.590756,27.573020,27.556119,27.540007,27.524639,27.509975,27.495976,27.482608,27.469837,27.457630,27.445960,27.434797,27.424116,27.413893,27.404104,27.394728,27.385743,27.377132,27.368876,27.360957,27.353359,27.346067,27.339067,27.332345,27.325888,27.319684,27.313720,27.307987,27.302474
4.7500,27.303245,27.308795,27.314566,27.320569,27.326816,27.333318,27.340087,27.347136,27.354481,27.362134,27.370111,27.378430,27.387107,27.396161,27.405611,27.415478,27.425785,27.436553,27.447810,27.459579,27.471891,27.484775,27.498262,27.512388,27.527187,27.542700,27.558966,27.576031,27.593943,27.612751,27.632510,27.653279,27.675120,27.698100,27.722292,27.747774,27.774629,27.802949,27.832831,27.864380,27.897710,27.932946,27.970221,28.009681,28.051483,28.095799,28.142816,28.192737,28.245786,28.302203,28.362254,28.426230,28.494448,28.567256,28.645036,28.728209,28.817234,28.912619,29.014922,29.124753,29.242788,29.369766,29.506497,29.653870,29.812855,29.984507,30.169967,30.370461,30.587293,30.821830,31.075481,31.349652,31.645696,31.964819,32.307964,32.675647,33.067730,33.483147,33.919550,34.372908,34.837077,35.303399,35.760437,36.193977,36.587464,36.923023,37.183128,37.352800,37.422013,37.387760,37.255234,37.037704,36.755069,36.431457,36.092462,35.762651,35.463727,35.213493,35.025486,34.909059,34.869656,34.909059,35.025486,35.213493,35.463727,35.762651,36.092462,36.431457,36.755069,37.037704,37.255234,37.387760,37.422013,37.352800,37.183128,36.923023,36.587464,36.193977,35.760437,35.303399,34.837077,34.372908,33.919550,33.483147,33.067730,32.675647,32.307964,31.964819,31.645696,31.349652,31.075481,30.821830,30.587293,30.370461,30.169967,29.984507,29.812855,29.653870,29.506497,29.369766,29.242788,29.124753,29.014922,28.912619,28.817234,28.728209,28.645036,28.567256,28.494448,28.426230,28.362254,28.302203,28.245786,28.192737,28.142816,28.095799,28.051483,28.009681,27.970221,27.932946,27.897710,27.864380,27.832831,27.802949,27.774629,27.747774,27.722292,27.698100,27.675120,27.653279,27.632510,27.612751,27.593943,27.576031,27.558966,27.542700,27.527187,27.512388,27.498262,27.484775,27.471891,27.459579,27.447810,27.436553,27.425785,27.415478,27.405611,27.396161,27.387107,27.378430,27.370111,27.362134,27.354481,27.347136,27.340087,27.333318,27.326816,27.320569,27.314566,27.308795,27.303245
4.8750,27.304039,27.309626,27.315436,27.321481,27.327771,27.334319,27.341136,27.348237,27.355636,27.363346,27.371384,27.379767,27.388512,27.397638,27.407164,27.417112,27.427504,27.438363,27.449716,27.461588,27.474009,27.487008,27.500619,27.514876,27.529815,27.545476,27.561902,27.579137,27.597230,27.616231,27.636198,27.657189,27.679267,27.702502,27.726968,27.752744,27.779915,27.808575,27.838822,27.870765,27.904521,27.940216,27.977987,28.017984,28.060367,28.105314,28.153015,28.203680,28.257537,28.314835,28.375847,28.440871,28.510233,28.584294,28.663446,28.748122,28.838798,28.935997,29.040294,29.152321,29.272773,29.402416,29.542085,29.692698,29.855256,30.030846,30.220641,30.425900,30.647957,30.888203,31.148063,31.428943,31.732173,32.058903,32.409973,32.785727,33.185778,33.608697,34.051645,34.509959,34.976720,35.442381,35.894572,36.318223,36.696178,37.010419,37.243921,37.382952,37.419411,37.352647,37.190240,36.947432,36.645348,36.308444,35.961816,35.628935,35.330103,35.081686,34.895953,34.781290,34.742543,34.781290,34.895953,35.081686,35.330103,35.628935,35.961816,36.308444,36.645348,36.947432,37.190240,37.352647,37.419411,37.382952,37.243921,37.010419,36.696178,36.318223,35.894572,35.442381,34.976720,34.509959,34.051645,33.608697,33.185778,32.785727,32.409973,32.058903,31.732173,31.428943,31.148063,30.888203,30.647957,30.425900,30.220641,30.030846,29.855256,29.692698,29.542085,29.402416,29.272773,29.152321,29.040294,28.935997,28.838798,28.748122,28.663446,28.584294,28.510233,28.440871,28.375847,28.314835,28.257537,28.203680,28.153015,28.105314,28.060367,28.017984,27.977987,27.940216,27.904521,27.870765,27.838822,27.808575,27.779915,27.752744,27.726968,27.702502,27.679267,27.657189,27.636198,27.616231,27.597230,27.579137,27.561902,27.545476,27.529815,27.514876,27.500619,27.487008,27.474009,27.461588,27.449716,27.438363,27.427504,27.417112,27.407164,27.397638,27.388512,27.379767,27.371384,27.363346,27.355636,27.348237,27.341136,27.334319,27.327771,27.321481,27.315436,27.309626,27.304039
5.0000,27.304856,27.310481,27.316332,27.322419,27.328754,27.335349,27.342217,27.349371,27.356825,27.364594,27.372695,27.381144,27.389959,27.399158,27.408763,27.418794,27.429274,27.440227,27.451680,27.463658,27.476191,27.489310,27.503047,27.517439,27.532523,27.548338,27.564928,27.582338,27.600618,27.619820,27.640000,27.661220,27.683545,27.707043,27.731792,27.757871,27.785369,27.814379,27.845005,27.877356,27.911551,27.947721,27.986006,28.026559,28.069544,28.115144,28.163554,28.214989,28.269684,28.327895,28.389902,28.456012,28.526562,28.601922,28.682498,28.768735,28.861125,28.960206,29.066574,29.180880,29.303844,29.436254,29.578975,29.732953,29.899220,30.078895,30.273186,30.483382,30.710847,30.956993,31.223255,31.511036,31.821630,32.156117,32.515215,32.899073,33.307015,33.737211,34.186288,34.648898,35.117305,35.581049,36.026835,36.438803,36.799318,37.090412,37.295793,37.403204,37.406630,37.307827,37.116664,36.850153,36.530379,36.181876,35.829065,35.494231,35.196269,34.950156,34.766969,34.654201,34.616147,34.654201,34.766969,34.950156,35.196269,35.494231,35.829065,36.181876,36.530379,36.850153,37.116664,37.307827,37.406630,37.403204,37.295793,37.090412,36.799318,36.438803,36.026835,35.581049,35.117305,34.648898,34.186288,33.737211,33.307015,32.899073,32.515215,32.156117,31.821630,31.511036,31.223255,30.956993,30.710847,30.483382,30.273186,30.078895,29.899220,29.732953,29.578975,29.436254,29.303844,29.180880,29.066574,28.960206,28.861125,28.768735,28.682498,28.601922,28.526562,28.456012,28.389902,28.327895,28.269684,28.214989,28.163554,28.115144,28.069544,28.026559,27.986006,27.947721,27.911551,27.877356,27.845005,27.814379,27.785369,27.757871,27.731792,27.707043,27.683545,27.661220,27.640000,27.619820,27.600618,27.582338,27.564928,27.548338,27.532523,27.517439,27.503047,27.489310,27.476191,27.463658,27.451680,27.440227,27.429274,27.418794,27.408763,27.399158,27.389959,27.381144,27.372695,27.364594,27.356825,27.349371,27.342217,27.335349,27.328754,27.322419,27.316332,27.310481,27.304856
5.1250,27.305697,27.311361,27.317253,27.323384,27.329766,27.336409,27.343329,27.350537,27.358048,27.365879,27.374043,27.382560,27.391447,27.400723,27.410409,27.420526,27.431097,27.442146,27.453701,27.465788,27.478437,27.491679,27.505548,27.520079,27.535312,27.551286,27.568045,27.585636,27.604109,27.623517,27.643919,27.665375,27.687953,27.711724,27.736764,27.763157,27.790992,27.820366,27.851382,27.884155,27.918805,27.955467,27.994283,28.035410,28.079019,28.125294,28.174438,28.226671,28.282234,28.341390,28.404429,28.471665,28.543447,28.620154,28.702206,28.790063,28.884231,28.985266,29.093783,29.210456,29.336027,29.471310,29.617199,29.774669,29.944784,30.128697,30.327646,30.542954,30.776010,31.028247,31.301105,31.595972,31.914099,32.256480,32.623685,33.015644,33.431356,33.868546,34.323255,34.789410,35.258416,35.718885,36.156624,36.555060,36.896234,37.162428,37.338324,37.413346,37.383702,37.253552,37.034926,36.746375,36.410681,36.052228,35.694605,35.358851,35.062461,34.819083,34.638678,34.527913,34.490583,34.527913,34.638678,34.819083,35.062461,35.358851,35.694605,36.052228,36.410681,36.746375,37.034926,37.253552,37.383702,37.413346,37.338324,37.162428,36.896234,36.555060,36.156624,35.718885,35.258416,34.789410,34.323255,33.868546,33.431356,33.015644,32.623685,32.256480,31.914099,31.595972,31.301105,31.028247,30.776010,30.542954,30.327646,30.128697,29.944784,29.774669,29.617199,29.471310,29.336027,29.210456,29.093783,28.985266,28.884231,28.790063,28.702206,28.620154,28.543447,28.471665,28.404429,28.341390,28.282234,28.226671,28.174438,28.125294,28.079019,28.035410,27.994283,27.955467,27.918805,27.884155,27.851382,27.820366,27.790992,27.763157,27.736764,27.711724,27.687953,27.665375,27.643919,27.623517,27.604109,27.585636,27.568045,27.551286,27.535312,27.520079,27.505548,27.491679,27.478437,27.465788,27.453701,27.442146,27.431097,27.420526,27.410409,27.400723,27.391447,27.382560,27.374043,27.365879,27.358048,27.350537,27.343329,27.336409,27.329766,27.323384,27.317253,27.311361,27.305697
5.2500,27.306561,27.312266,27.318201,27.324377,27.330805,27.337499,27.344472,27.351736,27.359306,27.367199,27.375430,27.384017,27.392978,27.402333,27.412102,27.422307,27.432972,27.444121,27.455781,27.467980,27.480748,27.494117,27.508121,27.522797,27.538183,27.554320,27.571254,27.589031,27.607703,27.627325,27.647955,27.669655,27.692495,27.716547,27.741888,27.768605,27.796789,27.826537,27.857958,27.891166,27.926286,27.963455,28.002821,28.044543,28.088796,28.135771,28.185674,28.238733,28.295194,28.355330,28.419437,28.487841,28.560899,28.639003,28.722586,28.812122,28.908134,29.011197,29.121944,29.241073,29.369349,29.507614,29.656789,29.817881,29.991987,30.180291,30.384066,30.604664,30.843497,31.102015,31.381658,31.683791,32.009609,32.360001,32.735369,33.135388,33.558697,34.002531,34.462298,34.931151,35.399607,35.855345,36.283317,36.666340,36.986296,37.225941,37.371157,37.413248,37.350733,37.190136,36.945484,36.636620,36.286770,35.919956,35.558812,35.223084,34.928897,34.688632,34.511211,34.402540,34.365958,34.402540,34.511211,34.688632,34.928897,35.223084,35.558812,35.919956,36.286770,36.636620,36.945484,37.190136,37.350733,37.413248,37.371157,37.225941,36.986296,36.666340,36.283317,35.855345,35.399607,34.931151,34.462298,34.002531,33.558697,33.135388,32.735369,32.360001,32.009609,31.683791,31.381658,31.102015,30.843497,30.604664,30.384066,30.180291,29.991987,29.817881,29.656789,29.507614,29.369349,29.241073,29.121944,29.011197,28.908134,28.812122,28.722586,28.639003,28.560899,28.487841,28.419437,28.355330,28.295194,28.238733,28.185674,28.135771,28.088796,28.044543,28.002821,27.963455,27.926286,27.891166,27.857958,27.826537,27.796789,27.768605,27.741888,27.716547,27.692495,27.669655,27.647955,27.627325,27.607703,27.589031,27.571254,27.554320,27.538183,27.522797,27.508121,27.494117,27.480748,27.467980,27.455781,27.444121,27.432972,27.422307,27.412102,27.402333,27.392978,27.384017,27.375430,27.367199,27.359306,27.351736,27.344472,27.337499,27.330805,27.324377,27.318201,27.312266,27.306561
5.3750,27.307449,27.313195,27.319174,27.325396,27.331874,27.338619,27.345646,27.352968,27.360600,27.368557,27.376856,27.385515,27.394552,27.403988,27.413842,27.424138,27.434900,27.446151,27.457920,27.470235,27.483126,27.496626,27.510769,27.525593,27.541137,27.557443,27.574556,27.592526,27.611404,27.631245,27.652110,27.674063,27.697172,27.721513,27.747166,27.774218,27.802761,27.832896,27.864734,27.898392,27.933998,27.971692,28.011625,28.053962,28.098882,28.146580,28.197269,28.251182,28.308574,28.369724,28.434937,28.504550,28.578930,28.658482,28.743651,28.834929,28.932853,29.038019,29.151079,29.272755,29.403838,29.545195,29.697779,29.862628,30.040870,30.233723,30.442493,30.668558,30.913355,31.178343,31.464958,31.774530,32.108184,32.466685,32.850242,33.258240,33.688918,34.138975,34.603139,35.073746,35.540401,35.989861,36.406280,36.771993,37.068905,37.280475,37.394012,37.402859,37.307902,37.117948,36.848826,36.521421,36.159152,35.785500,35.422038,35.087201,34.795779,34.558956,34.384687,34.278185,34.242372,34.278185,34.384687,34.558956,34.795779,35.087201,35.422038,35.785500,36.159152,36.521421,36.848826,37.117948,37.307902,37.402859,37.394012,37.280475,37.068905,36.771993,36.406280,35.989861,35.540401,35.073746,34.603139,34.138975,33.688918,33.258240,32.850242,32.466685,32.108184,31.774530,31.464958,31.178343,30.913355,30.668558,30.442493,30.233723,30.040870,29.862628,29.697779,29.545195,29.403838,29.272755,29.151079,29.038019,28.932853,28.834929,28.743651,28.658482,28.578930,28.504550,28.434937,28.369724,28.308574,28.251182,28.197269,28.146580,28.098882,28.053962,28.011625,27.971692,27.933998,27.898392,27.864734,27.832896,27.802761,27.774218,27.747166,27.721513,27.697172,27.674063,27.652110,27.631245,27.611404,27.592526,27.574556,27.557443,27.541137,27.525593,27.510769,27.496626,27.483126,27.470235,27.457920,27.446151,27.434900,27.424138,27.413842,27.403988,27.394552,27.385515,27.376856,27.368557,27.360600,27.352968,27.345646,27.338619,27.331874,27.325396,27.319174,27.313195,27.307449
5.5000,27.308360,27.314149,27.320173,27.326443,27.332971,27.339770,27.346853,27.354234,27.361928,27.369951,27.378321,27.387054,27.396170,27.405688,27.415631,27.426021,27.436881,27.448238,27.460119,27.472553,27.485571,27.499205,27.513492,27.528468,27.544175,27.560655,27.577954,27.596121,27.615211,27.635279,27.656386,27.678598,27.701987,27.726627,27.752601,27.779997,27.808911,27.839446,27.871714,27.905837,27.941945,27.980181,28.020701,28.063673,28.109282,28.157728,28.209229,28.264026,28.322381,28.384580,28.450939,28.521804,28.597553,28.678605,28.765419,28.858501,28.958408,29.065753,29.181213,29.305531,29.439523,29.584088,29.740206,29.908947,30.091474,30.289037,30.502972,30.734685,30.985633,31.257281,31.551048,31.868223,32.209843,32.576530,32.968267,33.384118,33.821878,34.277662,34.745473,35.216791,35.680295,36.121843,36.524874,36.871380,37.143497,37.325613,37.406677,37.382205,37.255457,37.037407,36.745467,36.401309,36.028320,35.649275,35.284611,34.951449,34.663291,34.430194,34.259218,34.154943,34.119913,34.154943,34.259218,34.430194,34.663291,34.951449,35.284611,35.649275,36.028320,36.401309,36.745467,37.037407,37.255457,37.382205,37.406677,37.325613,37.143497,36.871380,36.524874,36.121843,35.680295,35.216791,34.745473,34.277662,33.821878,33.384118,32.968267,32.576530,32.209843,31.868223,31.551048,31.257281,30.985633,30.734685,30.502972,30.289037,30.091474,29.908947,29.740206,29.584088,29.439523,29.305531,29.181213,29.065753,28.958408,28.858501,28.765419,28.678605,28.597553,28.521804,28.450939,28.384580,28.322381,28.264026,28.209229,28.157728,28.109282,28.063673,28.020701,27.980181,27.941945,27.905837,27.871714,27.839446,27.808911,27.779997,27.752601,27.726627,27.701987,27.678598,27.656386,27.635279,27.615211,27.596121,27.577954,27.560655,27.544175,27.528468,27.513492,27.499205,27.485571,27.472553,27.460119,27.448238,27.436881,27.426021,27.415631,27.405688,27.396170,27.387054,27.378321,27.369951,27.361928,27.354234,27.346853,27.339770,27.332971,27.326443,27.320173,27.314149,27.308360
5.6250,27.309296,27.315129,27.321199,27.327518,27.334098,27.340951,27.348092,27.355534,27.363292,27.371384,27.379825,27.388634,27.397831,27.407435,27.417469,27.427955,27.438917,27.450383,27.462379,27.474935,27.488083,27.501856,27.516290,27.531424,27.547298,27.563957,27.581447,27.599819,27.619126,27.639427,27.660785,27.683265,27.706940,27.731888,27.758193,27.785945,27.815242,27.846190,27.878903,27.913505,27.950131,27.988927,28.030053,28.073682,28.120002,28.169221,28.221563,28.277274,28.336625,28.399910,28.467455,28.539615,28.616782,28.699388,28.787905,28.882857,28.984818,29.094423,29.212370,29.339425,29.476435,29.624323,29.784104,29.956878,30.143842,30.346278,30.565552,30.803096,31.060381,31.338873,31.639969,31.964900,32.314600,32.689521,33.089394,33.512923,33.957413,34.418350,34.888963,35.359849,35.818756,36.250683,36.638454,36.963884,37.209551,37.361004,37.409020,37.351386,37.193707,36.948969,36.635936,36.276815,35.894750,35.511675,35.146838,34.816058,34.531601,34.302470,34.134903,34.032899,33.998664,34.032899,34.134903,34.302470,34.531601,34.816058,35.146838,35.511675,35.894750,36.276815,36.635936,36.948969,37.193707,37.351386,37.409020,37.361004,37.209551,36.963884,36.638454,36.250683,35.818756,35.359849,34.888963,34.418350,33.957413,33.512923,33.089394,32.689521,32.314600,31.964900,31.639969,31.338873,31.060381,30.803096,30.565552,30.346278,30.143842,29.956878,29.784104,29.624323,29.476435,29.339425,29.212370,29.094423,28.984818,28.882857,28.787905,28.699388,28.616782,28.539615,28.467455,28.399910,28.336625,28.277274,28.221563,28.169221,28.120002,28.073682,28.030053,27.988927,27.950131,27.913505,27.878903,27.846190,27.815242,27.785945,27.758193,27.731888,27.706940,27.683265,27.660785,27.639427,27.619126,27.599819,27.581447,27.563957,27.547298,27.531424,27.516290,27.501856,27.488083,27.474935,27.462379,27.450383,27.438917,27.427955,27.417469,27.407435,27.397831,27.388634,27.379825,27.371384,27.363292,27.355534,27.348092,27.340951,27.334098,27.327518,27.321199,27.315129,27.309296
5.7500,27.310256,27.316134,27.322252,27.328622,27.335254,27.342164,27.349363,27.356868,27.364692,27.372854,27.381369,27.390257,27.399537,27.409229,27.419356,27.429941,27.441008,27.452585,27.464700,27.477382,27.490664,27.504579,27.519166,27.534461,27.550508,27.567351,27.585038,27.603620,27.623152,27.643693,27.665308,27.688064,27.712035,27.737301,27.763947,27.792066,27.821758,27.853131,27.886302,27.921399,27.958560,27.997934,28.039686,28.083993,28.131049,28.181067,28.234277,28.290933,28.351314,28.415723,28.484494,28.557996,28.636631,28.720845,28.811126,28.908015,29.012105,29.124051,29.244575,29.374468,29.514604,29.665937,29.829511,30.006462,30.198017,30.405491,30.630281,30.873839,31.137647,31.423166,31.731759,32.064587,32.422460,32.805637,33.213562,33.644538,34.095337,34.560767,35.033245,35.502456,35.955228,36.375761,36.746383,37.048913,37.266596,37.386362,37.400983,37.310575,37.123018,36.853126,36.520773,36.148460,35.758898,35.373071,35.009003,34.681237,34.400862,34.175900,34.011833,33.912133,33.878699,33.912133,34.011833,34.175900,34.400862,34.681237,35.009003,35.373071,35.758898,36.148460,36.520773,36.853126,37.123018,37.310575,37.400983,37.386362,37.266596,37.048913,36.746383,36.375761,35.955228,35.502456,35.033245,34.560767,34.095337,33.644538,33.213562,32.805637,32.422460,32.064587,31.731759,31.423166,31.137647,30.873839,30.630281,30.405491,30.198017,30.006462,29.829511,29.665937,29.514604,29.374468,29.244575,29.124051,29.012105,28.908015,28.811126,28.720845,28.636631,28.557996,28.484494,28.415723,28.351314,28.290933,28.234277,28.181067,28.131049,28.083993,28.039686,27.997934,27.958560,27.921399,27.886302,27.853131,27.821758,27.792066,27.763947,27.737301,27.712035,27.688064,27.665308,27.643693,27.623152,27.603620,27.585038,27.567351,27.550508,27.534461,27.519166,27.504579,27.490664,27.477382,27.464700,27.452585,27.441008,27.429941,27.419356,27.409229,27.399537,27.390257,27.381369,27.372854,27.364692,27.356868,27.349363,27.342164,27.335254,27.328622,27.322252,27.316134,27.310256
5.8750,27.311240,27.317165,27.323332,27.329753,27.336440,27.343407,27.350668,27.358236,27.366129,27.374362,27.382954,27.391922,27.401287,27.411070,27.421293,27.431979,27.443155,27.454846,27.467083,27.479894,27.493314,27.507377,27.522119,27.537581,27.553806,27.570838,27.588727,27.607525,27.627289,27.648078,27.669958,27.692998,27.717274,27.742867,27.769865,27.798362,27.828461,27.860272,27.893917,27.929524,27.967237,28.007208,28.049606,28.094613,28.142429,28.193272,28.247380,28.305013,28.366458,28.432029,28.502070,28.576959,28.657113,28.742992,28.835101,28.933995,29.040290,29.154662,29.277855,29.410688,29.554063,29.708963,29.876466,30.057739,30.254043,30.466726,30.697208,30.946963,31.217479,31.510202,31.826452,32.167303,32.533422,32.924843,33.340691,33.778826,34.235440,34.704616,35.177921,35.644118,36.089133,36.496448,36.848033,37.125911,37.314217,37.401477,37.382588,37.260014,37.043803,36.750393,36.400521,36.016752,35.621199,35.233809,34.871367,34.547175,34.271212,34.050587,33.890088,33.792713,33.760085,33.792713,33.890088,34.050587,34.271212,34.547175,34.871367,35.233809,35.621199,36.016752,36.400521,36.750393,37.043803,37.260014,37.382588,37.401477,37.314217,37.125911,36.848033,36.496448,36.089133,35.644118,35.177921,34.704616,34.235440,33.778826,33.340691,32.924843,32.533422,32.167303,31.826452,31.510202,31.217479,30.946963,30.697208,30.466726,30.254043,30.057739,29.876466,29.708963,29.554063,29.410688,29.277855,29.154662,29.040290,28.933995,28.835101,28.742992,28.657113,28.576959,28.502070,28.432029,28.366458,28.305013,28.247380,28.193272,28.142429,28.094613,28.049606,28.007208,27.967237,27.929524,27.893917,27.860272,27.828461,27.798362,27.769865,27.742867,27.717274,27.692998,27.669958,27.648078,27.627289,27.607525,27.588727,27.570838,27.553806,27.537581,27.522119,27.507377,27.493314,27.479894,27.467083,27.454846,27.443155,27.431979,27.421293,27.411070,27.401287,27.391922,27.382954,27.374362,27.366129,27.358236,27.350668,27.343407,27.336440,27.329753,27.323332,27.317165,27.311240
6.0000,27.312250,27.318222,27.324439,27.330913,27.337657,27.344683,27.352005,27.359640,27.367603,27.375910,27.384579,27.393630,27.403083,27.412959,27.423280,27.434071,27.445357,27.457167,27.469529,27.482474,27.496035,27.510248,27.525151,27.540785,27.557192,27.574419,27.592516,27.611537,27.631539,27.652583,27.674735,27.698068,27.722658,27.748589,27.775949,27.804836,27.835354,27.867618,27.901750,27.937884,27.976166,28.016753,28.059818,28.105548,28.154149,28.205844,28.260879,28.319522,28.382068,28.448840,28.520193,28.596518,28.678245,28.765847,28.859846,28.960818,29.069396,29.186279,29.312237,29.448116,29.594845,29.753439,29.925008,30.110753,30.311968,30.530029,30.766383,31.022519,31.299924,31.600024,31.924080,32.273064,32.647474,33.047093,33.470687,33.915629,34.377485,34.849569,35.322567,35.784313,36.219876,36.612111,36.942794,37.194359,37.352063,37.406208,37.353926,37.200005,36.956518,36.641306,36.275720,35.882182,35.482064,35.094210,34.734169,34.414046,34.142775,33.926621,33.769742,33.674704,33.642881,33.674704,33.769742,33.926621,34.142775,34.414046,34.734169,35.094210,35.482064,35.882182,36.275720,36.641306,36.956518,37.200005,37.353926,37.406208,37.352063,37.194359,36.942794,36.612111,36.219876,35.784313,35.322567,34.849569,34.377485,33.915629,33.470687,33.047093,32.647474,32.273064,31.924080,31.600024,31.299924,31.022519,30.766383,30.530029,30.311968,30.110753,29.925008,29.753439,29.594845,29.448116,29.312237,29.186279,29.069396,28.960818,28.859846,28.765847,28.678245,28.596518,28.520193,28.448840,28.382068,28.319522,28.260879,28.205844,28.154149,28.105548,28.059818,28.016753,27.976166,27.937884,27.901750,27.867618,27.835354,27.804836,27.775949,27.748589,27.722658,27.698068,27.674735,27.652583,27.631539,27.611537,27.592516,27.574419,27.557192,27.540785,27.525151,27.510248,27.496035,27.482474,27.469529,27.457167,27.445357,27.434071,27.423280,27.412959,27.403083,27.393630,27.384579,27.375910,27.367603,27.359640,27.352005,27.344683,27.337657,27.330913,27.324439,27.318222,27.312250
6.1250,27.313284,27.319306,27.325574,27.332103,27.338903,27.345990,27.353377,27.361079,27.369114,27.377496,27.386246,27.395382,27.404925,27.414896,27.425318,27.436217,27.447617,27.459548,27.472038,27.485120,27.498827,27.513195,27.528263,27.544073,27.560668,27.578096,27.596407,27.615657,27.635904,27.657210,27.679644,27.703278,27.728191,27.754469,27.782202,27.811491,27.842442,27.875172,27.909807,27.946484,27.985352,28.026575,28.070328,28.116804,28.166215,28.218791,28.274783,28.334470,28.398153,28.466167,28.538877,28.616687,28.700040,28.789425,28.885382,28.988504,29.099446,29.218930,29.347751,29.486783,29.636984,29.799402,29.975178,30.165548,30.371836,30.595449,30.837855,31.100554,31.385028,31.692668,32.024668,32.381876,32.764596,33.172327,33.603436,34.054766,34.521208,34.995269,35.466727,35.922498,36.346846,36.722121,37.030082,37.253792,37.379845,37.400495,37.315164,37.130908,36.861653,36.526409,36.146904,35.745223,35.341880,34.954573,34.597628,34.282006,34.015663,33.804085,33.650858,33.558160,33.527141,33.558160,33.650858,33.804085,34.015663,34.282006,34.597628,34.954573,35.341880,35.745223,36.146904,36.526409,36.861653,37.130908,37.315164,37.400495,37.379845,37.253792,37.030082,36.722121,36.346846,35.922498,35.466727,34.995269,34.521208,34.054766,33.603436,33.172327,32.764596,32.381876,32.024668,31.692668,31.385028,31.100554,30.837855,30.595449,30.371836,30.165548,29.975178,29.799402,29.636984,29.486783,29.347751,29.218930,29.099446,28.988504,28.885382,28.789425,28.700040,28.616687,28.538877,28.466167,28.398153,28.334470,28.274783,28.218791,28.166215,28.116804,28.070328,28.026575,27.985352,27.946484,27.909807,27.875172,27.842442,27.811491,27.782202,27.754469,27.728191,27.703278,27.679644,27.657210,27.635904,27.615657,27.596407,27.578096,27.560668,27.544073,27.528263,27.513195,27.498827,27.485120,27.472038,27.459548,27.447617,27.436217,27.425318,27.414896,27.404925,27.395382,27.386246,27.377496,27.369114,27.361079,27.353377,27.345990,27.338903,27.332103,27.325574,27.319306,27.313284
6.2500,27.314344,27.320416,27.326737,27.333321,27.340181,27.347330,27.354782,27.362554,27.370662,27.379123,27.387955,27.397178,27.406813,27.416882,27.427408,27.438417,27.449935,27.461990,27.474612,27.487835,27.501691,27.516219,27.531457,27.547447,27.564236,27.581870,27.600401,27.619887,27.640385,27.661961,27.684684,27.708629,27.733875,27.760510,27.788628,27.818330,27.849726,27.882936,27.918090,27.955327,27.994801,28.036679,28.081141,28.128388,28.178635,28.232120,28.289101,28.349866,28.414725,28.484022,28.558135,28.637480,28.722516,28.813746,28.911727,29.017074,29.130463,29.252640,29.384425,29.526720,29.680516,29.846890,30.027018,30.222168,30.433696,30.663035,30.911674,31.181117,31.472835,31.788173,32.128239,32.493739,32.884756,33.300469,33.738805,34.196032,34.666319,35.141328,35.609917,36.058103,36.469425,36.825860,37.109344,37.303793,37.397348,37.384346,37.266533,37.053131,36.759725,36.406251,36.014591,35.606323,35.201007,34.815170,34.461942,34.151195,33.889973,33.683052,33.533495,33.443130,33.412911,33.443130,33.533495,33.683052,33.889973,34.151195,34.461942,34.815170,35.201007,35.606323,36.014591,36.406251,36.759725,37.053131,37.266533,37.384346,37.397348,37.303793,37.109344,36.825860,36.469425,36.058103,35.609917,35.141328,34.666319,34.196032,33.738805,33.300469,32.884756,32.493739,32.128239,31.788173,31.472835,31.181117,30.911674,30.663035,30.433696,30.222168,30.027018,29.846890,29.680516,29.526720,29.384425,29.252640,29.130463,29.017074,28.911727,28.813746,28.722516,28.637480,28.558135,28.484022,28.414725,28.349866,28.289101,28.232120,28.178635,28.128388,28.081141,28.036679,27.994801,27.955327,27.918090,27.882936,27.849726,27.818330,27.788628,27.760510,27.733875,27.708629,27.684684,27.661961,27.640385,27.619887,27.600401,27.581870,27.564236,27.547447,27.531457,27.516219,27.501691,27.487835,27.474612,27.461990,27.449935,27.438417,27.427408,27.416882,27.406813,27.397178,27.387955,27.379123,27.370662,27.362554,27.354782,27.347330,27.340181,27.333321,27.326737,27.320416,27.314344
6.3750,27.315429,27.321552,27.327928,27.334569,27.341490,27.348702,27.356222,27.364066,27.372249,27.380789,27.389706,27.399019,27.408748,27.418918,27.429551,27.440673,27.452311,27.464493,27.477251,27.490618,27.504629,27.519320,27.534732,27.550909,27.567896,27.585742,27.604500,27.624228,27.644985,27.666839,27.689859,27.714123,27.739712,27.766715,27.795228,27.825356,27.857212,27.890917,27.926604,27.964418,28.004517,28.047070,28.092265,28.140306,28.191416,28.245839,28.303842,28.365719,28.431793,28.502416,28.577980,28.658913,28.745688,28.838826,28.938903,29.046553,29.162474,29.287437,29.422289,29.567963,29.725477,29.895944,30.080571,30.280660,30.497596,30.732838,30.987889,31.264256,31.563386,31.886568,32.234808,32.608645,33.007910,33.431427,33.876641,34.339195,34.812496,35.287329,35.751626,36.190544,36.586989,36.922725,37.180066,37.344008,37.404426,37.357849,37.208329,36.967125,36.651269,36.281382,35.879288,35.465911,35.059783,34.676252,34.327288,34.021736,33.765794,33.563584,33.417701,33.329659,33.300233,33.329659,33.417701,33.563584,33.765794,34.021736,34.327288,34.676252,35.059783,35.465911,35.879288,36.281382,36.651269,36.967125,37.208329,37.357849,37.404426,37.344008,37.180066,36.922725,36.586989,36.190544,35.751626,35.287329,34.812496,34.339195,33.876641,33.431427,33.007910,32.608645,32.234808,31.886568,31.563386,31.264256,30.987889,30.732838,30.497596,30.280660,30.080571,29.895944,29.725477,29.567963,29.422289,29.287437,29.162474,29.046553,28.938903,28.838826,28.745688,28.658913,28.577980,28.502416,28.431793,28.365719,28.303842,28.245839,28.191416,28.140306,28.092265,28.047070,28.004517,27.964418,27.926604,27.890917,27.857212,27.825356,27.795228,27.766715,27.739712,27.714123,27.689859,27.666839,27.644985,27.624228,27.604500,27.585742,27.567896,27.550909,27.534732,27.519320,27.504629,27.490618,27.477251,27.464493,27.452311,27.440673,27.429551,27.418918,27.408748,27.399019,27.389706,27.380789,27.372249,27.364066,27.356222,27.348702,27.341490,27.334569,27.327928,27.321552,27.315429
6.5000,27.316541,27.322716,27.329148,27.335848,27.342830,27.350108,27.357697,27.365613,27.373874,27.382496,27.391500,27.400904,27.410731,27.421004,27.431746,27.442984,27.454746,27.467059,27.479957,27.493472,27.507640,27.522500,27.538092,27.554459,27.571650,27.589714,27.608705,27.628681,27.649706,27.671845,27.695171,27.719763,27.745704,27.773086,27.802007,27.832574,27.864902,27.899116,27.935354,27.973763,28.014504,28.057754,28.103705,28.152566,28.204566,28.259957,28.319015,28.382042,28.449370,28.521364,28.598426,28.681000,28.769574,28.864686,28.966930,29.076962,29.195503,29.323349,29.461376,29.610544,29.771905,29.946603,30.135880,30.341069,30.563584,30.804906,31.066550,31.350017,31.656720,31.987882,32.344384,32.726574,33.134001,33.565093,34.016767,34.483999,34.959391,35.432826,35.891319,36.319221,36.698919,37.012136,37.241783,37.374147,37.401009,37.321159,37.140903,36.873378,36.536833,36.152344,35.741480,35.324386,34.918518,34.538046,34.193829,33.893741,33.643201,33.445737,33.303519,33.217781,33.189140,33.217781,33.303519,33.445737,33.643201,33.893741,34.193829,34.538046,34.918518,35.324386,35.741480,36.152344,36.536833,36.873378,37.140903,37.321159,37.401009,37.374147,37.241783,37.012136,36.698919,36.319221,35.891319,35.432826,34.959391,34.483999,34.016767,33.565093,33.134001,32.726574,32.344384,31.987882,31.656720,31.350017,31.066550,30.804906,30.563584,30.341069,30.135880,29.946603,29.771905,29.610544,29.461376,29.323349,29.195503,29.076962,28.966930,28.864686,28.769574,28.681000,28.598426,28.521364,28.449370,28.382042,28.319015,28.259957,28.204566,28.152566,28.103705,28.057754,28.014504,27.973763,27.935354,27.899116,27.864902,27.832574,27.802007,27.773086,27.745704,27.719763,27.695171,27.671845,27.649706,27.628681,27.608705,27.589714,27.571650,27.554459,27.538092,27.522500,27.507640,27.493472,27.479957,27.467059,27.454746,27.442984,27.431746,27.421004,27.410731,27.400904,27.391500,27.382496,27.373874,27.365613,27.357697,27.350108,27.342830,27.335848,27.329148,27.322716,27.316541
6.6250,27.317678,27.323907,27.330396,27.337156,27.344202,27.351547,27.359207,27.367198,27.375538,27.384244,27.393337,27.402835,27.412762,27.423141,27.433995,27.445353,27.457241,27.469689,27.482730,27.496397,27.510727,27.525759,27.541535,27.558099,27.575499,27.593787,27.613018,27.633250,27.654548,27.676981,27.700622,27.725551,27.751855,27.779627,27.808967,27.839985,27.872800,27.907539,27.944344,27.983366,28.024770,28.068738,28.115468,28.165174,28.218093,28.274484,28.334630,28.398843,28.467467,28.540876,28.619488,28.703758,28.794192,28.891345,28.995830,29.108326,29.229577,29.360406,29.501717,29.654499,29.819838,29.998911,30.192991,30.403443,30.631710,30.879290,31.147706,31.438444,31.752875,32.092136,32.456967,32.847496,33.262955,33.701336,34.158984,34.630159,35.106623,35.577344,36.028438,36.443523,36.804602,37.093545,37.294076,37.393987,37.387099,37.274498,37.064658,36.772403,36.416972,36.019666,35.601629,35.182125,34.777497,34.400760,34.061706,33.767306,33.522261,33.329559,33.190986,33.107529,33.079664,33.107529,33.190986,33.329559,33.522261,33.767306,34.061706,34.400760,34.777497,35.182125,35.601629,36.019666,36.416972,36.772403,37.064658,37.274498,37.387099,37.393987,37.294076,37.093545,36.804602,36.443523,36.028438,35.577344,35.106623,34.630159,34.158984,33.701336,33.262955,32.847496,32.456967,32.092136,31.752875,31.438444,31.147706,30.879290,30.631710,30.403443,30.192991,29.998911,29.819838,29.654499,29.501717,29.360406,29.229577,29.108326,28.995830,28.891345,28.794192,28.703758,28.619488,28.540876,28.467467,28.398843,28.334630,28.274484,28.218093,28.165174,28.115468,28.068738,28.024770,27.983366,27.944344,27.907539,27.872800,27.839985,27.808967,27.779627,27.751855,27.725551,27.700622,27.676981,27.654548,27.633250,27.613018,27.593787,27.575499,27.558099,27.541535,27.525759,27.510727,27.496397,27.482730,27.469689,27.457241,27.445353,27.433995,27.423141,27.412762,27.402835,27.393337,27.384244,27.375538,27.367198,27.359207,27.351547,27.344202,27.337156,27.330396,27.323907,27.317678
6.7500,27.318842,27.325127,27.331673,27.338495,27.345606,27.353020,27.360752,27.368821,27.377242,27.386034,27.395218,27.404813,27.414842,27.425329,27.436299,27.447779,27.459796,27.472383,27.485570,27.499394,27.513891,27.529100,27.545065,27.561830,27.579446,27.597964,27.617440,27.637935,27.659515,27.682249,27.706214,27.731490,27.758167,27.786340,27.816111,27.847594,27.880910,27.916190,27.953579,27.993232,28.035319,28.080028,28.127560,28.178138,28.232004,28.289426,28.350696,28.416135,28.486096,28.560968,28.641180,28.727204,28.819559,28.918822,29.025626,29.140670,29.264724,29.398639,29.543345,29.699866,29.869317,30.052909,30.251949,30.467831,30.702023,30.956040,31.231404,31.529580,31.851883,32.199348,32.572551,32.971370,33.394684,33.840007,34.303065,34.777361,35.253785,35.720381,36.162406,36.562837,36.903441,37.166438,37.336590,37.403376,37.362772,37.218152,36.980038,36.664738,36.292240,35.883864,35.460176,35.039478,34.636982,34.264578,33.931047,33.642517,33.403031,33.215088,33.080134,32.998930,32.971828,32.998930,33.080134,33.215088,33.403031,33.642517,33.931047,34.264578,34.636982,35.039478,35.460176,35.883864,36.292240,36.664738,36.980038,37.218152,37.362772,37.403376,37.336590,37.166438,36.903441,36.562837,36.162406,35.720381,35.253785,34.777361,34.303065,33.840007,33.394684,32.971370,32.572551,32.199348,31.851883,31.529580,31.231404,30.956040,30.702023,30.467831,30.251949,30.052909,29.869317,29.699866,29.543345,29.398639,29.264724,29.140670,29.025626,28.918822,28.819559,28.727204,28.641180,28.560968,28.486096,28.416135,28.350696,28.289426,28.232004,28.178138,28.127560,28.080028,28.035319,27.993232,27.953579,27.916190,27.880910,27.847594,27.816111,27.786340,27.758167,27.731490,27.706214,27.682249,27.659515,27.637935,27.617440,27.597964,27.579446,27.561830,27.545065,27.529100,27.513891,27.499394,27.485570,27.472383,27.459796,27.447779,27.436299,27.425329,27.414842,27.404813,27.395218,27.386034,27.377242,27.368821,27.360752,27.353020,27.345606,27.338495,27.331673,27.325127,27.318842
6.8750,27.320032,27.326374,27.332980,27.339865,27.347042,27.354527,27.362334,27.370481,27.378985,27.387866,27.397143,27.406837,27.416971,27.427570,27.438658,27.450263,27.462414,27.475142,27.488480,27.502464,27.517131,27.532523,27.548681,27.565654,27.583491,27.602244,27.621973,27.642739,27.664608,27.687652,27.711949,27.737583,27.764643,27.793228,27.823444,27.855405,27.889236,27.925073,27.963063,28.003366,28.046158,28.091629,28.139989,28.191466,28.246310,28.304796,28.367225,28.433928,28.505271,28.581654,28.663519,28.751354,28.845696,28.947140,29.056341,29.174019,29.300973,29.438078,29.586296,29.746681,29.920382,30.108642,30.312801,30.534282,30.774574,31.035205,31.317691,31.623464,31.953772,32.309528,32.691118,33.098140,33.529082,33.980935,34.448760,34.925263,35.400437,35.861411,36.292633,36.676548,36.994861,37.230350,37.369028,37.402234,37.328173,37.152465,36.887525,36.550930,36.163187,35.745436,35.317535,34.896767,34.497211,34.129668,33.801963,33.519447,33.285559,33.102360,32.970986,32.892003,32.865654,32.892003,32.970986,33.102360,33.285559,33.519447,33.801963,34.129668,34.497211,34.896767,35.317535,35.745436,36.163187,36.550930,36.887525,37.152465,37.328173,37.402234,37.369028,37.230350,36.994861,36.676548,36.292633,35.861411,35.400437,34.925263,34.448760,33.980935,33.529082,33.098140,32.691118,32.309528,31.953772,31.623464,31.317691,31.035205,30.774574,30.534282,30.312801,30.108642,29.920382,29.746681,29.586296,29.438078,29.300973,29.174019,29.056341,28.947140,28.845696,28.751354,28.663519,28.581654,28.505271,28.433928,28.367225,28.304796,28.246310,28.191466,28.139989,28.091629,28.046158,28.003366,27.963063,27.925073,27.889236,27.855405,27.823444,27.793228,27.764643,27.737583,27.711949,27.687652,27.664608,27.642739,27.621973,27.602244,27.583491,27.565654,27.548681,27.532523,27.517131,27.502464,27.488480,27.475142,27.462414,27.450263,27.438658,27.427570,27.416971,27.406837,27.397143,27.387866,27.378985,27.370481,27.362334,27.354527,27.347042,27.339865,27.332980,27.326374,27.320032
7.0000,27.321249,27.327649,27.334317,27.341266,27.348512,27.356068,27.363952,27.372180,27.380770,27.389741,27.399113,27.408909,27.419151,27.429863,27.441072,27.452806,27.465093,27.477967,27.491460,27.505608,27.520451,27.536029,27.552387,27.569572,27.587635,27.606632,27.626620,27.647663,27.669829,27.693192,27.717831,27.743832,27.771287,27.800296,27.830968,27.863421,27.897783,27.934193,27.972801,28.013774,28.057291,28.103549,28.152762,28.205165,28.261017,28.320601,28.384226,28.452235,28.525004,28.602947,28.686519,28.776226,28.872622,28.976320,29.087998,29.208402,29.338353,29.478756,29.630605,29.794983,29.973074,30.166155,30.375595,30.602845,30.849413,31.116834,31.406611,31.720133,32.058565,32.422678,32.812640,33.227737,33.666024,34.123924,34.595791,35.073493,35.546114,35.999885,36.418516,36.784051,37.078314,37.284861,37.391160,37.390554,37.283515,37.077830,36.787633,36.431539,36.030350,35.604856,35.174095,34.754290,34.358398,33.996176,33.674552,33.398159,33.169886,32.991400,32.863563,32.786767,32.761156,32.786767,32.863563,32.991400,33.169886,33.398159,33.674552,33.996176,34.358398,34.754290,35.174095,35.604856,36.030350,36.431539,36.787633,37.077830,37.283515,37.390554,37.391160,37.284861,37.078314,36.784051,36.418516,35.999885,35.546114,35.073493,34.595791,34.123924,33.666024,33.227737,32.812640,32.422678,32.058565,31.720133,31.406611,31.116834,30.849413,30.602845,30.375595,30.166155,29.973074,29.794983,29.630605,29.478756,29.338353,29.208402,29.087998,28.976320,28.872622,28.776226,28.686519,28.602947,28.525004,28.452235,28.384226,28.320601,28.261017,28.205165,28.152762,28.103549,28.057291,28.013774,27.972801,27.934193,27.897783,27.863421,27.830968,27.800296,27.771287,27.743832,27.717831,27.693192,27.669829,27.647663,27.626620,27.606632,27.587635,27.569572,27.552387,27.536029,27.520451,27.505608,27.491460,27.477967,27.465093,27.452806,27.441072,27.429863,27.419151,27.408909,27.399113,27.389741,27.380770,27.372180,27.363952,27.356068,27.348512,27.341266,27.334317,27.327649,27.321249
7.1250,27.322494,27.328953,27.335684,27.342699,27.350015,27.357645,27.365607,27.373917,27.382595,27.391658,27.401129,27.411028,27.421380,27.432210,27.443543,27.455409,27.467836,27.480859,27.494510,27.508827,27.523850,27.539619,27.556182,27.573585,27.591881,27.611127,27.631381,27.652709,27.675181,27.698871,27.723862,27.750239,27.778100,27.807545,27.838687,27.871646,27.906554,27.943553,27.982800,28.024462,28.068726,28.115794,28.165886,28.219245,28.276136,28.336852,28.401712,28.471068,28.545309,28.624862,28.710199,28.801839,28.900357,29.006385,29.120624,29.243844,29.376894,29.520707,29.676307,29.844813,30.027438,30.225493,30.440379,30.673569,30.926590,31.200975,31.498207,31.819621,32.166279,32.538791,32.937078,33.360076,33.805364,34.268755,34.743849,35.221650,35.690322,36.135236,36.539449,36.884754,37.153291,37.329611,37.402828,37.368401,37.229073,36.994686,36.680894,36.307121,35.894256,35.462575,35.030218,34.612319,34.220737,33.864233,33.548899,33.278705,33.056046,32.882231,32.757881,32.683233,32.658348,32.683233,32.757881,32.882231,33.056046,33.278705,33.548899,33.864233,34.220737,34.612319,35.030218,35.462575,35.894256,36.307121,36.680894,36.994686,37.229073,37.368401,37.402828,37.329611,37.153291,36.884754,36.539449,36.135236,35.690322,35.221650,34.743849,34.268755,33.805364,33.360076,32.937078,32.538791,32.166279,31.819621,31.498207,31.200975,30.926590,30.673569,30.440379,30.225493,30.027438,29.844813,29.676307,29.520707,29.376894,29.243844,29.120624,29.006385,28.900357,28.801839,28.710199,28.624862,28.545309,28.471068,28.401712,28.336852,28.276136,28.219245,28.165886,28.115794,28.068726,28.024462,27.982800,27.943553,27.906554,27.871646,27.838687,27.807545,27.778100,27.750239,27.723862,27.698871,27.675181,27.652709,27.631381,27.611127,27.591881,27.573585,27.556182,27.539619,27.523850,27.508827,27.494510,27.480859,27.467836,27.455409,27.443543,27.432210,27.421380,27.411028,27.401129,27.391658,27.382595,27.373917,27.365607,27.357645,27.350015,27.342699,27.335684,27.328953,27.322494
7.2500,27.323766,27.330286,27.337081,27.344164,27.351551,27.359257,27.367299,27.375694,27.384461,27.393620,27.403191,27.413197,27.423662,27.434611,27.446072,27.458072,27.470644,27.483819,27.497633,27.512123,27.527330,27.543296,27.560068,27.577695,27.596230,27.615731,27.636259,27.657880,27.680665,27.704692,27.730043,27.756809,27.785086,27.814980,27.846605,27.880085,27.915554,27.953161,27.993063,28.035435,28.080469,28.128371,28.179369,28.233713,28.291676,28.353559,28.419692,28.490439,28.566200,28.647416,28.734574,28.828212,28.928922,29.037358,29.154244,29.280374,29.416627,29.563964,29.723442,29.896210,30.083516,30.286704,30.507201,30.746505,31.006154,31.287675,31.592520,31.921957,32.276927,32.657853,33.064379,33.495052,33.946935,34.415181,34.892600,35.369304,35.832545,36.266879,36.654825,36.978083,37.219321,37.364297,37.403941,37.335909,37.165181,36.903509,36.567858,36.178232,35.755409,35.319022,34.886240,34.471101,34.084400,33.733953,33.425074,33.161129,32.944063,32.774868,32.653950,32.581410,32.557236,32.581410,32.653950,32.774868,32.944063,33.161129,33.425074,33.733953,34.084400,34.471101,34.886240,35.319022,35.755409,36.178232,36.567858,36.903509,37.165181,37.335909,37.403941,37.364297,37.219321,36.978083,36.654825,36.266879,35.832545,35.369304,34.892600,34.415181,33.946935,33.495052,33.064379,32.657853,32.276927,31.921957,31.592520,31.287675,31.006154,30.746505,30.507201,30.286704,30.083516,29.896210,29.723442,29.563964,29.416627,29.280374,29.154244,29.037358,28.928922,28.828212,28.734574,28.647416,28.566200,28.490439,28.419692,28.353559,28.291676,28.233713,28.179369,28.128371,28.080469,28.035435,27.993063,27.953161,27.915554,27.880085,27.846605,27.814980,27.785086,27.756809,27.730043,27.704692,27.680665,27.657880,27.636259,27.615731,27.596230,27.577695,27.560068,27.543296,27.527330,27.512123,27.497633,27.483819,27.470644,27.458072,27.446072,27.434611,27.423662,27.413197,27.403191,27.393620,27.384461,27.375694,27.367299,27.359257,27.351551,27.344164,27.337081,27.330286,27.323766
7.3750,27.325067,27.331649,27.338509,27.345662,27.353122,27.360906,27.369029,27.377511,27.386370,27.395625,27.405299,27.415415,27.425995,27.437067,27.448658,27.460797,27.473516,27.486848,27.500828,27.515496,27.530892,27.547060,27.564047,27.581903,27.600684,27.620447,27.641256,27.663177,27.686285,27.710657,27.736379,27.763543,27.792249,27.822604,27.854725,27.888741,27.924788,27.963019,28.003596,28.046700,28.092526,28.141287,28.193219,28.248578,28.307646,28.370734,28.438180,28.510362,28.587691,28.670624,28.759664,28.855364,28.958339,29.069263,29.188884,29.318023,29.457585,29.608564,29.772047,29.949217,30.141355,30.349834,30.576112,30.821704,31.088154,31.376979,31.689588,32.027164,32.390512,32.779837,33.194475,33.632544,34.090546,34.562930,35.041678,35.515996,35.972240,36.394222,36.764042,37.063495,37.275985,37.388683,37.394482,37.293281,37.092223,36.804807,36.449083,36.045416,35.614296,35.174596,34.742468,34.330861,33.949542,33.605436,33.303140,33.045467,32.833960,32.669324,32.551778,32.481304,32.457825,32.481304,32.551778,32.669324,32.833960,33.045467,33.303140,33.605436,33.949542,34.330861,34.742468,35.174596,35.614296,36.045416,36.449083,36.804807,37.092223,37.293281,37.394482,37.388683,37.275985,37.063495,36.764042,36.394222,35.972240,35.515996,35.041678,34.562930,34.090546,33.632544,33.194475,32.779837,32.390512,32.027164,31.689588,31.376979,31.088154,30.821704,30.576112,30.349834,30.141355,29.949217,29.772047,29.608564,29.457585,29.318023,29.188884,29.069263,28.958339,28.855364,28.759664,28.670624,28.587691,28.510362,28.438180,28.370734,28.307646,28.248578,28.193219,28.141287,28.092526,28.046700,28.003596,27.963019,27.924788,27.888741,27.854725,27.822604,27.792249,27.763543,27.736379,27.710657,27.686285,27.663177,27.641256,27.620447,27.600684,27.581903,27.564047,27.547060,27.530892,27.515496,27.500828,27.486848,27.473516,27.460797,27.448658,27.437067,27.425995,27.415415,27.405299,27.395625,27.386370,27.377511,27.369029,27.360906,27.353122,27.345662,27.338509,27.331649,27.325067
7.5000,27.326395,27.333041,27.339968,27.347192,27.354727,27.362590,27.370798,27.379368,27.388321,27.397676,27.407455,27.417682,27.428381,27.439579,27.451304,27.463585,27.476454,27.489947,27.504098,27.518948,27.534537,27.550912,27.568119,27.586212,27.605244,27.625277,27.646374,27.668604,27.692042,27.716769,27.742872,27.770445,27.799591,27.830420,27.863052,27.897618,27.934260,27.973134,28.014406,28.058263,28.104904,28.154551,28.207445,28.263850,28.324057,28.388386,28.457188,28.530850,28.609798,28.694503,28.785485,28.883317,28.988631,29.102126,29.224572,29.356820,29.499802,29.654543,29.822162,30.003876,30.200999,30.414933,30.647161,30.899214,31.172639,31.468931,31.789443,32.135261,32.507028,32.904706,33.327284,33.772410,34.235981,34.711701,35.190691,35.661242,36.108848,36.516663,36.866512,37.140477,37.322916,37.402601,37.374505,37.240780,37.010631,36.699110,36.325131,35.909207,35.471379,35.029670,34.599185,34.191800,33.816295,33.478766,33.183146,32.931747,32.725749,32.565606,32.451368,32.382917,32.360117,32.382917,32.451368,32.565606,32.725749,32.931747,33.183146,33.478766,33.816295,34.191800,34.599185,35.029670,35.471379,35.909207,36.325131,36.699110,37.010631,37.240780,37.374505,37.402601,37.322916,37.140477,36.866512,36.516663,36.108848,35.661242,35.190691,34.711701,34.235981,33.772410,33.327284,32.904706,32.507028,32.135261,31.789443,31.468931,31.172639,30.899214,30.647161,30.414933,30.200999,30.003876,29.822162,29.654543,29.499802,29.356820,29.224572,29.102126,28.988631,28.883317,28.785485,28.694503,28.609798,28.530850,28.457188,28.388386,28.324057,28.263850,28.207445,28.154551,28.104904,28.058263,28.014406,27.973134,27.934260,27.897618,27.863052,27.830420,27.799591,27.770445,27.742872,27.716769,27.692042,27.668604,27.646374,27.625277,27.605244,27.586212,27.568119,27.550912,27.534537,27.518948,27.504098,27.489947,27.476454,27.463585,27.451304,27.439579,27.428381,27.417682,27.407455,27.397676,27.388321,27.379368,27.370798,27.362590,27.354727,27.347192,27.339968,27.333041,27.326395
7.6250,27.327752,27.334463,27.341459,27.348756,27.356368,27.364312,27.372605,27.381266,27.390315,27.399772,27.409659,27.420001,27.430821,27.442148,27.454009,27.466436,27.479460,27.493116,27.507443,27.522479,27.538267,27.554854,27.572288,27.590622,27.609913,27.630222,27.651614,27.674161,27.697939,27.723030,27.749524,27.777518,27.807116,27.838432,27.871589,27.906722,27.943976,27.983510,28.025498,28.070129,28.117611,28.168170,28.222054,28.279538,28.340919,28.406528,28.476728,28.551917,28.632536,28.719071,28.812058,28.912090,29.019821,29.135971,29.261338,29.396797,29.543312,29.701938,29.873829,30.060232,30.262495,30.482049,30.720398,30.979087,31.259656,31.563570,31.892115,32.246261,32.626462,33.032409,33.462705,33.914488,34.383002,34.861165,35.339215,35.804532,36.241794,36.633601,36.961665,37.208559,37.359806,37.405951,37.344134,37.178730,36.920875,36.586968,36.196561,35.770118,35.327095,34.884591,34.456649,34.054096,33.684779,33.354017,33.065135,32.819991,32.619440,32.463715,32.352721,32.286246,32.264111,32.286246,32.352721,32.463715,32.619440,32.819991,33.065135,33.354017,33.684779,34.054096,34.456649,34.884591,35.327095,35.770118,36.196561,36.586968,36.920875,37.178730,37.344134,37.405951,37.359806,37.208559,36.961665,36.633601,36.241794,35.804532,35.339215,34.861165,34.383002,33.914488,33.462705,33.032409,32.626462,32.246261,31.892115,31.563570,31.259656,30.979087,30.720398,30.482049,30.262495,30.060232,29.873829,29.701938,29.543312,29.396797,29.261338,29.135971,29.019821,28.912090,28.812058,28.719071,28.632536,28.551917,28.476728,28.406528,28.340919,28.279538,28.222054,28.168170,28.117611,28.070129,28.025498,27.983510,27.943976,27.906722,27.871589,27.838432,27.807116,27.777518,27.749524,27.723030,27.697939,27.674161,27.651614,27.630222,27.609913,27.590622,27.572288,27.554854,27.538267,27.522479,27.507443,27.493116,27.479460,27.466436,27.454009,27.442148,27.430821,27.420001,27.409659,27.399772,27.390315,27.381266,27.372605,27.364312,27.356368,27.348756,27.341459,27.334463,27.327752
7.7500,27.329138,27.335915,27.342982,27.350353,27.358043,27.366070,27.374451,27.383206,27.392353,27.401914,27.411912,27.422370,27.433315,27.444774,27.456775,27.469351,27.482533,27.496358,27.510864,27.526092,27.542084,27.558888,27.576554,27.595135,27.614691,27.635283,27.656979,27.679851,27.703978,27.729443,27.756339,27.784765,27.814828,27.846645,27.880342,27.916056,27.953939,27.994153,28.036877,28.082306,28.130653,28.182151,28.237057,28.295651,28.358243,28.425172,28.496813,28.573578,28.655921,28.744344,28.839402,28.941707,29.051933,29.170826,29.299209,29.437985,29.588149,29.750789,29.927088,30.118329,30.325891,30.551231,30.795874,31.061371,31.349250,31.660934,31.997630,32.360167,32.748790,33.162881,33.600621,34.058591,34.531340,35.010965,35.486800,35.945333,36.370490,36.744439,37.048958,37.267318,37.386411,37.398705,37.303557,37.107507,36.823456,36.468938,36.063922,35.628645,35.181856,34.739679,34.315092,33.917910,33.555096,33.231248,32.949137,32.710212,32.515038,32.363652,32.255831,32.191288,32.169801,32.191288,32.255831,32.363652,32.515038,32.710212,32.949137,33.231248,33.555096,33.917910,34.315092,34.739679,35.181856,35.628645,36.063922,36.468938,36.823456,37.107507,37.303557,37.398705,37.386411,37.267318,37.048958,36.744439,36.370490,35.945333,35.486800,35.010965,34.531340,34.058591,33.600621,33.162881,32.748790,32.360167,31.997630,31.660934,31.349250,31.061371,30.795874,30.551231,30.325891,30.118329,29.927088,29.750789,29.588149,29.437985,29.299209,29.170826,29.051933,28.941707,28.839402,28.744344,28.655921,28.573578,28.496813,28.425172,28.358243,28.295651,28.237057,28.182151,28.130653,28.082306,28.036877,27.994153,27.953939,27.916056,27.880342,27.846645,27.814828,27.784765,27.756339,27.729443,27.703978,27.679851,27.656979,27.635283,27.614691,27.595135,27.576554,27.558888,27.542084,27.526092,27.510864,27.496358,27.482533,27.469351,27.456775,27.444774,27.433315,27.422370,27.411912,27.401914,27.392353,27.383206,27.374451,27.366070,27.358043,27.350353,27.342982,27.335915,27.329138
7.8750,27.330553,27.337399,27.344537,27.351984,27.359755,27.367867,27.376338,27.385187,27.394435,27.404102,27.414213,27.424792,27.435864,27.447458,27.459603,27.472331,27.485676,27.499674,27.514363,27.529786,27.545987,27.563014,27.580918,27.599754,27.619582,27.640465,27.662472,27.685677,27.710162,27.736011,27.763320,27.792190,27.822730,27.855061,27.889313,27.925626,27.964156,28.005070,28.048551,28.094801,28.144038,28.196503,28.252461,28.312200,28.376040,28.444330,28.517457,28.595847,28.679969,28.770342,28.867538,28.972188,29.084992,29.206718,29.338216,29.480419,29.634352,29.801133,29.981982,30.178214,30.391235,30.622530,30.873638,31.146114,31.441464,31.761059,32.106007,32.476978,32.873976,33.296042,33.740893,34.204510,34.680702,35.160713,35.632968,36.083092,36.494342,36.848593,37.127878,37.316381,37.402552,37.380905,37.253029,37.027533,36.718902,36.345583,35.927754,35.485259,35.036046,34.595225,34.174723,33.783381,33.427332,33.110510,32.835178,32.602420,32.412543,32.265413,32.160695,32.098037,32.077182,32.098037,32.160695,32.265413,32.412543,32.602420,32.835178,33.110510,33.427332,33.783381,34.174723,34.595225,35.036046,35.485259,35.927754,36.345583,36.718902,37.027533,37.253029,37.380905,37.402552,37.316381,37.127878,36.848593,36.494342,36.083092,35.632968,35.160713,34.680702,34.204510,33.740893,33.296042,32.873976,32.476978,32.106007,31.761059,31.441464,31.146114,30.873638,30.622530,30.391235,30.178214,29.981982,29.801133,29.634352,29.480419,29.338216,29.206718,29.084992,28.972188,28.867538,28.770342,28.679969,28.595847,28.517457,28.444330,28.376040,28.312200,28.252461,28.196503,28.144038,28.094801,28.048551,28.005070,27.964156,27.925626,27.889313,27.855061,27.822730,27.792190,27.763320,27.736011,27.710162,27.685677,27.662472,27.640465,27.619582,27.599754,27.580918,27.563014,27.545987,27.529786,27.514363,27.499674,27.485676,27.472331,27.459603,27.447458,27.435864,27.424792,27.414213,27.404102,27.394435,27.385187,27.376338,27.367867,27.359755,27.351984,27.344537,27.337399,27.330553
8.0000,27.331998,27.338913,27.346125,27.353650,27.361503,27.369701,27.378264,27.387211,27.396562,27.406339,27.416565,27.427267,27.438469,27.450201,27.462493,27.475377,27.488888,27.503063,27.517941,27.533565,27.549980,27.567235,27.585383,27.604480,27.624586,27.645767,27.668094,27.691642,27.716493,27.742737,27.770470,27.799795,27.830826,27.863686,27.898507,27.935437,27.974631,28.016265,28.060526,28.107620,28.157774,28.211235,28.268276,28.329195,28.394321,28.464014,28.538675,28.618741,28.704699,28.797083,28.896486,29.003559,29.119024,29.243676,29.378391,29.524133,29.681956,29.853014,30.038557,30.239932,30.458575,30.695995,30.953742,31.233364,31.536340,31.863974,32.217258,32.596680,33.001972,33.431796,33.883363,34.352008,34.830763,35.309994,35.777218,36.217240,36.612753,36.945494,37.197952,37.355434,37.408122,37.352663,37.192863,36.939270,36.607758,36.217465,35.788577,35.340407,34.890021,34.451497,34.035730,33.650632,33.301562,32.991841,32.723276,32.496619,32.311952,32.168990,32.067304,32.006484,31.986244,32.006484,32.067304,32.168990,32.311952,32.496619,32.723276,32.991841,33.301562,33.650632,34.035730,34.451497,34.890021,35.340407,35.788577,36.217465,36.607758,36.939270,37.192863,37.352663,37.408122,37.355434,37.197952,36.945494,36.612753,36.217240,35.777218,35.309994,34.830763,34.352008,33.883363,33.431796,33.001972,32.596680,32.217258,31.863974,31.536340,31.233364,30.953742,30.695995,30.458575,30.239932,30.038557,29.853014,29.681956,29.524133,29.378391,29.243676,29.119024,29.003559,28.896486,28.797083,28.704699,28.618741,28.538675,28.464014,28.394321,28.329195,28.268276,28.211235,28.157774,28.107620,28.060526,28.016265,27.974631,27.935437,27.898507,27.863686,27.830826,27.799795,27.770470,27.742737,27.716493,27.691642,27.668094,27.645767,27.624586,27.604480,27.585383,27.567235,27.549980,27.533565,27.517941,27.503063,27.488888,27.475377,27.462493,27.450201,27.438469,27.427267,27.416565,27.406339,27.396562,27.387211,27.378264,27.369701,27.361503,27.353650,27.346125,27.338913,27.331998
8.1250,27.333473,27.340459,27.347746,27.355350,27.363287,27.371575,27.380232,27.389278,27.398734,27.408623,27.418968,27.429795,27.441131,27.453004,27.465447,27.478491,27.492172,27.506528,27.521599,27.537428,27.554063,27.571552,27.589950,27.609314,27.629706,27.651193,27.673847,27.697746,27.722975,27.749624,27.777791,27.807585,27.839120,27.872523,27.907930,27.945492,27.985371,28.027745,28.072807,28.120771,28.171869,28.226356,28.284513,28.346647,28.413098,28.484238,28.560479,28.642276,28.730127,28.824588,28.926268,29.035843,29.154056,29.281729,29.419766,29.569161,29.731001,29.906471,30.096855,30.303531,30.527963,30.771677,31.036233,31.323167,31.633916,31.969705,32.331390,32.719250,33.132715,33.570027,34.027847,34.500824,34.981174,35.458366,35.919024,36.347198,36.725131,37.034599,37.258754,37.384225,37.403079,37.314157,37.123422,36.843214,36.490583,36.085138,35.646896,35.194511,34.744112,34.308736,33.898277,33.519768,33.177846,32.875272,32.613440,32.392808,32.213257,32.074373,31.975646,31.916617,31.896977,31.916617,31.975646,32.074373,32.213257,32.392808,32.613440,32.875272,33.177846,33.519768,33.898277,34.308736,34.744112,35.194511,35.646896,36.085138,36.490583,36.843214,37.123422,37.314157,37.403079,37.384225,37.258754,37.034599,36.725131,36.347198,35.919024,35.458366,34.981174,34.500824,34.027847,33.570027,33.132715,32.719250,32.331390,31.969705,31.633916,31.323167,31.036233,30.771677,30.527963,30.303531,30.096855,29.906471,29.731001,29.569161,29.419766,29.281729,29.154056,29.035843,28.926268,28.824588,28.730127,28.642276,28.560479,28.484238,28.413098,28.346647,28.284513,28.226356,28.171869,28.120771,28.072807,28.027745,27.985371,27.945492,27.907930,27.872523,27.839120,27.807585,27.777791,27.749624,27.722975,27.697746,27.673847,27.651193,27.629706,27.609314,27.589950,27.571552,27.554063,27.537428,27.521599,27.506528,27.492172,27.478491,27.465447,27.453004,27.441131,27.429795,27.418968,27.408623,27.398734,27.389278,27.380232,27.371575,27.363287,27.355350,27.347746,27.340459,27.333473
8.2500,27.334978,27.342037,27.349401,27.357086,27.365109,27.373488,27.382241,27.391389,27.400952,27.410955,27.421422,27.432377,27.443850,27.455868,27.468465,27.481673,27.495528,27.510069,27.525338,27.541378,27.558237,27.575967,27.594621,27.614258,27.634943,27.656744,27.679735,27.703994,27.729610,27.756674,27.785288,27.815562,27.847615,27.881576,27.917586,27.955798,27.996381,28.039516,28.085403,28.134261,28.186331,28.241874,28.301180,28.364567,28.432383,28.505015,28.582887,28.666467,28.756273,28.852876,28.956907,29.069064,29.190114,29.320907,29.462375,29.615541,29.781526,29.961548,30.156923,30.369060,30.599446,30.849626,31.121160,31.415565,31.734226,32.078272,32.448402,32.844656,33.266127,33.710600,34.174143,34.650671,35.131554,35.605357,36.057840,36.472376,36.830894,37.115396,37.309904,37.402566,37.387456,37.265628,37.045121,36.739888,36.367939,35.949146,35.503189,35.047965,34.598619,34.167159,33.762511,33.390880,33.056234,32.760827,32.505676,32.290981,32.116449,31.981551,31.885708,31.828424,31.809367,31.828424,31.885708,31.981551,32.116449,32.290981,32.505676,32.760827,33.056234,33.390880,33.762511,34.167159,34.598619,35.047965,35.503189,35.949146,36.367939,36.739888,37.045121,37.265628,37.387456,37.402566,37.309904,37.115396,36.830894,36.472376,36.057840,35.605357,35.131554,34.650671,34.174143,33.710600,33.266127,32.844656,32.448402,32.078272,31.734226,31.415565,31.121160,30.849626,30.599446,30.369060,30.156923,29.961548,29.781526,29.615541,29.462375,29.320907,29.190114,29.069064,28.956907,28.852876,28.756273,28.666467,28.582887,28.505015,28.432383,28.364567,28.301180,28.241874,28.186331,28.134261,28.085403,28.039516,27.996381,27.955798,27.917586,27.881576,27.847615,27.815562,27.785288,27.756674,27.729610,27.703994,27.679735,27.656744,27.634943,27.614258,27.594621,27.575967,27.558237,27.541378,27.525338,27.510069,27.495528,27.481673,27.468465,27.455868,27.443850,27.432377,27.421422,27.410955,27.400952,27.391389,27.382241,27.373488,27.365109,27.357086,27.349401,27.342037,27.334978
8.3750,27.336514,27.343647,27.351090,27.358858,27.366969,27.375440,27.384292,27.393544,27.403218,27.413338,27.423928,27.435015,27.446627,27.458794,27.471548,27.484924,27.498957,27.513689,27.529160,27.545416,27.562505,27.580480,27.599397,27.619316,27.640301,27.662424,27.685759,27.710388,27.736401,27.763892,27.792964,27.823732,27.856316,27.890851,27.927480,27.966361,28.007666,28.051584,28.098320,28.148099,28.201168,28.257799,28.318289,28.382966,28.452190,28.526360,28.605913,28.691333,28.783155,28.881969,28.988427,29.103249,29.227228,29.361242,29.506250,29.663310,29.833572,30.018289,30.218808,30.436567,30.673076,30.929892,31.208571,31.510601,31.837302,32.189690,32.568280,32.972850,33.402115,33.853361,34.322018,34.801230,35.281495,35.750474,36.193105,36.592182,36.929477,37.187409,37.351084,37.410338,37.361350,37.207378,36.958414,36.629835,36.240390,35.810017,35.357913,34.901134,34.453820,34.026960,33.628558,33.264043,32.936767,32.648519,32.399984,32.191131,32.021514,31.890508,31.797477,31.741890,31.723401,31.741890,31.797477,31.890508,32.021514,32.191131,32.399984,32.648519,32.936767,33.264043,33.628558,34.026960,34.453820,34.901134,35.357913,35.810017,36.240390,36.629835,36.958414,37.207378,37.361350,37.410338,37.351084,37.187409,36.929477,36.592182,36.193105,35.750474,35.281495,34.801230,34.322018,33.853361,33.402115,32.972850,32.568280,32.189690,31.837302,31.510601,31.208571,30.929892,30.673076,30.436567,30.218808,30.018289,29.833572,29.663310,29.506250,29.361242,29.227228,29.103249,28.988427,28.881969,28.783155,28.691333,28.605913,28.526360,28.452190,28.382966,28.318289,28.257799,28.201168,28.148099,28.098320,28.051584,28.007666,27.966361,27.927480,27.890851,27.856316,27.823732,27.792964,27.763892,27.736401,27.710388,27.685759,27.662424,27.640301,27.619316,27.599397,27.580480,27.562505,27.545416,27.529160,27.513689,27.498957,27.484924,27.471548,27.458794,27.446627,27.435015,27.423928,27.413338,27.403218,27.393544,27.384292,27.375440,27.366969,27.358858,27.351090,27.343647,27.336514
8.5000,27.338081,27.345291,27.352814,27.360667,27.368867,27.377433,27.386385,27.395743,27.405530,27.415770,27.426487,27.437709,27.449463,27.461782,27.474698,27.488245,27.502461,27.517387,27.533066,27.549543,27.566868,27.585095,27.604281,27.624487,27.645781,27.668233,27.691922,27.716931,27.743351,27.771279,27.800823,27.832097,27.865228,27.900351,27.937616,27.977184,28.019233,28.063956,28.111565,28.162292,28.216391,28.274141,28.335851,28.401857,28.472532,28.548286,28.629572,28.716890,28.810792,28.911888,29.020850,29.138423,29.265427,29.402765,29.551429,29.712506,29.887181,30.076738,30.282557,30.506101,30.748902,31.012524,31.298512,31.608313,31.943170,32.303964,32.691006,33.103772,33.540567,33.998133,34.471217,34.952157,35.430561,35.893197,36.324243,36.706028,37.020334,37.250206,37.382031,37.407490,37.324929,37.139761,36.863791,36.513609,36.108493,35.668260,35.211498,34.754359,34.309964,33.888312,33.496530,33.139321,32.819473,32.538356,32.296359,32.093245,31.928438,31.801229,31.710935,31.656999,31.639061,31.656999,31.710935,31.801229,31.928438,32.093245,32.296359,32.538356,32.819473,33.139321,33.496530,33.888312,34.309964,34.754359,35.211498,35.668260,36.108493,36.513609,36.863791,37.139761,37.324929,37.407490,37.382031,37.250206,37.020334,36.706028,36.324243,35.893197,35.430561,34.952157,34.471217,33.998133,33.540567,33.103772,32.691006,32.303964,31.943170,31.608313,31.298512,31.012524,30.748902,30.506101,30.282557,30.076738,29.887181,29.712506,29.551429,29.402765,29.265427,29.138423,29.020850,28.911888,28.810792,28.716890,28.629572,28.548286,28.472532,28.401857,28.335851,28.274141,28.216391,28.162292,28.111565,28.063956,28.019233,27.977184,27.937616,27.900351,27.865228,27.832097,27.800823,27.771279,27.743351,27.716931,27.691922,27.668233,27.645781,27.624487,27.604281,27.585095,27.566868,27.549543,27.533066,27.517387,27.502461,27.488245,27.474698,27.461782,27.449463,27.437709,27.426487,27.415770,27.405530,27.395743,27.386385,27.377433,27.368867,27.360667,27.352814,27.345291,27.338081
8.6250,27.339680,27.346967,27.354572,27.362512,27.370804,27.379467,27.388522,27.397989,27.407891,27.418253,27.429100,27.440459,27.452360,27.464834,27.477915,27.491638,27.506041,27.521166,27.537057,27.553760,27.571327,27.589812,27.609274,27.629775,27.651385,27.674176,27.698227,27.723625,27.750463,27.778840,27.808867,27.840662,27.874353,27.910082,27.948000,27.988275,28.031088,28.076639,28.125146,28.176848,28.232007,28.290910,28.353875,28.421251,28.493421,28.570809,28.653883,28.743158,28.839206,28.942656,29.054203,29.174616,29.304741,29.445510,29.597946,29.763168,29.942394,30.136941,30.348217,30.577713,30.826975,31.097571,31.391025,31.708737,32.051851,32.421095,32.816547,33.237348,33.681353,34.144714,34.621456,35.103080,35.578289,36.032989,36.450671,36.813334,37.102953,37.303405,37.402549,37.394040,37.278421,37.063182,36.761768,36.391775,35.972796,35.524364,35.064348,34.607951,34.167277,33.751366,33.366518,33.016763,32.704374,32.430342,32.194791,31.997308,31.837201,31.713695,31.626064,31.573733,31.556331,31.573733,31.626064,31.713695,31.837201,31.997308,32.194791,32.430342,32.704374,33.016763,33.366518,33.751366,34.167277,34.607951,35.064348,35.524364,35.972796,36.391775,36.761768,37.063182,37.278421,37.394040,37.402549,37.303405,37.102953,36.813334,36.450671,36.032989,35.578289,35.103080,34.621456,34.144714,33.681353,33.237348,32.816547,32.421095,32.051851,31.708737,31.391025,31.097571,30.826975,30.577713,30.348217,30.136941,29.942394,29.763168,29.597946,29.445510,29.304741,29.174616,29.054203,28.942656,28.839206,28.743158,28.653883,28.570809,28.493421,28.421251,28.353875,28.290910,28.232007,28.176848,28.125146,28.076639,28.031088,27.988275,27.948000,27.910082,27.874353,27.840662,27.808867,27.778840,27.750463,27.723625,27.698227,27.674176,27.651385,27.629775,27.609274,27.589812,27.571327,27.553760,27.537057,27.521166,27.506041,27.491638,27.477915,27.464834,27.452360,27.440459,27.429100,27.418253,27.407891,27.397989,27.388522,27.379467,27.370804,27.362512,27.354572,27.346967,27.339680
8.7500,27.341311,27.348677,27.356366,27.364394,27.372780,27.381543,27.390702,27.400281,27.410301,27.420788,27.431767,27.443267,27.455318,27.467951,27.481200,27.495103,27.509698,27.525027,27.541135,27.558070,27.575885,27.594634,27.614378,27.635182,27.657115,27.680253,27.704676,27.730474,27.757740,27.786578,27.817101,27.849430,27.883698,27.920048,27.958637,27.999638,28.043238,28.089640,28.139071,28.191776,28.248026,28.308116,28.372375,28.441161,28.514872,28.593944,28.678861,28.770156,28.868417,28.974295,29.088510,29.211853,29.345200,29.489511,29.645839,29.815338,29.999257,30.198944,30.415838,30.651452,30.907345,31.185080,31.486155,31.811903,32.163360,32.541073,32.944857,33.373487,33.824319,34.292879,34.772426,35.253595,35.724191,36.169293,36.571803,36.913537,37.176856,37.346676,37.412507,37.370076,37.222116,36.978085,36.652883,36.264896,35.833833,35.378791,34.916839,34.462194,34.025960,33.616255,33.238602,32.896411,32.591483,32.324473,32.095268,31.903302,31.747786,31.627886,31.542846,31.492074,31.475193,31.492074,31.542846,31.627886,31.747786,31.903302,32.095268,32.324473,32.591483,32.896411,33.238602,33.616255,34.025960,34.462194,34.916839,35.378791,35.833833,36.264896,36.652883,36.978085,37.222116,37.370076,37.412507,37.346676,37.176856,36.913537,36.571803,36.169293,35.724191,35.253595,34.772426,34.292879,33.824319,33.373487,32.944857,32.541073,32.163360,31.811903,31.486155,31.185080,30.907345,30.651452,30.415838,30.198944,29.999257,29.815338,29.645839,29.489511,29.345200,29.211853,29.088510,28.974295,28.868417,28.770156,28.678861,28.593944,28.514872,28.441161,28.372375,28.308116,28.248026,28.191776,28.139071,28.089640,28.043238,27.999638,27.958637,27.920048,27.883698,27.849430,27.817101,27.786578,27.757740,27.730474,27.704676,27.680253,27.657115,27.635182,27.614378,27.594634,27.575885,27.558070,27.541135,27.525027,27.509698,27.495103,27.481200,27.467951,27.455318,27.443267,27.431767,27.420788,27.410301,27.400281,27.390702,27.381543,27.372780,27.364394,27.356366,27.348677,27.341311
8.8750,27.342974,27.350421,27.358196,27.366314,27.374796,27.383660,27.392927,27.402619,27.412760,27.423375,27.434490,27.446134,27.458337,27.471133,27.484555,27.498642,27.513433,27.528971,27.545301,27.562474,27.580542,27.599562,27.619596,27.640710,27.662975,27.686468,27.711273,27.737479,27.765185,27.794497,27.825529,27.858407,27.893266,27.930254,27.969534,28.011281,28.055688,28.102967,28.153348,28.207085,28.264457,28.325770,28.391361,28.461601,28.536900,28.617708,28.704525,28.797902,28.898447,29.006831,29.123798,29.250166,29.386837,29.534802,29.695147,29.869056,30.057812,30.262794,30.485469,30.727368,30.990061,31.275098,31.583938,31.917839,32.277704,32.663878,33.075881,33.512079,33.969295,34.442377,34.923788,35.403275,35.867755,36.301540,36.687053,37.006091,37.241606,37.379752,37.411844,37.335751,37.156359,36.884954,36.537691,36.133533,35.692118,35.231982,34.769318,34.317348,33.886191,33.483094,33.112848,32.778293,32.480807,32.220740,31.997773,31.811206,31.660169,31.543781,31.461260,31.412002,31.395625,31.412002,31.461260,31.543781,31.660169,31.811206,31.997773,32.220740,32.480807,32.778293,33.112848,33.483094,33.886191,34.317348,34.769318,35.231982,35.692118,36.133533,36.537691,36.884954,37.156359,37.335751,37.411844,37.379752,37.241606,37.006091,36.687053,36.301540,35.867755,35.403275,34.923788,34.442377,33.969295,33.512079,33.075881,32.663878,32.277704,31.917839,31.583938,31.275098,30.990061,30.727368,30.485469,30.262794,30.057812,29.869056,29.695147,29.534802,29.386837,29.250166,29.123798,29.006831,28.898447,28.797902,28.704525,28.617708,28.536900,28.461601,28.391361,28.325770,28.264457,28.207085,28.153348,28.102967,28.055688,28.011281,27.969534,27.930254,27.893266,27.858407,27.825529,27.794497,27.765185,27.737479,27.711273,27.686468,27.662975,27.640710,27.619596,27.599562,27.580542,27.562474,27.545301,27.528971,27.513433,27.498642,27.484555,27.471133,27.458337,27.446134,27.434490,27.423375,27.412760,27.402619,27.392927,27.383660,27.374796,27.366314,27.358196,27.350421,27.342974
9.0000,27.344670,27.352200,27.360062,27.368273,27.376853,27.385820,27.395197,27.405005,27.415269,27.426015,27.437268,27.449060,27.461420,27.474382,27.487981,27.502256,27.517247,27.532999,27.549557,27.566973,27.585301,27.604598,27.624929,27.646360,27.668965,27.692823,27.718019,27.744645,27.772803,27.802600,27.834155,27.867595,27.903062,27.940706,27.980694,28.023209,28.068447,28.116626,28.167985,28.222784,28.281312,28.343884,28.410846,28.482584,28.559519,28.642117,28.730893,28.826417,28.929317,29.040288,29.160095,29.289584,29.429686,29.581421,29.745909,29.924365,30.118106,30.328540,30.557159,30.805513,31.075171,31.367667,31.684411,32.026567,32.394885,32.789480,33.209545,33.652998,34.116082,34.592931,35.075174,35.551663,36.008449,36.429152,36.795843,37.090483,37.296814,37.402424,37.400565,37.291282,37.081542,36.784298,36.416754,35.998235,35.548147,35.084347,34.622106,34.173644,33.748130,33.351980,32.989308,32.662432,32.372347,32.119131,31.902288,31.721000,31.574330,31.461357,31.381283,31.333495,31.317609,31.333495,31.381283,31.461357,31.574330,31.721000,31.902288,32.119131,32.372347,32.662432,32.989308,33.351980,33.748130,34.173644,34.622106,35.084347,35.548147,35.998235,36.416754,36.784298,37.081542,37.291282,37.400565,37.402424,37.296814,37.090483,36.795843,36.429152,36.008449,35.551663,35.075174,34.592931,34.116082,33.652998,33.209545,32.789480,32.394885,32.026567,31.684411,31.367667,31.075171,30.805513,30.557159,30.328540,30.118106,29.924365,29.745909,29.581421,29.429686,29.289584,29.160095,29.040288,28.929317,28.826417,28.730893,28.642117,28.559519,28.482584,28.410846,28.343884,28.281312,28.222784,28.167985,28.116626,28.068447,28.023209,27.980694,27.940706,27.903062,27.867595,27.834155,27.802600,27.772803,27.744645,27.718019,27.692823,27.668965,27.646360,27.624929,27.604598,27.585301,27.566973,27.549557,27.532999,27.517247,27.502256,27.487981,27.474382,27.461420,27.449060,27.437268,27.426015,27.415269,27.405005,27.395197,27.385820,27.376853,27.368273,27.360062,27.352200,27.344670
9.1250,27.346399,27.354014,27.361965,27.370271,27.378950,27.388024,27.397512,27.407440,27.417830,27.428709,27.440104,27.452046,27.464566,27.477698,27.491479,27.505946,27.521143,27.537113,27.553904,27.571569,27.590163,27.609745,27.630379,27.652136,27.675089,27.699321,27.724918,27.751975,27.780595,27.810891,27.842982,27.877000,27.913091,27.951409,27.992126,28.035428,28.081520,28.130626,28.182990,28.238883,28.298600,28.362467,28.430843,28.504124,28.582744,28.667187,28.757984,28.855723,28.961053,29.074691,29.197428,29.330138,29.473779,29.629405,29.798165,29.981309,30.180184,30.396230,30.630959,30.885935,31.162723,31.462831,31.787606,32.138101,32.514893,32.917837,33.345761,33.796096,34.264461,34.744236,35.226190,35.698278,36.145725,36.551547,36.897611,37.166231,37.342146,37.414553,37.378745,37.236948,36.998103,36.676652,36.290634,35.859542,35.402392,34.936272,34.475496,34.031293,33.611915,33.222995,32.868022,32.548840,32.266096,32.019631,31.808790,31.632659,31.490242,31.380592,31.302895,31.256533,31.241123,31.256533,31.302895,31.380592,31.490242,31.632659,31.808790,32.019631,32.266096,32.548840,32.868022,33.222995,33.611915,34.031293,34.475496,34.936272,35.402392,35.859542,36.290634,36.676652,36.998103,37.236948,37.378745,37.414553,37.342146,37.166231,36.897611,36.551547,36.145725,35.698278,35.226190,34.744236,34.264461,33.796096,33.345761,32.917837,32.514893,32.138101,31.787606,31.462831,31.162723,30.885935,30.630959,30.396230,30.180184,29.981309,29.798165,29.629405,29.473779,29.330138,29.197428,29.074691,28.961053,28.855723,28.757984,28.667187,28.582744,28.504124,28.430843,28.362467,28.298600,28.238883,28.182990,28.130626,28.081520,28.035428,27.992126,27.951409,27.913091,27.877000,27.842982,27.810891,27.780595,27.751975,27.724918,27.699321,27.675089,27.652136,27.630379,27.609745,27.590163,27.571569,27.553904,27.537113,27.521143,27.505946,27.491479,27.477698,27.464566,27.452046,27.440104,27.428709,27.417830,27.407440,27.397512,27.388024,27.378950,27.370271,27.361965,27.354014,27.346399
9.2500,27.348162,27.355863,27.363905,27.372308,27.381089,27.390271,27.399874,27.409923,27.420442,27.431457,27.442998,27.455094,27.467777,27.481083,27.495049,27.509714,27.525120,27.541314,27.558345,27.576264,27.595130,27.615003,27.635949,27.658039,27.681350,27.705964,27.731973,27.759472,27.788567,27.819373,27.852015,27.886627,27.923358,27.962368,28.003833,28.047946,28.094916,28.144974,28.198373,28.255391,28.316332,28.381533,28.451365,28.526234,28.606593,28.692937,28.785817,28.885840,28.993676,29.110066,29.235827,29.371859,29.519153,29.678791,29.851956,30.039932,30.244095,30.465913,30.706919,30.968683,31.252764,31.560629,31.893551,32.252453,32.637712,33.048893,33.484423,33.941203,34.414186,34.895959,35.376413,35.842615,36.279017,36.668142,36.991813,37.232894,37.377323,37.416063,37.346525,37.173079,36.906515,36.562567,36.159895,35.717974,35.255297,34.788113,34.329755,33.890480,33.477663,33.096207,32.749023,32.437523,32.162044,31.922219,31.717255,31.546157,31.407882,31.301461,31.226071,31.181094,31.166144,31.181094,31.226071,31.301461,31.407882,31.546157,31.717255,31.922219,32.162044,32.437523,32.749023,33.096207,33.477663,33.890480,34.329755,34.788113,35.255297,35.717974,36.159895,36.562567,36.906515,37.173079,37.346525,37.416063,37.377323,37.232894,36.991813,36.668142,36.279017,35.842615,35.376413,34.895959,34.414186,33.941203,33.484423,33.048893,32.637712,32.252453,31.893551,31.560629,31.252764,30.968683,30.706919,30.465913,30.244095,30.039932,29.851956,29.678791,29.519153,29.371859,29.235827,29.110066,28.993676,28.885840,28.785817,28.692937,28.606593,28.526234,28.451365,28.381533,28.316332,28.255391,28.198373,28.144974,28.094916,28.047946,28.003833,27.962368,27.923358,27.886627,27.852015,27.819373,27.788567,27.759472,27.731973,27.705964,27.681350,27.658039,27.635949,27.615003,27.595130,27.576264,27.558345,27.541314,27.525120,27.509714,27.495049,27.481083,27.467777,27.455094,27.442998,27.431457,27.420442,27.409923,27.399874,27.390271,27.381089,27.372308,27.363905,27.355863,27.348162
9.3750,27.349959,27.357748,27.365884,27.374385,27.383271,27.392563,27.402283,27.412456,27.423106,27.434262,27.445950,27.458204,27.471055,27.484539,27.498694,27.513560,27.529181,27.545604,27.562879,27.581060,27.600205,27.620376,27.641641,27.664072,27.687749,27.712757,27.739186,27.767138,27.796721,27.828051,27.861258,27.896480,27.933868,27.973589,28.015823,28.060769,28.108641,28.159679,28.214142,28.272317,28.334519,28.401094,28.472424,28.548932,28.631081,28.719385,28.814413,28.916791,29.027213,29.146441,29.275322,29.414782,29.565842,29.729618,29.907326,30.100278,30.309886,30.537639,30.785088,31.053808,31.345338,31.661097,32.002267,32.369622,32.763313,33.182579,33.625408,34.088129,34.564985,35.047740,35.525394,35.984148,36.407753,36.778362,37.077931,37.290078,37.402129,37.406951,37.304110,37.100061,36.807284,36.442601,36.025089,35.574032,35.107285,34.640199,34.185124,33.751369,33.345478,32.971671,32.632332,32.328479,32.060177,31.826873,31.627658,31.461467,31.327223,31.223939,31.150789,31.107153,31.092651,31.107153,31.150789,31.223939,31.327223,31.461467,31.627658,31.826873,32.060177,32.328479,32.632332,32.971671,33.345478,33.751369,34.185124,34.640199,35.107285,35.574032,36.025089,36.442601,36.807284,37.100061,37.304110,37.406951,37.402129,37.290078,37.077931,36.778362,36.407753,35.984148,35.525394,35.047740,34.564985,34.088129,33.625408,33.182579,32.763313,32.369622,32.002267,31.661097,31.345338,31.053808,30.785088,30.537639,30.309886,30.100278,29.907326,29.729618,29.565842,29.414782,29.275322,29.146441,29.027213,28.916791,28.814413,28.719385,28.631081,28.548932,28.472424,28.401094,28.334519,28.272317,28.214142,28.159679,28.108641,28.060769,28.015823,27.973589,27.933868,27.896480,27.861258,27.828051,27.796721,27.767138,27.739186,27.712757,27.687749,27.664072,27.641641,27.620376,27.600205,27.581060,27.562879,27.545604,27.529181,27.513560,27.498694,27.484539,27.471055,27.458204,27.445950,27.434262,27.423106,27.412456,27.402283,27.392563,27.383271,27.374385,27.365884,27.357748,27.349959
9.5000,27.351791,27.359670,27.367901,27.376503,27.385495,27.394900,27.404740,27.415040,27.425824,27.437122,27.448963,27.461377,27.474399,27.488065,27.502414,27.517486,27.533328,27.549985,27.567510,27.585958,27.605388,27.625865,27.647456,27.670238,27.694290,27.719700,27.746562,27.774979,27.805061,27.836929,27.870716,27.906563,27.944627,27.985078,28.028103,28.073904,28.122705,28.174750,28.230308,28.289674,28.353173,28.421162,28.494036,28.572231,28.656225,28.746550,28.843793,28.948600,29.061687,29.183845,29.315943,29.458939,29.613885,29.781928,29.964316,30.162396,30.377605,30.611457,30.865517,31.141356,31.440486,31.764267,32.113772,32.489603,32.891654,33.318809,33.768572,34.236656,34.716559,35.199191,35.672658,36.122333,36.531354,36.881646,37.155482,37.337439,37.416412,37.387276,37.251766,37.018320,36.700938,36.317320,35.886758,35.428193,34.958746,34.492832,34.041819,33.614104,33.215446,32.849432,32.517961,32.221703,31.960476,31.733568,31.539971,31.378562,31.248238,31.148001,31.077023,31.034689,31.020620,31.034689,31.077023,31.148001,31.248238,31.378562,31.539971,31.733568,31.960476,32.221703,32.517961,32.849432,33.215446,33.614104,34.041819,34.492832,34.958746,35.428193,35.886758,36.317320,36.700938,37.018320,37.251766,37.387276,37.416412,37.337439,37.155482,36.881646,36.531354,36.122333,35.672658,35.199191,34.716559,34.236656,33.768572,33.318809,32.891654,32.489603,32.113772,31.764267,31.440486,31.141356,30.865517,30.611457,30.377605,30.162396,29.964316,29.781928,29.613885,29.458939,29.315943,29.183845,29.061687,28.948600,28.843793,28.746550,28.656225,28.572231,28.494036,28.421162,28.353173,28.289674,28.230308,28.174750,28.122705,28.073904,28.028103,27.985078,27.944627,27.906563,27.870716,27.836929,27.805061,27.774979,27.746562,27.719700,27.694290,27.670238,27.647456,27.625865,27.605388,27.585958,27.567510,27.549985,27.533328,27.517486,27.502414,27.488065,27.474399,27.461377,27.448963,27.437122,27.425824,27.415040,27.404740,27.394900,27.385495,27.376503,27.367901,27.359670,27.351791
9.6250,27.353658,27.361629,27.369957,27.378661,27.387763,27.397283,27.407245,27.417674,27.428597,27.440040,27.452035,27.464614,27.477811,27.491664,27.506210,27.521494,27.537560,27.554458,27.572239,27.590960,27.610683,27.631472,27.653398,27.676539,27.700975,27.726798,27.754103,27.782996,27.813591,27.846012,27.880393,27.916883,27.955640,27.996842,28.040678,28.087358,28.137113,28.190194,28.246879,28.307470,28.372304,28.441750,28.516215,28.596147,28.682043,28.774451,28.873977,28.981289,29.097127,29.222305,29.357722,29.504366,29.663319,29.835760,30.022972,30.226330,30.447301,30.687418,30.948255,31.231373,31.538249,31.870168,32.228075,32.612378,33.022684,33.457480,33.913748,34.386544,34.868581,35.349895,35.817707,36.256613,36.649242,36.977448,37.224021,37.374693,37.420087,37.357169,37.189813,36.928322,36.588023,36.187285,35.745429,35.280912,34.810046,34.346286,33.900034,33.478810,33.087638,32.729520,32.405917,32.117182,31.862920,31.642278,31.454164,31.297414,31.170900,31.073620,31.004749,30.963676,30.950027,30.963676,31.004749,31.073620,31.170900,31.297414,31.454164,31.642278,31.862920,32.117182,32.405917,32.729520,33.087638,33.478810,33.900034,34.346286,34.810046,35.280912,35.745429,36.187285,36.588023,36.928322,37.189813,37.357169,37.420087,37.374693,37.224021,36.977448,36.649242,36.256613,35.817707,35.349895,34.868581,34.386544,33.913748,33.457480,33.022684,32.612378,32.228075,31.870168,31.538249,31.231373,30.948255,30.687418,30.447301,30.226330,30.022972,29.835760,29.663319,29.504366,29.357722,29.222305,29.097127,28.981289,28.873977,28.774451,28.682043,28.596147,28.516215,28.441750,28.372304,28.307470,28.246879,28.190194,28.137113,28.087358,28.040678,27.996842,27.955640,27.916883,27.880393,27.846012,27.813591,27.782996,27.754103,27.726798,27.700975,27.676539,27.653398,27.631472,27.610683,27.590960,27.572239,27.554458,27.537560,27.521494,27.506210,27.491664,27.477811,27.464614,27.452035,27.440040,27.428597,27.417674,27.407245,27.397283,27.387763,27.378661,27.369957,27.361629,27.353658
9.7500,27.355560,27.363625,27.372053,27.380862,27.390075,27.399713,27.409800,27.420361,27.431424,27.443017,27.455170,27.467917,27.481293,27.495336,27.510085,27.525585,27.541881,27.559024,27.577067,27.596069,27.616090,27.637200,27.659469,27.682977,27.707808,27.734053,27.761813,27.791194,27.822315,27.855302,27.890295,27.927443,27.966913,28.008885,28.053555,28.101140,28.151876,28.206022,28.263865,28.325718,28.391927,28.462872,28.538974,28.620697,28.708554,28.803109,28.904989,29.014884,29.133558,29.261852,29.400693,29.551099,29.714183,29.891158,30.083338,30.292130,30.519024,30.765572,31.033351,31.323905,31.638663,31.978822,32.345180,32.737921,33.156334,33.598472,34.060751,34.537527,35.020696,35.499409,35.960021,36.386419,36.760843,37.065252,37.283148,37.401612,37.413135,37.316820,37.118624,36.830565,36.469098,36.053053,35.601606,35.132616,34.661523,34.200811,33.759938,33.345594,32.962112,32.611958,32.296197,32.014900,31.767482,31.552972,31.370209,31.217991,31.095179,31.000770,30.933942,30.894092,30.880850,30.894092,30.933942,31.000770,31.095179,31.217991,31.370209,31.552972,31.767482,32.014900,32.296197,32.611958,32.962112,33.345594,33.759938,34.200811,34.661523,35.132616,35.601606,36.053053,36.469098,36.830565,37.118624,37.316820,37.413135,37.401612,37.283148,37.065252,36.760843,36.386419,35.960021,35.499409,35.020696,34.537527,34.060751,33.598472,33.156334,32.737921,32.345180,31.978822,31.638663,31.323905,31.033351,30.765572,30.519024,30.292130,30.083338,29.891158,29.714183,29.551099,29.400693,29.261852,29.133558,29.014884,28.904989,28.803109,28.708554,28.620697,28.538974,28.462872,28.391927,28.325718,28.263865,28.206022,28.151876,28.101140,28.053555,28.008885,27.966913,27.927443,27.890295,27.855302,27.822315,27.791194,27.761813,27.734053,27.707808,27.682977,27.659469,27.637200,27.616090,27.596069,27.577067,27.559024,27.541881,27.525585,27.510085,27.495336,27.481293,27.467917,27.455170,27.443017,27.431424,27.420361,27.409800,27.399713,27.390075,27.380862,27.372053,27.363625,27.355560
9.8750,27.357499,27.365660,27.374188,27.383105,27.392432,27.402190,27.412404,27.423101,27.434307,27.446052,27.458367,27.471286,27.484845,27.499082,27.514039,27.529760,27.546291,27.563685,27.581997,27.601285,27.621613,27.643051,27.665671,27.689555,27.714790,27.741469,27.769694,27.799577,27.831237,27.864806,27.900425,27.938251,27.978452,28.021215,28.066742,28.115256,28.167000,28.222243,28.281277,28.344428,28.412052,28.484541,28.562331,28.645899,28.735775,28.832544,28.936851,29.049410,29.171009,29.302517,29.444889,29.599173,29.766517,29.948164,30.145461,30.359842,30.592823,30.845968,31.120852,31.418993,31.741762,32.090248,32.465081,32.866194,33.292522,33.741644,34.209368,34.689311,35.172524,35.647265,36.099062,36.511176,36.865597,37.144568,37.332511,37.418034,37.395606,37.266483,37.038617,36.725573,36.344724,35.915167,35.455775,34.983706,34.513486,34.056629,33.621682,33.214545,32.838913,32.496761,32.188795,31.914836,31.674136,31.465621,31.288074,31.140265,31.021049,30.929423,30.864576,30.825911,30.813063,30.825911,30.864576,30.929423,31.021049,31.140265,31.288074,31.465621,31.674136,31.914836,32.188795,32.496761,32.838913,33.214545,33.621682,34.056629,34.513486,34.983706,35.455775,35.915167,36.344724,36.725573,37.038617,37.266483,37.395606,37.418034,37.332511,37.144568,36.865597,36.511176,36.099062,35.647265,35.172524,34.689311,34.209368,33.741644,33.292522,32.866194,32.465081,32.090248,31.741762,31.418993,31.120852,30.845968,30.592823,30.359842,30.145461,29.948164,29.766517,29.599173,29.444889,29.302517,29.171009,29.049410,28.936851,28.832544,28.735775,28.645899,28.562331,28.484541,28.412052,28.344428,28.281277,28.222243,28.167000,28.115256,28.066742,28.021215,27.978452,27.938251,27.900425,27.864806,27.831237,27.799577,27.769694,27.741469,27.714790,27.689555,27.665671,27.643051,27.621613,27.601285,27.581997,27.563685,27.546291,27.529760,27.514039,27.499082,27.484845,27.471286,27.458367,27.446052,27.434307,27.423101,27.412404,27.402190,27.392432,27.383105,27.374188,27.365660,27.357499
10.0000,27.359475,27.367733,27.376365,27.385391,27.394834,27.404715,27.415060,27.425894,27.437247,27.449148,27.461628,27.474723,27.488469,27.502905,27.518074,27.534020,27.550793,27.568444,27.587030,27.606611,27.627253,27.649027,27.672007,27.696277,27.721925,27.749049,27.777752,27.808148,27.840362,27.874527,27.910789,27.949310,27.990262,28.033838,28.080246,28.129715,28.182496,28.238866,28.299127,28.363613,28.432693,28.506773,28.586300,28.671769,28.763727,28.862777,28.969587,29.084893,29.209509,29.344331,29.490344,29.648628,29.820362,30.006823,30.209387,30.429518,30.668750,30.928657,31.210805,31.516678,31.847573,32.204455,32.587762,32.997144,33.431148,33.886835,34.359364,34.841576,35.323652,35.792972,36.234278,36.630309,36.962958,37.214949,37.371817,37.423862,37.367616,37.206468,36.950249,36.613886,36.215466,35.774158,35.308396,34.834555,34.366217,33.913940,33.485395,33.085738,32.718075,32.383934,32.083698,31.816968,31.582852,31.380193,31.207726,31.064205,30.948479,30.859554,30.796627,30.759109,30.746643,30.759109,30.796627,30.859554,30.948479,31.064205,31.207726,31.380193,31.582852,31.816968,32.083698,32.383934,32.718075,33.085738,33.485395,33.913940,34.366217,34.834555,35.308396,35.774158,36.215466,36.613886,36.950249,37.206468,37.367616,37.423862,37.371817,37.214949,36.962958,36.630309,36.234278,35.792972,35.323652,34.841576,34.359364,33.886835,33.431148,32.997144,32.587762,32.204455,31.847573,31.516678,31.210805,30.928657,30.668750,30.429518,30.209387,30.006823,29.820362,29.648628,29.490344,29.344331,29.209509,29.084893,28.969587,28.862777,28.763727,28.671769,28.586300,28.506773,28.432693,28.363613,28.299127,28.238866,28.182496,28.129715,28.080246,28.033838,27.990262,27.949310,27.910789,27.874527,27.840362,27.808148,27.777752,27.749049,27.721925,27.696277,27.672007,27.649027,27.627253,27.606611,27.587030,27.568444,27.550793,27.534020,27.518074,27.502905,27.488469,27.474723,27.461628,27.449148,27.437247,27.425894,27.415060,27.404715,27.394834,27.385391,27.376365,27.367733,27.359475
10.1250,27.361487,27.369845,27.378583,27.387721,27.397282,27.407289,27.417766,27.428742,27.440245,27.452304,27.464954,27.478228,27.492165,27.506805,27.522190,27.538368,27.555387,27.573301,27.592168,27.612050,27.633013,27.655130,27.678479,27.703144,27.729217,27.756795,27.785988,27.816912,27.849693,27.884470,27.921393,27.960626,28.002351,28.046762,28.094074,28.144525,28.198372,28.255901,28.317423,28.383284,28.453864,28.529581,28.610898,28.698326,28.792429,28.893831,29.003221,29.121360,29.249087,29.387327,29.537095,29.699503,29.875760,30.067179,30.275164,30.501204,30.746852,31.013686,31.303254,31.616996,31.956120,32.321449,32.713199,33.130709,33.572095,34.033862,34.510478,34.993972,35.473647,35.936015,36.365105,36.743246,37.052406,37.275987,37.400830,37.419065,37.329343,37.137136,36.854011,36.496061,36.081880,35.630538,35.159903,34.685506,34.219973,33.772922,33.351188,32.959235,32.599624,32.273477,31.980889,31.721267,31.493599,31.296654,31.129134,30.989779,30.877441,30.791135,30.730067,30.693661,30.681565,30.693661,30.730067,30.791135,30.877441,30.989779,31.129134,31.296654,31.493599,31.721267,31.980889,32.273477,32.599624,32.959235,33.351188,33.772922,34.219973,34.685506,35.159903,35.630538,36.081880,36.496061,36.854011,37.137136,37.329343,37.419065,37.400830,37.275987,37.052406,36.743246,36.365105,35.936015,35.473647,34.993972,34.510478,34.033862,33.572095,33.130709,32.713199,32.321449,31.956120,31.616996,31.303254,31.013686,30.746852,30.501204,30.275164,30.067179,29.875760,29.699503,29.537095,29.387327,29.249087,29.121360,29.003221,28.893831,28.792429,28.698326,28.610898,28.529581,28.453864,28.383284,28.317423,28.255901,28.198372,28.144525,28.094074,28.046762,28.002351,27.960626,27.921393,27.884470,27.849693,27.816912,27.785988,27.756795,27.729217,27.703144,27.678479,27.655130,27.633013,27.612050,27.592168,27.573301,27.555387,27.538368,27.522190,27.506805,27.492165,27.478228,27.464954,27.452304,27.440245,27.428742,27.417766,27.407289,27.397282,27.387721,27.378583,27.369845,27.361487
10.2500,27.363538,27.371998,27.380843,27.390096,27.399777,27.409912,27.420525,27.431645,27.443301,27.455523,27.468345,27.481803,27.495936,27.510784,27.526391,27.542804,27.560075,27.578259,27.597413,27.617603,27.638895,27.661364,27.685090,27.710160,27.736667,27.764713,27.794408,27.825872,27.859235,27.894640,27.932241,27.972207,28.014723,28.059992,28.108235,28.159694,28.214638,28.273358,28.336179,28.403455,28.475578,28.552982,28.636142,28.725588,28.821902,28.925729,29.037779,29.158839,29.289774,29.431539,29.585178,29.751836,29.932755,30.129278,30.342840,30.574952,30.827181,31.101103,31.398243,31.719981,32.067423,32.441225,32.841356,33.266806,33.715225,34.182518,34.662421,35.146124,35.622045,36.075863,36.490971,36.849426,37.133453,37.327325,37.419375,37.403680,37.281028,37.058895,36.750420,36.372658,35.944513,35.484795,35.010704,34.536879,34.074984,33.633729,33.219157,32.835084,32.483573,32.165380,31.880345,31.627705,31.406343,31.214971,31.052264,30.916956,30.807906,30.724138,30.664873,30.629543,30.617805,30.629543,30.664873,30.724138,30.807906,30.916956,31.052264,31.214971,31.406343,31.627705,31.880345,32.165380,32.483573,32.835084,33.219157,33.633729,34.074984,34.536879,35.010704,35.484795,35.944513,36.372658,36.750420,37.058895,37.281028,37.403680,37.419375,37.327325,37.133453,36.849426,36.490971,36.075863,35.622045,35.146124,34.662421,34.182518,33.715225,33.266806,32.841356,32.441225,32.067423,31.719981,31.398243,31.101103,30.827181,30.574952,30.342840,30.129278,29.932755,29.751836,29.585178,29.431539,29.289774,29.158839,29.037779,28.925729,28.821902,28.725588,28.636142,28.552982,28.475578,28.403455,28.336179,28.273358,28.214638,28.159694,28.108235,28.059992,28.014723,27.972207,27.932241,27.894640,27.859235,27.825872,27.794408,27.764713,27.736667,27.710160,27.685090,27.661364,27.638895,27.617603,27.597413,27.578259,27.560075,27.542804,27.526391,27.510784,27.495936,27.481803,27.468345,27.455523,27.443301,27.431645,27.420525,27.409912,27.399777,27.390096,27.380843,27.371998,27.363538
10.3750,27.365626,27.374190,27.383146,27.392515,27.402320,27.412585,27.423338,27.434605,27.446417,27.458805,27.471804,27.485449,27.499782,27.514842,27.530676,27.547331,27.564860,27.583319,27.602768,27.623272,27.644901,27.667731,27.691843,27.717328,27.744280,27.772805,27.803014,27.835033,27.868993,27.905042,27.943338,27.984057,28.027387,28.073537,28.122735,28.175232,28.231302,28.291249,28.355405,28.424137,28.497850,28.576990,28.662050,28.753576,28.852168,28.958494,29.073287,29.197358,29.331602,29.477000,29.634630,29.805668,29.991390,30.193167,30.412463,30.650811,30.909786,31.190956,31.495812,31.825663,32.181493,32.563769,32.972182,33.405340,33.860383,34.332573,34.814878,35.297628,35.768360,36.211968,36.611303,36.948307,37.205642,37.368660,37.427345,37.377810,37.222970,36.972193,36.640013,36.244240,35.803899,35.337396,34.861179,34.388962,33.931458,33.496498,33.089379,32.713321,32.369929,32.059632,31.782042,31.536250,31.321050,31.135109,30.977083,30.845706,30.739844,30.658537,30.601017,30.566730,30.555338,30.566730,30.601017,30.658537,30.739844,30.845706,30.977083,31.135109,31.321050,31.536250,31.782042,32.059632,32.369929,32.713321,33.089379,33.496498,33.931458,34.388962,34.861179,35.337396,35.803899,36.244240,36.640013,36.972193,37.222970,37.377810,37.427345,37.368660,37.205642,36.948307,36.611303,36.211968,35.768360,35.297628,34.814878,34.332573,33.860383,33.405340,32.972182,32.563769,32.181493,31.825663,31.495812,31.190956,30.909786,30.650811,30.412463,30.193167,29.991390,29.805668,29.634630,29.477000,29.331602,29.197358,29.073287,28.958494,28.852168,28.753576,28.662050,28.576990,28.497850,28.424137,28.355405,28.291249,28.231302,28.175232,28.122735,28.073537,28.027387,27.984057,27.943338,27.905042,27.868993,27.835033,27.803014,27.772805,27.744280,27.717328,27.691843,27.667731,27.644901,27.623272,27.602768,27.583319,27.564860,27.547331,27.530676,27.514842,27.499782,27.485449,27.471804,27.458805,27.446417,27.434605,27.423338,27.412585,27.402320,27.392515,27.383146,27.374190,27.365626
10.5000,27.367754,27.376424,27.385492,27.394980,27.404911,27.415310,27.426204,27.437621,27.449593,27.462151,27.475330,27.489168,27.503704,27.518982,27.535047,27.551950,27.569743,27.588483,27.608233,27.629059,27.651033,27.674232,27.698741,27.724651,27.752059,27.781074,27.811812,27.844398,27.878971,27.915681,27.954692,27.996182,28.040348,28.087403,28.137583,28.191147,28.248376,28.309584,28.375115,28.445345,28.520694,28.601623,28.688639,28.782308,28.883249,28.992151,29.109771,29.236948,29.374602,29.523747,29.685492,29.861043,30.051709,30.258894,30.484084,30.728831,30.994715,31.283288,31.595997,31.934065,32.298335,32.689057,33.105616,33.546196,34.007387,34.483769,34.967507,35.448055,35.912086,36.343770,36.725534,37.039364,37.268562,37.399747,37.424696,37.341621,37.155519,36.877513,36.523341,36.111366,35.660553,35.188783,34.711682,34.242020,33.789576,33.361344,32.961921,32.593972,32.258693,31.956215,31.685952,31.446868,31.237685,31.057033,30.903558,30.775996,30.673227,30.594304,30.538475,30.505197,30.494141,30.505197,30.538475,30.594304,30.673227,30.775996,30.903558,31.057033,31.237685,31.446868,31.685952,31.956215,32.258693,32.593972,32.961921,33.361344,33.789576,34.242020,34.711682,35.188783,35.660553,36.111366,36.523341,36.877513,37.155519,37.341621,37.424696,37.399747,37.268562,37.039364,36.725534,36.343770,35.912086,35.448055,34.967507,34.483769,34.007387,33.546196,33.105616,32.689057,32.298335,31.934065,31.595997,31.283288,30.994715,30.728831,30.484084,30.258894,30.051709,29.861043,29.685492,29.523747,29.374602,29.236948,29.109771,28.992151,28.883249,28.782308,28.688639,28.601623,28.520694,28.445345,28.375115,28.309584,28.248376,28.191147,28.137583,28.087403,28.040348,27.996182,27.954692,27.915681,27.878971,27.844398,27.811812,27.781074,27.752059,27.724651,27.698741,27.674232,27.651033,27.629059,27.608233,27.588483,27.569743,27.551950,27.535047,27.518982,27.503704,27.489168,27.475330,27.462151,27.449593,27.437621,27.426204,27.415310,27.404911,27.394980,27.385492,27.376424,27.367754
10.6250,27.369921,27.378700,27.387882,27.397491,27.407551,27.418086,27.429125,27.440696,27.452831,27.465562,27.478925,27.492959,27.507704,27.523205,27.539507,27.556662,27.574725,27.593754,27.613812,27.634968,27.657294,27.680872,27.705786,27.732131,27.760008,27.789525,27.820804,27.853973,27.889175,27.926563,27.966307,28.008590,28.053614,28.101599,28.152788,28.207448,28.265869,28.328375,28.395319,28.467092,28.544126,28.626896,28.715929,28.811805,28.915167,29.026724,29.147260,29.277638,29.418810,29.571817,29.737801,29.918002,30.113759,30.326505,30.557751,30.809062,31.082017,31.378144,31.698833,32.045207,32.417946,32.817056,33.241580,33.689241,34.156038,34.635825,35.119938,35.596949,36.052696,36.470702,36.833103,37.122106,37.321850,37.420400,37.411453,37.295341,37.079071,36.775366,36.400965,35.974584,35.514971,35.039371,34.562537,34.096289,33.649500,33.228366,32.836831,32.477054,32.149856,31.855106,31.592043,31.359524,31.156212,30.980708,30.831654,30.707795,30.608025,30.531412,30.477220,30.444919,30.434188,30.444919,30.477220,30.531412,30.608025,30.707795,30.831654,30.980708,31.156212,31.359524,31.592043,31.855106,32.149856,32.477054,32.836831,33.228366,33.649500,34.096289,34.562537,35.039371,35.514971,35.974584,36.400965,36.775366,37.079071,37.295341,37.411453,37.420400,37.321850,37.122106,36.833103,36.470702,36.052696,35.596949,35.119938,34.635825,34.156038,33.689241,33.241580,32.817056,32.417946,32.045207,31.698833,31.378144,31.082017,30.809062,30.557751,30.326505,30.113759,29.918002,29.737801,29.571817,29.418810,29.277638,29.147260,29.026724,28.915167,28.811805,28.715929,28.626896,28.544126,28.467092,28.395319,28.328375,28.265869,28.207448,28.152788,28.101599,28.053614,28.008590,27.966307,27.926563,27.889175,27.853973,27.820804,27.789525,27.760008,27.732131,27.705786,27.680872,27.657294,27.634968,27.613812,27.593754,27.574725,27.556662,27.539507,27.523205,27.507704,27.492959,27.478925,27.465562,27.452831,27.440696,27.429125,27.418086,27.407551,27.397491,27.387882,27.378700,27.369921
10.7500,27.372128,27.381017,27.390317,27.400050,27.410241,27.420916,27.432102,27.443830,27.456131,27.469039,27.482591,27.496825,27.511784,27.527511,27.544056,27.561470,27.579809,27.599133,27.619506,27.640999,27.663687,27.687652,27.712982,27.739773,27.768129,27.798162,27.829995,27.863762,27.899609,27.937693,27.978189,28.021286,28.067191,28.116132,28.168359,28.224145,28.283793,28.347633,28.416032,28.489393,28.568161,28.652829,28.743938,28.842089,28.947946,29.062240,29.185782,29.319461,29.464258,29.621246,29.791599,29.976589,30.177586,30.396051,30.633515,30.891553,31.171737,31.475562,31.804350,32.159102,32.540313,32.947718,33.379980,33.834322,34.306107,34.788431,35.271773,35.743829,36.189646,36.592195,36.933466,37.196073,37.365192,37.430500,37.387705,37.239257,36.994067,36.666284,36.273446,35.834431,35.367625,34.889546,34.414041,33.951985,33.511372,33.097648,32.714151,32.362575,32.043405,31.756279,31.500282,31.274182,31.076593,30.906098,30.761339,30.641073,30.544208,30.469833,30.417228,30.385873,30.375456,30.385873,30.417228,30.469833,30.544208,30.641073,30.761339,30.906098,31.076593,31.274182,31.500282,31.756279,32.043405,32.362575,32.714151,33.097648,33.511372,33.951985,34.414041,34.889546,35.367625,35.834431,36.273446,36.666284,36.994067,37.239257,37.387705,37.430500,37.365192,37.196073,36.933466,36.592195,36.189646,35.743829,35.271773,34.788431,34.306107,33.834322,33.379980,32.947718,32.540313,32.159102,31.804350,31.475562,31.171737,30.891553,30.633515,30.396051,30.177586,29.976589,29.791599,29.621246,29.464258,29.319461,29.185782,29.062240,28.947946,28.842089,28.743938,28.652829,28.568161,28.489393,28.416032,28.347633,28.283793,28.224145,28.168359,28.116132,28.067191,28.021286,27.978189,27.937693,27.899609,27.863762,27.829995,27.798162,27.768129,27.739773,27.712982,27.687652,27.663687,27.640999,27.619506,27.599133,27.579809,27.561470,27.544056,27.527511,27.511784,27.496825,27.482591,27.469039,27.456131,27.443830,27.432102,27.420916,27.410241,27.400050,27.390317,27.381017,27.372128
10.8750,27.374376,27.383378,27.392797,27.402656,27.412981,27.423798,27.435136,27.447024,27.459495,27.472584,27.486329,27.500768,27.515944,27.531904,27.548697,27.566375,27.584996,27.604622,27.625318,27.647156,27.670215,27.694576,27.720331,27.747579,27.776426,27.806988,27.839390,27.873770,27.910278,27.949077,27.990345,28.034278,28.081088,28.131011,28.184304,28.241249,28.302157,28.367370,28.437266,28.512262,28.592817,28.679438,28.772686,28.873182,28.981610,29.098726,29.225366,29.362448,29.510982,29.672074,29.846928,30.036849,30.243238,30.467580,30.711425,30.976353,31.263921,31.575582,31.912572,32.275756,32.665416,33.080983,33.520706,33.981263,34.457344,34.941250,35.422589,35.888195,36.322382,36.707681,37.026098,37.260848,37.398333,37.429993,37.353606,37.173707,36.900981,36.550815,36.141342,35.691427,35.218962,34.739669,34.266465,33.809295,33.375313,32.969258,32.593907,32.250535,31.939323,31.659704,31.410635,31.190805,30.998791,30.833167,30.692579,30.575797,30.481750,30.409543,30.358473,30.328034,30.317921,30.328034,30.358473,30.409543,30.481750,30.575797,30.692579,30.833167,30.998791,31.190805,31.410635,31.659704,31.939323,32.250535,32.593907,32.969258,33.375313,33.809295,34.266465,34.739669,35.218962,35.691427,36.141342,36.550815,36.900981,37.173707,37.353606,37.429993,37.398333,37.260848,37.026098,36.707681,36.322382,35.888195,35.422589,34.941250,34.457344,33.981263,33.520706,33.080983,32.665416,32.275756,31.912572,31.575582,31.263921,30.976353,30.711425,30.467580,30.243238,30.036849,29.846928,29.672074,29.510982,29.362448,29.225366,29.098726,28.981610,28.873182,28.772686,28.679438,28.592817,28.512262,28.437266,28.367370,28.302157,28.241249,28.184304,28.131011,28.081088,28.034278,27.990345,27.949077,27.910278,27.873770,27.839390,27.806988,27.776426,27.747579,27.720331,27.694576,27.670215,27.647156,27.625318,27.604622,27.584996,27.566375,27.548697,27.531904,27.515944,27.500768,27.486329,27.472584,27.459495,27.447024,27.435136,27.423798,27.412981,27.402656,27.392797,27.383378,27.374376
11.0000,27.376665,27.385782,27.395323,27.405311,27.415773,27.426735,27.438227,27.450279,27.462924,27.476198,27.490139,27.504787,27.520187,27.536384,27.553430,27.571379,27.590289,27.610223,27.631250,27.653442,27.676879,27.701646,27.727838,27.755554,27.784904,27.816007,27.848992,27.884002,27.921188,27.960720,28.002781,28.047572,28.095313,28.146244,28.200633,28.258768,28.320973,28.387599,28.459036,28.535714,28.618108,28.706742,28.802194,28.905106,29.016184,29.136209,29.266043,29.406633,29.559019,29.724339,29.903830,30.098827,30.310761,30.541141,30.791530,31.063510,31.358612,31.678237,32.023520,32.395167,32.793221,33.216776,33.663626,34.129867,34.609472,35.093918,35.571937,36.029525,36.450341,36.816601,37.110503,37.316059,37.421080,37.418888,37.309372,37.099078,36.800317,36.429516,36.005205,35.546072,35.069404,34.590073,34.120054,33.668387,33.241427,32.843249,32.476119,32.140928,31.837588,31.565351,31.323064,31.109354,30.922769,30.761879,30.625340,30.511937,30.420620,30.350513,30.300929,30.271377,30.261559,30.271377,30.300929,30.350513,30.420620,30.511937,30.625340,30.761879,30.922769,31.109354,31.323064,31.565351,31.837588,32.140928,32.476119,32.843249,33.241427,33.668387,34.120054,34.590073,35.069404,35.546072,36.005205,36.429516,36.800317,37.099078,37.309372,37.418888,37.421080,37.316059,37.110503,36.816601,36.450341,36.029525,35.571937,35.093918,34.609472,34.129867,33.663626,33.216776,32.793221,32.395167,32.023520,31.678237,31.358612,31.063510,30.791530,30.541141,30.310761,30.098827,29.903830,29.724339,29.559019,29.406633,29.266043,29.136209,29.016184,28.905106,28.802194,28.706742,28.618108,28.535714,28.459036,28.387599,28.320973,28.258768,28.200633,28.146244,28.095313,28.047572,28.002781,27.960720,27.921188,27.884002,27.848992,27.816007,27.784904,27.755554,27.727838,27.701646,27.676879,27.653442,27.631250,27.610223,27.590289,27.571379,27.553430,27.536384,27.520187,27.504787,27.490139,27.476198,27.462924,27.450279,27.438227,27.426735,27.415773,27.405311,27.395323,27.385782,27.376665
11.1250,27.378996,27.388230,27.397896,27.408016,27.418618,27.429728,27.441377,27.453596,27.466419,27.479881,27.494023,27.508885,27.524512,27.540953,27.558258,27.576484,27.595689,27.615939,27.637304,27.659858,27.683682,27.708866,27.735504,27.763699,27.793565,27.825224,27.858807,27.894462,27.932345,27.972629,28.015504,28.061176,28.109872,28.161840,28.217355,28.276715,28.340253,28.408332,28.481355,28.559766,28.644054,28.734760,28.832483,28.937884,29.051694,29.174718,29.307845,29.452050,29.608407,29.778083,29.962348,30.162570,30.380205,30.616784,30.873881,31.153070,31.455852,31.783557,32.137208,32.517324,32.923683,33.355006,33.808593,34.279912,34.762186,35.246044,35.719342,36.167282,36.572956,36.918411,37.186219,37.361386,37.433299,37.397264,37.255276,37.015800,36.692602,36.302947,35.865574,35.398843,34.919345,34.441060,33.975028,33.529409,33.109800,32.719665,32.360796,32.033740,31.738171,31.473185,31.237532,31.029790,30.848490,30.692200,30.559589,30.449463,30.360791,30.292717,30.244573,30.215879,30.206347,30.215879,30.244573,30.292717,30.360791,30.449463,30.559589,30.692200,30.848490,31.029790,31.237532,31.473185,31.738171,32.033740,32.360796,32.719665,33.109800,33.529409,33.975028,34.441060,34.919345,35.398843,35.865574,36.302947,36.692602,37.015800,37.255276,37.397264,37.433299,37.361386,37.186219,36.918411,36.572956,36.167282,35.719342,35.246044,34.762186,34.279912,33.808593,33.355006,32.923683,32.517324,32.137208,31.783557,31.455852,31.153070,30.873881,30.616784,30.380205,30.162570,29.962348,29.778083,29.608407,29.452050,29.307845,29.174718,29.051694,28.937884,28.832483,28.734760,28.644054,28.559766,28.481355,28.408332,28.340253,28.276715,28.217355,28.161840,28.109872,28.061176,28.015504,27.972629,27.932345,27.894462,27.858807,27.825224,27.793565,27.763699,27.735504,27.708866,27.683682,27.659858,27.637304,27.615939,27.595689,27.576484,27.558258,27.540953,27.524512,27.508885,27.494023,27.479881,27.466419,27.453596,27.441377,27.429728,27.418618,27.408016,27.397896,27.388230,27.378996
11.2500,27.381370,27.390724,27.400516,27.410771,27.421515,27.432777,27.444586,27.456976,27.469980,27.483636,27.497983,27.513063,27.528924,27.545612,27.563182,27.581691,27.601199,27.621772,27.643482,27.666407,27.690628,27.716238,27.743333,27.772020,27.802415,27.834642,27.868840,27.905156,27.943753,27.984810,28.028520,28.075097,28.124774,28.177808,28.234480,28.295100,28.360009,28.429584,28.504239,28.584433,28.670671,28.763512,28.863575,28.971542,29.088167,29.214282,29.350802,29.498735,29.659182,29.833346,30.022527,30.228124,30.451618,30.694559,30.958526,31.245078,31.555677,31.891570,32.253642,32.642208,33.056744,33.495564,33.955434,34.431153,34.915157,35.397211,35.864309,36.300914,36.689661,37.012585,37.252822,37.396565,37.434925,37.365260,37.191646,36.924339,36.578379,36.171668,35.722972,35.250194,34.769152,34.292910,33.831582,33.392485,32.980504,32.598535,32.247939,31.928955,31.641044,31.383169,31.153999,30.952075,30.775915,30.624093,30.495293,30.388344,30.302234,30.236130,30.189380,30.161517,30.152260,30.161517,30.189380,30.236130,30.302234,30.388344,30.495293,30.624093,30.775915,30.952075,31.153999,31.383169,31.641044,31.928955,32.247939,32.598535,32.980504,33.392485,33.831582,34.292910,34.769152,35.250194,35.722972,36.171668,36.578379,36.924339,37.191646,37.365260,37.434925,37.396565,37.252822,37.012585,36.689661,36.300914,35.864309,35.397211,34.915157,34.431153,33.955434,33.495564,33.056744,32.642208,32.253642,31.891570,31.555677,31.245078,30.958526,30.694559,30.451618,30.228124,30.022527,29.833346,29.659182,29.498735,29.350802,29.214282,29.088167,28.971542,28.863575,28.763512,28.670671,28.584433,28.504239,28.429584,28.360009,28.295100,28.234480,28.177808,28.124774,28.075097,28.028520,27.984810,27.943753,27.905156,27.868840,27.834642,27.802415,27.772020,27.743333,27.716238,27.690628,27.666407,27.643482,27.621772,27.601199,27.581691,27.563182,27.545612,27.528924,27.513063,27.497983,27.483636,27.469980,27.456976,27.444586,27.432777,27.421515,27.410771,27.400516,27.390724,27.381370
11.3750,27.383787,27.393263,27.403184,27.413577,27.424466,27.435883,27.447856,27.460420,27.473610,27.487462,27.502019,27.517323,27.533421,27.550364,27.568205,27.587002,27.606820,27.627724,27.649788,27.673092,27.697720,27.723766,27.751329,27.780520,27.811456,27.844268,27.879094,27.916088,27.955419,27.997268,28.041836,28.089343,28.140028,28.194156,28.252018,28.313933,28.380253,28.451367,28.527702,28.609731,28.697978,28.793019,28.895493,29.006104,29.125630,29.254930,29.394949,29.546723,29.711386,29.890172,30.084413,30.295537,30.525050,30.774515,31.045512,31.339579,31.658122,32.002294,32.372823,32.769787,33.192332,33.638326,34.103956,34.583316,35.068025,35.546975,36.006322,36.429862,36.799898,37.098623,37.309933,37.421389,37.425955,37.323080,37.118858,36.825193,36.458203,36.036231,35.577904,35.100552,34.619165,34.145874,33.689890,33.257726,32.853598,32.479880,32.137542,31.826549,31.546174,31.295265,31.072426,30.876169,30.705006,30.557523,30.432421,30.328550,30.244923,30.180726,30.135325,30.108266,30.099276,30.108266,30.135325,30.180726,30.244923,30.328550,30.432421,30.557523,30.705006,30.876169,31.072426,31.295265,31.546174,31.826549,32.137542,32.479880,32.853598,33.257726,33.689890,34.145874,34.619165,35.100552,35.577904,36.036231,36.458203,36.825193,37.118858,37.323080,37.425955,37.421389,37.309933,37.098623,36.799898,36.429862,36.006322,35.546975,35.068025,34.583316,34.103956,33.638326,33.192332,32.769787,32.372823,32.002294,31.658122,31.339579,31.045512,30.774515,30.525050,30.295537,30.084413,29.890172,29.711386,29.546723,29.394949,29.254930,29.125630,29.006104,28.895493,28.793019,28.697978,28.609731,28.527702,28.451367,28.380253,28.313933,28.252018,28.194156,28.140028,28.089343,28.041836,27.997268,27.955419,27.916088,27.879094,27.844268,27.811456,27.780520,27.751329,27.723766,27.697720,27.673092,27.649788,27.627724,27.606820,27.587002,27.568205,27.550364,27.533421,27.517323,27.502019,27.487462,27.473610,27.460420,27.447856,27.435883,27.424466,27.413577,27.403184,27.393263,27.383787
11.5000,27.386247,27.395848,27.405902,27.416434,27.427473,27.439047,27.451188,27.463930,27.477308,27.491362,27.506133,27.521666,27.538007,27.555209,27.573327,27.592421,27.612554,27.633797,27.656223,27.679915,27.704960,27.731452,27.759496,27.789203,27.820694,27.854104,27.889575,27.927266,27.967348,28.010011,28.055460,28.103921,28.155642,28.210895,28.269981,28.333227,28.400999,28.473695,28.551760,28.635680,28.725995,28.823302,28.928259,29.041595,29.164112,29.296695,29.440319,29.596051,29.765057,29.948603,30.148052,30.364858,30.600550,30.856702,31.134887,31.436613,31.763220,32.115746,32.494740,32.900018,33.330360,33.783144,34.253943,34.736104,35.220406,35.694868,36.144848,36.553563,36.903123,37.176060,37.357224,37.435716,37.406453,37.270985,37.037331,36.718882,36.332633,35.897177,35.430851,34.950319,34.469694,34.000179,33.550104,33.125222,32.729126,32.363711,32.029595,31.726496,31.453526,31.209434,30.992773,30.802033,30.635727,30.492455,30.370939,30.270052,30.188829,30.126479,30.082384,30.056103,30.047372,30.056103,30.082384,30.126479,30.188829,30.270052,30.370939,30.492455,30.635727,30.802033,30.992773,31.209434,31.453526,31.726496,32.029595,32.363711,32.729126,33.125222,33.550104,34.000179,34.469694,34.950319,35.430851,35.897177,36.332633,36.718882,37.037331,37.270985,37.406453,37.435716,37.357224,37.176060,36.903123,36.553563,36.144848,35.694868,35.220406,34.736104,34.253943,33.783144,33.330360,32.900018,32.494740,32.115746,31.763220,31.436613,31.134887,30.856702,30.600550,30.364858,30.148052,29.948603,29.765057,29.596051,29.440319,29.296695,29.164112,29.041595,28.928259,28.823302,28.725995,28.635680,28.551760,28.473695,28.400999,28.333227,28.269981,28.210895,28.155642,28.103921,28.055460,28.010011,27.967348,27.927266,27.889575,27.854104,27.820694,27.789203,27.759496,27.731452,27.704960,27.679915,27.656223,27.633797,27.612554,27.592421,27.573327,27.555209,27.538007,27.521666,27.506133,27.491362,27.477308,27.463930,27.451188,27.439047,27.427473,27.416434,27.405902,27.395848,27.386247
11.6250,27.388753,27.398481,27.408670,27.419345,27.430535,27.442270,27.454582,27.467506,27.481078,27.495337,27.510327,27.526093,27.542683,27.560150,27.578552,27.597948,27.618405,27.639993,27.662791,27.686880,27.712351,27.739301,27.767836,27.798072,27.830133,27.864155,27.900288,27.938693,27.979548,28.023045,28.069399,28.118840,28.171625,28.228035,28.288378,28.352994,28.422258,28.496584,28.576428,28.662295,28.754741,28.854382,28.961898,29.078042,29.203641,29.339608,29.486948,29.646759,29.820238,30.008683,30.213489,30.436136,30.678169,30.941168,31.226696,31.536218,31.870995,32.231933,32.619375,33.032845,33.470720,33.929852,34.405152,34.889191,35.371888,35.840400,36.279341,36.671453,36.998807,37.244465,37.394421,37.439467,37.376548,37.209291,36.947525,36.605946,36.202228,35.755032,35.282275,34.799869,34.321025,33.856025,33.412356,32.995048,32.607122,32.250031,31.924079,31.628765,31.363063,31.125636,30.914998,30.729627,30.568040,30.428855,30.310816,30.212820,30.133927,30.073365,30.030534,30.005007,29.996526,30.005007,30.030534,30.073365,30.133927,30.212820,30.310816,30.428855,30.568040,30.729627,30.914998,31.125636,31.363063,31.628765,31.924079,32.250031,32.607122,32.995048,33.412356,33.856025,34.321025,34.799869,35.282275,35.755032,36.202228,36.605946,36.947525,37.209291,37.376548,37.439467,37.394421,37.244465,36.998807,36.671453,36.279341,35.840400,35.371888,34.889191,34.405152,33.929852,33.470720,33.032845,32.619375,32.231933,31.870995,31.536218,31.226696,30.941168,30.678169,30.436136,30.213489,30.008683,29.820238,29.646759,29.486948,29.339608,29.203641,29.078042,28.961898,28.854382,28.754741,28.662295,28.576428,28.496584,28.422258,28.352994,28.288378,28.228035,28.171625,28.118840,28.069399,28.023045,27.979548,27.938693,27.900288,27.864155,27.830133,27.798072,27.767836,27.739301,27.712351,27.686880,27.662791,27.639993,27.618405,27.597948,27.578552,27.560150,27.542683,27.526093,27.510327,27.495337,27.481078,27.467506,27.454582,27.442270,27.430535,27.419345,27.408670,27.398481,27.388753
11.7500,27.391304,27.401161,27.411488,27.422309,27.433654,27.445553,27.458040,27.471149,27.484918,27.499388,27.514602,27.530606,27.547450,27.565189,27.583880,27.603586,27.624373,27.646316,27.669493,27.693989,27.719896,27.747315,27.776354,27.807132,27.839776,27.874427,27.911239,27.950376,27.992023,28.036378,28.083660,28.134108,28.187987,28.245585,28.307221,28.373246,28.444046,28.520049,28.601725,28.689596,28.784236,28.886282,28.996435,29.115472,29.244248,29.383703,29.534872,29.698884,29.876970,30.070459,30.280774,30.509418,30.757954,31.027962,31.320982,31.638429,31.981470,32.350855,32.746699,33.168199,33.613292,34.078261,34.557318,35.042225,35.522034,35.983061,36.409245,36.782976,37.086450,37.303453,37.421309,37.432627,37.336430,37.138363,36.849929,36.486935,36.067540,35.610306,35.132607,34.649546,34.173416,33.713594,33.276759,32.867268,32.487608,32.138837,31.820973,31.533325,31.274745,31.043830,30.839061,30.658911,30.501909,30.366689,30.252021,30.156826,30.080189,30.021358,29.979752,29.954954,29.946715,29.954954,29.979752,30.021358,30.080189,30.156826,30.252021,30.366689,30.501909,30.658911,30.839061,31.043830,31.274745,31.533325,31.820973,32.138837,32.487608,32.867268,33.276759,33.713594,34.173416,34.649546,35.132607,35.610306,36.067540,36.486935,36.849929,37.138363,37.336430,37.432627,37.421309,37.303453,37.086450,36.782976,36.409245,35.983061,35.522034,35.042225,34.557318,34.078261,33.613292,33.168199,32.746699,32.350855,31.981470,31.638429,31.320982,31.027962,30.757954,30.509418,30.280774,30.070459,29.876970,29.698884,29.534872,29.383703,29.244248,29.115472,28.996435,28.886282,28.784236,28.689596,28.601725,28.520049,28.444046,28.373246,28.307221,28.245585,28.187987,28.134108,28.083660,28.036378,27.992023,27.950376,27.911239,27.874427,27.839776,27.807132,27.776354,27.747315,27.719896,27.693989,27.669493,27.646316,27.624373,27.603586,27.583880,27.565189,27.547450,27.530606,27.514602,27.499388,27.484918,27.471149,27.458040,27.445553,27.433654,27.422309,27.411488,27.401161,27.391304
11.8750,27.393900,27.403891,27.414357,27.425327,27.436830,27.448898,27.461563,27.474861,27.488832,27.503517,27.518959,27.535207,27.552311,27.570327,27.589314,27.609336,27.630463,27.652768,27.676333,27.701246,27.727600,27.755498,27.785053,27.816386,27.849629,27.884925,27.922432,27.962321,28.004781,28.050016,28.098251,28.149734,28.204737,28.263556,28.326522,28.393995,28.466376,28.544104,28.627666,28.717601,28.814501,28.919024,29.031895,29.153914,29.285963,29.429013,29.584127,29.752468,29.935297,30.133975,30.349953,30.584756,30.839956,31.117130,31.417787,31.743279,32.094660,32.472505,32.876671,33.305995,33.757933,34.228158,34.710147,35.194828,35.670381,36.122323,36.533999,36.887584,37.165580,37.352688,37.437731,37.415247,37.286346,37.058612,36.745057,36.362408,35.929113,35.463485,34.982255,34.499670,34.027099,33.573042,33.143408,32.741927,32.370598,32.030116,31.720250,31.440138,31.188532,30.963973,30.764921,30.589848,30.437296,30.305923,30.194522,30.102042,30.027590,29.970436,29.930014,29.905922,29.897918,29.905922,29.930014,29.970436,30.027590,30.102042,30.194522,30.305923,30.437296,30.589848,30.764921,30.963973,31.188532,31.440138,31.720250,32.030116,32.370598,32.741927,33.143408,33.573042,34.027099,34.499670,34.982255,35.463485,35.929113,36.362408,36.745057,37.058612,37.286346,37.415247,37.437731,37.352688,37.165580,36.887584,36.533999,36.122323,35.670381,35.194828,34.710147,34.228158,33.757933,33.305995,32.876671,32.472505,32.094660,31.743279,31.417787,31.117130,30.839956,30.584756,30.349953,30.133975,29.935297,29.752468,29.584127,29.429013,29.285963,29.153914,29.031895,28.919024,28.814501,28.717601,28.627666,28.544104,28.466376,28.393995,28.326522,28.263556,28.204737,28.149734,28.098251,28.050016,28.004781,27.962321,27.922432,27.884925,27.849629,27.816386,27.785053,27.755498,27.727600,27.701246,27.676333,27.652768,27.630463,27.609336,27.589314,27.570327,27.552311,27.535207,27.518959,27.503517,27.488832,27.474861,27.461563,27.448898,27.436830,27.425327,27.414357,27.403891,27.393900
12.0000,27.396544,27.406669,27.417279,27.428401,27.440066,27.452304,27.465151,27.478644,27.492821,27.507724,27.523400,27.539896,27.557266,27.575566,27.594856,27.615202,27.636675,27.659351,27.683314,27.708652,27.735464,27.763854,27.793938,27.825840,27.859696,27.895653,27.933874,27.974534,28.017828,28.063967,28.113181,28.165727,28.221884,28.281959,28.346292,28.415255,28.489262,28.568766,28.654271,28.746330,28.845559,28.952634,29.068305,29.193396,29.328819,29.475572,29.634751,29.807550,29.995263,30.199279,30.421076,30.662198,30.924224,31.208717,31.517150,31.850794,32.210575,32.596866,33.009238,33.446129,33.904478,34.379307,34.863320,35.346593,35.816445,36.257643,36.653042,36.984750,37.235763,37.391886,37.443598,37.387443,37.226603,36.970486,36.633443,36.232921,35.787477,35.315033,34.831600,34.350533,33.882284,33.434507,33.012385,32.619064,32.256096,31.923854,31.621879,31.349168,31.104384,30.886025,30.692537,30.522397,30.374166,30.246523,30.138290,30.048440,29.976104,29.920573,29.881298,29.857889,29.850112,29.857889,29.881298,29.920573,29.976104,30.048440,30.138290,30.246523,30.374166,30.522397,30.692537,30.886025,31.104384,31.349168,31.621879,31.923854,32.256096,32.619064,33.012385,33.434507,33.882284,34.350533,34.831600,35.315033,35.787477,36.232921,36.633443,36.970486,37.226603,37.387443,37.443598,37.391886,37.235763,36.984750,36.653042,36.257643,35.816445,35.346593,34.863320,34.379307,33.904478,33.446129,33.009238,32.596866,32.210575,31.850794,31.517150,31.208717,30.924224,30.662198,30.421076,30.199279,29.995263,29.807550,29.634751,29.475572,29.328819,29.193396,29.068305,28.952634,28.845559,28.746330,28.654271,28.568766,28.489262,28.415255,28.346292,28.281959,28.221884,28.165727,28.113181,28.063967,28.017828,27.974534,27.933874,27.895653,27.859696,27.825840,27.793938,27.763854,27.735464,27.708652,27.683314,27.659351,27.636675,27.615202,27.594856,27.575566,27.557266,27.539896,27.523400,27.507724,27.492821,27.478644,27.465151,27.452304,27.440066,27.428401,27.417279,27.406669,27.396544
12.1250,27.399235,27.409498,27.420254,27.431532,27.443361,27.455774,27.468807,27.482497,27.496884,27.512012,27.527926,27.544677,27.562318,27.580908,27.600508,27.621185,27.643012,27.666068,27.690438,27.716213,27.743493,27.772387,27.803012,27.835497,27.869981,27.906617,27.945570,27.987022,28.031172,28.078238,28.128458,28.182096,28.239439,28.300805,28.366544,28.437040,28.512720,28.594052,28.681556,28.775804,28.877431,28.987136,29.105691,29.233949,29.372848,29.523418,29.686785,29.864174,30.056912,30.266418,30.494192,30.741794,31.010805,31.302768,31.619105,31.960996,32.329215,32.723911,33.144331,33.588484,34.052745,34.531445,35.016490,35.497088,35.959722,36.388471,36.765818,37.073970,37.296606,37.420821,37.438883,37.349392,37.157553,36.874468,36.515637,36.099029,35.643143,35.165391,34.680994,34.202398,33.739155,33.298106,32.883753,32.498702,32.144099,31.820026,31.525828,31.260374,31.022257,30.809942,30.621868,30.456522,30.312483,30.188459,30.083295,29.995992,29.925705,29.871746,29.833582,29.810835,29.803278,29.810835,29.833582,29.871746,29.925705,29.995992,30.083295,30.188459,30.312483,30.456522,30.621868,30.809942,31.022257,31.260374,31.525828,31.820026,32.144099,32.498702,32.883753,33.298106,33.739155,34.202398,34.680994,35.165391,35.643143,36.099029,36.515637,36.874468,37.157553,37.349392,37.438883,37.420821,37.296606,37.073970,36.765818,36.388471,35.959722,35.497088,35.016490,34.531445,34.052745,33.588484,33.144331,32.723911,32.329215,31.960996,31.619105,31.302768,31.010805,30.741794,30.494192,30.266418,30.056912,29.864174,29.686785,29.523418,29.372848,29.233949,29.105691,28.987136,28.877431,28.775804,28.681556,28.594052,28.512720,28.437040,28.366544,28.300805,28.239439,28.182096,28.128458,28.078238,28.031172,27.987022,27.945570,27.906617,27.869981,27.835497,27.803012,27.772387,27.743493,27.716213,27.690438,27.666068,27.643012,27.621185,27.600508,27.580908,27.562318,27.544677,27.527926,27.512012,27.496884,27.482497,27.468807,27.455774,27.443361,27.431532,27.420254,27.409498,27.399235
12.2500,27.401974,27.412378,27.423284,27.434719,27.446716,27.459308,27.472531,27.486423,27.501025,27.516381,27.532540,27.549551,27.567469,27.586355,27.606271,27.627287,27.649477,27.672922,27.697708,27.723929,27.751690,27.781100,27.812280,27.845363,27.880491,27.917822,27.957526,27.999790,28.044819,28.092837,28.144090,28.198850,28.257412,28.320105,28.387290,28.459363,28.536764,28.619978,28.709541,28.806043,28.910140,29.022554,29.144082,29.275603,29.418085,29.572586,29.740266,29.922382,30.120291,30.335439,30.569350,30.823594,31.099747,31.399324,31.723686,32.073902,32.450575,32.853599,33.281870,33.732920,34.202524,34.684287,35.169284,35.645858,36.099687,36.514247,36.871781,37.154767,37.347764,37.439328,37.423624,37.301331,37.079598,36.771066,36.392192,35.961276,35.496603,35.014972,34.530762,34.055506,33.597876,33.163940,32.757564,32.380858,32.034599,31.718609,31.432060,31.173715,30.942109,30.735682,30.552874,30.392183,30.252213,30.131696,30.029508,29.944673,29.876370,29.823933,29.786845,29.764738,29.757393,29.764738,29.786845,29.823933,29.876370,29.944673,30.029508,30.131696,30.252213,30.392183,30.552874,30.735682,30.942109,31.173715,31.432060,31.718609,32.034599,32.380858,32.757564,33.163940,33.597876,34.055506,34.530762,35.014972,35.496603,35.961276,36.392192,36.771066,37.079598,37.301331,37.423624,37.439328,37.347764,37.154767,36.871781,36.514247,36.099687,35.645858,35.169284,34.684287,34.202524,33.732920,33.281870,32.853599,32.450575,32.073902,31.723686,31.399324,31.099747,30.823594,30.569350,30.335439,30.120291,29.922382,29.740266,29.572586,29.418085,29.275603,29.144082,29.022554,28.910140,28.806043,28.709541,28.619978,28.536764,28.459363,28.387290,28.320105,28.257412,28.198850,28.144090,28.092837,28.044819,27.999790,27.957526,27.917822,27.880491,27.845363,27.812280,27.781100,27.751690,27.723929,27.697708,27.672922,27.649477,27.627287,27.606271,27.586355,27.567469,27.549551,27.532540,27.516381,27.501025,27.486423,27.472531,27.459308,27.446716,27.434719,27.423284,27.412378,27.401974
12.3750,27.404763,27.415310,27.426368,27.437965,27.450134,27.462908,27.476324,27.490422,27.505244,27.520834,27.537241,27.554518,27.572721,27.591909,27.612150,27.633512,27.656073,27.679915,27.705127,27.731806,27.760058,27.789996,27.821746,27.855441,27.891230,27.929274,27.969748,28.012845,28.058776,28.107772,28.160087,28.215999,28.275815,28.339872,28.408544,28.482239,28.561412,28.646563,28.738245,28.837069,28.943711,29.058916,29.183507,29.318391,29.464563,29.623115,29.795237,29.982218,30.185446,30.406392,30.646599,30.907645,31.191094,31.498424,31.830919,32.189522,32.574639,32.985881,33.421753,33.879277,34.353585,34.837516,35.321301,35.792425,36.235805,36.634413,36.970400,37.226703,37.388945,37.447303,37.397923,37.243551,36.993177,36.660810,36.263665,35.820195,35.348327,34.864162,34.381203,33.910071,33.458588,33.032093,32.633858,32.265537,31.927579,31.619572,31.340538,31.089150,30.863897,30.663204,30.485514,30.329344,30.193321,30.076205,29.976899,29.894454,29.828074,29.777111,29.741063,29.719576,29.712438,29.719576,29.741063,29.777111,29.828074,29.894454,29.976899,30.076205,30.193321,30.329344,30.485514,30.663204,30.863897,31.089150,31.340538,31.619572,31.927579,32.265537,32.633858,33.032093,33.458588,33.910071,34.381203,34.864162,35.348327,35.820195,36.263665,36.660810,36.993177,37.243551,37.397923,37.447303,37.388945,37.226703,36.970400,36.634413,36.235805,35.792425,35.321301,34.837516,34.353585,33.879277,33.421753,32.985881,32.574639,32.189522,31.830919,31.498424,31.191094,30.907645,30.646599,30.406392,30.185446,29.982218,29.795237,29.623115,29.464563,29.318391,29.183507,29.058916,28.943711,28.837069,28.738245,28.646563,28.561412,28.482239,28.408544,28.339872,28.275815,28.215999,28.160087,28.107772,28.058776,28.012845,27.969748,27.929274,27.891230,27.855441,27.821746,27.789996,27.760058,27.731806,27.705127,27.679915,27.656073,27.633512,27.612150,27.591909,27.572721,27.554518,27.537241,27.520834,27.505244,27.490422,27.476324,27.462908,27.450134,27.437965,27.426368,27.415310,27.404763
12.5000,27.407601,27.418295,27.429508,27.441270,27.453614,27.466574,27.480189,27.494497,27.509543,27.525372,27.542034,27.559582,27.578074,27.597573,27.618144,27.639861,27.662802,27.687050,27.712699,27.739847,27.768602,27.799081,27.831413,27.865737,27.902203,27.940978,27.982243,28.026195,28.073052,28.123053,28.176457,28.233553,28.294657,28.360118,28.430318,28.505683,28.586679,28.673824,28.767689,28.868904,28.978167,29.096248,29.223995,29.362343,29.512318,29.675043,29.851739,30.043727,30.252423,30.479325,30.725989,30.993995,31.284891,31.600104,31.940828,32.307859,32.701381,33.120691,33.563866,34.027376,34.505670,34.990794,35.472118,35.936287,36.367526,36.748413,37.061170,37.289379,37.419914,37.444707,37.361945,37.176396,36.898765,36.544243,36.130611,35.676300,35.198759,34.713320,34.232588,33.766284,33.321416,32.902633,32.512661,32.152740,31.823017,31.522881,31.251221,31.006635,30.787578,30.592465,30.419749,30.267967,30.135773,30.021954,29.925441,29.845312,29.780794,29.731257,29.696218,29.675331,29.668391,29.675331,29.696218,29.731257,29.780794,29.845312,29.925441,30.021954,30.135773,30.267967,30.419749,30.592465,30.787578,31.006635,31.251221,31.522881,31.823017,32.152740,32.512661,32.902633,33.321416,33.766284,34.232588,34.713320,35.198759,35.676300,36.130611,36.544243,36.898765,37.176396,37.361945,37.444707,37.419914,37.289379,37.061170,36.748413,36.367526,35.936287,35.472118,34.990794,34.505670,34.027376,33.563866,33.120691,32.701381,32.307859,31.940828,31.600104,31.284891,30.993995,30.725989,30.479325,30.252423,30.043727,29.851739,29.675043,29.512318,29.362343,29.223995,29.096248,28.978167,28.868904,28.767689,28.673824,28.586679,28.505683,28.430318,28.360118,28.294657,28.233553,28.176457,28.123053,28.073052,28.026195,27.982243,27.940978,27.902203,27.865737,27.831413,27.799081,27.768602,27.739847,27.712699,27.687050,27.662802,27.639861,27.618144,27.597573,27.578074,27.559582,27.542034,27.525372,27.509543,27.494497,27.480189,27.466574,27.453614,27.441270,27.429508,27.418295,27.407601
12.6250,27.410491,27.421334,27.432705,27.444635,27.457158,27.470308,27.484125,27.498648,27.513923,27.529996,27.546918,27.564744,27.583533,27.603348,27.624258,27.646338,27.669666,27.694331,27.720426,27.748054,27.777324,27.808359,27.841288,27.876255,27.913416,27.952941,27.995016,28.039846,28.087654,28.138686,28.193210,28.251523,28.313952,28.380855,28.452628,28.529710,28.612583,28.701781,28.797893,28.901571,29.013535,29.134578,29.265577,29.407495,29.561388,29.728410,29.909815,30.106954,30.321272,30.554286,30.807568,31.082693,31.381180,31.704397,32.053430,32.428908,32.830764,33.257949,33.708073,34.177012,34.658497,35.143751,35.621282,36.076927,36.494294,36.855702,37.143610,37.342441,37.440492,37.431565,37.315913,37.100256,36.796863,36.421918,35.993576,35.530088,35.048319,34.562779,34.085162,33.624314,33.186464,32.775616,32.393993,32.042457,31.720890,31.428500,31.164067,30.926127,30.713108,30.523424,30.355540,30.208017,30.079536,29.968913,29.875106,29.797220,29.734505,29.686350,29.652287,29.631981,29.625235,29.631981,29.652287,29.686350,29.734505,29.797220,29.875106,29.968913,30.079536,30.208017,30.355540,30.523424,30.713108,30.926127,31.164067,31.428500,31.720890,32.042457,32.393993,32.775616,33.186464,33.624314,34.085162,34.562779,35.048319,35.530088,35.993576,36.421918,36.796863,37.100256,37.315913,37.431565,37.440492,37.342441,37.143610,36.855702,36.494294,36.076927,35.621282,35.143751,34.658497,34.177012,33.708073,33.257949,32.830764,32.428908,32.053430,31.704397,31.381180,31.082693,30.807568,30.554286,30.321272,30.106954,29.909815,29.728410,29.561388,29.407495,29.265577,29.134578,29.013535,28.901571,28.797893,28.701781,28.612583,28.529710,28.452628,28.380855,28.313952,28.251523,28.193210,28.138686,28.087654,28.039846,27.995016,27.952941,27.913416,27.876255,27.841288,27.808359,27.777324,27.748054,27.720426,27.694331,27.669666,27.646338,27.624258,27.603348,27.583533,27.564744,27.546918,27.529996,27.513923,27.498648,27.484125,27.470308,27.457158,27.444635,27.432705,27.421334,27.410491
12.7500,27.413432,27.424427,27.435960,27.448062,27.460767,27.474111,27.488134,27.502877,27.518386,27.534708,27.551896,27.570005,27.589097,27.609236,27.630493,27.652943,27.676669,27.701760,27.728313,27.756431,27.786230,27.817833,27.851374,27.887001,27.924874,27.965168,28.008076,28.053806,28.102591,28.154681,28.210356,28.269919,28.333709,28.402096,28.475488,28.554337,28.639141,28.730452,28.828879,28.935094,29.049839,29.173936,29.308285,29.453881,29.611809,29.783257,29.969508,30.171946,30.392039,30.631327,30.891386,31.173783,31.479999,31.811330,32.168737,32.552654,32.962740,33.397559,33.854219,34.327960,34.811757,35.295995,35.768322,36.213812,36.615554,36.955748,37.217276,37.385589,37.450566,37.407968,37.260108,37.015562,36.687995,36.294391,35.853093,35.382033,34.897400,34.412842,33.939147,33.484309,33.053819,32.651084,32.277861,31.934674,31.621167,31.336392,31.079034,30.847582,30.640444,30.456038,30.292848,30.149459,30.024578,29.917052,29.825867,29.750155,29.689185,29.642369,29.609250,29.589508,29.582948,29.589508,29.609250,29.642369,29.689185,29.750155,29.825867,29.917052,30.024578,30.149459,30.292848,30.456038,30.640444,30.847582,31.079034,31.336392,31.621167,31.934674,32.277861,32.651084,33.053819,33.484309,33.939147,34.412842,34.897400,35.382033,35.853093,36.294391,36.687995,37.015562,37.260108,37.407968,37.450566,37.385589,37.217276,36.955748,36.615554,36.213812,35.768322,35.295995,34.811757,34.327960,33.854219,33.397559,32.962740,32.552654,32.168737,31.811330,31.479999,31.173783,30.891386,30.631327,30.392039,30.171946,29.969508,29.783257,29.611809,29.453881,29.308285,29.173936,29.049839,28.935094,28.828879,28.730452,28.639141,28.554337,28.475488,28.402096,28.333709,28.269919,28.210356,28.154681,28.102591,28.053806,28.008076,27.965168,27.924874,27.887001,27.851374,27.817833,27.786230,27.756431,27.728313,27.701760,27.676669,27.652943,27.630493,27.609236,27.589097,27.570005,27.551896,27.534708,27.518386,27.502877,27.488134,27.474111,27.460767,27.448062,27.435960,27.424427,27.413432
12.8750,27.416425,27.427576,27.439274,27.451551,27.464442,27.477985,27.492218,27.507185,27.522933,27.539509,27.556969,27.575369,27.594770,27.615241,27.636852,27.659681,27.683814,27.709341,27.736362,27.764983,27.795323,27.827507,27.861676,27.897979,27.936582,27.977666,28.021427,28.068083,28.117869,28.171048,28.227904,28.288753,28.353942,28.423854,28.498911,28.579578,28.666371,28.759859,28.860669,28.969496,29.087108,29.214349,29.352151,29.501536,29.663621,29.839625,30.030864,30.238749,30.464775,30.710496,30.977491,31.267310,31.581386,31.920928,32.286751,32.679074,33.097245,33.539409,34.002127,34.479966,34.965116,35.447105,35.912741,36.346397,36.730751,37.048042,37.281763,37.418575,37.450083,37.374066,37.194862,36.922779,36.572701,36.162215,35.709681,35.232584,34.746367,34.263787,33.794739,33.346396,32.923556,32.529067,32.164266,31.829371,31.523815,31.246515,30.996078,30.770954,30.569542,30.390269,30.231636,30.092256,29.970866,29.866342,29.777698,29.704091,29.644813,29.599292,29.567089,29.547891,29.541513,29.547891,29.567089,29.599292,29.644813,29.704091,29.777698,29.866342,29.970866,30.092256,30.231636,30.390269,30.569542,30.770954,30.996078,31.246515,31.523815,31.829371,32.164266,32.529067,32.923556,33.346396,33.794739,34.263787,34.746367,35.232584,35.709681,36.162215,36.572701,36.922779,37.194862,37.374066,37.450083,37.418575,37.281763,37.048042,36.730751,36.346397,35.912741,35.447105,34.965116,34.479966,34.002127,33.539409,33.097245,32.679074,32.286751,31.920928,31.581386,31.267310,30.977491,30.710496,30.464775,30.238749,30.030864,29.839625,29.663621,29.501536,29.352151,29.214349,29.087108,28.969496,28.860669,28.759859,28.666371,28.579578,28.498911,28.423854,28.353942,28.288753,28.227904,28.171048,28.117869,28.068083,28.021427,27.977666,27.936582,27.897979,27.861676,27.827507,27.795323,27.764983,27.736362,27.709341,27.683814,27.659681,27.636852,27.615241,27.594770,27.575369,27.556969,27.539509,27.522933,27.507185,27.492218,27.477985,27.464442,27.451551,27.439274,27.427576,27.416425
13.0000,27.419472,27.430782,27.442648,27.455104,27.468185,27.481929,27.496378,27.511574,27.527566,27.544403,27.562140,27.580836,27.600554,27.621363,27.643336,27.666554,27.691103,27.717076,27.744576,27.773713,27.804606,27.837388,27.872199,27.909196,27.948548,27.990441,28.035079,28.082683,28.133499,28.187795,28.245865,28.308036,28.374664,28.446145,28.522914,28.605453,28.694292,28.790020,28.893285,29.004804,29.125369,29.255850,29.397209,29.550496,29.716862,29.897556,30.093926,30.307411,30.539527,30.791841,31.065929,31.363315,31.685374,32.033208,32.407470,32.808133,33.234202,33.683365,34.151598,34.632755,35.118211,35.596636,36.054028,36.474131,36.839339,37.132101,37.336710,37.441213,37.439056,37.330071,37.120555,36.822404,36.451530,36.025936,35.563840,35.082168,34.595558,34.115867,33.652113,33.210685,32.795731,32.409586,32.053202,31.726523,31.428798,31.158828,30.915156,30.696201,30.500361,30.326074,30.171866,30.036375,29.918370,29.816756,29.730574,29.659005,29.601365,29.557100,29.525783,29.507113,29.500909,29.507113,29.525783,29.557100,29.601365,29.659005,29.730574,29.816756,29.918370,30.036375,30.171866,30.326074,30.500361,30.696201,30.915156,31.158828,31.428798,31.726523,32.053202,32.409586,32.795731,33.210685,33.652113,34.115867,34.595558,35.082168,35.563840,36.025936,36.451530,36.822404,37.120555,37.330071,37.439056,37.441213,37.336710,37.132101,36.839339,36.474131,36.054028,35.596636,35.118211,34.632755,34.151598,33.683365,33.234202,32.808133,32.407470,32.033208,31.685374,31.363315,31.065929,30.791841,30.539527,30.307411,30.093926,29.897556,29.716862,29.550496,29.397209,29.255850,29.125369,29.004804,28.893285,28.790020,28.694292,28.605453,28.522914,28.446145,28.374664,28.308036,28.245865,28.187795,28.133499,28.082683,28.035079,27.990441,27.948548,27.909196,27.872199,27.837388,27.804606,27.773713,27.744576,27.717076,27.691103,27.666554,27.643336,27.621363,27.600554,27.580836,27.562140,27.544403,27.527566,27.511574,27.496378,27.481929,27.468185,27.455104,27.442648,27.430782,27.419472
13.1250,27.422573,27.434044,27.446083,27.458721,27.471996,27.485947,27.500615,27.516045,27.532286,27.549389,27.567410,27.586409,27.606451,27.627606,27.649950,27.673565,27.698540,27.724970,27.752960,27.782624,27.814085,27.847478,27.882948,27.920656,27.960777,28.003501,28.049037,28.097616,28.149488,28.204932,28.264250,28.327778,28.395886,28.468981,28.547513,28.631977,28.722924,28.820959,28.926752,29.041043,29.164649,29.298469,29.443492,29.600799,29.771574,29.957095,30.158743,30.377981,30.616345,30.875412,31.156747,31.461838,31.791990,32.148183,32.530881,32.939783,33.373519,33.829278,34.302410,34.786022,35.270655,35.744122,36.191653,36.596457,36.940785,37.207474,37.381807,37.453376,37.417563,37.276252,37.037608,36.714953,36.325038,35.886093,35.416049,34.931183,34.445283,33.969309,33.511421,33.077269,32.670391,32.292652,31.944655,31.626101,31.336078,31.073288,30.836221,30.623278,30.432857,30.263415,30.113501,29.981783,29.867060,29.768264,29.684467,29.614874,29.558821,29.515771,29.485313,29.467154,29.461120,29.467154,29.485313,29.515771,29.558821,29.614874,29.684467,29.768264,29.867060,29.981783,30.113501,30.263415,30.432857,30.623278,30.836221,31.073288,31.336078,31.626101,31.944655,32.292652,32.670391,33.077269,33.511421,33.969309,34.445283,34.931183,35.416049,35.886093,36.325038,36.714953,37.037608,37.276252,37.417563,37.453376,37.381807,37.207474,36.940785,36.596457,36.191653,35.744122,35.270655,34.786022,34.302410,33.829278,33.373519,32.939783,32.530881,32.148183,31.791990,31.461838,31.156747,30.875412,30.616345,30.377981,30.158743,29.957095,29.771574,29.600799,29.443492,29.298469,29.164649,29.041043,28.926752,28.820959,28.722924,28.631977,28.547513,28.468981,28.395886,28.327778,28.264250,28.204932,28.149488,28.097616,28.049037,28.003501,27.960777,27.920656,27.882948,27.847478,27.814085,27.782624,27.752960,27.724970,27.698540,27.673565,27.649950,27.627606,27.606451,27.586409,27.567410,27.549389,27.532286,27.516045,27.500615,27.485947,27.471996,27.458721,27.446083,27.434044,27.422573
13.2500,27.425729,27.437366,27.449579,27.462404,27.475877,27.490039,27.504931,27.520600,27.537095,27.554470,27.572781,27.592089,27.612462,27.633972,27.656695,27.680716,27.706127,27.733025,27.761517,27.791722,27.823764,27.857783,27.893929,27.932366,27.973274,28.016851,28.063310,28.112889,28.165847,28.222469,28.283070,28.347994,28.417623,28.492378,28.572723,28.659170,28.752285,28.852696,28.961093,29.078240,29.204980,29.342239,29.491036,29.652484,29.827797,30.018286,30.225359,30.450506,30.695279,30.961257,31.249989,31.562917,31.901261,32.265858,32.656961,33.073965,33.515085,33.976974,34.454315,34.939439,35.422034,35.889073,36.325076,36.712823,37.034579,37.273751,37.416797,37.455000,37.385741,37.212928,36.946478,36.600963,36.193776,35.743204,35.266762,34.779999,34.295829,33.824314,33.372797,32.946224,32.547568,32.178266,31.838606,31.528073,31.245614,30.989850,30.759229,30.552140,30.366990,30.202252,30.056506,29.928447,29.816904,29.720841,29.639355,29.571675,29.517159,29.475287,29.445660,29.427997,29.422127,29.427997,29.445660,29.475287,29.517159,29.571675,29.639355,29.720841,29.816904,29.928447,30.056506,30.202252,30.366990,30.552140,30.759229,30.989850,31.245614,31.528073,31.838606,32.178266,32.547568,32.946224,33.372797,33.824314,34.295829,34.779999,35.266762,35.743204,36.193776,36.600963,36.946478,37.212928,37.385741,37.455000,37.416797,37.273751,37.034579,36.712823,36.325076,35.889073,35.422034,34.939439,34.454315,33.976974,33.515085,33.073965,32.656961,32.265858,31.901261,31.562917,31.249989,30.961257,30.695279,30.450506,30.225359,30.018286,29.827797,29.652484,29.491036,29.342239,29.204980,29.078240,28.961093,28.852696,28.752285,28.659170,28.572723,28.492378,28.417623,28.347994,28.283070,28.222469,28.165847,28.112889,28.063310,28.016851,27.973274,27.932366,27.893929,27.857783,27.823764,27.791722,27.761517,27.733025,27.706127,27.680716,27.656695,27.633972,27.612462,27.592089,27.572781,27.554470,27.537095,27.520600,27.504931,27.490039,27.475877,27.462404,27.449579,27.437366,27.425729
13.3750,27.428941,27.440747,27.453139,27.466154,27.479829,27.494206,27.509327,27.525240,27.541996,27.559648,27.578255,27.597880,27.618592,27.640463,27.663574,27.688011,27.713867,27.741244,27.770251,27.801009,27.833647,27.868308,27.905146,27.944331,27.986048,28.030498,28.077905,28.128510,28.182583,28.240417,28.302335,28.368695,28.439889,28.516351,28.598561,28.687049,28.782397,28.885254,28.996334,29.116423,29.246391,29.387193,29.539877,29.705589,29.885574,30.081174,30.293824,30.525037,30.776378,31.049422,31.345696,31.666585,32.013204,32.386231,32.785677,33.210603,33.658772,34.126259,34.607044,35.092649,35.571908,36.030980,36.453747,36.822684,37.120232,37.330564,37.441483,37.446085,37.343789,37.140470,36.847654,36.480980,36.058293,35.597775,35.116410,34.628962,34.147451,33.681064,33.236355,32.817611,32.427287,32.066424,31.735032,31.432403,31.157365,30.908470,30.684135,30.482744,30.302716,30.142548,30.000845,29.876334,29.767875,29.674460,29.595213,29.529387,29.476360,29.435628,29.406807,29.389623,29.383913,29.389623,29.406807,29.435628,29.476360,29.529387,29.595213,29.674460,29.767875,29.876334,30.000845,30.142548,30.302716,30.482744,30.684135,30.908470,31.157365,31.432403,31.735032,32.066424,32.427287,32.817611,33.236355,33.681064,34.147451,34.628962,35.116410,35.597775,36.058293,36.480980,36.847654,37.140470,37.343789,37.446085,37.441483,37.330564,37.120232,36.822684,36.453747,36.030980,35.571908,35.092649,34.607044,34.126259,33.658772,33.210603,32.785677,32.386231,32.013204,31.666585,31.345696,31.049422,30.776378,30.525037,30.293824,30.081174,29.885574,29.705589,29.539877,29.387193,29.246391,29.116423,28.996334,28.885254,28.782397,28.687049,28.598561,28.516351,28.439889,28.368695,28.302335,28.240417,28.182583,28.128510,28.077905,28.030498,27.986048,27.944331,27.905146,27.868308,27.833647,27.801009,27.770251,27.741244,27.713867,27.688011,27.663574,27.640463,27.618592,27.597880,27.578255,27.559648,27.541996,27.525240,27.509327,27.494206,27.479829,27.466154,27.453139,27.440747,27.428941
13.5000,27.432211,27.444188,27.456763,27.469972,27.483854,27.498450,27.513805,27.529968,27.546989,27.564924,27.583834,27.603783,27.624841,27.647082,27.670590,27.695453,27.721765,27.749632,27.779166,27.810491,27.843739,27.879058,27.916606,27.956558,27.999103,28.044451,28.092829,28.144490,28.199708,28.258786,28.322059,28.389894,28.462697,28.540916,28.625046,28.715633,28.813282,28.918658,29.032500,29.155620,29.288913,29.433365,29.590054,29.760156,29.944948,30.145804,30.364184,30.601621,30.859689,31.139955,31.443910,31.772870,32.127832,32.509290,32.916985,33.349608,33.804432,34.276914,34.760296,35.245270,35.719816,36.169319,36.577114,36.925506,37.197291,37.377593,37.455725,37.426695,37.291964,37.059289,36.741648,36.355556,35.919126,35.450287,34.965399,34.478389,34.000385,33.539717,33.102191,32.691481,32.309560,31.957115,31.633904,31.339053,31.071286,30.829101,30.610893,30.415047,30.239997,30.084264,29.946484,29.825413,29.719943,29.629094,29.552017,29.487987,29.436402,29.396776,29.368736,29.352016,29.346460,29.352016,29.368736,29.396776,29.436402,29.487987,29.552017,29.629094,29.719943,29.825413,29.946484,30.084264,30.239997,30.415047,30.610893,30.829101,31.071286,31.339053,31.633904,31.957115,32.309560,32.691481,33.102191,33.539717,34.000385,34.478389,34.965399,35.450287,35.919126,36.355556,36.741648,37.059289,37.291964,37.426695,37.455725,37.377593,37.197291,36.925506,36.577114,36.169319,35.719816,35.245270,34.760296,34.276914,33.804432,33.349608,32.916985,32.509290,32.127832,31.772870,31.443910,31.139955,30.859689,30.601621,30.364184,30.145804,29.944948,29.760156,29.590054,29.433365,29.288913,29.155620,29.032500,28.918658,28.813282,28.715633,28.625046,28.540916,28.462697,28.389894,28.322059,28.258786,28.199708,28.144490,28.092829,28.044451,27.999103,27.956558,27.916606,27.879058,27.843739,27.810491,27.779166,27.749632,27.721765,27.695453,27.670590,27.647082,27.624841,27.603783,27.583834,27.564924,27.546989,27.529968,27.513805,27.498450,27.483854,27.469972,27.456763,27.444188,27.432211
13.6250,27.435539,27.447691,27.460452,27.473859,27.487952,27.502772,27.518366,27.534783,27.552076,27.570301,27.589520,27.609800,27.631212,27.653832,27.677746,27.703044,27.729823,27.758192,27.788266,27.820171,27.854045,27.890038,27.928314,27.969052,28.012448,28.058716,28.108093,28.160836,28.217230,28.277587,28.342252,28.411604,28.486062,28.566089,28.652195,28.744944,28.844960,28.952931,29.069618,29.195859,29.332579,29.480790,29.641602,29.816224,30.005964,30.212223,30.436488,30.680309,30.945261,31.232898,31.544667,31.881798,32.245153,32.635014,33.050827,33.490873,33.951897,34.428699,34.913749,35.396894,35.865272,36.303554,36.694624,37.020774,37.265338,37.414572,37.459449,37.396955,37.230576,36.969833,36.628991,36.225244,35.776800,35.301202,34.814104,34.328571,33.854837,33.400409,32.970386,32.567869,32.194391,31.850319,31.535189,31.247982,30.987334,30.751700,30.539460,30.349007,30.178792,30.027365,29.893389,29.775654,29.673081,29.584719,29.509744,29.447455,29.397268,29.358712,29.331428,29.315158,29.309752,29.315158,29.331428,29.358712,29.397268,29.447455,29.509744,29.584719,29.673081,29.775654,29.893389,30.027365,30.178792,30.349007,30.539460,30.751700,30.987334,31.247982,31.535189,31.850319,32.194391,32.567869,32.970386,33.400409,33.854837,34.328571,34.814104,35.301202,35.776800,36.225244,36.628991,36.969833,37.230576,37.396955,37.459449,37.414572,37.265338,37.020774,36.694624,36.303554,35.865272,35.396894,34.913749,34.428699,33.951897,33.490873,33.050827,32.635014,32.245153,31.881798,31.544667,31.232898,30.945261,30.680309,30.436488,30.212223,30.005964,29.816224,29.641602,29.480790,29.332579,29.195859,29.069618,28.952931,28.844960,28.744944,28.652195,28.566089,28.486062,28.411604,28.342252,28.277587,28.217230,28.160836,28.108093,28.058716,28.012448,27.969052,27.928314,27.890038,27.854045,27.820171,27.788266,27.758192,27.729823,27.703044,27.677746,27.653832,27.631212,27.609800,27.589520,27.570301,27.552076,27.534783,27.518366,27.502772,27.487952,27.473859,27.460452,27.447691,27.435539
13.7500,27.438925,27.451257,27.464208,27.477817,27.492125,27.507174,27.523012,27.539689,27.557259,27.575781,27.595316,27.615934,27.637707,27.660716,27.685045,27.710788,27.738045,27.766928,27.797554,27.830054,27.864569,27.901253,27.940275,27.981820,28.026088,28.073301,28.123703,28.177558,28.235160,28.296831,28.362927,28.433839,28.510000,28.591887,28.680026,28.775000,28.877454,28.988097,29.107715,29.237173,29.377421,29.529504,29.694563,29.873837,30.068666,30.280479,30.510786,30.761148,31.033142,31.328295,31.648001,31.993390,32.365164,32.763373,33.187130,33.634273,34.100977,34.581347,35.067051,35.547087,36.007775,36.433137,36.805732,37.108000,37.323998,37.441293,37.452641,37.357052,37.159981,36.872585,36.510226,36.090591,35.631820,35.150953,34.662877,34.179771,33.710993,33.263261,32.841006,32.446800,32.081777,31.746015,31.438854,31.159148,30.905463,30.676219,30.469790,30.284580,30.119062,29.971812,29.841527,29.727027,29.627262,29.541310,29.468373,29.407770,29.358937,29.321419,29.294867,29.279033,29.273772,29.279033,29.294867,29.321419,29.358937,29.407770,29.468373,29.541310,29.627262,29.727027,29.841527,29.971812,30.119062,30.284580,30.469790,30.676219,30.905463,31.159148,31.438854,31.746015,32.081777,32.446800,32.841006,33.263261,33.710993,34.179771,34.662877,35.150953,35.631820,36.090591,36.510226,36.872585,37.159981,37.357052,37.452641,37.441293,37.323998,37.108000,36.805732,36.433137,36.007775,35.547087,35.067051,34.581347,34.100977,33.634273,33.187130,32.763373,32.365164,31.993390,31.648001,31.328295,31.033142,30.761148,30.510786,30.280479,30.068666,29.873837,29.694563,29.529504,29.377421,29.237173,29.107715,28.988097,28.877454,28.775000,28.680026,28.591887,28.510000,28.433839,28.362927,28.296831,28.235160,28.177558,28.123703,28.073301,28.026088,27.981820,27.940275,27.901253,27.864569,27.830054,27.797554,27.766928,27.738045,27.710788,27.685045,27.660716,27.637707,27.615934,27.595316,27.575781,27.557259,27.539689,27.523012,27.507174,27.492125,27.477817,27.464208,27.451257,27.438925
13.8750,27.442372,27.454886,27.468032,27.481847,27.496375,27.511658,27.527745,27.544687,27.562541,27.581365,27.601224,27.622187,27.644331,27.667735,27.692489,27.718688,27.746435,27.775843,27.807035,27.840144,27.875316,27.912709,27.952496,27.994868,28.040032,28.088215,28.139668,28.194665,28.253508,28.316530,28.384098,28.456614,28.534526,28.618326,28.708558,28.805824,28.910788,29.024183,29.146820,29.279590,29.423473,29.579545,29.748975,29.933038,30.133100,30.350620,30.587125,30.844188,31.123377,31.426186,31.753942,32.107658,32.487857,32.894323,33.325807,33.779664,34.251458,34.734564,35.219827,35.695392,36.146803,36.557518,36.909905,37.186723,37.372942,37.457606,37.435353,37.307230,37.080583,36.768049,36.385902,35.952137,35.484674,34.999953,34.512041,34.032228,33.569018,33.128373,32.714103,32.328291,31.971708,31.644175,31.344859,31.072507,30.825626,30.602613,30.401840,30.221725,30.060768,29.917573,29.790867,29.679502,29.582460,29.498844,29.427880,29.368911,29.321390,29.284878,29.259035,29.243625,29.238504,29.243625,29.259035,29.284878,29.321390,29.368911,29.427880,29.498844,29.582460,29.679502,29.790867,29.917573,30.060768,30.221725,30.401840,30.602613,30.825626,31.072507,31.344859,31.644175,31.971708,32.328291,32.714103,33.128373,33.569018,34.032228,34.512041,34.999953,35.484674,35.952137,36.385902,36.768049,37.080583,37.307230,37.435353,37.457606,37.372942,37.186723,36.909905,36.557518,36.146803,35.695392,35.219827,34.734564,34.251458,33.779664,33.325807,32.894323,32.487857,32.107658,31.753942,31.426186,31.123377,30.844188,30.587125,30.350620,30.133100,29.933038,29.748975,29.579545,29.423473,29.279590,29.146820,29.024183,28.910788,28.805824,28.708558,28.618326,28.534526,28.456614,28.384098,28.316530,28.253508,28.194665,28.139668,28.088215,28.040032,27.994868,27.952496,27.912709,27.875316,27.840144,27.807035,27.775843,27.746435,27.718688,27.692489,27.667735,27.644331,27.622187,27.601224,27.581365,27.562541,27.544687,27.527745,27.511658,27.496375,27.481847,27.468032,27.454886,27.442372
14.0000,27.445881,27.458581,27.471924,27.485951,27.500702,27.516224,27.532565,27.549779,27.567922,27.587055,27.607245,27.628562,27.651083,27.674893,27.700082,27.726747,27.754995,27.784942,27.816714,27.850448,27.886292,27.924411,27.964983,28.008204,28.054286,28.103465,28.155998,28.212168,28.272287,28.336697,28.405777,28.479943,28.559656,28.645426,28.737812,28.837437,28.944986,29.061216,29.186962,29.323144,29.470771,29.630949,29.804881,29.993870,30.199313,30.422693,30.665556,30.929477,31.216010,31.526609,31.862516,32.224611,32.613211,33.027809,33.466754,33.926881,34.403103,34.888032,35.371674,35.841331,36.281824,36.676148,37.006626,37.256519,37.411896,37.463422,37.407697,37.247787,36.992822,36.656752,36.256572,35.810408,35.335827,34.848583,34.361893,33.886158,33.429054,32.995830,32.589716,32.212347,31.864168,31.544768,31.253164,30.988015,30.747779,30.530836,30.335566,30.160403,30.003872,29.864611,29.741376,29.633052,29.538648,29.457295,29.388245,29.330860,29.284611,29.249072,29.223918,29.208917,29.203932,29.208917,29.223918,29.249072,29.284611,29.330860,29.388245,29.457295,29.538648,29.633052,29.741376,29.864611,30.003872,30.160403,30.335566,30.530836,30.747779,30.988015,31.253164,31.544768,31.864168,32.212347,32.589716,32.995830,33.429054,33.886158,34.361893,34.848583,35.335827,35.810408,36.256572,36.656752,36.992822,37.247787,37.407697,37.463422,37.411896,37.256519,37.006626,36.676148,36.281824,35.841331,35.371674,34.888032,34.403103,33.926881,33.466754,33.027809,32.613211,32.224611,31.862516,31.526609,31.216010,30.929477,30.665556,30.422693,30.199313,29.993870,29.804881,29.630949,29.470771,29.323144,29.186962,29.061216,28.944986,28.837437,28.737812,28.645426,28.559656,28.479943,28.405777,28.336697,28.272287,28.212168,28.155998,28.103465,28.054286,28.008204,27.964983,27.924411,27.886292,27.850448,27.816714,27.784942,27.754995,27.726747,27.700082,27.674893,27.651083,27.628562,27.607245,27.587055,27.567922,27.549779,27.532565,27.516224,27.500702,27.485951,27.471924,27.458581,27.445881
14.1250,27.449451,27.462342,27.475887,27.490128,27.505108,27.520874,27.537475,27.554966,27.573405,27.592854,27.613382,27.635060,27.657969,27.682194,27.707827,27.734970,27.763731,27.794229,27.826595,27.860968,27.897502,27.936366,27.977743,28.021834,28.068859,28.119059,28.172701,28.230076,28.291505,28.357342,28.427977,28.503841,28.585408,28.673203,28.767807,28.869861,28.980072,29.099221,29.228171,29.367867,29.519351,29.683757,29.862321,30.056377,30.267351,30.496748,30.746126,31.017062,31.311086,31.629597,31.973743,32.344248,32.741198,33.163762,33.609851,34.075738,34.555651,35.041407,35.522163,35.984405,36.412295,36.788480,37.095401,37.317007,37.440640,37.458718,37.369848,37.179070,36.897171,36.539233,36.122784,35.665914,35.185718,34.697201,34.212703,33.741750,33.291225,32.865702,32.467873,32.098968,31.759134,31.447759,31.163729,30.905626,30.671874,30.460844,30.270924,30.100571,29.948338,29.812893,29.693024,29.587648,29.495801,29.416643,29.349447,29.293596,29.248580,29.213985,29.189498,29.174894,29.170041,29.174894,29.189498,29.213985,29.248580,29.293596,29.349447,29.416643,29.495801,29.587648,29.693024,29.812893,29.948338,30.100571,30.270924,30.460844,30.671874,30.905626,31.163729,31.447759,31.759134,32.098968,32.467873,32.865702,33.291225,33.741750,34.212703,34.697201,35.185718,35.665914,36.122784,36.539233,36.897171,37.179070,37.369848,37.458718,37.440640,37.317007,37.095401,36.788480,36.412295,35.984405,35.522163,35.041407,34.555651,34.075738,33.609851,33.163762,32.741198,32.344248,31.973743,31.629597,31.311086,31.017062,30.746126,30.496748,30.267351,30.056377,29.862321,29.683757,29.519351,29.367867,29.228171,29.099221,28.980072,28.869861,28.767807,28.673203,28.585408,28.503841,28.427977,28.357342,28.291505,28.230076,28.172701,28.119059,28.068859,28.021834,27.977743,27.936366,27.897502,27.860968,27.826595,27.794229,27.763731,27.734970,27.707827,27.682194,27.657969,27.635060,27.613382,27.592854,27.573405,27.554966,27.537475,27.520874,27.505108,27.490128,27.475887,27.462342,27.449451
14.2500,27.453085,27.466170,27.479921,27.494382,27.509596,27.525610,27.542477,27.560251,27.578992,27.598764,27.619637,27.641685,27.664990,27.689639,27.715727,27.743359,27.772645,27.803708,27.836682,27.871710,27.908952,27.948579,27.990781,28.035765,28.083758,28.135007,28.189788,28.248401,28.311177,28.378480,28.450714,28.528323,28.611797,28.701678,28.798565,28.903120,29.016072,29.138229,29.270477,29.413793,29.569248,29.738008,29.921339,30.120607,30.337263,30.572832,30.828885,31.106989,31.408643,31.735182,32.087639,32.466561,32.871777,33.302096,33.754956,34.226027,34.708814,35.194317,35.670844,36.124099,36.537667,36.893980,37.175766,37.367851,37.459013,37.443530,37.322036,37.101472,36.794129,36.416041,35.985077,35.519146,35.034765,34.546136,34.064716,33.599175,33.155635,32.738043,32.348594,31.988145,31.656580,31.353109,31.076508,30.825294,30.597866,30.392591,30.207873,30.042192,29.894130,29.762387,29.645782,29.543263,29.453895,29.376864,29.311465,29.257102,29.213280,29.179601,29.155760,29.141541,29.136815,29.141541,29.155760,29.179601,29.213280,29.257102,29.311465,29.376864,29.453895,29.543263,29.645782,29.762387,29.894130,30.042192,30.207873,30.392591,30.597866,30.825294,31.076508,31.353109,31.656580,31.988145,32.348594,32.738043,33.155635,33.599175,34.064716,34.546136,35.034765,35.519146,35.985077,36.416041,36.794129,37.101472,37.322036,37.443530,37.459013,37.367851,37.175766,36.893980,36.537667,36.124099,35.670844,35.194317,34.708814,34.226027,33.754956,33.302096,32.871777,32.466561,32.087639,31.735182,31.408643,31.106989,30.828885,30.572832,30.337263,30.120607,29.921339,29.738008,29.569248,29.413793,29.270477,29.138229,29.016072,28.903120,28.798565,28.701678,28.611797,28.528323,28.450714,28.378480,28.311177,28.248401,28.189788,28.135007,28.083758,28.035765,27.990781,27.948579,27.908952,27.871710,27.836682,27.803708,27.772645,27.743359,27.715727,27.689639,27.664990,27.641685,27.619637,27.598764,27.578992,27.560251,27.542477,27.525610,27.509596,27.494382,27.479921,27.466170,27.453085
14.3750,27.456784,27.470066,27.484029,27.498713,27.514165,27.530434,27.547572,27.565635,27.584685,27.604788,27.626013,27.648439,27.672149,27.697232,27.723786,27.751917,27.781741,27.813383,27.846980,27.882680,27.920646,27.961057,28.004105,28.050005,28.098991,28.151318,28.207268,28.267153,28.331312,28.400124,28.474002,28.553406,28.638843,28.730870,28.830107,28.937237,29.053013,29.178266,29.313913,29.460957,29.620501,29.793742,29.981979,30.186604,30.409096,30.650997,30.913880,31.199302,31.508721,31.843390,32.204212,32.591533,33.004895,33.442712,33.901909,34.377515,34.862279,35.346366,35.817243,36.259883,36.657392,36.992129,37.247293,37.408765,37.466915,37.417959,37.264549,37.015423,36.684218,36.287724,35.843980,35.370572,34.883355,34.395691,33.918152,33.458579,33.022375,32.612897,32.231885,31.879862,31.556476,31.260781,30.991456,30.746972,30.525707,30.326034,30.146371,29.985227,29.841213,29.713059,29.599620,29.499871,29.412907,29.337937,29.274280,29.221359,29.178695,29.145903,29.122688,29.108842,29.104241,29.108842,29.122688,29.145903,29.178695,29.221359,29.274280,29.337937,29.412907,29.499871,29.599620,29.713059,29.841213,29.985227,30.146371,30.326034,30.525707,30.746972,30.991456,31.260781,31.556476,31.879862,32.231885,32.612897,33.022375,33.458579,33.918152,34.395691,34.883355,35.370572,35.843980,36.287724,36.684218,37.015423,37.264549,37.417959,37.466915,37.408765,37.247293,36.992129,36.657392,36.259883,35.817243,35.346366,34.862279,34.377515,33.901909,33.442712,33.004895,32.591533,32.204212,31.843390,31.508721,31.199302,30.913880,30.650997,30.409096,30.186604,29.981979,29.793742,29.620501,29.460957,29.313913,29.178266,29.053013,28.937237,28.830107,28.730870,28.638843,28.553406,28.474002,28.400124,28.331312,28.267153,28.207268,28.151318,28.098991,28.050005,28.004105,27.961057,27.920646,27.882680,27.846980,27.813383,27.781741,27.751917,27.723786,27.697232,27.672149,27.648439,27.626013,27.604788,27.584685,27.565635,27.547572,27.530434,27.514165,27.498713,27.484029,27.470066,27.456784
14.5000,27.460548,27.474033,27.488210,27.503123,27.518819,27.535347,27.552762,27.571121,27.590487,27.610926,27.632513,27.655325,27.679449,27.704976,27.732007,27.760650,27.791025,27.823259,27.857494,27.893883,27.932592,27.973805,28.017722,28.064562,28.114567,28.168000,28.225152,28.286342,28.351924,28.422286,28.497856,28.579107,28.666562,28.760799,28.862456,28.972237,29.090921,29.219364,29.358510,29.509395,29.673148,29.851002,30.044284,30.254416,30.482899,30.731289,31.001160,31.294046,31.611353,31.954243,32.323463,32.719136,33.140484,33.585491,34.050529,34.529946,35.015707,35.497131,35.960866,36.391218,36.770923,37.082432,37.309591,37.439519,37.464308,37.382167,37.197723,36.921390,36.567973,36.154831,35.700005,35.220638,34.731851,34.246142,33.773208,33.320092,32.891516,32.490294,32.117748,31.774100,31.458787,31.170730,30.908529,30.670614,30.455354,30.261128,30.086378,29.929638,29.789551,29.664880,29.554510,29.457447,29.372812,29.299840,29.237872,29.186349,29.144807,29.112876,29.090268,29.076784,29.072302,29.076784,29.090268,29.112876,29.144807,29.186349,29.237872,29.299840,29.372812,29.457447,29.554510,29.664880,29.789551,29.929638,30.086378,30.261128,30.455354,30.670614,30.908529,31.170730,31.458787,31.774100,32.117748,32.490294,32.891516,33.320092,33.773208,34.246142,34.731851,35.220638,35.700005,36.154831,36.567973,36.921390,37.197723,37.382167,37.464308,37.439519,37.309591,37.082432,36.770923,36.391218,35.960866,35.497131,35.015707,34.529946,34.050529,33.585491,33.140484,32.719136,32.323463,31.954243,31.611353,31.294046,31.001160,30.731289,30.482899,30.254416,30.044284,29.851002,29.673148,29.509395,29.358510,29.219364,29.090921,28.972237,28.862456,28.760799,28.666562,28.579107,28.497856,28.422286,28.351924,28.286342,28.225152,28.168000,28.114567,28.064562,28.017722,27.973805,27.932592,27.893883,27.857494,27.823259,27.791025,27.760650,27.732007,27.704976,27.679449,27.655325,27.632513,27.610926,27.590487,27.571121,27.552762,27.535347,27.518819,27.503123,27.488210,27.474033,27.460548
14.6250,27.464380,27.478070,27.492467,27.507613,27.523558,27.540351,27.558049,27.576710,27.596398,27.617183,27.639138,27.662346,27.686893,27.712875,27.740393,27.769561,27.800499,27.833340,27.868229,27.905323,27.944794,27.986831,28.031638,28.079444,28.130494,28.185063,28.243449,28.305982,28.373026,28.444981,28.522290,28.605442,28.694975,28.791486,28.895634,29.008146,29.129824,29.261553,29.404303,29.559142,29.727230,29.909831,30.108301,30.324091,30.558721,30.813757,31.090769,31.391260,31.716572,32.067755,32.445385,32.849332,33.278462,33.730296,34.200610,34.683038,35.168732,35.646166,36.101203,36.517557,36.877728,37.164419,37.362317,37.459942,37.451219,37.336373,37.121939,36.819866,36.445940,36.017903,35.553648,35.069765,34.580589,34.097740,33.630058,33.183823,32.763119,32.370255,32.006176,31.670832,31.363477,31.082915,30.827679,30.596173,30.386759,30.197831,30.027853,29.875388,29.739111,29.617818,29.510424,29.415964,29.333588,29.262554,29.202223,29.152055,29.111602,29.080504,29.058486,29.045352,29.040987,29.045352,29.058486,29.080504,29.111602,29.152055,29.202223,29.262554,29.333588,29.415964,29.510424,29.617818,29.739111,29.875388,30.027853,30.197831,30.386759,30.596173,30.827679,31.082915,31.363477,31.670832,32.006176,32.370255,32.763119,33.183823,33.630058,34.097740,34.580589,35.069765,35.553648,36.017903,36.445940,36.819866,37.121939,37.336373,37.451219,37.459942,37.362317,37.164419,36.877728,36.517557,36.101203,35.646166,35.168732,34.683038,34.200610,33.730296,33.278462,32.849332,32.445385,32.067755,31.716572,31.391260,31.090769,30.813757,30.558721,30.324091,30.108301,29.909831,29.727230,29.559142,29.404303,29.261553,29.129824,29.008146,28.895634,28.791486,28.694975,28.605442,28.522290,28.444981,28.373026,28.305982,28.243449,28.185063,28.130494,28.079444,28.031638,27.986831,27.944794,27.905323,27.868229,27.833340,27.800499,27.769561,27.740393,27.712875,27.686893,27.662346,27.639138,27.617183,27.596398,27.576710,27.558049,27.540351,27.523558,27.507613,27.492467,27.478070,27.464380
14.7500,27.468279,27.482180,27.496800,27.512185,27.528384,27.545448,27.563435,27.582404,27.602422,27.623559,27.645892,27.669504,27.694484,27.720931,27.748949,27.778653,27.810168,27.843632,27.879191,27.917007,27.957259,28.000140,28.045862,28.094657,28.146782,28.202517,28.262170,28.326083,28.394629,28.468224,28.547322,28.632429,28.724100,28.822953,28.929666,29.044989,29.169752,29.304864,29.451327,29.610237,29.782787,29.970271,30.174076,30.395676,30.636610,30.898451,31.182754,31.490983,31.824404,32.183938,32.569963,32.982068,33.418733,33.876971,34.351925,34.836482,35.320963,35.793004,36.237728,36.638353,36.977284,37.237656,37.405176,37.469922,37.427734,37.280851,37.037622,36.711366,36.318666,35.877470,35.405381,34.918348,34.429878,33.950710,33.488855,33.049865,32.637228,32.252791,31.897156,31.570030,31.270506,30.997289,30.748861,30.523602,30.319878,30.136100,29.970757,29.822441,29.689861,29.571843,29.467335,29.375400,29.295214,29.226058,29.167314,29.118460,29.079062,29.048773,29.027326,29.014532,29.010280,29.014532,29.027326,29.048773,29.079062,29.118460,29.167314,29.226058,29.295214,29.375400,29.467335,29.571843,29.689861,29.822441,29.970757,30.136100,30.319878,30.523602,30.748861,30.997289,31.270506,31.570030,31.897156,32.252791,32.637228,33.049865,33.488855,33.950710,34.429878,34.918348,35.405381,35.877470,36.318666,36.711366,37.037622,37.280851,37.427734,37.469922,37.405176,37.237656,36.977284,36.638353,36.237728,35.793004,35.320963,34.836482,34.351925,33.876971,33.418733,32.982068,32.569963,32.183938,31.824404,31.490983,31.182754,30.898451,30.636610,30.395676,30.174076,29.970271,29.782787,29.610237,29.451327,29.304864,29.169752,29.044989,28.929666,28.822953,28.724100,28.632429,28.547322,28.468224,28.394629,28.326083,28.262170,28.202517,28.146782,28.094657,28.045862,28.000140,27.957259,27.917007,27.879191,27.843632,27.810168,27.778653,27.748949,27.720931,27.694484,27.669504,27.645892,27.623559,27.602422,27.582404,27.563435,27.545448,27.528384,27.512185,27.496800,27.482180,27.468279
14.8750,27.472248,27.486364,27.501212,27.516841,27.533299,27.550639,27.568921,27.588206,27.608561,27.630058,27.652777,27.676802,27.702226,27.729148,27.757677,27.787931,27.820037,27.854137,27.890383,27.928941,27.969994,28.013741,28.060400,28.110212,28.163439,28.220371,28.281327,28.346658,28.416749,28.492029,28.572967,28.660086,28.753958,28.855221,28.964575,29.082794,29.210733,29.349330,29.499616,29.662718,29.839860,30.032367,30.241654,30.469219,30.716615,30.985416,31.277156,31.593250,31.934871,32.302792,32.697171,33.117281,33.561182,34.025338,34.504223,34.989945,35.471984,35.937154,36.369903,36.753062,37.069092,37.301746,37.437929,37.469409,37.394003,37.215927,36.945227,36.596421,36.186699,35.734048,35.255654,34.766754,34.279999,33.805256,33.349732,32.918294,32.513878,32.137905,31.790668,31.471659,31.179832,30.913807,30.672025,30.452854,30.254668,30.075894,29.915051,29.770763,29.641768,29.526928,29.425218,29.335731,29.257667,29.190332,29.133127,29.085547,29.047173,29.017668,28.996774,28.984311,28.980168,28.984311,28.996774,29.017668,29.047173,29.085547,29.133127,29.190332,29.257667,29.335731,29.425218,29.526928,29.641768,29.770763,29.915051,30.075894,30.254668,30.452854,30.672025,30.913807,31.179832,31.471659,31.790668,32.137905,32.513878,32.918294,33.349732,33.805256,34.279999,34.766754,35.255654,35.734048,36.186699,36.596421,36.945227,37.215927,37.394003,37.469409,37.437929,37.301746,37.069092,36.753062,36.369903,35.937154,35.471984,34.989945,34.504223,34.025338,33.561182,33.117281,32.697171,32.302792,31.934871,31.593250,31.277156,30.985416,30.716615,30.469219,30.241654,30.032367,29.839860,29.662718,29.499616,29.349330,29.210733,29.082794,28.964575,28.855221,28.753958,28.660086,28.572967,28.492029,28.416749,28.346658,28.281327,28.220371,28.163439,28.110212,28.060400,28.013741,27.969994,27.928941,27.890383,27.854137,27.820037,27.787931,27.757677,27.729148,27.702226,27.676802,27.652777,27.630058,27.608561,27.588206,27.568921,27.550639,27.533299,27.516841,27.501212,27.486364,27.472248
15.0000,27.476288,27.490623,27.505704,27.521581,27.538304,27.555927,27.574510,27.594117,27.614816,27.636682,27.659796,27.684244,27.710121,27.737530,27.766582,27.797398,27.830111,27.864863,27.901813,27.941130,27.983004,28.027640,28.075261,28.126116,28.180475,28.238638,28.300932,28.367719,28.439399,28.516412,28.599244,28.688432,28.784570,28.888314,29.000387,29.121589,29.252799,29.394985,29.549207,29.716624,29.898492,30.096164,30.311085,30.544770,30.798786,31.074700,31.374018,31.698093,32.047991,32.424313,32.826971,33.254892,33.705674,34.175197,34.657227,35.143067,35.621354,36.078112,36.497186,36.861148,37.152681,37.356338,37.460392,37.458415,37.350232,37.141973,36.845241,36.475573,36.050581,35.588134,35.104894,34.615326,34.131210,33.661556,33.212803,32.789174,32.393092,32.025591,31.686688,31.375683,31.091411,30.832423,30.597127,30.383885,30.191083,30.017173,29.860699,29.720318,29.594802,29.483042,29.384046,29.296932,29.220927,29.155358,29.099646,29.053301,29.015919,28.987175,28.966818,28.954675,28.950638,28.954675,28.966818,28.987175,29.015919,29.053301,29.099646,29.155358,29.220927,29.296932,29.384046,29.483042,29.594802,29.720318,29.860699,30.017173,30.191083,30.383885,30.597127,30.832423,31.091411,31.375683,31.686688,32.025591,32.393092,32.789174,33.212803,33.661556,34.131210,34.615326,35.104894,35.588134,36.050581,36.475573,36.845241,37.141973,37.350232,37.458415,37.460392,37.356338,37.152681,36.861148,36.497186,36.078112,35.621354,35.143067,34.657227,34.175197,33.705674,33.254892,32.826971,32.424313,32.047991,31.698093,31.374018,31.074700,30.798786,30.544770,30.311085,30.096164,29.898492,29.716624,29.549207,29.394985,29.252799,29.121589,29.000387,28.888314,28.784570,28.688432,28.599244,28.516412,28.439399,28.367719,28.300932,28.238638,28.180475,28.126116,28.075261,28.027640,27.983004,27.941130,27.901813,27.864863,27.830111,27.797398,27.766582,27.737530,27.710121,27.684244,27.659796,27.636682,27.614816,27.594117,27.574510,27.555927,27.538304,27.521581,27.505704,27.490623,27.476288
15.1250,27.480400,27.494958,27.510278,27.526408,27.543401,27.561313,27.580204,27.600140,27.621192,27.643434,27.666951,27.691832,27.718173,27.746080,27.775668,27.807060,27.840393,27.875814,27.913484,27.953581,27.996297,28.041844,28.090452,28.142378,28.197900,28.257326,28.320995,28.389280,28.462593,28.541388,28.626168,28.717487,28.815957,28.922255,29.037128,29.161401,29.295980,29.441862,29.600138,29.771997,29.958726,30.161709,30.382414,30.622377,30.883169,31.166347,31.473378,31.805540,32.163773,32.548487,32.959316,33.394806,33.852057,34.326325,34.810633,35.295462,35.768609,36.215355,36.619031,36.962088,37.227609,37.401128,37.472441,37.437017,37.296684,37.059403,36.738175,36.349370,35.910843,35.440206,34.953500,34.464377,33.983741,33.519769,33.078166,32.662554,32.274883,31.915838,31.585187,31.282064,31.005199,30.753089,30.524118,30.316649,30.129083,29.959896,29.807663,29.671074,29.548932,29.440160,29.343795,29.258983,29.184974,29.121117,29.066852,29.021706,28.985286,28.957280,28.937444,28.925611,28.921677,28.925611,28.937444,28.957280,28.985286,29.021706,29.066852,29.121117,29.184974,29.258983,29.343795,29.440160,29.548932,29.671074,29.807663,29.959896,30.129083,30.316649,30.524118,30.753089,31.005199,31.282064,31.585187,31.915838,32.274883,32.662554,33.078166,33.519769,33.983741,34.464377,34.953500,35.440206,35.910843,36.349370,36.738175,37.059403,37.296684,37.437017,37.472441,37.401128,37.227609,36.962088,36.619031,36.215355,35.768609,35.295462,34.810633,34.326325,33.852057,33.394806,32.959316,32.548487,32.163773,31.805540,31.473378,31.166347,30.883169,30.622377,30.382414,30.161709,29.958726,29.771997,29.600138,29.441862,29.295980,29.161401,29.037128,28.922255,28.815957,28.717487,28.626168,28.541388,28.462593,28.389280,28.320995,28.257326,28.197900,28.142378,28.090452,28.041844,27.996297,27.953581,27.913484,27.875814,27.840393,27.807060,27.775668,27.746080,27.718173,27.691832,27.666951,27.643434,27.621192,27.600140,27.580204,27.561313,27.543401,27.526408,27.510278,27.494958,27.480400
15.2500,27.484585,27.499371,27.514934,27.531324,27.548593,27.566799,27.586005,27.606278,27.627689,27.650317,27.674246,27.699569,27.726385,27.754802,27.784938,27.816920,27.850888,27.886994,27.925404,27.966300,28.009879,28.056361,28.105983,28.159008,28.215724,28.276448,28.341530,28.411354,28.486346,28.566975,28.653759,28.747270,28.848140,28.957068,29.074826,29.202261,29.340310,29.489998,29.652447,29.828877,30.020606,30.229047,30.455691,30.702089,30.969813,31.260400,31.575271,31.915613,32.282221,32.675289,33.094142,33.536911,34.000158,34.478475,34.964114,35.446719,35.913267,36.348349,36.734895,37.055382,37.293473,37.435867,37.474016,37.405348,37.233674,36.968664,36.624554,36.218358,35.768004,35.290718,34.801847,34.314197,33.837801,33.380032,32.945902,32.538470,32.159256,31.808629,31.486133,31.190759,30.921150,30.675758,30.452951,30.251100,30.068623,29.904024,29.755908,29.622998,29.504128,29.398254,29.304441,29.221860,29.149787,29.087591,29.034730,28.990746,28.955260,28.927969,28.908639,28.897107,28.893273,28.897107,28.908639,28.927969,28.955260,28.990746,29.034730,29.087591,29.149787,29.221860,29.304441,29.398254,29.504128,29.622998,29.755908,29.904024,30.068623,30.251100,30.452951,30.675758,30.921150,31.190759,31.486133,31.808629,32.159256,32.538470,32.945902,33.380032,33.837801,34.314197,34.801847,35.290718,35.768004,36.218358,36.624554,36.968664,37.233674,37.405348,37.474016,37.435867,37.293473,37.055382,36.734895,36.348349,35.913267,35.446719,34.964114,34.478475,34.000158,33.536911,33.094142,32.675289,32.282221,31.915613,31.575271,31.260400,30.969813,30.702089,30.455691,30.229047,30.020606,29.828877,29.652447,29.489998,29.340310,29.202261,29.074826,28.957068,28.848140,28.747270,28.653759,28.566975,28.486346,28.411354,28.341530,28.276448,28.215724,28.159008,28.105983,28.056361,28.009879,27.966300,27.925404,27.886994,27.850888,27.816920,27.784938,27.754802,27.726385,27.699569,27.674246,27.650317,27.627689,27.606278,27.586005,27.566799,27.548593,27.531324,27.514934,27.499371,27.484585
15.3750,27.488845,27.503864,27.519675,27.536329,27.553880,27.572388,27.591916,27.612532,27.634311,27.657332,27.681684,27.707460,27.734761,27.763700,27.794397,27.826983,27.861602,27.898410,27.937578,27.979293,28.023758,28.071199,28.121861,28.176014,28.233956,28.296014,28.362548,28.433955,28.510674,28.593189,28.682035,28.777802,28.881143,28.992780,29.113506,29.244199,29.385821,29.539428,29.706172,29.887306,30.084178,30.298226,30.530965,30.783954,31.058764,31.356902,31.679731,32.028331,32.403332,32.804685,33.231375,33.681078,34.149780,34.631375,35.117315,35.596403,36.054824,36.476554,36.844240,37.140551,37.349915,37.460359,37.465115,37.363606,37.161563,36.870238,36.504919,36.083080,35.622565,35.140101,34.650281,34.165047,33.693575,33.242464,32.816075,32.416948,32.046208,31.703938,31.389489,31.101725,30.839218,30.600382,30.383582,30.187195,30.009664,29.849519,29.705399,29.576057,29.460363,29.357299,29.265960,29.185544,29.115348,29.054762,29.003263,28.960406,28.925826,28.899230,28.880391,28.869150,28.865414,28.869150,28.880391,28.899230,28.925826,28.960406,29.003263,29.054762,29.115348,29.185544,29.265960,29.357299,29.460363,29.576057,29.705399,29.849519,30.009664,30.187195,30.383582,30.600382,30.839218,31.101725,31.389489,31.703938,32.046208,32.416948,32.816075,33.242464,33.693575,34.165047,34.650281,35.140101,35.622565,36.083080,36.504919,36.870238,37.161563,37.363606,37.465115,37.460359,37.349915,37.140551,36.844240,36.476554,36.054824,35.596403,35.117315,34.631375,34.149780,33.681078,33.231375,32.804685,32.403332,32.028331,31.679731,31.356902,31.058764,30.783954,30.530965,30.298226,30.084178,29.887306,29.706172,29.539428,29.385821,29.244199,29.113506,28.992780,28.881143,28.777802,28.682035,28.593189,28.510674,28.433955,28.362548,28.296014,28.233956,28.176014,28.121861,28.071199,28.023758,27.979293,27.937578,27.898410,27.861602,27.826983,27.794397,27.763700,27.734761,27.707460,27.681684,27.657332,27.634311,27.612532,27.591916,27.572388,27.553880,27.536329,27.519675,27.503864,27.488845
15.5000,27.493181,27.508438,27.524502,27.541426,27.559265,27.578081,27.597937,27.618904,27.641059,27.664484,27.689267,27.715506,27.743305,27.772778,27.804049,27.837254,27.872540,27.910068,27.950012,27.992566,28.037940,28.086366,28.138095,28.193407,28.252609,28.316037,28.384063,28.457097,28.535592,28.620047,28.711015,28.809104,28.914990,29.029415,29.153199,29.287246,29.432547,29.590189,29.761355,29.947329,30.149487,30.369294,30.608283,30.868021,31.150066,31.455891,31.786784,32.143704,32.527093,32.936628,33.370921,33.827158,34.300707,34.784728,35.269857,35.744057,36.192763,36.599426,36.946543,37.217151,37.396622,37.474470,37.445802,37.312040,37.080755,36.764628,36.379814,35.944067,35.475006,34.988761,34.499124,34.017164,33.551225,33.107166,32.688740,32.298004,31.935729,31.601740,31.295218,31.014919,30.759354,30.526915,30.315962,30.124890,29.952164,29.796344,29.656102,29.530222,29.417607,29.317269,29.228329,29.150013,29.081638,29.022614,28.972435,28.930673,28.896972,28.871049,28.852686,28.841729,28.838086,28.841729,28.852686,28.871049,28.896972,28.930673,28.972435,29.022614,29.081638,29.150013,29.228329,29.317269,29.417607,29.530222,29.656102,29.796344,29.952164,30.124890,30.315962,30.526915,30.759354,31.014919,31.295218,31.601740,31.935729,32.298004,32.688740,33.107166,33.551225,34.017164,34.499124,34.988761,35.475006,35.944067,36.379814,36.764628,37.080755,37.312040,37.445802,37.474470,37.396622,37.217151,36.946543,36.599426,36.192763,35.744057,35.269857,34.784728,34.300707,33.827158,33.370921,32.936628,32.527093,32.143704,31.786784,31.455891,31.150066,30.868021,30.608283,30.369294,30.149487,29.947329,29.761355,29.590189,29.432547,29.287246,29.153199,29.029415,28.914990,28.809104,28.711015,28.620047,28.535592,28.457097,28.384063,28.316037,28.252609,28.193407,28.138095,28.086366,28.037940,27.992566,27.950012,27.910068,27.872540,27.837254,27.804049,27.772778,27.743305,27.715506,27.689267,27.664484,27.641059,27.618904,27.597937,27.578081,27.559265,27.541426,27.524502,27.508438,27.493181
15.6250,27.497594,27.513094,27.529417,27.546617,27.564750,27.583880,27.604072,27.625399,27.647938,27.671774,27.696999,27.723711,27.752019,27.782039,27.813899,27.847738,27.883707,27.921972,27.962713,28.006128,28.052434,28.101869,28.154695,28.211197,28.271692,28.336528,28.406088,28.480795,28.561116,28.647568,28.740719,28.841199,28.949704,29.067000,29.193933,29.331434,29.480524,29.642320,29.818037,30.008987,30.216579,30.442299,30.687694,30.954336,31.243764,31.557403,31.896456,32.261739,32.653481,33.071058,33.512672,33.974980,34.452694,34.938211,35.421332,35.889201,36.326555,36.716422,37.041301,37.284773,37.433333,37.478127,37.416200,37.250954,36.991691,36.652356,36.249785,35.801841,35.325786,34.837077,34.348668,33.870763,33.410894,32.974224,32.563935,32.181646,31.827801,31.502003,31.203278,30.930293,30.681512,30.455308,30.250048,30.064143,29.896084,29.744463,29.607983,29.485463,29.375834,29.278139,29.191527,29.115247,29.048638,28.991130,28.942233,28.901531,28.868683,28.843414,28.825512,28.814831,28.811280,28.814831,28.825512,28.843414,28.868683,28.901531,28.942233,28.991130,29.048638,29.115247,29.191527,29.278139,29.375834,29.485463,29.607983,29.744463,29.896084,30.064143,30.250048,30.455308,30.681512,30.930293,31.203278,31.502003,31.827801,32.181646,32.563935,32.974224,33.410894,33.870763,34.348668,34.837077,35.325786,35.801841,36.249785,36.652356,36.991691,37.250954,37.416200,37.478127,37.433333,37.284773,37.041301,36.716422,36.326555,35.889201,35.421332,34.938211,34.452694,33.974980,33.512672,33.071058,32.653481,32.261739,31.896456,31.557403,31.243764,30.954336,30.687694,30.442299,30.216579,30.008987,29.818037,29.642320,29.480524,29.331434,29.193933,29.067000,28.949704,28.841199,28.740719,28.647568,28.561116,28.480795,28.406088,28.336528,28.271692,28.211197,28.154695,28.101869,28.052434,28.006128,27.962713,27.921972,27.883707,27.847738,27.813899,27.782039,27.752019,27.723711,27.696999,27.671774,27.647938,27.625399,27.604072,27.583880,27.564750,27.546617,27.529417,27.513094,27.497594
15.7500,27.502087,27.517834,27.534421,27.551903,27.570337,27.589787,27.610323,27.632016,27.654949,27.679206,27.704883,27.732080,27.760908,27.791488,27.823951,27.858439,27.895108,27.934128,27.975686,28.019984,28.067247,28.117719,28.171669,28.229393,28.291217,28.357500,28.428637,28.505064,28.587264,28.675770,28.771168,28.874109,28.985310,29.105562,29.235738,29.376796,29.529787,29.695859,29.876258,30.072328,30.285501,30.517288,30.769248,31.042947,31.339899,31.661472,32.008764,32.382431,32.782462,33.207901,33.656503,34.124354,34.605477,35.091475,35.571313,36.031338,36.455660,36.827004,37.128032,37.343048,37.459844,37.471316,37.376491,37.180699,36.894844,36.533958,36.115374,35.656906,35.175342,34.685402,34.199183,33.726033,33.272706,32.843707,32.441689,32.067871,31.722405,31.404690,31.113626,30.847801,30.605643,30.385516,30.185795,30.004912,29.841386,29.693840,29.561011,29.441749,29.335017,29.239886,29.155532,29.081227,29.016331,28.960294,28.912639,28.872968,28.840947,28.816312,28.798859,28.788445,28.784982,28.788445,28.798859,28.816312,28.840947,28.872968,28.912639,28.960294,29.016331,29.081227,29.155532,29.239886,29.335017,29.441749,29.561011,29.693840,29.841386,30.004912,30.185795,30.385516,30.605643,30.847801,31.113626,31.404690,31.722405,32.067871,32.441689,32.843707,33.272706,33.726033,34.199183,34.685402,35.175342,35.656906,36.115374,36.533958,36.894844,37.180699,37.376491,37.471316,37.459844,37.343048,37.128032,36.827004,36.455660,36.031338,35.571313,35.091475,34.605477,34.124354,33.656503,33.207901,32.782462,32.382431,32.008764,31.661472,31.339899,31.042947,30.769248,30.517288,30.285501,30.072328,29.876258,29.695859,29.529787,29.376796,29.235738,29.105562,28.985310,28.874109,28.771168,28.675770,28.587264,28.505064,28.428637,28.357500,28.291217,28.229393,28.171669,28.117719,28.067247,28.019984,27.975686,27.934128,27.895108,27.858439,27.823951,27.791488,27.760908,27.732080,27.704883,27.679206,27.654949,27.632016,27.610323,27.589787,27.570337,27.551903,27.534421,27.517834,27.502087
15.8750,27.506660,27.522660,27.539517,27.557286,27.576027,27.595806,27.616692,27.638761,27.662095,27.686783,27.712921,27.740615,27.769976,27.801129,27.834209,27.869362,27.906749,27.946544,27.988938,28.034143,28.082387,28.133923,28.189028,28.248007,28.311196,28.378966,28.451724,28.529920,28.614053,28.704672,28.802383,28.907857,29.021834,29.145131,29.278646,29.423367,29.580375,29.750848,29.936064,30.137395,30.356302,30.594312,30.852991,31.133898,31.438510,31.768125,32.123721,32.505770,32.913994,33.347069,33.802267,34.275066,34.758762,35.244146,35.719346,36.169953,36.579537,36.930650,37.206285,37.391656,37.476008,37.454088,37.326914,37.101669,36.790712,36.409977,35.977115,35.509745,35.024085,34.534062,34.050911,33.583142,33.136766,32.715670,32.322021,31.956671,31.619512,31.309765,31.026217,30.767397,30.531701,30.317492,30.123158,29.947155,29.788030,29.644441,29.515154,29.399053,29.295130,29.202487,29.120323,29.047933,28.984700,28.930089,28.883641,28.844969,28.813752,28.789733,28.772715,28.762559,28.759183,28.762559,28.772715,28.789733,28.813752,28.844969,28.883641,28.930089,28.984700,29.047933,29.120323,29.202487,29.295130,29.399053,29.515154,29.644441,29.788030,29.947155,30.123158,30.317492,30.531701,30.767397,31.026217,31.309765,31.619512,31.956671,32.322021,32.715670,33.136766,33.583142,34.050911,34.534062,35.024085,35.509745,35.977115,36.409977,36.790712,37.101669,37.326914,37.454088,37.476008,37.391656,37.206285,36.930650,36.579537,36.169953,35.719346,35.244146,34.758762,34.275066,33.802267,33.347069,32.913994,32.505770,32.123721,31.768125,31.438510,31.133898,30.852991,30.594312,30.356302,30.137395,29.936064,29.750848,29.580375,29.423367,29.278646,29.145131,29.021834,28.907857,28.802383,28.704672,28.614053,28.529920,28.451724,28.378966,28.311196,28.248007,28.189028,28.133923,28.082387,28.034143,27.988938,27.946544,27.906749,27.869362,27.834209,27.801129,27.769976,27.740615,27.712921,27.686783,27.662095,27.638761,27.616692,27.595806,27.576027,27.557286,27.539517,27.522660,27.506660
16.0000,27.511315,27.527574,27.544706,27.562768,27.581823,27.601937,27.623181,27.645634,27.669379,27.694508,27.721119,27.749320,27.779227,27.810967,27.844679,27.880513,27.918635,27.959224,28.002477,28.048611,28.097862,28.150490,28.206781,28.267049,28.331641,28.400939,28.475364,28.555380,28.641501,28.734294,28.834385,28.942467,29.059303,29.185735,29.322689,29.471181,29.632323,29.807326,29.997496,30.204236,30.429028,30.673417,30.938972,31.227233,31.539634,31.877388,32.241334,32.631735,33.048018,33.488457,33.949799,34.426879,34.912232,35.395823,35.864957,36.304521,36.697644,37.026851,37.275645,37.430327,37.481741,37.426553,37.267762,37.014297,36.679811,36.280957,35.835531,35.360823,34.872398,34.383358,33.904071,33.442237,33.003163,32.590157,32.204939,31.848032,31.519092,31.217187,30.941007,30.689031,30.459637,30.251190,30.062095,29.890832,29.735982,29.596231,29.470381,29.357346,29.256150,29.165919,29.085879,29.015348,28.953728,28.900501,28.855224,28.817522,28.787084,28.763663,28.747067,28.737163,28.733871,28.737163,28.747067,28.763663,28.787084,28.817522,28.855224,28.900501,28.953728,29.015348,29.085879,29.165919,29.256150,29.357346,29.470381,29.596231,29.735982,29.890832,30.062095,30.251190,30.459637,30.689031,30.941007,31.217187,31.519092,31.848032,32.204939,32.590157,33.003163,33.442237,33.904071,34.383358,34.872398,35.360823,35.835531,36.280957,36.679811,37.014297,37.267762,37.426553,37.481741,37.430327,37.275645,37.026851,36.697644,36.304521,35.864957,35.395823,34.912232,34.426879,33.949799,33.488457,33.048018,32.631735,32.241334,31.877388,31.539634,31.227233,30.938972,30.673417,30.429028,30.204236,29.997496,29.807326,29.632323,29.471181,29.322689,29.185735,29.059303,28.942467,28.834385,28.734294,28.641501,28.555380,28.475364,28.400939,28.331641,28.267049,28.206781,28.150490,28.097862,28.048611,28.002477,27.959224,27.918635,27.880513,27.844679,27.810967,27.779227,27.749320,27.721119,27.694508,27.669379,27.645634,27.623181,27.601937,27.581823,27.562768,27.544706,27.527574,27.511315
16.1250,27.516054,27.532576,27.549989,27.568352,27.587727,27.608184,27.629794,27.652639,27.676805,27.702384,27.729478,27.758199,27.788664,27.821005,27.855365,27.891897,27.930772,27.972176,28.016309,28.063396,28.113681,28.167430,28.224938,28.286531,28.352565,28.423433,28.499572,28.581459,28.669626,28.764656,28.867198,28.977965,29.097744,29.227404,29.367898,29.520274,29.685672,29.865335,30.060600,30.272896,30.503729,30.754654,31.027237,31.322995,31.643305,31.989279,32.361600,32.760295,33.184464,33.631941,34.098913,34.579530,35.065543,35.546082,36.007654,36.434506,36.809443,37.115123,37.335737,37.458846,37.477016,37.388882,37.199374,36.919048,36.562675,36.147441,35.691128,35.210581,34.720640,34.233562,33.758859,33.303447,32.871970,32.467199,32.090445,31.741933,31.421111,31.126912,30.857949,30.612657,30.389406,30.186566,30.002563,29.835905,29.685204,29.549178,29.426663,29.316603,29.218051,29.130160,29.052182,28.983454,28.923399,28.871515,28.827374,28.790613,28.760933,28.738092,28.721906,28.712247,28.709035,28.712247,28.721906,28.738092,28.760933,28.790613,28.827374,28.871515,28.923399,28.983454,29.052182,29.130160,29.218051,29.316603,29.426663,29.549178,29.685204,29.835905,30.002563,30.186566,30.389406,30.612657,30.857949,31.126912,31.421111,31.741933,32.090445,32.467199,32.871970,33.303447,33.758859,34.233562,34.720640,35.210581,35.691128,36.147441,36.562675,36.919048,37.199374,37.388882,37.477016,37.458846,37.335737,37.115123,36.809443,36.434506,36.007654,35.546082,35.065543,34.579530,34.098913,33.631941,33.184464,32.760295,32.361600,31.989279,31.643305,31.322995,31.027237,30.754654,30.503729,30.272896,30.060600,29.865335,29.685672,29.520274,29.367898,29.227404,29.097744,28.977965,28.867198,28.764656,28.669626,28.581459,28.499572,28.423433,28.352565,28.286531,28.224938,28.167430,28.113681,28.063396,28.016309,27.972176,27.930772,27.891897,27.855365,27.821005,27.788664,27.758199,27.729478,27.702384,27.676805,27.652639,27.629794,27.608184,27.587727,27.568352,27.549989,27.532576,27.516054
16.2500,27.520878,27.537669,27.555370,27.574039,27.593742,27.614548,27.636533,27.659779,27.684374,27.710414,27.738004,27.767255,27.798293,27.831249,27.866272,27.903520,27.943167,27.985405,28.030442,28.078507,28.129852,28.184752,28.243511,28.306464,28.373979,28.446463,28.524363,28.608176,28.698447,28.795780,28.900845,29.014375,29.137185,29.270169,29.414309,29.570682,29.740461,29.924918,30.125421,30.343425,30.580452,30.838068,31.117831,31.421223,31.749552,32.103813,32.484510,32.891407,33.323245,33.777379,34.249399,34.732733,35.218327,35.694476,36.146925,36.559367,36.914410,37.195010,37.386232,37.477056,37.461872,37.341301,37.122137,36.816414,36.439842,36.009963,35.544394,35.059433,34.569144,34.084924,33.615447,33.166881,32.743245,32.346816,31.978532,31.638348,31.325531,31.038898,30.776994,30.538227,30.320959,30.123574,29.944520,29.782335,29.635661,29.503251,29.383971,29.276797,29.180809,29.095189,29.019210,28.952232,28.893696,28.843116,28.800078,28.764232,28.735286,28.713008,28.697221,28.687799,28.684666,28.687799,28.697221,28.713008,28.735286,28.764232,28.800078,28.843116,28.893696,28.952232,29.019210,29.095189,29.180809,29.276797,29.383971,29.503251,29.635661,29.782335,29.944520,30.123574,30.320959,30.538227,30.776994,31.038898,31.325531,31.638348,31.978532,32.346816,32.743245,33.166881,33.615447,34.084924,34.569144,35.059433,35.544394,36.009963,36.439842,36.816414,37.122137,37.341301,37.461872,37.477056,37.386232,37.195010,36.914410,36.559367,36.146925,35.694476,35.218327,34.732733,34.249399,33.777379,33.323245,32.891407,32.484510,32.103813,31.749552,31.421223,31.117831,30.838068,30.580452,30.343425,30.125421,29.924918,29.740461,29.570682,29.414309,29.270169,29.137185,29.014375,28.900845,28.795780,28.698447,28.608176,28.524363,28.446463,28.373979,28.306464,28.243511,28.184752,28.129852,28.078507,28.030442,27.985405,27.943167,27.903520,27.866272,27.831249,27.798293,27.767255,27.738004,27.710414,27.684374,27.659779,27.636533,27.614548,27.593742,27.574039,27.555370,27.537669,27.520878
16.3750,27.525789,27.542855,27.560849,27.579831,27.599868,27.621032,27.643400,27.667056,27.692091,27.718602,27.746698,27.776494,27.808117,27.841704,27.877406,27.915387,27.955826,27.998920,28.044883,28.093951,28.146384,28.202466,28.262510,28.326861,28.395898,28.470042,28.549755,28.635547,28.727983,28.827688,28.935348,29.051725,29.177656,29.314062,29.461956,29.622444,29.796731,29.986120,30.192006,30.415868,30.659247,30.923710,31.210799,31.521954,31.858399,32.220997,32.610044,33.025018,33.464259,33.924611,34.401023,34.886175,35.370189,35.840536,36.282249,36.678563,37.012034,37.266092,37.426850,37.484858,37.436406,37.284092,37.036473,36.706907,36.311857,35.869048,35.395798,34.907770,34.418215,33.937667,33.473987,33.032633,32.617036,32.229021,31.869187,31.537248,31.232313,30.953098,30.698096,30.465692,30.254251,30.062171,29.887927,29.730084,29.587319,29.458417,29.342276,29.237902,29.144403,29.060986,28.986947,28.921667,28.864605,28.815291,28.773323,28.738364,28.710131,28.688401,28.673001,28.663809,28.660753,28.663809,28.673001,28.688401,28.710131,28.738364,28.773323,28.815291,28.864605,28.921667,28.986947,29.060986,29.144403,29.237902,29.342276,29.458417,29.587319,29.730084,29.887927,30.062171,30.254251,30.465692,30.698096,30.953098,31.232313,31.537248,31.869187,32.229021,32.617036,33.032633,33.473987,33.937667,34.418215,34.907770,35.395798,35.869048,36.311857,36.706907,37.036473,37.284092,37.436406,37.484858,37.426850,37.266092,37.012034,36.678563,36.282249,35.840536,35.370189,34.886175,34.401023,33.924611,33.464259,33.025018,32.610044,32.220997,31.858399,31.521954,31.210799,30.923710,30.659247,30.415868,30.192006,29.986120,29.796731,29.622444,29.461956,29.314062,29.177656,29.051725,28.935348,28.827688,28.727983,28.635547,28.549755,28.470042,28.395898,28.326861,28.262510,28.202466,28.146384,28.093951,28.044883,27.998920,27.955826,27.915387,27.877406,27.841704,27.808117,27.776494,27.746698,27.718602,27.692091,27.667056,27.643400,27.621032,27.599868,27.579831,27.560849,27.542855,27.525789
16.5000,27.530789,27.548135,27.566428,27.585730,27.606110,27.627639,27.650398,27.674474,27.699958,27.726952,27.755565,27.785918,27.818141,27.852373,27.888771,27.927504,27.968754,28.012726,28.059639,28.109738,28.163288,28.220583,28.281946,28.347733,28.418336,28.494186,28.575762,28.663592,28.758256,28.860400,28.970734,29.090041,29.219185,29.359115,29.510874,29.675599,29.854524,30.048983,30.260400,30.490275,30.740161,31.011623,31.306182,31.625221,31.969868,32.340830,32.738175,33.161057,33.607387,34.073454,34.553530,35.039519,35.520710,35.983772,36.413092,36.791558,37.101827,37.327985,37.457367,37.482215,37.400776,37.217584,36.942840,36.591055,36.179262,35.725206,35.245784,34.755955,34.268132,33.791993,33.334613,32.900778,32.493377,32.113816,31.762389,31.438599,31.141413,30.869466,30.621206,30.395006,30.189236,30.002315,29.832742,29.679116,29.540145,29.414647,29.301552,29.199894,29.108809,29.027530,28.955374,28.891742,28.836110,28.788024,28.747097,28.712999,28.685459,28.664260,28.649236,28.640267,28.637286,28.640267,28.649236,28.664260,28.685459,28.712999,28.747097,28.788024,28.836110,28.891742,28.955374,29.027530,29.108809,29.199894,29.301552,29.414647,29.540145,29.679116,29.832742,30.002315,30.189236,30.395006,30.621206,30.869466,31.141413,31.438599,31.762389,32.113816,32.493377,32.900778,33.334613,33.791993,34.268132,34.755955,35.245784,35.725206,36.179262,36.591055,36.942840,37.217584,37.400776,37.482215,37.457367,37.327985,37.101827,36.791558,36.413092,35.983772,35.520710,35.039519,34.553530,34.073454,33.607387,33.161057,32.738175,32.340830,31.969868,31.625221,31.306182,31.011623,30.740161,30.490275,30.260400,30.048983,29.854524,29.675599,29.510874,29.359115,29.219185,29.090041,28.970734,28.860400,28.758256,28.663592,28.575762,28.494186,28.418336,28.347733,28.281946,28.220583,28.163288,28.109738,28.059639,28.012726,27.968754,27.927504,27.888771,27.852373,27.818141,27.785918,27.755565,27.726952,27.699958,27.674474,27.650398,27.627639,27.606110,27.585730,27.566428,27.548135,27.530789
16.6250,27.535879,27.553512,27.572111,27.591740,27.612468,27.634371,27.657531,27.682034,27.707978,27.735466,27.764610,27.795533,27.828369,27.863263,27.900374,27.939876,27.981959,28.026831,28.074719,28.125874,28.180571,28.239113,28.301831,28.369094,28.441305,28.518911,28.602404,28.692329,28.789287,28.893942,29.007027,29.129351,29.261803,29.405363,29.561100,29.730185,29.913882,30.113554,30.330651,30.566693,30.823242,31.101856,31.404021,31.731055,32.083973,32.463305,32.868861,33.299443,33.752491,34.223701,34.706638,35.192401,35.669447,36.123680,36.538916,36.897825,37.183330,37.380352,37.477612,37.469153,37.355198,37.142152,36.841724,36.469395,36.042593,35.578927,35.094772,34.604328,34.119150,33.648079,33.197438,32.771379,32.372290,32.001196,31.658116,31.342365,31.052790,30.787955,30.546277,30.326122,30.125870,29.943963,29.778928,29.629396,29.494107,29.371912,29.261771,29.162748,29.074007,28.994801,28.924472,28.862440,28.808197,28.761304,28.721386,28.688124,28.661258,28.640575,28.625915,28.617165,28.614255,28.617165,28.625915,28.640575,28.661258,28.688124,28.721386,28.761304,28.808197,28.862440,28.924472,28.994801,29.074007,29.162748,29.261771,29.371912,29.494107,29.629396,29.778928,29.943963,30.125870,30.326122,30.546277,30.787955,31.052790,31.342365,31.658116,32.001196,32.372290,32.771379,33.197438,33.648079,34.119150,34.604328,35.094772,35.578927,36.042593,36.469395,36.841724,37.142152,37.355198,37.469153,37.477612,37.380352,37.183330,36.897825,36.538916,36.123680,35.669447,35.192401,34.706638,34.223701,33.752491,33.299443,32.868861,32.463305,32.083973,31.731055,31.404021,31.101856,30.823242,30.566693,30.330651,30.113554,29.913882,29.730185,29.561100,29.405363,29.261803,29.129351,29.007027,28.893942,28.789287,28.692329,28.602404,28.518911,28.441305,28.369094,28.301831,28.239113,28.180571,28.125874,28.074719,28.026831,27.981959,27.939876,27.900374,27.863263,27.828369,27.795533,27.764610,27.735466,27.707978,27.682034,27.657531,27.634371,27.612468,27.591740,27.572111,27.553512,27.535879
16.7500,27.541061,27.558987,27.577898,27.597861,27.618946,27.641231,27.664799,27.689742,27.716156,27.744148,27.773835,27.805342,27.838806,27.874378,27.912220,27.952511,27.995447,28.041242,28.090131,28.142370,28.198245,28.258066,28.322177,28.390956,28.464821,28.544231,28.629696,28.721778,28.821095,28.928335,29.044254,29.169684,29.305543,29.452839,29.612672,29.786243,29.974848,30.179878,30.402807,30.645172,30.908539,31.194451,31.504352,31.839482,32.200722,32.588403,33.002050,33.440075,33.899412,34.375127,34.860039,35.344431,35.815936,36.259739,36.659181,36.996852,37.256115,37.422905,37.487477,37.445757,37.299940,37.058212,36.733631,36.342471,35.902374,35.430683,34.943159,34.453198,33.971498,33.506083,33.062559,32.644487,32.253791,31.891150,31.556339,31.248506,30.966396,30.708516,30.473260,30.258992,30.064108,29.887074,29.726446,29.580888,29.449173,29.330183,29.222909,29.126443,29.039975,28.962782,28.894226,28.833746,28.780851,28.735117,28.696178,28.663730,28.637517,28.617336,28.603030,28.594491,28.591652,28.594491,28.603030,28.617336,28.637517,28.663730,28.696178,28.735117,28.780851,28.833746,28.894226,28.962782,29.039975,29.126443,29.222909,29.330183,29.449173,29.580888,29.726446,29.887074,30.064108,30.258992,30.473260,30.708516,30.966396,31.248506,31.556339,31.891150,32.253791,32.644487,33.062559,33.506083,33.971498,34.453198,34.943159,35.430683,35.902374,36.342471,36.733631,37.058212,37.299940,37.445757,37.487477,37.422905,37.256115,36.996852,36.659181,36.259739,35.815936,35.344431,34.860039,34.375127,33.899412,33.440075,33.002050,32.588403,32.200722,31.839482,31.504352,31.194451,30.908539,30.645172,30.402807,30.179878,29.974848,29.786243,29.612672,29.452839,29.305543,29.169684,29.044254,28.928335,28.821095,28.721778,28.629696,28.544231,28.464821,28.390956,28.322177,28.258066,28.198245,28.142370,28.090131,28.041242,27.995447,27.952511,27.912220,27.874378,27.838806,27.805342,27.773835,27.744148,27.716156,27.689742,27.664799,27.641231,27.618946,27.597861,27.577898,27.558987,27.541061
16.8750,27.546337,27.564562,27.583792,27.604096,27.625546,27.648221,27.672208,27.697599,27.724494,27.753003,27.783245,27.815350,27.849458,27.885724,27.924315,27.965415,28.009226,28.055968,28.105882,28.159235,28.216319,28.277455,28.342996,28.413334,28.488899,28.570165,28.657658,28.751958,28.853705,28.963606,29.082441,29.211070,29.350437,29.501579,29.665628,29.843815,30.037467,30.248001,30.476916,30.725759,30.996097,31.289450,31.607211,31.950523,32.320116,32.716097,33.137676,33.582838,34.047973,34.527477,35.013401,35.495196,35.959694,36.391420,36.773351,37.088148,37.319793,37.455407,37.486913,37.412172,37.235323,36.966213,36.619086,36.210822,35.759118,35.280923,34.791313,34.302850,33.825382,33.366142,32.930057,32.520137,32.137882,31.783660,31.457024,31.156981,30.882186,30.631103,30.402108,30.193572,30.003908,29.831608,29.675260,29.533559,29.405312,29.289432,29.184939,29.090955,29.006692,28.931453,28.864618,28.805645,28.754060,28.709450,28.671464,28.639804,28.614226,28.594532,28.580571,28.572237,28.569466,28.572237,28.580571,28.594532,28.614226,28.639804,28.671464,28.709450,28.754060,28.805645,28.864618,28.931453,29.006692,29.090955,29.184939,29.289432,29.405312,29.533559,29.675260,29.831608,30.003908,30.193572,30.402108,30.631103,30.882186,31.156981,31.457024,31.783660,32.137882,32.520137,32.930057,33.366142,33.825382,34.302850,34.791313,35.280923,35.759118,36.210822,36.619086,36.966213,37.235323,37.412172,37.486913,37.455407,37.319793,37.088148,36.773351,36.391420,35.959694,35.495196,35.013401,34.527477,34.047973,33.582838,33.137676,32.716097,32.320116,31.950523,31.607211,31.289450,30.996097,30.725759,30.476916,30.248001,30.037467,29.843815,29.665628,29.501579,29.350437,29.211070,29.082441,28.963606,28.853705,28.751958,28.657658,28.570165,28.488899,28.413334,28.342996,28.277455,28.216319,28.159235,28.105882,28.055968,28.009226,27.965415,27.924315,27.885724,27.849458,27.815350,27.783245,27.753003,27.724494,27.697599,27.672208,27.648221,27.625546,27.604096,27.583792,27.564562,27.546337
17.0000,27.551709,27.570239,27.589795,27.610447,27.632270,27.655345,27.679759,27.705608,27.732996,27.762034,27.792845,27.825561,27.860329,27.897305,27.936664,27.978594,28.023302,28.071015,28.121983,28.176479,28.234804,28.297290,28.364301,28.436241,28.513553,28.596729,28.686309,28.782892,28.887139,28.999779,29.121617,29.253539,29.396517,29.551619,29.720008,29.902943,30.101783,30.317972,30.553025,30.808503,31.085963,31.386895,31.712628,32.064193,32.442149,32.846350,33.275658,33.727597,34.197972,34.680477,35.166365,35.644259,36.100219,36.518187,36.880898,37.171248,37.374018,37.477680,37.475931,37.368602,37.161710,36.866634,36.498623,36.074986,35.613320,35.130074,34.639577,34.153546,33.680986,33.228374,32.799998,32.398356,32.024563,31.678703,31.360137,31.067745,30.800113,30.555666,30.332774,30.129815,29.945226,29.777525,29.625333,29.487376,29.362494,29.249632,29.147839,29.056262,28.974140,28.900796,28.835633,28.778123,28.727808,28.684291,28.647229,28.616337,28.591376,28.572155,28.558529,28.550394,28.547689,28.550394,28.558529,28.572155,28.591376,28.616337,28.647229,28.684291,28.727808,28.778123,28.835633,28.900796,28.974140,29.056262,29.147839,29.249632,29.362494,29.487376,29.625333,29.777525,29.945226,30.129815,30.332774,30.555666,30.800113,31.067745,31.360137,31.678703,32.024563,32.398356,32.799998,33.228374,33.680986,34.153546,34.639577,35.130074,35.613320,36.074986,36.498623,36.866634,37.161710,37.368602,37.475931,37.477680,37.374018,37.171248,36.880898,36.518187,36.100219,35.644259,35.166365,34.680477,34.197972,33.727597,33.275658,32.846350,32.442149,32.064193,31.712628,31.386895,31.085963,30.808503,30.553025,30.317972,30.101783,29.902943,29.720008,29.551619,29.396517,29.253539,29.121617,28.999779,28.887139,28.782892,28.686309,28.596729,28.513553,28.436241,28.364301,28.297290,28.234804,28.176479,28.121983,28.071015,28.023302,27.978594,27.936664,27.897305,27.860329,27.825561,27.792845,27.762034,27.732996,27.705608,27.679759,27.655345,27.632270,27.610447,27.589795,27.570239,27.551709
17.1250,27.557179,27.576021,27.595910,27.616918,27.639122,27.662604,27.687456,27.713774,27.741665,27.771245,27.802638,27.835981,27.871424,27.909129,27.949274,27.992054,28.037682,28.086392,28.138441,28.194110,28.253710,28.317583,28.386105,28.459692,28.538801,28.623940,28.715667,28.814600,28.921420,29.036880,29.161810,29.297122,29.443819,29.602998,29.775851,29.963671,30.167843,30.389836,30.631184,30.893451,31.178180,31.486823,31.820629,32.180502,32.566804,32.979111,33.415901,33.874199,34.349186,34.833823,35.318548,35.791161,36.236994,36.639501,36.981308,37.245719,37.418492,37.489601,37.454605,37.315304,37.079509,36.759976,36.372783,35.935490,35.465455,34.978535,34.488270,34.005519,33.538471,33.092880,32.672433,32.279161,31.913822,31.576251,31.265638,30.980755,30.720128,30.482158,30.265210,30.067679,29.888022,29.724788,29.576630,29.442308,29.320691,29.210757,29.111583,29.022343,28.942299,28.870795,28.807254,28.751165,28.702085,28.659628,28.623465,28.593317,28.568955,28.550195,28.536894,28.528953,28.526312,28.528953,28.536894,28.550195,28.568955,28.593317,28.623465,28.659628,28.702085,28.751165,28.807254,28.870795,28.942299,29.022343,29.111583,29.210757,29.320691,29.442308,29.576630,29.724788,29.888022,30.067679,30.265210,30.482158,30.720128,30.980755,31.265638,31.576251,31.913822,32.279161,32.672433,33.092880,33.538471,34.005519,34.488270,34.978535,35.465455,35.935490,36.372783,36.759976,37.079509,37.315304,37.454605,37.489601,37.418492,37.245719,36.981308,36.639501,36.236994,35.791161,35.318548,34.833823,34.349186,33.874199,33.415901,32.979111,32.566804,32.180502,31.820629,31.486823,31.178180,30.893451,30.631184,30.389836,30.167843,29.963671,29.775851,29.602998,29.443819,29.297122,29.161810,29.036880,28.921420,28.814600,28.715667,28.623940,28.538801,28.459692,28.386105,28.317583,28.253710,28.194110,28.138441,28.086392,28.037682,27.992054,27.949274,27.909129,27.871424,27.835981,27.802638,27.771245,27.741665,27.713774,27.687456,27.662604,27.639122,27.616918,27.595910,27.576021,27.557179
17.2500,27.562749,27.581909,27.602138,27.623510,27.646103,27.670003,27.695302,27.722100,27.750506,27.780639,27.812628,27.846613,27.882748,27.921200,27.962151,28.005803,28.052375,28.102108,28.155265,28.212139,28.273049,28.338346,28.408421,28.483701,28.564659,28.651817,28.745753,28.847104,28.956573,29.074937,29.203050,29.341853,29.492378,29.655752,29.833199,30.026041,30.235692,30.463643,30.711441,30.980650,31.272793,31.589269,31.931237,32.299452,32.694057,33.114316,33.558291,34.022468,34.501369,34.987189,35.469542,35.935422,36.369494,36.754825,37.074086,37.311165,37.452969,37.491110,37.423068,37.252587,36.989160,36.646760,36.242106,35.792847,35.315976,34.826682,34.337680,33.858981,33.397979,32.959744,32.547404,32.162558,31.805644,31.476273,31.173486,30.895964,30.642185,30.410530,30.199371,30.007118,29.832254,29.673359,29.529117,29.398322,29.279875,29.172782,29.076150,28.989177,28.911150,28.841433,28.779466,28.724757,28.676876,28.635449,28.600159,28.570735,28.546956,28.528642,28.515657,28.507905,28.505327,28.507905,28.515657,28.528642,28.546956,28.570735,28.600159,28.635449,28.676876,28.724757,28.779466,28.841433,28.911150,28.989177,29.076150,29.172782,29.279875,29.398322,29.529117,29.673359,29.832254,30.007118,30.199371,30.410530,30.642185,30.895964,31.173486,31.476273,31.805644,32.162558,32.547404,32.959744,33.397979,33.858981,34.337680,34.826682,35.315976,35.792847,36.242106,36.646760,36.989160,37.252587,37.423068,37.491110,37.452969,37.311165,37.074086,36.754825,36.369494,35.935422,35.469542,34.987189,34.501369,34.022468,33.558291,33.114316,32.694057,32.299452,31.931237,31.589269,31.272793,30.980650,30.711441,30.463643,30.235692,30.026041,29.833199,29.655752,29.492378,29.341853,29.203050,29.074937,28.956573,28.847104,28.745753,28.651817,28.564659,28.483701,28.408421,28.338346,28.273049,28.212139,28.155265,28.102108,28.052375,28.005803,27.962151,27.921200,27.882748,27.846613,27.812628,27.780639,27.750506,27.722100,27.695302,27.670003,27.646103,27.623510,27.602138,27.581909,27.562749
17.3750,27.568420,27.587905,27.608482,27.630226,27.653217,27.677543,27.703300,27.730589,27.759522,27.790222,27.822822,27.857464,27.894307,27.933524,27.975302,28.019848,28.067388,28.118170,28.172466,28.230577,28.292831,28.359593,28.431263,28.508284,28.591143,28.680379,28.776588,28.880428,28.992623,29.113976,29.245366,29.387764,29.542230,29.709921,29.892094,30.090100,30.305378,30.539440,30.793843,31.070145,31.369840,31.694264,32.044468,32.421037,32.823870,33.251888,33.702697,34.172209,34.654248,35.140222,35.618915,36.076545,36.497183,36.863632,37.158765,37.367232,37.477260,37.482206,37.381512,37.180806,36.891137,36.527517,36.107129,35.647555,35.165314,34.674862,34.188074,33.714121,33.259633,32.829036,32.424939,32.048546,31.700007,31.378734,31.083638,30.813325,30.566233,30.340736,30.135212,29.948090,29.777883,29.623201,29.482761,29.355389,29.240017,29.135682,29.041517,28.956745,28.880675,28.812693,28.752255,28.698886,28.652169,28.611744,28.577302,28.548581,28.525368,28.507489,28.494811,28.487242,28.484725,28.487242,28.494811,28.507489,28.525368,28.548581,28.577302,28.611744,28.652169,28.698886,28.752255,28.812693,28.880675,28.956745,29.041517,29.135682,29.240017,29.355389,29.482761,29.623201,29.777883,29.948090,30.135212,30.340736,30.566233,30.813325,31.083638,31.378734,31.700007,32.048546,32.424939,32.829036,33.259633,33.714121,34.188074,34.674862,35.165314,35.647555,36.107129,36.527517,36.891137,37.180806,37.381512,37.482206,37.477260,37.367232,37.158765,36.863632,36.497183,36.076545,35.618915,35.140222,34.654248,34.172209,33.702697,33.251888,32.823870,32.421037,32.044468,31.694264,31.369840,31.070145,30.793843,30.539440,30.305378,30.090100,29.892094,29.709921,29.542230,29.387764,29.245366,29.113976,28.992623,28.880428,28.776588,28.680379,28.591143,28.508284,28.431263,28.359593,28.292831,28.230577,28.172466,28.118170,28.067388,28.019848,27.975302,27.933524,27.894307,27.857464,27.822822,27.790222,27.759522,27.730589,27.703300,27.677543,27.653217,27.630226,27.608482,27.587905,27.568420
17.5000,27.574195,27.594012,27.614944,27.637068,27.660467,27.685229,27.711453,27.739244,27.768717,27.799998,27.833222,27.868538,27.906107,27.946108,27.988734,28.034196,28.082729,28.134588,28.190053,28.249434,28.313070,28.381336,28.454647,28.533457,28.618271,28.709644,28.808193,28.914594,29.029596,29.154026,29.288791,29.434889,29.593412,29.765546,29.952580,30.155892,30.376948,30.617276,30.878439,31.161982,31.469360,31.801835,32.160331,32.545244,32.956197,33.391733,33.848970,34.323202,34.807528,35.292543,35.766211,36.214017,36.619525,36.965405,37.234904,37.413614,37.491230,37.462951,37.330182,37.100358,36.785934,36.402784,35.968380,35.500094,35.013874,34.523399,34.039693,33.571104,33.123538,32.700811,32.305057,31.937117,31.596885,31.283595,30.996050,30.732790,30.492226,30.272728,30.072686,29.890553,29.724870,29.574279,29.437529,29.313479,29.201092,29.099433,29.007662,28.925026,28.850857,28.784559,28.725607,28.673539,28.627953,28.588501,28.554882,28.526846,28.504183,28.486726,28.474347,28.466955,28.464497,28.466955,28.474347,28.486726,28.504183,28.526846,28.554882,28.588501,28.627953,28.673539,28.725607,28.784559,28.850857,28.925026,29.007662,29.099433,29.201092,29.313479,29.437529,29.574279,29.724870,29.890553,30.072686,30.272728,30.492226,30.732790,30.996050,31.283595,31.596885,31.937117,32.305057,32.700811,33.123538,33.571104,34.039693,34.523399,35.013874,35.500094,35.968380,36.402784,36.785934,37.100358,37.330182,37.462951,37.491230,37.413614,37.234904,36.965405,36.619525,36.214017,35.766211,35.292543,34.807528,34.323202,33.848970,33.391733,32.956197,32.545244,32.160331,31.801835,31.469360,31.161982,30.878439,30.617276,30.376948,30.155892,29.952580,29.765546,29.593412,29.434889,29.288791,29.154026,29.029596,28.914594,28.808193,28.709644,28.618271,28.533457,28.454647,28.381336,28.313070,28.249434,28.190053,28.134588,28.082729,28.034196,27.988734,27.946108,27.906107,27.868538,27.833222,27.799998,27.768717,27.739244,27.711453,27.685229,27.660467,27.637068,27.614944,27.594012,27.574195
17.6250,27.580076,27.600232,27.621528,27.644040,27.667854,27.693063,27.719765,27.748070,27.778096,27.809970,27.843834,27.879839,27.918153,27.958957,28.002452,28.048855,28.098407,28.151371,28.208036,28.268721,28.333777,28.403589,28.478585,28.559236,28.646061,28.739634,28.840589,28.949627,29.067519,29.195117,29.333357,29.483264,29.645961,29.822668,30.014699,30.223464,30.450450,30.697199,30.965274,31.256202,31.571389,31.912005,32.278832,32.672049,33.090975,33.533743,33.996939,34.475206,34.960885,35.443750,35.910958,36.347316,36.735984,37.059647,37.302103,37.450055,37.494807,37.433464,37.269375,37.011677,36.674068,36.273103,35.826376,35.350921,34.862037,34.372589,33.892751,33.430078,32.989782,32.575113,32.187766,31.828256,31.496246,31.190817,30.910675,30.654311,30.420116,30.206460,30.011751,29.834467,29.673178,29.526558,29.393390,29.272564,29.163074,29.064012,28.974565,28.894003,28.821678,28.757016,28.699506,28.648703,28.604216,28.565709,28.532891,28.505519,28.483391,28.466344,28.454256,28.447038,28.444637,28.447038,28.454256,28.466344,28.483391,28.505519,28.532891,28.565709,28.604216,28.648703,28.699506,28.757016,28.821678,28.894003,28.974565,29.064012,29.163074,29.272564,29.393390,29.526558,29.673178,29.834467,30.011751,30.206460,30.420116,30.654311,30.910675,31.190817,31.496246,31.828256,32.187766,32.575113,32.989782,33.430078,33.892751,34.372589,34.862037,35.350921,35.826376,36.273103,36.674068,37.011677,37.269375,37.433464,37.494807,37.450055,37.302103,37.059647,36.735984,36.347316,35.910958,35.443750,34.960885,34.475206,33.996939,33.533743,33.090975,32.672049,32.278832,31.912005,31.571389,31.256202,30.965274,30.697199,30.450450,30.223464,30.014699,29.822668,29.645961,29.483264,29.333357,29.195117,29.067519,28.949627,28.840589,28.739634,28.646061,28.559236,28.478585,28.403589,28.333777,28.268721,28.208036,28.151371,28.098407,28.048855,28.002452,27.958957,27.918153,27.879839,27.843834,27.809970,27.778096,27.748070,27.719765,27.693063,27.667854,27.644040,27.621528,27.600232,27.580076
17.7500,27.586064,27.606568,27.628234,27.651143,27.675383,27.701048,27.728240,27.757070,27.787661,27.820144,27.854663,27.891375,27.930451,27.972079,28.016465,28.063833,28.114430,28.168528,28.226425,28.288450,28.354964,28.426365,28.503095,28.585638,28.674531,28.770367,28.873800,28.985552,29.106419,29.237279,29.379095,29.532924,29.699918,29.881327,30.078497,30.292863,30.525931,30.779256,31.054396,31.352848,31.675957,32.024792,32.399966,32.801418,33.228130,33.677789,34.146411,34.627953,35.113972,35.593415,36.052660,36.475908,36.846030,37.145886,37.359998,37.476354,37.487979,37.393926,37.199438,36.915227,36.556066,36.139010,35.681616,35.200471,34.710156,34.222702,33.747444,33.291169,32.858437,32.451973,32.073069,31.721944,31.398057,31.100356,30.827467,30.577840,30.349854,30.141886,29.952363,29.779790,29.622768,29.480005,29.350314,29.232617,29.125938,29.029397,28.942205,28.863656,28.793123,28.730048,28.673940,28.624365,28.580946,28.543357,28.511318,28.484592,28.462984,28.446337,28.434531,28.427481,28.425136,28.427481,28.434531,28.446337,28.462984,28.484592,28.511318,28.543357,28.580946,28.624365,28.673940,28.730048,28.793123,28.863656,28.942205,29.029397,29.125938,29.232617,29.350314,29.480005,29.622768,29.779790,29.952363,30.141886,30.349854,30.577840,30.827467,31.100356,31.398057,31.721944,32.073069,32.451973,32.858437,33.291169,33.747444,34.222702,34.710156,35.200471,35.681616,36.139010,36.556066,36.915227,37.199438,37.393926,37.487979,37.476354,37.359998,37.145886,36.846030,36.475908,36.052660,35.593415,35.113972,34.627953,34.146411,33.677789,33.228130,32.801418,32.399966,32.024792,31.675957,31.352848,31.054396,30.779256,30.525931,30.292863,30.078497,29.881327,29.699918,29.532924,29.379095,29.237279,29.106419,28.985552,28.873800,28.770367,28.674531,28.585638,28.503095,28.426365,28.354964,28.288450,28.226425,28.168528,28.114430,28.063833,28.016465,27.972079,27.930451,27.891375,27.854663,27.820144,27.787661,27.757070,27.728240,27.701048,27.675383,27.651143,27.628234,27.606568,27.586064
17.8750,27.592164,27.613021,27.635067,27.658382,27.683056,27.709187,27.736880,27.766249,27.797418,27.830524,27.865714,27.903150,27.943007,27.985480,28.030779,28.079137,28.130807,28.186070,28.245232,28.308632,28.376644,28.449679,28.528191,28.612681,28.703702,28.801866,28.907849,29.022394,29.146324,29.280542,29.426041,29.583907,29.755322,29.941568,30.144019,30.364135,30.603440,30.863496,31.145848,31.451956,31.783095,32.140207,32.523720,32.933304,33.367571,33.823724,34.297173,34.781153,35.266416,35.741090,36.190811,36.599258,36.949147,37.223676,37.408275,37.492366,37.470794,37.344571,37.120757,36.811499,36.432465,36.001033,35.534584,35.049154,34.558559,34.073984,33.603942,33.154487,32.729564,32.331413,31.960958,31.618154,31.302281,31.012169,30.746378,30.503328,30.281393,30.078961,29.894480,29.726485,29.573607,29.434586,29.308269,29.193609,29.089659,28.995565,28.910562,28.833968,28.765175,28.703643,28.648895,28.600513,28.558133,28.521437,28.490154,28.464056,28.442953,28.426695,28.415163,28.408277,28.405987,28.408277,28.415163,28.426695,28.442953,28.464056,28.490154,28.521437,28.558133,28.600513,28.648895,28.703643,28.765175,28.833968,28.910562,28.995565,29.089659,29.193609,29.308269,29.434586,29.573607,29.726485,29.894480,30.078961,30.281393,30.503328,30.746378,31.012169,31.302281,31.618154,31.960958,32.331413,32.729564,33.154487,33.603942,34.073984,34.558559,35.049154,35.534584,36.001033,36.432465,36.811499,37.120757,37.344571,37.470794,37.492366,37.408275,37.223676,36.949147,36.599258,36.190811,35.741090,35.266416,34.781153,34.297173,33.823724,33.367571,32.933304,32.523720,32.140207,31.783095,31.451956,31.145848,30.863496,30.603440,30.364135,30.144019,29.941568,29.755322,29.583907,29.426041,29.280542,29.146324,29.022394,28.907849,28.801866,28.703702,28.612681,28.528191,28.449679,28.376644,28.308632,28.245232,28.186070,28.130807,28.079137,28.030779,27.985480,27.943007,27.903150,27.865714,27.830524,27.797418,27.766249,27.736880,27.709187,27.683056,27.658382,27.635067,27.613021,27.592164
18.0000,27.598375,27.619595,27.642028,27.665758,27.690877,27.717485,27.745690,27.775610,27.807371,27.841115,27.876992,27.915170,27.955828,27.999167,28.045403,28.094776,28.147547,28.204005,28.264466,28.329280,28.398832,28.473546,28.553890,28.640382,28.733592,28.834153,28.942760,29.060181,29.187264,29.324940,29.474229,29.636250,29.812214,30.003434,30.211311,30.437328,30.683026,30.949965,31.239674,31.553564,31.892824,32.258254,32.650072,33.067649,33.509193,33.971384,34.448987,34.934488,35.417821,35.886304,36.324888,36.716830,37.044833,37.292610,37.446668,37.498006,37.443360,37.285684,37.033758,36.701003,36.303803,35.859692,35.385741,34.897356,34.407549,33.926658,33.462397,33.020123,32.603208,32.213443,31.851420,31.516858,31.208877,30.926209,30.667360,30.430728,30.214687,30.017640,29.838061,29.674511,29.525657,29.390270,29.267229,29.155516,29.054214,28.962495,28.879618,28.804922,28.737818,28.677784,28.624359,28.577137,28.535765,28.499936,28.469389,28.443902,28.423291,28.407410,28.396146,28.389419,28.387182,28.389419,28.396146,28.407410,28.423291,28.443902,28.469389,28.499936,28.535765,28.577137,28.624359,28.677784,28.737818,28.804922,28.879618,28.962495,29.054214,29.155516,29.267229,29.390270,29.525657,29.674511,29.838061,30.017640,30.214687,30.430728,30.667360,30.926209,31.208877,31.516858,31.851420,32.213443,32.603208,33.020123,33.462397,33.926658,34.407549,34.897356,35.385741,35.859692,36.303803,36.701003,37.033758,37.285684,37.443360,37.498006,37.446668,37.292610,37.044833,36.716830,36.324888,35.886304,35.417821,34.934488,34.448987,33.971384,33.509193,33.067649,32.650072,32.258254,31.892824,31.553564,31.239674,30.949965,30.683026,30.437328,30.211311,30.003434,29.812214,29.636250,29.474229,29.324940,29.187264,29.060181,28.942760,28.834153,28.733592,28.640382,28.553890,28.473546,28.398832,28.329280,28.264466,28.204005,28.147547,28.094776,28.045403,27.999167,27.955828,27.915170,27.876992,27.841115,27.807371,27.775610,27.745690,27.717485,27.690877,27.665758,27.642028,27.619595,27.598375
18.1250,27.604702,27.626291,27.649120,27.673274,27.698848,27.725945,27.754674,27.785157,27.817525,27.851922,27.888503,27.927440,27.968920,28.013146,28.060344,28.110758,28.164659,28.222344,28.284140,28.350406,28.421540,28.497980,28.580209,28.668760,28.764223,28.867249,28.978557,29.098939,29.229268,29.370503,29.523696,29.689991,29.870635,30.066968,30.280419,30.512491,30.764736,31.038710,31.335914,31.657704,32.005162,32.378931,32.778991,33.204381,33.652870,34.120579,34.601592,35.087616,35.567763,36.028568,36.454364,36.828096,37.132614,37.352318,37.474965,37.493251,37.405845,37.217602,36.938899,36.584265,36.170617,35.715489,35.235526,34.745435,34.257401,33.780921,33.322940,32.888154,32.479402,32.098067,31.744437,31.418022,31.117804,30.842430,30.590365,30.359992,30.149690,29.957881,29.783064,29.623833,29.478885,29.347025,29.227164,29.118312,29.019580,28.930167,28.849354,28.776501,28.711038,28.652460,28.600319,28.554224,28.513832,28.478847,28.449016,28.424122,28.403990,28.388476,28.377471,28.370899,28.368713,28.370899,28.377471,28.388476,28.403990,28.424122,28.449016,28.478847,28.513832,28.554224,28.600319,28.652460,28.711038,28.776501,28.849354,28.930167,29.019580,29.118312,29.227164,29.347025,29.478885,29.623833,29.783064,29.957881,30.149690,30.359992,30.590365,30.842430,31.117804,31.418022,31.744437,32.098067,32.479402,32.888154,33.322940,33.780921,34.257401,34.745435,35.235526,35.715489,36.170617,36.584265,36.938899,37.217602,37.405845,37.493251,37.474965,37.352318,37.132614,36.828096,36.454364,36.028568,35.567763,35.087616,34.601592,34.120579,33.652870,33.204381,32.778991,32.378931,32.005162,31.657704,31.335914,31.038710,30.764736,30.512491,30.280419,30.066968,29.870635,29.689991,29.523696,29.370503,29.229268,29.098939,28.978557,28.867249,28.764223,28.668760,28.580209,28.497980,28.421540,28.350406,28.284140,28.222344,28.164659,28.110758,28.060344,28.013146,27.968920,27.927440,27.888503,27.851922,27.817525,27.785157,27.754674,27.725945,27.698848,27.673274,27.649120,27.626291,27.604702
18.2500,27.611145,27.633113,27.656347,27.680935,27.706974,27.734569,27.763835,27.794895,27.827884,27.862949,27.900252,27.939968,27.982289,28.027426,28.075609,28.127092,28.182153,28.241098,28.304264,28.372023,28.444783,28.522998,28.607164,28.697834,28.795615,28.901179,29.015267,29.138697,29.272368,29.417268,29.574476,29.745172,29.930629,30.132217,30.351391,30.589672,30.848617,31.129774,31.434608,31.764404,32.120124,32.502228,32.910431,33.343412,33.798461,34.271100,34.754700,35.240170,35.715799,36.167378,36.578702,36.932537,37.212038,37.402476,37.493011,37.478135,37.358470,37.140702,36.836665,36.461817,36.033437,35.568910,35.084355,34.593726,34.108366,33.636951,33.185684,32.758643,32.358172,31.985280,31.639985,31.321610,31.029017,30.760785,30.515344,30.291072,30.086355,29.899640,29.729451,29.574414,29.433259,29.304823,29.188047,29.081972,28.985736,28.898561,28.819752,28.748689,28.684820,28.627655,28.576763,28.531763,28.492324,28.458160,28.429024,28.404708,28.385040,28.369884,28.359132,28.352710,28.350575,28.352710,28.359132,28.369884,28.385040,28.404708,28.429024,28.458160,28.492324,28.531763,28.576763,28.627655,28.684820,28.748689,28.819752,28.898561,28.985736,29.081972,29.188047,29.304823,29.433259,29.574414,29.729451,29.899640,30.086355,30.291072,30.515344,30.760785,31.029017,31.321610,31.639985,31.985280,32.358172,32.758643,33.185684,33.636951,34.108366,34.593726,35.084355,35.568910,36.033437,36.461817,36.836665,37.140702,37.358470,37.478135,37.493011,37.402476,37.212038,36.932537,36.578702,36.167378,35.715799,35.240170,34.754700,34.271100,33.798461,33.343412,32.910431,32.502228,32.120124,31.764404,31.434608,31.129774,30.848617,30.589672,30.351391,30.132217,29.930629,29.745172,29.574476,29.417268,29.272368,29.138697,29.015267,28.901179,28.795615,28.697834,28.607164,28.522998,28.444783,28.372023,28.304264,28.241098,28.182153,28.127092,28.075609,28.027426,27.982289,27.939968,27.900252,27.862949,27.827884,27.794895,27.763835,27.734569,27.706974,27.680935,27.656347,27.633113,27.611145
18.3750,27.617709,27.640063,27.663710,27.688742,27.715257,27.743363,27.773177,27.804827,27.838452,27.874203,27.912245,27.952759,27.995943,28.042013,28.091208,28.143787,28.200039,28.260278,28.324852,28.394144,28.468576,28.548615,28.634774,28.727623,28.827789,28.935965,29.052916,29.179484,29.316596,29.465267,29.626610,29.801832,29.992238,30.199226,30.424274,30.668917,30.934717,31.223202,31.535793,31.873688,32.237714,32.628123,33.044338,33.484640,33.945803,34.422715,34.908001,35.391757,35.861463,36.302216,36.697369,37.029649,37.282691,37.442810,37.500709,37.452756,37.301513,37.055401,36.727560,36.334197,35.892783,35.420421,34.932619,34.442536,33.960672,33.494902,33.050725,32.631638,32.239531,31.875071,31.538035,31.227582,30.942471,30.681225,30.442250,30.223920,30.024640,29.842875,29.677182,29.526218,29.388745,29.263632,29.149852,29.046473,28.952659,28.867657,28.790794,28.721469,28.659149,28.603358,28.553679,28.509744,28.471232,28.437865,28.409405,28.385651,28.366436,28.351627,28.341121,28.334846,28.332759,28.334846,28.341121,28.351627,28.366436,28.385651,28.409405,28.437865,28.471232,28.509744,28.553679,28.603358,28.659149,28.721469,28.790794,28.867657,28.952659,29.046473,29.149852,29.263632,29.388745,29.526218,29.677182,29.842875,30.024640,30.223920,30.442250,30.681225,30.942471,31.227582,31.538035,31.875071,32.239531,32.631638,33.050725,33.494902,33.960672,34.442536,34.932619,35.420421,35.892783,36.334197,36.727560,37.055401,37.301513,37.452756,37.500709,37.442810,37.282691,37.029649,36.697369,36.302216,35.861463,35.391757,34.908001,34.422715,33.945803,33.484640,33.044338,32.628123,32.237714,31.873688,31.535793,31.223202,30.934717,30.668917,30.424274,30.199226,29.992238,29.801832,29.626610,29.465267,29.316596,29.179484,29.052916,28.935965,28.827789,28.727623,28.634774,28.548615,28.468576,28.394144,28.324852,28.260278,28.200039,28.143787,28.091208,28.042013,27.995943,27.952759,27.912245,27.874203,27.838452,27.804827,27.773177,27.743363,27.715257,27.688742,27.663710,27.640063,27.617709
18.5000,27.624394,27.647143,27.671214,27.696698,27.723700,27.752329,27.782705,27.814960,27.849235,27.885688,27.924487,27.965819,28.009888,28.056915,28.107148,28.160853,28.218327,28.279895,28.345915,28.416783,28.492933,28.574848,28.663058,28.758149,28.860769,28.971634,29.091531,29.221329,29.361983,29.514537,29.680134,29.860012,30.055507,30.268042,30.499116,30.750277,31.023082,31.319035,31.639500,31.985575,32.357931,32.756587,33.180641,33.627942,34.094713,34.575166,35.061157,35.541961,36.004271,36.432555,36.809835,37.118953,37.344197,37.473095,37.498023,37.417267,37.235297,36.962150,36.612105,36.201942,35.749160,35.270465,34.780680,34.292146,33.814523,33.354911,32.918144,32.507177,32.123483,31.767422,31.438555,31.135896,30.858120,30.603702,30.371033,30.158492,29.964499,29.787546,29.626221,29.479211,29.345313,29.223426,29.112553,29.011791,28.920328,28.837436,28.762463,28.694828,28.634011,28.579556,28.531056,28.488156,28.450545,28.417954,28.390151,28.366944,28.348169,28.333698,28.323432,28.317300,28.315260,28.317300,28.323432,28.333698,28.348169,28.366944,28.390151,28.417954,28.450545,28.488156,28.531056,28.579556,28.634011,28.694828,28.762463,28.837436,28.920328,29.011791,29.112553,29.223426,29.345313,29.479211,29.626221,29.787546,29.964499,30.158492,30.371033,30.603702,30.858120,31.135896,31.438555,31.767422,32.123483,32.507177,32.918144,33.354911,33.814523,34.292146,34.780680,35.270465,35.749160,36.201942,36.612105,36.962150,37.235297,37.417267,37.498023,37.473095,37.344197,37.118953,36.809835,36.432555,36.004271,35.541961,35.061157,34.575166,34.094713,33.627942,33.180641,32.756587,32.357931,31.985575,31.639500,31.319035,31.023082,30.750277,30.499116,30.268042,30.055507,29.860012,29.680134,29.514537,29.361983,29.221329,29.091531,28.971634,28.860769,28.758149,28.663058,28.574848,28.492933,28.416783,28.345915,28.279895,28.218327,28.160853,28.107148,28.056915,28.009888,27.965819,27.924487,27.885688,27.849235,27.814960,27.782705,27.752329,27.723700,27.696698,27.671214,27.647143,27.624394
18.6250,27.631205,27.654357,27.678860,27.704809,27.732308,27.761471,27.792423,27.825296,27.860238,27.897410,27.936985,27.979156,28.024131,28.072141,28.123438,28.178299,28.237028,28.299960,28.367467,28.439954,28.517871,28.601715,28.692033,28.789431,28.894578,29.008210,29.131140,29.264264,29.408563,29.565115,29.735089,29.919757,30.120481,30.338711,30.575965,30.833797,31.113756,31.417312,31.745759,32.100080,32.480766,32.887577,33.319256,33.773181,34.244984,34.728171,35.213806,35.690342,36.143723,36.557862,36.915580,37.199993,37.396222,37.493168,37.484976,37.371881,37.160190,36.861427,36.490833,36.065582,35.603059,35.119463,34.628880,34.142813,33.670099,33.217094,32.788005,32.385285,32.010027,31.662311,31.341508,31.046510,30.775917,30.528169,30.301647,30.094741,29.905889,29.733613,29.576530,29.433360,29.302932,29.184176,29.076125,28.977903,28.888724,28.807881,28.734744,28.668749,28.609394,28.556236,28.508882,28.466989,28.430254,28.398417,28.371255,28.348579,28.330233,28.316091,28.306057,28.300064,28.298071,28.300064,28.306057,28.316091,28.330233,28.348579,28.371255,28.398417,28.430254,28.466989,28.508882,28.556236,28.609394,28.668749,28.734744,28.807881,28.888724,28.977903,29.076125,29.184176,29.302932,29.433360,29.576530,29.733613,29.905889,30.094741,30.301647,30.528169,30.775917,31.046510,31.341508,31.662311,32.010027,32.385285,32.788005,33.217094,33.670099,34.142813,34.628880,35.119463,35.603059,36.065582,36.490833,36.861427,37.160190,37.371881,37.484976,37.493168,37.396222,37.199993,36.915580,36.557862,36.143723,35.690342,35.213806,34.728171,34.244984,33.773181,33.319256,32.887577,32.480766,32.100080,31.745759,31.417312,31.113756,30.833797,30.575965,30.338711,30.120481,29.919757,29.735089,29.565115,29.408563,29.264264,29.131140,29.008210,28.894578,28.789431,28.692033,28.601715,28.517871,28.439954,28.367467,28.299960,28.237028,28.178299,28.123438,28.072141,28.024131,27.979156,27.936985,27.897410,27.860238,27.825296,27.792423,27.761471,27.732308,27.704809,27.678860,27.654357,27.631205
18.7500,27.638143,27.661708,27.686652,27.713075,27.741084,27.770794,27.802334,27.835841,27.871466,27.909374,27.949745,27.992775,28.038681,28.087698,28.140087,28.196134,28.256152,28.320487,28.389519,28.463671,28.543405,28.629233,28.721720,28.821493,28.929238,29.045719,29.171772,29.308319,29.456372,29.617037,29.791515,29.981107,30.187205,30.411281,30.654868,30.919526,31.206784,31.518070,31.854595,32.217209,32.606200,33.021041,33.460083,33.920198,34.396389,34.881426,35.365561,35.836440,36.279302,36.677604,37.014099,37.272349,37.438484,37.502918,37.461652,37.316861,37.076603,36.753732,36.364278,35.925639,35.454947,34.967809,34.477529,33.994769,33.527561,33.081553,32.660362,32.265980,31.899152,31.559711,31.246858,30.959379,30.695813,30.454576,30.234045,30.032622,29.848769,29.681037,29.528073,29.388631,29.261572,29.145856,29.040544,28.944789,28.857827,28.778974,28.707620,28.643218,28.585284,28.533387,28.487148,28.446232,28.410350,28.379247,28.352707,28.330549,28.312619,28.298798,28.288991,28.283133,28.281184,28.283133,28.288991,28.298798,28.312619,28.330549,28.352707,28.379247,28.410350,28.446232,28.487148,28.533387,28.585284,28.643218,28.707620,28.778974,28.857827,28.944789,29.040544,29.145856,29.261572,29.388631,29.528073,29.681037,29.848769,30.032622,30.234045,30.454576,30.695813,30.959379,31.246858,31.559711,31.899152,32.265980,32.660362,33.081553,33.527561,33.994769,34.477529,34.967809,35.454947,35.925639,36.364278,36.753732,37.076603,37.316861,37.461652,37.502918,37.438484,37.272349,37.014099,36.677604,36.279302,35.836440,35.365561,34.881426,34.396389,33.920198,33.460083,33.021041,32.606200,32.217209,31.854595,31.518070,31.206784,30.919526,30.654868,30.411281,30.187205,29.981107,29.791515,29.617037,29.456372,29.308319,29.171772,29.045719,28.929238,28.821493,28.721720,28.629233,28.543405,28.463671,28.389519,28.320487,28.256152,28.196134,28.140087,28.087698,28.038681,27.992775,27.949745,27.909374,27.871466,27.835841,27.802334,27.770794,27.741084,27.713075,27.686652,27.661708,27.638143
18.8750,27.645210,27.669197,27.694594,27.721502,27.750032,27.780302,27.812444,27.846600,27.882925,27.921587,27.962773,28.006684,28.053544,28.103595,28.157105,28.214369,28.275711,28.341486,28.412087,28.487950,28.569551,28.657420,28.752140,28.854355,28.964776,29.084189,29.213456,29.353528,29.505444,29.670342,29.849453,30.044108,30.255726,30.485800,30.735875,31.007509,31.302207,31.621342,31.966029,32.336963,32.734204,33.156910,33.603004,34.068813,34.548676,35.034597,35.516011,35.979774,36.410485,36.791250,37.104907,37.335637,37.470748,37.502297,37.428194,37.252521,36.984976,36.639583,36.232977,35.782621,35.305273,34.815874,34.326916,33.848223,33.387050,32.948370,32.535254,32.149268,31.790842,31.459589,31.154562,30.874455,30.617761,30.382875,30.168180,29.972091,29.793098,29.629779,29.480816,29.344994,29.221204,29.108440,29.005788,28.912426,28.827617,28.750698,28.681075,28.618222,28.561668,28.510997,28.465842,28.425878,28.390824,28.360435,28.334501,28.312846,28.295322,28.281812,28.272226,28.266499,28.264595,28.266499,28.272226,28.281812,28.295322,28.312846,28.334501,28.360435,28.390824,28.425878,28.465842,28.510997,28.561668,28.618222,28.681075,28.750698,28.827617,28.912426,29.005788,29.108440,29.221204,29.344994,29.480816,29.629779,29.793098,29.972091,30.168180,30.382875,30.617761,30.874455,31.154562,31.459589,31.790842,32.149268,32.535254,32.948370,33.387050,33.848223,34.326916,34.815874,35.305273,35.782621,36.232977,36.639583,36.984976,37.252521,37.428194,37.502297,37.470748,37.335637,37.104907,36.791250,36.410485,35.979774,35.516011,35.034597,34.548676,34.068813,33.603004,33.156910,32.734204,32.336963,31.966029,31.621342,31.302207,31.007509,30.735875,30.485800,30.255726,30.044108,29.849453,29.670342,29.505444,29.353528,29.213456,29.084189,28.964776,28.854355,28.752140,28.657420,28.569551,28.487950,28.412087,28.341486,28.275711,28.214369,28.157105,28.103595,28.053544,28.006684,27.962773,27.921587,27.882925,27.846600,27.812444,27.780302,27.750032,27.721502,27.694594,27.669197,27.645210
19.0000,27.652411,27.676829,27.702688,27.730093,27.759155,27.789999,27.822758,27.857578,27.894619,27.934054,27.976076,28.020891,28.068729,28.119840,28.174501,28.233015,28.295716,28.362970,28.435184,28.512806,28.596328,28.686295,28.783311,28.888040,29.001216,29.123647,29.256223,29.399923,29.555816,29.725069,29.908946,30.108805,30.326090,30.562315,30.819033,31.097791,31.400064,31.727158,32.080074,32.459332,32.864740,33.295103,33.747884,34.218825,34.701568,35.187328,35.664722,36.119848,36.536742,36.898280,37.187546,37.389517,37.492839,37.491318,37.384802,37.179221,36.885783,36.519508,36.097461,35.637020,35.154461,34.664002,34.177302,33.703361,33.248686,32.817614,32.412709,32.035148,31.685077,31.361912,31.064577,30.791693,30.541712,30.313020,30.104005,29.913105,29.738834,29.579803,29.434725,29.302417,29.181802,29.071902,28.971832,28.880796,28.798077,28.723035,28.655095,28.593747,28.538535,28.489056,28.444953,28.405915,28.371667,28.341973,28.316629,28.295463,28.278334,28.265128,28.255756,28.250158,28.248296,28.250158,28.255756,28.265128,28.278334,28.295463,28.316629,28.341973,28.371667,28.405915,28.444953,28.489056,28.538535,28.593747,28.655095,28.723035,28.798077,28.880796,28.971832,29.071902,29.181802,29.302417,29.434725,29.579803,29.738834,29.913105,30.104005,30.313020,30.541712,30.791693,31.064577,31.361912,31.685077,32.035148,32.412709,32.817614,33.248686,33.703361,34.177302,34.664002,35.154461,35.637020,36.097461,36.519508,36.885783,37.179221,37.384802,37.491318,37.492839,37.389517,37.187546,36.898280,36.536742,36.119848,35.664722,35.187328,34.701568,34.218825,33.747884,33.295103,32.864740,32.459332,32.080074,31.727158,31.400064,31.097791,30.819033,30.562315,30.326090,30.108805,29.908946,29.725069,29.555816,29.399923,29.256223,29.123647,29.001216,28.888040,28.783311,28.686295,28.596328,28.512806,28.435184,28.362970,28.295716,28.233015,28.174501,28.119840,28.068729,28.020891,27.976076,27.934054,27.894619,27.857578,27.822758,27.789999,27.759155,27.730093,27.702688,27.676829,27.652411
19.1250,27.659748,27.684606,27.710938,27.738850,27.768458,27.799888,27.833279,27.868779,27.906554,27.946782,27.989660,28.035402,28.084243,28.136443,28.192285,28.252083,28.316179,28.384954,28.458825,28.538255,28.623752,28.715879,28.815258,28.922574,29.038584,29.164122,29.300105,29.447539,29.607525,29.781259,29.970036,30.175242,30.398345,30.640875,30.904388,31.190416,31.500393,31.835543,32.196739,32.584301,32.997756,33.435523,33.894568,34.370012,34.854764,35.339237,35.811237,36.256151,36.657539,36.998187,37.261588,37.433694,37.504635,37.470051,37.331727,37.097361,36.779518,36.394040,35.958252,35.489308,35.002913,34.512511,34.028925,33.560349,33.112573,32.689342,32.292747,31.923612,31.581829,31.266640,30.976859,30.711044,30.467617,30.244961,30.041476,29.855621,29.685940,29.531073,29.389766,29.260870,29.143337,29.036218,28.938655,28.849876,28.769188,28.695970,28.629665,28.569779,28.515871,28.467551,28.424473,28.386335,28.352872,28.323853,28.299083,28.278394,28.261650,28.248739,28.239576,28.234103,28.232282,28.234103,28.239576,28.248739,28.261650,28.278394,28.299083,28.323853,28.352872,28.386335,28.424473,28.467551,28.515871,28.569779,28.629665,28.695970,28.769188,28.849876,28.938655,29.036218,29.143337,29.260870,29.389766,29.531073,29.685940,29.855621,30.041476,30.244961,30.467617,30.711044,30.976859,31.266640,31.581829,31.923612,32.292747,32.689342,33.112573,33.560349,34.028925,34.512511,35.002913,35.489308,35.958252,36.394040,36.779518,37.097361,37.331727,37.470051,37.504635,37.433694,37.261588,36.998187,36.657539,36.256151,35.811237,35.339237,34.854764,34.370012,33.894568,33.435523,32.997756,32.584301,32.196739,31.835543,31.500393,31.190416,30.904388,30.640875,30.398345,30.175242,29.970036,29.781259,29.607525,29.447539,29.300105,29.164122,29.038584,28.922574,28.815258,28.715879,28.623752,28.538255,28.458825,28.384954,28.316179,28.252083,28.192285,28.136443,28.084243,28.035402,27.989660,27.946782,27.906554,27.868779,27.833279,27.799888,27.768458,27.738850,27.710938,27.684606,27.659748
19.2500,27.667223,27.692532,27.719348,27.747779,27.777945,27.809976,27.844013,27.880210,27.918737,27.959777,28.003533,28.050225,28.100096,28.153412,28.210467,28.271582,28.337113,28.407450,28.483024,28.564313,28.651842,28.746190,28.848000,28.957979,29.076907,29.205643,29.345133,29.496411,29.660609,29.838953,30.032768,30.243467,30.472539,30.721527,30.991986,31.285426,31.603227,31.946520,32.316025,32.711843,33.133186,33.578056,34.042881,34.522124,35.007938,35.489918,35.955080,36.388160,36.772346,37.090481,37.326643,37.467927,37.506076,37.438627,37.269275,37.007375,36.666694,36.263716,35.815861,35.339938,34.851002,34.361693,33.881999,33.419331,32.978800,32.563596,32.175377,31.814647,31.481069,31.173735,30.891363,30.632460,30.395429,30.178653,29.980549,29.799599,29.634376,29.483553,29.345909,29.220324,29.105783,29.001364,28.906235,28.819649,28.740934,28.669487,28.604771,28.546307,28.493667,28.446473,28.404392,28.367130,28.334429,28.306068,28.281856,28.261632,28.245262,28.232638,28.223680,28.218327,28.216547,28.218327,28.223680,28.232638,28.245262,28.261632,28.281856,28.306068,28.334429,28.367130,28.404392,28.446473,28.493667,28.546307,28.604771,28.669487,28.740934,28.819649,28.906235,29.001364,29.105783,29.220324,29.345909,29.483553,29.634376,29.799599,29.980549,30.178653,30.395429,30.632460,30.891363,31.173735,31.481069,31.814647,32.175377,32.563596,32.978800,33.419331,33.881999,34.361693,34.851002,35.339938,35.815861,36.263716,36.666694,37.007375,37.269275,37.438627,37.506076,37.467927,37.326643,37.090481,36.772346,36.388160,35.955080,35.489918,35.007938,34.522124,34.042881,33.578056,33.133186,32.711843,32.316025,31.946520,31.603227,31.285426,30.991986,30.721527,30.472539,30.243467,30.032768,29.838953,29.660609,29.496411,29.345133,29.205643,29.076907,28.957979,28.848000,28.746190,28.651842,28.564313,28.483024,28.407450,28.337113,28.271582,28.210467,28.153412,28.100096,28.050225,28.003533,27.959777,27.918737,27.880210,27.844013,27.809976,27.777945,27.747779,27.719348,27.692532,27.667223
19.3750,27.674839,27.700610,27.727920,27.756883,27.787620,27.820265,27.854964,27.891875,27.931173,27.973045,28.017701,28.065368,28.116295,28.170758,28.229057,28.291526,28.358530,28.430472,28.507798,28.590998,28.680616,28.777250,28.881562,28.994281,29.116212,29.248241,29.391341,29.546576,29.715107,29.898193,30.097186,30.313525,30.548719,30.804320,31.081874,31.382862,31.708598,32.060103,32.437926,32.841920,33.270952,33.722571,34.192626,34.674892,35.160738,35.638942,36.095759,36.515346,36.880642,37.174701,37.382363,37.492027,37.497162,37.397233,37.197794,36.909729,36.547837,36.129066,35.670784,35.189340,34.699078,34.211816,33.736715,33.280432,32.847438,32.440406,32.060600,31.708231,31.382763,31.083153,30.808041,30.555893,30.325099,30.114050,29.921179,29.744996,29.584105,29.437209,29.303121,29.180752,29.069115,28.967317,28.874553,28.790096,28.713296,28.643571,28.580399,28.523316,28.471909,28.425812,28.384700,28.348289,28.316332,28.288611,28.264942,28.245170,28.229164,28.216821,28.208060,28.202826,28.201085,28.202826,28.208060,28.216821,28.229164,28.245170,28.264942,28.288611,28.316332,28.348289,28.384700,28.425812,28.471909,28.523316,28.580399,28.643571,28.713296,28.790096,28.874553,28.967317,29.069115,29.180752,29.303121,29.437209,29.584105,29.744996,29.921179,30.114050,30.325099,30.555893,30.808041,31.083153,31.382763,31.708231,32.060600,32.440406,32.847438,33.280432,33.736715,34.211816,34.699078,35.189340,35.670784,36.129066,36.547837,36.909729,37.197794,37.397233,37.497162,37.492027,37.382363,37.174701,36.880642,36.515346,36.095759,35.638942,35.160738,34.674892,34.192626,33.722571,33.270952,32.841920,32.437926,32.060103,31.708598,31.382862,31.081874,30.804320,30.548719,30.313525,30.097186,29.898193,29.715107,29.546576,29.391341,29.248241,29.116212,28.994281,28.881562,28.777250,28.680616,28.590998,28.507798,28.430472,28.358530,28.291526,28.229057,28.170758,28.116295,28.065368,28.017701,27.973045,27.931173,27.891875,27.854964,27.820265,27.787620,27.756883,27.727920,27.700610,27.674839
19.5000,27.682601,27.708843,27.736659,27.766165,27.797487,27.830761,27.866138,27.903781,27.943868,27.986594,28.032172,28.080839,28.132850,28.188489,28.248067,28.311925,28.380443,28.454035,28.533160,28.618327,28.710094,28.809080,28.915966,29.031506,29.156529,29.291948,29.438763,29.598070,29.771060,29.959021,30.163335,30.385464,30.626933,30.889299,31.174095,31.482760,31.816531,32.176301,32.562427,32.974483,33.410961,33.868915,34.343584,34.828019,35.312787,35.785858,36.232766,36.637179,36.981917,37.250413,37.428444,37.505863,37.477953,37.346113,37.117675,36.804913,36.423478,35.990615,35.523495,35.037917,34.547465,34.063123,33.593242,33.143760,32.718546,32.319795,31.948410,31.604341,31.286873,30.994850,30.726845,30.481294,30.256581,30.051106,29.863325,29.691775,29.535090,29.392009,29.261372,29.142125,29.033308,28.934056,28.843586,28.761198,28.686260,28.618207,28.556536,28.500797,28.450588,28.405556,28.365388,28.329806,28.298571,28.271473,28.248334,28.229002,28.213351,28.201280,28.192713,28.187594,28.185891,28.187594,28.192713,28.201280,28.213351,28.229002,28.248334,28.271473,28.298571,28.329806,28.365388,28.405556,28.450588,28.500797,28.556536,28.618207,28.686260,28.761198,28.843586,28.934056,29.033308,29.142125,29.261372,29.392009,29.535090,29.691775,29.863325,30.051106,30.256581,30.481294,30.726845,30.994850,31.286873,31.604341,31.948410,32.319795,32.718546,33.143760,33.593242,34.063123,34.547465,35.037917,35.523495,35.990615,36.423478,36.804913,37.117675,37.346113,37.477953,37.505863,37.428444,37.250413,36.981917,36.637179,36.232766,35.785858,35.312787,34.828019,34.343584,33.868915,33.410961,32.974483,32.562427,32.176301,31.816531,31.482760,31.174095,30.889299,30.626933,30.385464,30.163335,29.959021,29.771060,29.598070,29.438763,29.291948,29.156529,29.031506,28.915966,28.809080,28.710094,28.618327,28.533160,28.454035,28.380443,28.311925,28.248067,28.188489,28.132850,28.080839,28.032172,27.986594,27.943868,27.903781,27.866138,27.830761,27.797487,27.766165,27.736659,27.708843,27.682601
19.6250,27.690510,27.717234,27.745568,27.775630,27.807550,27.841469,27.877541,27.915933,27.956828,28.000429,28.046954,28.096646,28.149770,28.206616,28.267506,28.332793,28.402865,28.478153,28.559130,28.646318,28.740296,28.841701,28.951238,29.069681,29.197887,29.336794,29.487434,29.650932,29.828508,30.021482,30.231261,30.459331,30.707230,30.976512,31.268691,31.585154,31.927048,32.295117,32.689502,33.109470,33.553100,34.016918,34.495513,34.981183,35.463685,35.930193,36.365582,36.753128,37.075679,37.317220,37.464635,37.509362,37.448566,37.285557,37.029345,36.693434,36.294152,35.848874,35.374452,34.886051,34.396461,33.915832,33.451729,33.009407,32.592170,32.201774,31.838793,31.502946,31.193360,30.908781,30.647729,30.408616,30.189827,29.989776,29.806943,29.639895,29.487297,29.347918,29.220634,29.104417,28.998338,28.901557,28.813318,28.732938,28.659808,28.593382,28.533169,28.478736,28.429693,28.385698,28.346447,28.311672,28.281140,28.254649,28.232025,28.213121,28.197815,28.186010,28.177631,28.172625,28.170959,28.172625,28.177631,28.186010,28.197815,28.213121,28.232025,28.254649,28.281140,28.311672,28.346447,28.385698,28.429693,28.478736,28.533169,28.593382,28.659808,28.732938,28.813318,28.901557,28.998338,29.104417,29.220634,29.347918,29.487297,29.639895,29.806943,29.989776,30.189827,30.408616,30.647729,30.908781,31.193360,31.502946,31.838793,32.201774,32.592170,33.009407,33.451729,33.915832,34.396461,34.886051,35.374452,35.848874,36.294152,36.693434,37.029345,37.285557,37.448566,37.509362,37.464635,37.317220,37.075679,36.753128,36.365582,35.930193,35.463685,34.981183,34.495513,34.016918,33.553100,33.109470,32.689502,32.295117,31.927048,31.585154,31.268691,30.976512,30.707230,30.459331,30.231261,30.021482,29.828508,29.650932,29.487434,29.336794,29.197887,29.069681,28.951238,28.841701,28.740296,28.646318,28.559130,28.478153,28.402865,28.332793,28.267506,28.206616,28.149770,28.096646,28.046954,28.000429,27.956828,27.915933,27.877541,27.841469,27.807550,27.775630,27.745568,27.717234,27.690510
19.7500,27.698571,27.725788,27.754651,27.785282,27.817815,27.852394,27.889176,27.928336,27.970061,28.014558,28.062055,28.112799,28.167063,28.225149,28.287387,28.354141,28.425811,28.502842,28.585722,28.674990,28.771243,28.875138,28.987401,29.108833,29.240315,29.382814,29.537391,29.705200,29.887493,30.085619,30.301011,30.535174,30.789656,31.066004,31.365703,31.690077,32.040165,32.416547,32.819117,33.246805,33.697242,34.166388,34.648146,35.134039,35.613007,36.071460,36.493679,36.862670,37.161462,37.374765,37.490736,37.502512,37.409177,37.215906,36.933263,36.575815,36.160391,35.704343,35.224087,34.734095,34.246338,33.770139,33.312308,32.877449,32.468344,32.086346,31.731732,31.404014,31.102182,30.824899,30.570642,30.337809,30.124790,29.930017,29.751994,29.589319,29.440690,29.304907,29.180876,29.067602,28.964182,28.869802,28.783727,28.705299,28.633927,28.569080,28.510286,28.457122,28.409213,28.366227,28.327868,28.293878,28.264031,28.238131,28.216008,28.197522,28.182553,28.171006,28.162810,28.157913,28.156284,28.157913,28.162810,28.171006,28.182553,28.197522,28.216008,28.238131,28.264031,28.293878,28.327868,28.366227,28.409213,28.457122,28.510286,28.569080,28.633927,28.705299,28.783727,28.869802,28.964182,29.067602,29.180876,29.304907,29.440690,29.589319,29.751994,29.930017,30.124790,30.337809,30.570642,30.824899,31.102182,31.404014,31.731732,32.086346,32.468344,32.877449,33.312308,33.770139,34.246338,34.734095,35.224087,35.704343,36.160391,36.575815,36.933263,37.215906,37.409177,37.502512,37.490736,37.374765,37.161462,36.862670,36.493679,36.071460,35.613007,35.134039,34.648146,34.166388,33.697242,33.246805,32.819117,32.416547,32.040165,31.690077,31.365703,31.066004,30.789656,30.535174,30.301011,30.085619,29.887493,29.705200,29.537391,29.382814,29.240315,29.108833,28.987401,28.875138,28.771243,28.674990,28.585722,28.502842,28.425811,28.354141,28.287387,28.225149,28.167063,28.112799,28.062055,28.014558,27.970061,27.928336,27.889176,27.852394,27.817815,27.785282,27.754651,27.725788,27.698571
19.8750,27.706786,27.734507,27.763912,27.795126,27.828286,27.863540,27.901051,27.940997,27.983572,28.028989,28.077481,28.129305,28.184741,28.244100,28.307721,28.375982,28.449295,28.528118,28.612955,28.704362,28.802955,28.909412,29.024482,29.148990,29.283845,29.430041,29.588669,29.760914,29.948059,30.151479,30.372632,30.613041,30.874258,31.157819,31.465168,31.797555,32.155894,32.540576,32.951223,33.386396,33.843240,34.317109,34.801193,35.286215,35.760307,36.209153,36.616529,36.965294,37.238827,37.422738,37.506604,37.485360,37.360017,37.137542,36.829914,36.452587,36.022720,35.557499,35.072812,34.582380,34.097345,33.626220,33.175088,32.747946,32.347091,31.973506,31.627202,31.307508,31.013295,30.743156,30.495538,30.268828,30.061426,29.871785,29.698438,29.540011,29.395235,29.262944,29.142073,29.031656,28.930817,28.838768,28.754796,28.678265,28.608600,28.545289,28.487873,28.435944,28.389139,28.347133,28.309643,28.276418,28.247238,28.221912,28.200278,28.182198,28.167557,28.156263,28.148245,28.143455,28.141861,28.143455,28.148245,28.156263,28.167557,28.182198,28.200278,28.221912,28.247238,28.276418,28.309643,28.347133,28.389139,28.435944,28.487873,28.545289,28.608600,28.678265,28.754796,28.838768,28.930817,29.031656,29.142073,29.262944,29.395235,29.540011,29.698438,29.871785,30.061426,30.268828,30.495538,30.743156,31.013295,31.307508,31.627202,31.973506,32.347091,32.747946,33.175088,33.626220,34.097345,34.582380,35.072812,35.557499,36.022720,36.452587,36.829914,37.137542,37.360017,37.485360,37.506604,37.422738,37.238827,36.965294,36.616529,36.209153,35.760307,35.286215,34.801193,34.317109,33.843240,33.386396,32.951223,32.540576,32.155894,31.797555,31.465168,31.157819,30.874258,30.613041,30.372632,30.151479,29.948059,29.760914,29.588669,29.430041,29.283845,29.148990,29.024482,28.909412,28.802955,28.704362,28.612955,28.528118,28.449295,28.375982,28.307721,28.244100,28.184741,28.129305,28.077481,28.028989,27.983572,27.940997,27.901051,27.863540,27.828286,27.795126,27.763912,27.734507,27.706786
20.0000,27.715158,27.743395,27.773355,27.805165,27.838967,27.874913,27.913171,27.953923,27.997370,28.043729,28.093243,28.146174,28.202812,28.263478,28.328521,28.398330,28.473332,28.553997,28.640846,28.734454,28.835455,28.944548,29.062508,29.190183,29.328508,29.478510,29.641307,29.818115,30.010247,30.219106,30.446171,30.692980,30.961084,31.252000,31.567121,31.907611,32.274239,32.667182,33.085763,33.528136,33.990926,34.468845,34.954336,35.437315,35.905117,36.342757,36.733600,37.060506,37.307370,37.460875,37.512157,37.458012,37.301367,37.050884,36.719800,36.324282,35.881653,35.408804,34.921010,34.431207,33.949704,33.484226,33.040166,32.620949,32.228425,31.863243,31.525175,31.213389,30.926653,30.663506,30.422367,30.201624,29.999689,29.815039,29.646235,29.491935,29.350901,29.222000,29.104196,28.996553,28.898221,28.808436,28.726508,28.651819,28.583813,28.521995,28.465920,28.415193,28.369460,28.328409,28.291765,28.259283,28.230752,28.205987,28.184829,28.167144,28.152822,28.141774,28.133930,28.129243,28.127684,28.129243,28.133930,28.141774,28.152822,28.167144,28.184829,28.205987,28.230752,28.259283,28.291765,28.328409,28.369460,28.415193,28.465920,28.521995,28.583813,28.651819,28.726508,28.808436,28.898221,28.996553,29.104196,29.222000,29.350901,29.491935,29.646235,29.815039,29.999689,30.201624,30.422367,30.663506,30.926653,31.213389,31.525175,31.863243,32.228425,32.620949,33.040166,33.484226,33.949704,34.431207,34.921010,35.408804,35.881653,36.324282,36.719800,37.050884,37.301367,37.458012,37.512157,37.460875,37.307370,37.060506,36.733600,36.342757,35.905117,35.437315,34.954336,34.468845,33.990926,33.528136,33.085763,32.667182,32.274239,31.907611,31.567121,31.252000,30.961084,30.692980,30.446171,30.219106,30.010247,29.818115,29.641307,29.478510,29.328508,29.190183,29.062508,28.944548,28.835455,28.734454,28.640846,28.553997,28.473332,28.398330,28.328521,28.263478,28.202812,28.146174,28.093243,28.043729,27.997370,27.953923,27.913171,27.874913,27.838967,27.805165,27.773355,27.743395,27.715158
